cur_n,cur_mean,cur_std,cur_S,next_n,next_mean,next_std,next_S
271000.0,-0.28581588726992485,1.293301841367398,453282.6359316459,271000.0,-0.2858157535848457,1.2933018727838228,453282.6579536049
271000.0,-0.3775152265168512,1.242765398070182,418550.24118758575,271000.0,-0.37751502917350993,1.2427654622633661,418550.2844267577
271000.0,-0.19868997739403813,0.9650136352480485,252369.1066941711,271000.0,-0.19869013419973527,0.9650136064152166,252369.09161352218
271000.0,0.10084699347183988,0.7860627302283294,167449.44089643817,271000.0,0.10084625619425322,0.7860629185171017,167449.52111612604
271000.0,0.10364209966398474,0.7132277006598619,137856.007059898,271000.0,0.10364208873216968,0.7132277022711162,137856.00768275966
271000.0,0.08516524211186575,0.6146148085857863,102370.61935482749,271000.0,0.0851651838988259,0.6146148173992765,102370.62229078815
