cur_n,cur_mean,cur_std,cur_S,next_n,next_mean,next_std,next_S
3862000.0,-0.0142238544600059,0.024942807762339706,2402.718811324609,3862000.0,-0.014223856274380067,0.02494280698252997,2402.718661087834
3862000.0,-0.02352712003949945,0.0395491477712755,6040.689715394827,3862000.0,-0.023527123862167928,0.039549146210709894,6040.689238676971
3862000.0,-0.005708901411242401,0.009409037751083786,341.9028267918971,3862000.0,-0.005708904150333162,0.009409037628898673,341.9028179120443
3862000.0,-0.000647598123002169,0.055108070661397855,11728.505683707492,3862000.0,-0.0006475953956085214,0.05510807095409925,11728.505808297232
3862000.0,-0.001023467132130583,0.06814713400452145,17935.251093642648,3862000.0,-0.0010234644185095824,0.06814713425393049,17935.251224923697
3862000.0,-0.0007321994833806396,0.04652730947271619,8360.421014385376,3862000.0,-0.000732197402453167,0.0465273096851787,8360.421090739503
