cur_n,cur_mean,cur_std,cur_S,next_n,next_mean,next_std,next_S
321000.0,-0.30637139766096105,1.3040029668343378,545836.0197415943,321000.0,-0.3063711917973154,1.3040030204175401,545836.0645998397
321000.0,-0.4029425738759476,1.2743321444729692,521279.0950343016,321000.0,-0.40294226230853036,1.2743322552165817,521279.18563600676
321000.0,-0.20853035507860732,0.9734907132470086,304206.6181777924,321000.0,-0.20853035119075827,0.9734907140822967,304206.61869983166
321000.0,0.10187396368996429,0.7820545421737727,196326.58752601594,321000.0,0.10187336197455375,0.7820546948610699,196326.66418711143
321000.0,0.10779899326940799,0.7130324701915283,163201.31243872587,321000.0,0.10779917199652292,0.7130324503611546,163201.30336103836
321000.0,0.08903321954017589,0.6102607165309274,119546.22362720993,321000.0,0.08903320251751981,0.6102607190906335,119546.22463007047
