cur_n,cur_mean,cur_std,cur_S,next_n,next_mean,next_std,next_S
902000.0,-0.007965873805841354,0.01655928340784659,247.3373000172078,902000.0,-0.007965877482342655,0.016559282007391204,247.33725818147963
902000.0,-0.013342740465756609,0.02335104613100682,491.8347625819926,902000.0,-0.013342769145607936,0.023351045629725065,491.83474146535485
902000.0,-0.004002645926755984,0.00895444842586443,72.3242962435423,902000.0,-0.004002659220361238,0.008954451384283215,72.32434403332941
902000.0,-0.00044260223373804476,0.05114628353415621,2359.5799720593814,902000.0,-0.0004425861077483068,0.051146285966761844,2359.580196510789
902000.0,-0.0006780563473631761,0.061110617251336236,3368.5258018370614,902000.0,-0.0006780362462258645,0.061110620456322096,3368.5261551661006
902000.0,-0.0004974157117759061,0.044086976827978214,1753.1826962992807,902000.0,-0.000497412031910914,0.04408697700802165,1753.1827106186583
