cur_n,cur_mean,cur_std,cur_S,next_n,next_mean,next_std,next_S
3662000.0,-0.014008492906710879,0.02465391696226057,2225.820806233429,3662000.0,-0.014008493242635443,0.024653916779766416,2225.8207732813194
3662000.0,-0.023188262130271493,0.03904948627883013,5584.046030581666,3662000.0,-0.02318826251045022,0.039049486059852145,5584.0459679543055
3662000.0,-0.005692352058573228,0.009413291900240813,324.49005582964816,3662000.0,-0.005692352343179977,0.009413291743890951,324.49004505042745
3662000.0,-0.0006521449959421197,0.055239180010339374,11174.105984082149,3662000.0,-0.0006521466891536949,0.055239180085378654,11174.106014440922
3662000.0,-0.0010340049420933853,0.06815232638391922,17009.0363842204,3662000.0,-0.001034006633148068,0.06815232643508923,17009.03640976179
3662000.0,-0.0007360960096932155,0.04674361384844249,8001.343425212261,3662000.0,-0.0007360977330714395,0.04674361393764117,8001.3434557494475
