cur_n,cur_mean,cur_std,cur_S,next_n,next_mean,next_std,next_S
1661000.0,-0.35709386112108105,1.3777213833993267,3152771.0252680285,1661000.0,-0.35709384411046363,1.377721387982728,3152771.0462452956
1661000.0,-0.40979142066008595,1.383187040962252,3177835.8142648977,1661000.0,-0.4097915352990149,1.3831870148895085,3177835.6944620153
1661000.0,-0.18871811996620932,1.015603671687876,1713239.8086081315,1661000.0,-0.188718149139237,1.0156036669629345,1713239.7926669565
1661000.0,0.10240065122454925,0.829526901397928,1142958.81591727,1661000.0,0.10240060074530669,0.8295269101804376,1142958.8401191297
1661000.0,0.09158303978703196,0.7602520065834714,960029.9515470772,1661000.0,0.09158328958676797,0.7602520446572519,960030.0477045891
1661000.0,0.09048863572375057,0.6491091878767402,699850.2874625481,1661000.0,0.09048864557373898,0.6491091866277213,699850.2847692376
