cur_n,cur_mean,cur_std,cur_S,next_n,next_mean,next_std,next_S
1991000.0,-0.325597336104901,1.3418467098045446,3584900.2118930444,1991000.0,-0.3255973673213766,1.341846702952882,3584900.17528301
1991000.0,-0.3704411704249745,1.3284408808346413,3513627.5511805806,1991000.0,-0.3704412058120178,1.3284408719052763,3513627.503945566
1991000.0,-0.1932421254077552,0.9923871534348178,1960801.0342441988,1991000.0,-0.19324211960205365,0.9923871545991478,1960801.0388452655
1991000.0,0.09975284774391446,0.8318212393797538,1377625.80939799,1991000.0,0.09975294320503045,0.8318212388379521,1377625.8076033737
1991000.0,0.09299081771090975,0.7514519591661576,1124277.9734469012,1991000.0,0.09299083090202778,0.751451957764335,1124277.9692522534
1991000.0,0.09921109209396246,0.6523751027213638,847356.2098295636,1991000.0,0.0992111050359778,0.6523751010087651,847356.2053806471
