cur_n,cur_mean,cur_std,cur_S,next_n,next_mean,next_std,next_S
801000.0,-0.025642164269404785,0.09279663800631464,6897.5840362452755,801000.0,-0.025642153831947994,0.09279664136063565,6897.584534899362
801000.0,-0.027341146749186723,0.0989698648106088,7845.822346644778,801000.0,-0.027341140209917396,0.0989698667901753,7845.822660504501
801000.0,-0.026044389315875275,0.11093785019981224,9858.072492171741,801000.0,-0.026044406255789902,0.11093784725886818,9858.071969500006
801000.0,0.032817242345213736,0.1404940604283056,15810.603393521542,801000.0,0.032817246596593914,0.1404940594867703,15810.603181608794
801000.0,0.03410578547197976,0.15062370463589678,18172.687818991744,801000.0,0.03410579192198047,0.15062370328604313,18172.68749327317
801000.0,0.04691663461116665,0.2864019435034261,65702.8846672743,801000.0,0.04691667367120915,0.2864019392383399,65702.88271038487
