cur_n,cur_mean,cur_std,cur_S,next_n,next_mean,next_std,next_S
2951000.0,-0.29875604346349055,1.3239148381162853,5172366.721322771,2951000.0,-0.2987560369388932,1.323914839636168,5172366.733198746
2951000.0,-0.3614547209053372,1.3258596577552397,5187574.2084174445,2951000.0,-0.3614547541908479,1.325859649913972,5187574.147057772
2951000.0,-0.19085723087057818,0.9883892921236714,2882871.422107745,2951000.0,-0.19085722135233432,0.9883892940968821,2882871.433618418
2951000.0,0.09660822585156015,0.8363599066576431,2064218.2836133898,2951000.0,0.09660817445276419,0.8363599172554602,2064218.3359262943
2951000.0,0.08658047264518037,0.7411816893327641,1621132.7252730038,2951000.0,0.08658047755979174,0.7411816888067403,1621132.722971937
2951000.0,0.09624939144386911,0.6526642855918355,1257039.4462466352,2951000.0,0.09624938841287906,0.652664286059552,1257039.4480482903
