cur_n,cur_mean,cur_std,cur_S,next_n,next_mean,next_std,next_S
342000.0,0.000345386241431659,0.013989081490230136,66.9274851215824,342000.0,0.0003454092994075671,0.013989087419956161,66.92754186036609
342000.0,-0.0074365967329438724,0.02065011066060174,145.83805804092336,342000.0,-0.007436568532733212,0.02065012740148654,145.8382945005878
342000.0,-0.005863977165541017,0.01589320894070635,86.3871789280683,342000.0,-0.0058639824305026554,0.015893207296385128,86.38716105272735
342000.0,-0.0001342273620851714,0.11477617479973033,4505.361043167122,342000.0,-0.0001342155243381706,0.11477617502235049,4505.361060644342
342000.0,-0.00010973184379189452,0.07067642202736824,1708.343567662006,342000.0,-0.00010972461346867773,0.07067642216507927,1708.343574319326
342000.0,-0.0007464879694642698,0.06112859183336314,1277.9530209192294,342000.0,-0.0007464728686602448,0.06112859265566796,1277.9530553014033
