cur_n,cur_mean,cur_std,cur_S,next_n,next_mean,next_std,next_S
2111000.0,-0.31988368613067886,1.3366441270820653,3771549.5899193427,2111000.0,-0.319884467524801,1.3366444222303764,3771551.255533386
2111000.0,-0.36956607579732387,1.3280016875572178,3722935.285828822,2111000.0,-0.36956681718748646,1.328001918108596,3722936.578489733
2111000.0,-0.1943889097426307,0.992627151101249,2079986.5835892393,2111000.0,-0.19438923929330323,0.9926272020469553,2079986.7970961703
2111000.0,0.09831524751106668,0.8327582909228046,1463949.7293935153,2111000.0,0.09831587279834458,0.8327587126637471,1463951.2121951918
2111000.0,0.09192815713209582,0.7516284062068421,1192599.4460069665,2111000.0,0.0919295016079982,0.7516307801714256,1192606.9794990346
2111000.0,0.09982485113404667,0.6523803100939133,898441.7456552644,2111000.0,0.09982532647894095,0.652380602931934,898442.5522337512
