cur_n,cur_mean,cur_std,cur_S,next_n,next_mean,next_std,next_S
4891000.0,-0.3075964396837447,1.3382621607375127,8759514.982725242,4891000.0,-0.30759645246885803,1.338262158097624,8759514.948166773
4891000.0,-0.38554274651193204,1.3579369215603156,9018968.212243432,4891000.0,-0.3855427526176913,1.3579369198939601,9018968.190108668
4891000.0,-0.21465587126376803,1.0004876371046596,4895771.229188406,4891000.0,-0.21465587507452777,1.0004876363225628,4895771.221534203
4891000.0,0.09689118042752151,0.823001533443022,3312828.4841264253,4891000.0,0.09689117707948194,0.8230015338705015,3312828.4875678928
4891000.0,0.08653479834378475,0.7303866143956442,2609175.390334429,4891000.0,0.08653480634339876,0.7303866136621494,2609175.3850938715
4891000.0,0.09774490832637009,0.6384750289631115,1993817.9235228007,4891000.0,0.09774491313505294,0.6384750283154839,1993817.9194780015
