cur_n,cur_mean,cur_std,cur_S,next_n,next_mean,next_std,next_S
262000.0,-0.0200450860120021,0.0666708810183836,1164.591670451075,262000.0,-0.02004508776446782,0.06667088049752663,1164.5916522546552
262000.0,-0.020672955590288297,0.06504382369325803,1108.4431381675847,262000.0,-0.020672959484540114,0.0650438224860879,1108.443097023649
262000.0,-0.02333073447707885,0.0673149689860615,1187.2019229937382,262000.0,-0.02333074357797595,0.06731496599296148,1187.201817417993
262000.0,-0.001071149950140502,0.15230737583073117,6077.754623900221,262000.0,-0.0010711746134380762,0.15230737618045773,6077.754651811571
262000.0,-0.0011019558904746941,0.15007972843097356,5901.268320109672,262000.0,-0.0011019801261449545,0.15007972876571815,5901.268346434579
262000.0,-0.000937976586382485,0.14996516465496132,5892.26225981729,262000.0,-0.000937998228003587,0.14996516492872883,5892.262281330421
