cur_n,cur_mean,cur_std,cur_S,next_n,next_mean,next_std,next_S
1501000.0,0.1787808826406871,1.5695372916583408,3697634.412169205,1501000.0,0.17878091585785444,1.5695372884023029,3697634.396827566
1501000.0,0.03979552907904076,1.5817929115514167,3755605.291366496,1501000.0,0.03979553426783278,1.5817929114336586,3755605.2908073165
1501000.0,0.03700543144243443,1.4339224785715106,3086256.6455035494,1501000.0,0.03700544507501954,1.433922478316909,3086256.6444075825
1501000.0,0.011685212949598773,0.8286799952061017,1030752.512216632,1501000.0,0.011685303871969178,0.8286800014109198,1030752.5276523414
1501000.0,-0.0007211245577248375,0.7190470253759985,776059.9656778098,1501000.0,-0.000721137584161682,0.7190470255400798,776059.9660319922
1501000.0,0.0008678536278867918,0.6568657424166328,647640.3779443917,1501000.0,0.0008677452888937657,0.656865755970196,647640.4046708121
