cur_n,cur_mean,cur_std,cur_S,next_n,next_mean,next_std,next_S
2482000.0,-0.006158882358332134,0.03442314333894349,2941.052842981622,2482000.0,-0.006158878381472871,0.034423144620637995,2941.053061993076
2482000.0,-0.01583032964870352,0.05809203294903167,8375.966413119728,2482000.0,-0.015830332600650737,0.05809203233076656,8375.966234831329
2482000.0,-0.030090369305609956,0.08605314980703688,18379.568876630005,2482000.0,-0.030090379129641923,0.08605314776366577,18379.5680037676
2482000.0,-0.000373424278669473,0.16467592721667906,67307.27561359834,2482000.0,-0.00037342190959578517,0.16467592726434915,67307.27565256631
2482000.0,-0.0005165788225003372,0.14967260420842912,55601.4871342231,2482000.0,-0.0005165717544106603,0.14967260464704776,55601.48746010568
2482000.0,-0.0004592492423953336,0.1518391636424427,57222.83667000978,2482000.0,-0.00045923654049984325,0.1518391649995004,57222.837692864356
