cur_n,cur_mean,cur_std,cur_S,next_n,next_mean,next_std,next_S
5371000.0,-0.3089586936366516,1.341625649979439,9667581.855131064,5371000.0,-0.3089587066502216,1.3416256473216404,9667581.816827552
5371000.0,-0.39257800571359247,1.3660218819063439,10022370.764299965,5371000.0,-0.3925779998609,1.366021883655723,10022370.789970018
5371000.0,-0.2180586035073021,1.0032632657026694,5406111.195436337,5371000.0,-0.21805860437604396,1.0032632655158844,5406111.193423345
5371000.0,0.09615401838407382,0.8221554069289355,3630471.1250882787,5371000.0,0.09615401345593892,0.8221554075846562,3630471.130879338
5371000.0,0.08696859360936038,0.729749728133898,2860243.689536456,5371000.0,0.0869685583301805,0.7297497369185961,2860243.7583994553
5371000.0,0.09665029670700537,0.636826960643178,2178201.411374691,5371000.0,0.09665029757007802,0.6368269605153349,2178201.4105001427
