cur_n,cur_mean,cur_std,cur_S,next_n,next_mean,next_std,next_S
801000.0,0.17198092703639103,1.4423936313601429,1666480.0096184283,801000.0,0.17198100000565048,1.4423936241382351,1666479.9929306607
801000.0,-0.0038131435043932244,1.4521983891785444,1689213.00938774,801000.0,-0.0038131377968696535,1.4521983892025097,1689213.0094434933
801000.0,0.04952357595354427,1.2851621288051231,1322964.9995492478,801000.0,0.04952356848260268,1.285162129110354,1322965.000177666
801000.0,0.008669695639382172,0.9066687077413302,658460.5646234642,801000.0,0.00866984715315874,0.9066687164329593,658460.5772479101
801000.0,0.01586904211441503,0.7951868506973585,506490.0241451085,801000.0,0.015869018059251276,0.7951868514688725,506490.0251279319
801000.0,0.0009826482346644194,0.7239108152196897,419761.54158202064,801000.0,0.0009824884464130891,0.7239108295621592,419761.55821505625
