cur_n,cur_mean,cur_std,cur_S,next_n,next_mean,next_std,next_S
3831000.0,-0.3084935549605691,1.3431448568522852,6911269.985958384,3831000.0,-0.3084934229461032,1.343144912027729,6911270.5537785925
3831000.0,-0.38119024623089576,1.3617404275443872,7103965.0163856,3831000.0,-0.3811901915714899,1.3617404470477268,7103965.21987672
3831000.0,-0.15983968975510154,0.9738895046907056,3633553.199705238,3831000.0,-0.15983970177408519,0.973889503002177,3633553.1871055365
3831000.0,0.09806927948138801,0.8572285803306072,2815175.253962392,3831000.0,0.09806932702324596,0.8572285799421696,2815175.251411101
3831000.0,0.09355990800527025,0.7683865567876076,2261890.9773974875,3831000.0,0.0935596320388439,0.7683867802414833,2261892.292955066
3831000.0,0.09257196182218785,0.6556783116866669,1647000.7194827609,3831000.0,0.0925719806750703,0.6556783100632944,1647000.71132725
