cur_n,cur_mean,cur_std,cur_S,next_n,next_mean,next_std,next_S
2902000.0,-0.005460595567144329,0.0330909862680902,3177.7288061096983,2902000.0,-0.005460599122641433,0.03309098623568874,3177.7287998866727
2902000.0,-0.015617560519460331,0.05516228461544201,8830.430922873576,2902000.0,-0.015617567514014977,0.05516228392204431,8830.430700874052
2902000.0,-0.026662106152837647,0.0803328209300421,18727.65686811396,2902000.0,-0.026662106451972478,0.08033282083236816,18727.656822573324
2902000.0,-0.00034788232146746646,0.1658310351259907,79804.80327619884,2902000.0,-0.00034788302797664314,0.1658310351288818,79804.80327898149
2902000.0,-0.000523896424463977,0.1433131445289311,59603.18375962338,2902000.0,-0.0005238945369012887,0.14331314457190014,59603.18379536459
2902000.0,-0.00048370798933137203,0.1439876104278546,60165.517538411965,2902000.0,-0.0004837109510198044,0.14398761050629963,60165.517603968794
