cur_n,cur_mean,cur_std,cur_S,next_n,next_mean,next_std,next_S
182000.0,0.000547737555693321,0.014488633618742872,38.20553175314624,182000.0,0.0005477256877519399,0.014488634952037263,38.20553878475805
182000.0,-0.007501576224315636,0.021581097707029224,84.76536763974224,182000.0,-0.007501590362743816,0.02158109363540395,84.76533565501326
182000.0,-0.006239542249139111,0.018139666221244573,59.88664329250536,182000.0,-0.0062395674021020545,0.01813966074318367,59.88660712175937
182000.0,-6.424813970228967e-05,0.11767610863144519,2520.2753107604235,182000.0,-6.425955342654025e-05,0.11767610872595427,2520.275314808635
182000.0,-6.404462894812776e-05,0.07382014605852419,991.7933414665356,182000.0,-6.40543490147763e-05,0.07382014616655819,991.793344369467
182000.0,-0.0007724064664475268,0.06449289720614998,756.9987497878312,182000.0,-0.0007724107984001355,0.064492897180747,756.9987491914853
