cur_n,cur_mean,cur_std,cur_S,next_n,next_mean,next_std,next_S
2981000.0,-0.3234284088497173,1.3559930274109906,5481215.646444312,2981000.0,-0.32342987289713054,1.3559950342590898,5481231.870680161
2981000.0,-0.3922288331071831,1.3735091877315053,5623738.444061704,2981000.0,-0.3922301102155779,1.3735105929595712,5623749.951285987
2981000.0,-0.17041521986333175,0.9913522230298933,2929664.884946914,2981000.0,-0.17041683517762857,0.9913558683441951,2929686.43040511
2981000.0,0.10165836914727283,0.8509810934669735,2158747.256707411,2981000.0,0.10165851836327534,0.8509811146396016,2158747.364127784
2981000.0,0.09412539512377353,0.7702802766955408,1768721.8116098195,2981000.0,0.09412578078922895,0.7702805173777175,1768722.9169214705
2981000.0,0.09226743552129743,0.6526860439128248,1269903.2333892689,2981000.0,0.09226768771540633,0.6526861535049414,1269903.6598466632
