cur_n,cur_mean,cur_std,cur_S,next_n,next_mean,next_std,next_S
3582000.0,-0.013890822800856281,0.02455471846522126,2159.7103004822875,3582000.0,-0.013890821373457932,0.024554719421323035,2159.7104686701573
3582000.0,-0.023015581831673355,0.03887134264338469,5412.334941017711,3582000.0,-0.023015580508518606,0.03887134350748743,5412.335181648119
3582000.0,-0.005675214569120231,0.009424283549639518,318.14292535878957,3582000.0,-0.005675213107761963,0.009424284835500653,318.14301217443955
3582000.0,-0.0006540550247029163,0.05539244472717282,10990.732745479074,3582000.0,-0.0006540559100673389,0.05539244474206124,10990.732751387266
3582000.0,-0.0010360426895737877,0.06830775359160128,16713.430037018145,3582000.0,-0.001036043483252344,0.06830775359607848,16713.430039209095
3582000.0,-0.0007375167761745642,0.04691890594238902,7885.356538163739,3582000.0,-0.0007375177379736869,0.04691890596258029,7885.3565449505695
