cur_n,cur_mean,cur_std,cur_S,next_n,next_mean,next_std,next_S
4801000.0,-0.30624839229180334,1.337930291325826,8594065.886811053,4801000.0,-0.3062483983338942,1.3379302900083594,8594065.869885815
4801000.0,-0.38657089765362207,1.3583140255186616,8857926.578211335,4801000.0,-0.3865708780723472,1.358314031769064,8857926.659732405
4801000.0,-0.2147553371274305,1.0013896858833446,4814353.0356720025,4801000.0,-0.2147553364107056,1.0013896860383062,4814353.037162012
4801000.0,0.0967307191026002,0.8235892104127069,3256514.399226994,4801000.0,0.09673071432259567,0.8235892110407308,3256514.4041934707
4801000.0,0.08744531609586612,0.7307696043434176,2563850.254449361,4801000.0,0.08744531115115624,0.730769605015443,2563850.2591648614
4801000.0,0.09792309868562692,0.63851046805033,1957346.661105097,4801000.0,0.09792309767540926,0.6385104682090723,1957346.6620783426
