cur_n,cur_mean,cur_std,cur_S,next_n,next_mean,next_std,next_S
1591000.0,0.17705454752120472,1.5791444244130715,3967472.107029431,1591000.0,0.17705458578178154,1.5791444208607253,3967472.089179469
1591000.0,0.03237385684507918,1.5906624573375001,4025559.421614112,1591000.0,0.03237385523192045,1.590662457371655,4025559.4217869863
1591000.0,0.04045805884042749,1.452228124215254,3355365.7408959526,1591000.0,0.04045805828084989,1.4522281242309703,3355365.740968577
1591000.0,0.012579999110896115,0.8212667574667092,1073096.2272895332,1591000.0,0.012580092702658162,0.821266764517652,1073096.2457155564
1591000.0,0.0010553441152429852,0.7106988483555464,803602.7292087548,1591000.0,0.001055338211391895,0.7106988484033641,803602.7293168918
1591000.0,-6.820424864439793e-05,0.650452615266124,673133.9700881055,1591000.0,-6.830376149920092e-05,0.6504526273667391,673133.9951332357
