cur_n,cur_mean,cur_std,cur_S,next_n,next_mean,next_std,next_S
1031000.0,-0.02851563742876528,1.1526256615756645,1369730.8391101432,1031000.0,-0.02851566524838828,1.152625661233579,1369730.838297104
1031000.0,-0.08078304621944046,1.107962251533875,1265635.341699558,1031000.0,-0.08078307834825535,1.1079622496715311,1265635.3374448137
1031000.0,-0.12687203729684804,0.8467135087583249,739148.4026571627,1031000.0,-0.12687204300937346,0.846713507922249,739148.4011974384
1031000.0,0.10266771174973122,1.3488314329133744,1875745.9676820163,1031000.0,0.10266771260155348,1.3488314328488211,1875745.9675024748
1031000.0,0.10495698978135211,1.1935608100795885,1468749.6169859369,1031000.0,0.1049569765679936,1.1935608113169822,1468749.620031314
1031000.0,0.1006082350130568,0.7146004823535428,526484.1187106933,1031000.0,0.10060823419213394,0.7146004824695833,526484.1188816798
