cur_n,cur_mean,cur_std,cur_S,next_n,next_mean,next_std,next_S
4042000.0,-0.015125051776522578,0.027413740892698664,3037.6163128968205,4042000.0,-0.015125051491804974,0.027413741055762723,3037.616349033884
4042000.0,-0.025587577925726013,0.044959636786986536,8170.373255551758,4042000.0,-0.025587577740497077,0.04495963689394428,8170.373294425946
4042000.0,-0.005755995400859992,0.010290066112059874,427.9890317070557,4042000.0,-0.005755995673980848,0.010290065973934415,427.989020217104
4042000.0,-0.0005073933243982553,0.05232240546724497,11065.517088298053,4042000.0,-0.0005073901971830731,0.05232240587530925,11065.517260898769
4042000.0,-0.0007423975463819819,0.06755255973165253,18445.053934898468,4042000.0,-0.0007423943902248905,0.0675525600643522,18445.054116584062
4042000.0,-0.0005754695900798144,0.04270279370135469,7370.70256037765,4042000.0,-0.0005754654713114651,0.04270279455972665,7370.702856695708
