cur_n,cur_mean,cur_std,cur_S,next_n,next_mean,next_std,next_S
1471000.0,-0.3379493431002158,1.3533002926486504,2694021.2943439796,1471000.0,-0.3379493011663302,1.3533003040762013,2694021.3398417383
1471000.0,-0.3797039301813952,1.3335954520375823,2616139.4164818213,1471000.0,-0.37970395920070676,1.3335954442396312,2616139.3858870445
1471000.0,-0.20363094689639968,1.0110196999873124,1503598.5864645424,1471000.0,-0.20363096684955748,1.0110196962581663,1503598.5753724957
1471000.0,0.09756503837796891,0.8157268969293036,978818.6548200225,1471000.0,0.09756513918239423,0.8157268940347104,978818.6478733796
1471000.0,0.09341294340588738,0.7529816415402968,834029.5695226751,1471000.0,0.09341297432469449,0.7529816386383745,834029.5630941279
1471000.0,0.09746139260171308,0.6415499117438505,605443.4314993158,1471000.0,0.0974614223199555,0.6415499082416846,605443.4248891883
