cur_n,cur_mean,cur_std,cur_S,next_n,next_mean,next_std,next_S
1042000.0,0.0002247504161682135,0.013727222469488733,196.35097546936348,1042000.0,0.0002247526569560581,0.013727222623371865,196.35097987158005
1042000.0,-0.007334521827901969,0.01988451215595424,412.00036427486424,1042000.0,-0.007334519123836825,0.019884513344947546,412.0004135459438
1042000.0,-0.005989928953334849,0.013976816296348041,203.5561523206983,1042000.0,-0.005989932888626809,0.013976815187107904,203.5561200111021
1042000.0,-0.0001993714371075596,0.11293306258388,13289.539442806688,1042000.0,-0.0001993645350962094,0.11293306281583555,13289.53949739801
1042000.0,-0.00016131382367460604,0.06827104968225829,4856.695546155509,1042000.0,-0.00016130706254810986,0.06827105004708522,4856.695598061942
1042000.0,-0.0007446443488839944,0.05890199475694138,3615.1616757733127,1042000.0,-0.000744639554973589,0.05890199502082232,3615.1617081651625
