cur_n,cur_mean,cur_std,cur_S,next_n,next_mean,next_std,next_S
1751000.0,-0.3315283822257011,1.3465183313538798,3174758.440792736,1751000.0,-0.3315283867922114,1.3465183302431263,3174758.43555497
1751000.0,-0.37229526754082515,1.3255495872179492,3076650.071012106,1751000.0,-0.37229521073855487,1.3255496053025864,3076650.154962342
1751000.0,-0.19626433235445892,1.0017033303594498,1756970.1431551762,1751000.0,-0.19626434010111102,1.001703328894109,1756970.1380148123
1751000.0,0.09901111009765928,0.8252876601702893,1192605.6132733936,1751000.0,0.09901112163197731,0.8252876589276382,1192605.6096819362
1751000.0,0.09261246974017844,0.7498445311295239,984529.2033343619,1751000.0,0.0926124466906318,0.7498445345966931,984529.2124389942
1751000.0,0.09952985098107239,0.6537671086729547,748397.4181019238,1751000.0,0.09952983882754049,0.653767110721012,748397.4227909354
