cur_n,cur_mean,cur_std,cur_S,next_n,next_mean,next_std,next_S
2141000.0,-0.3436854463591118,1.366054297550271,3995329.400194763,2141000.0,-0.34368554690095166,1.3660542801765205,3995329.2985679754
2141000.0,-0.40205579350114357,1.3776326858723327,4063343.5605905526,2141000.0,-0.4020557835785254,1.3776326888447465,4063343.5781248906
2141000.0,-0.1885144552807847,1.0125597771863306,2195118.7043862273,2141000.0,-0.1885144647529227,1.0125597755177118,2195118.6971514616
2141000.0,0.10381535760510938,0.8389536355252554,1506928.2966831932,2141000.0,0.10381539106345457,0.8389536328133902,1506928.2869410901
2141000.0,0.094489861030326,0.7628196289783615,1245834.5965853808,2141000.0,0.09448987656653075,0.7628196273926375,1245834.5914057822
2141000.0,0.09372979490479424,0.649455011871387,903056.2704444526,2141000.0,0.09372980713811882,0.6494550103525286,903056.2662205586
