cur_n,cur_mean,cur_std,cur_S,next_n,next_mean,next_std,next_S
1571000.0,-0.35697214813946787,1.3787863371989184,2986552.3206885094,1571000.0,-0.3569721612476716,1.3787863339030295,2986552.3064102354
1571000.0,-0.4140723292385471,1.3879428567601435,3026351.4219750995,1571000.0,-0.41407233764297896,1.3879428542928394,3026351.4112153924
1571000.0,-0.1924626777229813,1.0160692322401885,1621895.1916718157,1571000.0,-0.19246267934245276,1.0160692319354594,1621895.1906989715
1571000.0,0.10125749448906704,0.8273770203413673,1075432.3447824551,1571000.0,0.1012575219280305,0.8273770176980553,1075432.337910852
1571000.0,0.09276836861159296,0.7600189440708469,907454.8374894538,1571000.0,0.09276834624584611,0.7600189473178158,907454.8452431492
1571000.0,0.09100954523566819,0.6457745154776066,655145.8427241703,1571000.0,0.09100953462972072,0.6457745171091188,655145.8460345468
