cur_n,cur_mean,cur_std,cur_S,next_n,next_mean,next_std,next_S
1131000.0,-0.37004597511752507,1.3897348211932812,2184371.4096311843,1131000.0,-0.370046027934296,1.3897348082648489,2184371.368989621
1131000.0,-0.4317083682114417,1.3929728349479995,2194562.2236793684,1131000.0,-0.431708437284254,1.3929728154779655,2194562.16233115
1131000.0,-0.20707864400931145,1.0299841022059684,1199840.860651446,1131000.0,-0.20707867488767173,1.0299840965213485,1199840.8474072819
1131000.0,0.1021401656779887,0.8124366067152197,746520.2143618937,1131000.0,0.10214018391145326,0.8124366046542999,746520.2105744764
1131000.0,0.09661462685146487,0.747246937852228,631525.5023125001,1131000.0,0.09661461295928482,0.7472469397944609,631525.505595403
1131000.0,0.09004285846550711,0.6340828057852448,454730.9961941044,1131000.0,0.09004285828358795,0.6340828058110928,454730.9962311781
