cur_n,cur_mean,cur_std,cur_S,next_n,next_mean,next_std,next_S
2171000.0,-0.3423376502851588,1.3635055356244252,4036208.887467916,2171000.0,-0.34233766607268074,1.3635055318590263,4036208.8651754707
2171000.0,-0.40152643562195406,1.377502262718399,4119499.602317445,2171000.0,-0.401526490051958,1.377502249187308,4119499.521386436
2171000.0,-0.1885818962234721,1.0115113231469168,2221269.84553096,2171000.0,-0.18858188054509617,1.0115113263337128,2221269.8595273104
2171000.0,0.10380602350970677,0.838876560561894,1527762.841860392,2171000.0,0.10380600614451918,0.8388765631009087,1527762.8511085047
2171000.0,0.09460566527611226,0.7628638151046566,1263437.766059785,2171000.0,0.09460572744027733,0.7628638128941786,1263437.7587378977
2171000.0,0.0943665473417951,0.649681071391127,916347.6086114361,2171000.0,0.09436652815275075,0.6496810747935627,916347.618209419
