cur_n,cur_mean,cur_std,cur_S,next_n,next_mean,next_std,next_S
1371000.0,-0.06705940379291055,1.1581229447546484,1838852.043334202,1371000.0,-0.06705935819789062,1.1581229486252924,1838852.055625715
1371000.0,-0.093834058071254,1.1246515809847613,1734097.255876398,1371000.0,-0.0938340805029392,1.1246515794198588,1734097.2510505605
1371000.0,-0.1330735286645689,0.8875652227483594,1080035.4457709447,1371000.0,-0.13307350665894582,0.8875652264216793,1080035.4547107178
1371000.0,0.10583443574739296,1.252055045597131,2149236.958808376,1371000.0,0.10583454511213827,1.2520550429011363,2149236.949552662
1371000.0,0.10583321209065888,1.1184115071639429,1714907.5344180663,1371000.0,0.10583333738052779,1.1184115049294183,1714907.5275654844
1371000.0,0.09900536413467144,0.6928403598765118,658118.0648193995,1371000.0,0.09900541417975181,0.6928403552031462,658118.0559410879
