cur_n,cur_mean,cur_std,cur_S,next_n,next_mean,next_std,next_S
711000.0,0.16195423418163463,1.427140801263186,1448115.6461740215,711000.0,0.1619543287635988,1.4271407927582624,1448115.6289141786
711000.0,-0.0051387436665594555,1.4247626340367803,1443293.4285400186,711000.0,-0.005138747581017401,1.4247626340264687,1443293.4285191272
711000.0,0.038288389139444046,1.2611779286266895,1130895.1048027813,711000.0,0.03828837620959823,1.2611779290663123,1130895.1055911987
711000.0,0.011516137274401757,0.9197331905128134,601441.3997706551,711000.0,0.011516335500613857,0.9197332032187164,601441.416388205
711000.0,0.01521632650032717,0.8024488624355361,457830.08972192515,711000.0,0.015216313941136797,0.8024488627435715,457830.09007341886
711000.0,0.0068729522631047965,0.7360687473808228,385217.8098191201,711000.0,0.006872779723496469,0.736068763369863,385217.8265546848
