cur_n,cur_mean,cur_std,cur_S,next_n,next_mean,next_std,next_S
2751000.0,-0.006832901197680504,0.018212513523018354,912.4947299206739,2751000.0,-0.006832903316367407,0.018212513067156794,912.494684240953
2751000.0,-0.009123952520304821,0.020393196823773323,1144.0926933828787,2751000.0,-0.009123954707629198,0.020393196167863045,1144.092619787537
2751000.0,-0.007706696221757256,0.019031776603771627,996.4356404343359,2751000.0,-0.00770669845209989,0.019031776060141406,996.435583509275
2751000.0,-0.0014107578629499293,0.06994177314168842,13457.483834689574,2751000.0,-0.0014107582257105423,0.06994177313695844,13457.483832869388
2751000.0,-0.0017592492775796481,0.0741024629027332,15106.222447698367,2751000.0,-0.0017592496840662841,0.07410246289615038,15106.22244501447
2751000.0,-0.0016041117507591583,0.06793673451378743,12696.965114987694,2751000.0,-0.0016041121403672343,0.0679367345076601,12696.965112697373
