cur_n,cur_mean,cur_std,cur_S,next_n,next_mean,next_std,next_S
3801000.0,-0.05304534426830098,0.16051924627376424,97938.19444075432,3801000.0,-0.05304540582484318,0.1605192707948078,97938.22436298447
3801000.0,-0.04499001233564372,0.1566713780392322,93299.04456820236,3801000.0,-0.04498996640596354,0.15667141681816119,93299.0907545258
3801000.0,0.011661081941620346,0.3027608493933503,348415.36544838053,3801000.0,0.011661247582214034,0.302761015240665,348415.7471606707
3801000.0,0.02789185601192253,0.1663857997122993,105227.77474877116,3801000.0,0.02789187987744791,0.16638580221731825,105227.77791728155
3801000.0,0.028545183126281997,0.18043858260910797,123753.27003923275,3801000.0,0.028545175865418642,0.18043858431305265,123753.27237652363
3801000.0,0.05720555391659013,0.4507192995768676,772165.1185290472,3801000.0,0.05720553000314119,0.4507193050232337,772165.1371903024
