cur_n,cur_mean,cur_std,cur_S,next_n,next_mean,next_std,next_S
1301000.0,-0.3642138835502364,1.3830645475243648,2488640.6729470273,1301000.0,-0.3642137264981869,1.3830646004830671,2488640.8635313115
1301000.0,-0.41611163647820276,1.3848428768090215,2495044.5212767418,1301000.0,-0.41611155421555995,1.3848429047057225,2495044.6217986313
1301000.0,-0.20180710288928475,1.0201842181915155,1354049.366600191,1301000.0,-0.20180709196387492,1.0201842204288303,1354049.3725391864
1301000.0,0.10180591743917276,0.8198462119380755,874464.3024092047,1301000.0,0.10180607499093952,0.8198462120690154,874464.3026885309
1301000.0,0.09175021674078446,0.7551846404448778,741965.297354181,1301000.0,0.09175016159092243,0.7551846497651359,741965.3156683991
1301000.0,0.09126253922179699,0.6392994286209954,531723.5910251057,1301000.0,0.09126248182427732,0.6392994401669024,531723.610231227
