cur_n,cur_mean,cur_std,cur_S,next_n,next_mean,next_std,next_S
2311000.0,-0.3404174968945595,1.3667033439557126,4316666.128207549,2311000.0,-0.34041752759129906,1.3667033371064348,4316666.084941327
2311000.0,-0.40116741537777556,1.3780893994877186,4388890.338177753,2311000.0,-0.4011674413641506,1.3780893924892401,4388890.29360074
2311000.0,-0.18523978568012298,1.0081245047651444,2348704.0045365132,2311000.0,-0.18523978290027857,1.0081245052847634,2348704.006957705
2311000.0,0.10445469051858053,0.843777416104736,1645340.3178424973,2311000.0,0.10445473421902807,0.8437774133101018,1645340.3069435935
2311000.0,0.09457546306785158,0.7660706192760844,1356243.1516823987,2311000.0,0.09457547229384644,0.7660706182654701,1356243.1481040372
2311000.0,0.09434789275011253,0.6505417496903432,978025.7568563902,2311000.0,0.09434789504106263,0.6505417493673925,978025.7558853405
