cur_n,cur_mean,cur_std,cur_S,next_n,next_mean,next_std,next_S
1141000.0,-0.043102584384830986,1.1519088652393823,1513986.0925852896,1141000.0,-0.043102619125613056,1.1519088645372089,1513986.0907395175
1141000.0,-0.09210310800296181,1.1192289753943838,1429300.462772455,1141000.0,-0.09210314925691174,1.1192289728669782,1429300.456317258
1141000.0,-0.1289383399734217,0.8580005298499,839964.1614231111,1141000.0,-0.1289383476547243,0.8580005287348118,839964.1592398161
1141000.0,0.10321253906880841,1.3133788747545792,1968184.002331481,1141000.0,0.10321248722944004,1.3133788799957262,1968184.0180398829
1141000.0,0.10751182201614744,1.16803133446604,1556663.1032540451,1141000.0,0.10751178186026422,1.1680313389498498,1556663.115205405
1141000.0,0.09962577155719995,0.7064214542096343,569394.6801740937,1141000.0,0.09962575135111697,0.706421457388981,569394.6852993716
