cur_n,cur_mean,cur_std,cur_S,next_n,next_mean,next_std,next_S
101000.0,-0.03410577278579175,0.10721595872239764,1161.0214422810502,101000.0,-0.03410583885909677,0.10721593976051501,1161.0210316117689
101000.0,-0.0344046463906632,0.10842118337485077,1187.2704534447048,101000.0,-0.0344046920395701,0.10842116985993841,1187.2701574535595
101000.0,-0.046470479828720976,0.1565250553965509,2474.509389656226,101000.0,-0.046470524544845224,0.15652504276595833,2474.508990301393
101000.0,0.03482238976533688,0.1265896247599815,1618.5182427841655,101000.0,0.03482218784230785,0.12658969657038088,1618.5200790558915
101000.0,0.03324707954860255,0.13284474316689793,1782.4203044949863,101000.0,0.033247204387930655,0.13284471784774832,1782.4196250648336
101000.0,0.049255460804990756,0.1957945963392431,3871.8879195203613,101000.0,0.049255578477835474,0.1957945703080387,3871.88688997306
