cur_n,cur_mean,cur_std,cur_S,next_n,next_mean,next_std,next_S
41000.0,0.1247141177132471,1.488529689513717,90844.5460991159,41000.0,0.12471557864146184,1.4885295965051097,90844.53474653827
41000.0,0.08932677026859671,1.5148599236232447,94086.82411619273,41000.0,0.08932675993274601,1.514859924234172,94086.82419208123
41000.0,-0.132877702413958,1.455148312365663,86815.72105020614,41000.0,-0.1328781626621292,1.4551482733219967,86815.71639143152
41000.0,0.001988036975594741,0.8197076501329175,27548.745899143603,41000.0,0.0019935334997032753,0.8197083923472396,27548.795787864336
41000.0,-0.012295980688236008,0.7579100943928868,23551.53615848802,41000.0,-0.012296304108579093,0.7579100919750453,23551.53600822249
41000.0,0.09861460773703061,0.7626221374091029,23845.293503123572,41000.0,0.09861076492565123,0.7626230312687265,23845.349400681545
