cur_n,cur_mean,cur_std,cur_S,next_n,next_mean,next_std,next_S
1251000.0,0.1983302054751607,1.5387969999688909,2962238.155098687,1251000.0,0.19833024525131407,1.538796995485407,2962238.137836959
1251000.0,0.031184858276754646,1.5596192387037768,3042947.6243384206,1251000.0,0.031184854232748385,1.5596192387912013,3042947.624679566
1251000.0,0.04698663828333525,1.3802854599841983,2383390.126755781,1251000.0,0.046986633009682435,1.380285460176271,2383390.127419099
1251000.0,0.003372064851587322,0.8526205978077819,909429.3166414303,1251000.0,0.0033721785018307163,0.852620606833978,909429.3358966241
1251000.0,0.004557678389281634,0.7450006422313259,694337.4721132852,1251000.0,0.004557672642520683,0.7450006422942521,694337.4722305791
1251000.0,-0.002013915263973149,0.6777649195097613,574665.9729337095,1251000.0,-0.00201402151032779,0.6777649296118488,574665.9900645047
