cur_n,cur_mean,cur_std,cur_S,next_n,next_mean,next_std,next_S
3961000.0,-0.3084201866112923,1.34242281216738,7138114.16525104,3961000.0,-0.3084203740781825,1.3424228209454045,7138114.2586024655
3961000.0,-0.38035689882575036,1.359728262549304,7323338.2149303565,3961000.0,-0.3803569111708362,1.359728259318016,7323338.180123675
3961000.0,-0.15957295461479282,0.9739955404919387,3757671.2263897057,3961000.0,-0.15957300742757072,0.9739955375108785,3757671.2033878677
3961000.0,0.09820565179912226,0.8581653784902985,2917069.802500853,3961000.0,0.09820694112216133,0.8581690673659319,2917094.8809556887
3961000.0,0.09384965314649185,0.7678140252442642,2335161.5127300886,3961000.0,0.09384970990206062,0.7678140266157996,2335161.52107262
3961000.0,0.0931410574991683,0.6562145608359491,1705676.1149681984,3961000.0,0.0931411859445025,0.6562145923975168,1705676.2790420144
