cur_n,cur_mean,cur_std,cur_S,next_n,next_mean,next_std,next_S
2231000.0,-0.31658956565221236,1.3357281187460581,3980482.3936830196,2231000.0,-0.31659010995570247,1.3357282371565022,3980483.099411531
2231000.0,-0.36836115205858605,1.3295650899523555,3943835.365705054,2231000.0,-0.36836073302061706,1.3295653533701044,3943836.9284361233
2231000.0,-0.19331193043352846,0.9912645095038806,2192192.4863261925,2231000.0,-0.1933117639807911,0.9912645731436793,2192192.767806447
2231000.0,0.09896480543601158,0.8375439698782431,1565001.660200558,2231000.0,0.09896707870894567,0.8375505840370419,1565026.3782111825
2231000.0,0.09144005662003574,0.7522305913146228,1262413.2742587994,2231000.0,0.09143939297935391,0.7522313250925676,1262415.7371511105
2231000.0,0.09917610818489446,0.6538054322623755,953666.7030036715,2231000.0,0.09917584255756083,0.6538055929388304,953667.1717419116
