cur_n,cur_mean,cur_std,cur_S,next_n,next_mean,next_std,next_S
3021000.0,-0.2977792379619776,1.3238366870680145,5294434.137136219,3021000.0,-0.29777921399802487,1.3238366931137089,5294434.185493439
3021000.0,-0.3617456117224169,1.3273631808055195,5322678.7945633605,3021000.0,-0.36174562743809613,1.3273631768036145,5322678.762468369
3021000.0,-0.19267013424278798,0.9880647350234367,2949317.472123338,3021000.0,-0.19267013360550145,0.9880647351483333,2949317.4728689566
3021000.0,0.09630453612705954,0.8361323949336292,2112033.610591346,3021000.0,0.09630452451710589,0.836132396514365,2112033.6185770836
3021000.0,0.08610426165615973,0.7404928498260789,1656503.904804158,3021000.0,0.08610422491900116,0.7404928568508827,1656503.9362335366
3021000.0,0.09726540325565117,0.6516993576666258,1283055.1114577227,3021000.0,0.09726545395600271,0.6516993560575453,1283055.1051218598
