cur_n,cur_mean,cur_std,cur_S,next_n,next_mean,next_std,next_S
1682000.0,-0.007505572473275633,0.03746432030332745,2360.813647519307,1682000.0,-0.007505570965294669,0.03746432065648331,2360.813692027531
1682000.0,-0.014808404118734127,0.062025317156963654,6470.889426885686,1682000.0,-0.014808410215792229,0.062025316205346535,6470.889228327762
1682000.0,-0.03308683544820113,0.09302627410233441,14555.839066595981,1682000.0,-0.0330868691261603,0.09302627237775055,14555.838526904046
1682000.0,-0.0004180210779999479,0.1554137813313596,40626.091845411014,1682000.0,-0.0004180256323109923,0.15541378143135298,40626.09189768874
1682000.0,-0.0004843532215104265,0.15808751463506607,42035.97596083392,1682000.0,-0.0004843511513088511,0.15808751466420812,42035.97597633185
1682000.0,-0.0004374490162565057,0.16232744997806622,44321.03810955384,1682000.0,-0.00043741661853732443,0.162327455503294,44321.04112671248
