cur_n,cur_mean,cur_std,cur_S,next_n,next_mean,next_std,next_S
401000.0,-0.02735914975600205,1.1376019891114577,518949.4525377685,401000.0,-0.027359244357440127,1.1376019884136186,518949.4519010901
401000.0,-0.1205886007549567,1.0905215219078603,476884.1130874385,401000.0,-0.12058850819418479,1.0905215337183056,476884.12341683364
401000.0,-0.10257894556550688,0.8062737110370748,260680.9961409081,401000.0,-0.10257895060761998,0.8062737104019104,260680.9957301907
401000.0,0.0910607205185961,1.4622640177492996,857424.6390993339,401000.0,0.09106056446603249,1.4622640308063588,857424.6544118141
401000.0,0.1061519902870946,1.314880645187278,693293.3555463331,401000.0,0.106151749608358,1.3148806734504608,693293.3853508285
401000.0,0.09561662358571889,0.756365465884224,229407.575910886,401000.0,0.09561657435976788,0.7563654727495078,229407.5800754022
