cur_n,cur_mean,cur_std,cur_S,next_n,next_mean,next_std,next_S
4422000.0,-0.014808704819365245,0.02565414030041788,2910.2725921556867,4422000.0,-0.014808703429390151,0.02565414126928353,2910.2728119769845
4422000.0,-0.024566350748561328,0.04092794317201551,7407.276865794034,4422000.0,-0.02456634936844699,0.040927944103306406,7407.277202890359
4422000.0,-0.005809461913579316,0.009451326708003457,395.00654346615687,4422000.0,-0.005809460407113785,0.009451328164885838,395.0066652433709
4422000.0,-0.0006507030376454448,0.055138099916601374,13443.808895990802,4422000.0,-0.0006507056190552732,0.055138100153345096,13443.80901143683
4422000.0,-0.0010250273123469504,0.06853094906428141,20767.883112017305,4422000.0,-0.0010250292381096821,0.06853094915512435,20767.883167076103
4422000.0,-0.0007387397806943992,0.04638420292204462,9513.90770931471,4422000.0,-0.0007387423818809327,0.046384203203138706,9513.90782462566
