cur_n,cur_mean,cur_std,cur_S,next_n,next_mean,next_std,next_S
942000.0,-0.008031671671985001,0.016623587395090143,260.3157257250323,942000.0,-0.008031662408795402,0.016623594301769778,260.3159420342623
942000.0,-0.01344372473685355,0.023482050430220933,519.4251042478076,942000.0,-0.013443716347803933,0.02348205664463513,519.4253791746654
942000.0,-0.004025931357318675,0.008964409363210732,75.69971838780947,942000.0,-0.004025921779933418,0.008964418483822826,75.69987242542427
942000.0,-0.00044036340353399635,0.0511747216538787,2466.958712443548,942000.0,-0.0004403663115941927,0.051174721706689824,2466.9587175352362
942000.0,-0.0006794593134094681,0.06126353859221228,3535.534333510793,942000.0,-0.000679461981328694,0.06126353861734565,3535.5343364116998
942000.0,-0.0004971972003490374,0.04410754000399328,1832.637530262043,942000.0,-0.000497200676811575,0.044107540093862335,1832.6375377300362
