cur_n,cur_mean,cur_std,cur_S,next_n,next_mean,next_std,next_S
1891000.0,-0.12461018796475275,1.2202347025925175,2815647.4313162956,1891000.0,-0.12461019078716111,1.2202347023105002,2815647.430014806
1891000.0,-0.12178243802449987,1.1798593546750975,2632400.7710759128,1891000.0,-0.12178246424696428,1.1798593525194523,2632400.7614569315
1891000.0,-0.17101466812985663,0.9843745811748813,1832366.3606755547,1891000.0,-0.17101465052162432,0.9843745845317085,1832366.373172702
1891000.0,0.10627243004884096,1.1388899754885224,2452760.0815232554,1891000.0,0.1062724146761584,1.1388899771191365,2452760.08854677
1891000.0,0.10616240789178927,1.0326218526843274,2016388.2212025332,1891000.0,0.1061623904471529,1.0326218547564552,2016388.2292949713
1891000.0,0.09847308475768549,0.6603881116860097,824688.6581843002,1891000.0,0.09847307089647737,0.6603881140280097,824688.6640336507
