cur_n,cur_mean,cur_std,cur_S,next_n,next_mean,next_std,next_S
1361000.0,-0.06491838028389965,1.1575694549313804,1823695.145509571,1361000.0,-0.06491835350370244,1.157569456854877,1823695.151570325
1361000.0,-0.09351788089037137,1.1262682810244071,1726401.6077855167,1361000.0,-0.09351784928340429,1.1262682842524068,1726401.6176816027
1361000.0,-0.13267814717822835,0.8867796374054928,1070260.6285564606,1361000.0,-0.13267813076885865,0.8867796400672585,1070260.6349814683
1361000.0,0.10530591972150227,1.254998273872727,2143603.128363417,1361000.0,0.1053059250473083,1.2549982734412264,2143603.1268893653
1361000.0,0.10632191488097847,1.1215969721300056,1712110.4640999185,1361000.0,0.10632189679633076,1.1215969740428178,1712110.469939709
1361000.0,0.09871738147892899,0.693551113470141,654658.8930611102,1361000.0,0.09871737763541509,0.6935511140316956,654658.8941212386
