cur_n,cur_mean,cur_std,cur_S,next_n,next_mean,next_std,next_S
2471000.0,-0.30604819049105314,1.3287474815175757,4362723.147878711,2471000.0,-0.30604824819656556,1.3287474713226408,4362723.080931938
2471000.0,-0.36199282386532794,1.3260523762605105,4345043.229232368,2471000.0,-0.3619928379948317,1.3260523725893976,4345043.205174278
2471000.0,-0.19222190782116647,0.9897448930801005,2420579.1297973827,2471000.0,-0.19222191180994325,0.9897448923252686,2420579.126105259
2471000.0,0.09710808642119345,0.8393932553983338,1741019.7429414927,2471000.0,0.09710810127472692,0.8393932540047067,1741019.7371603353
2471000.0,0.08817668583686031,0.7498029916715764,1389207.3845358454,2471000.0,0.08817666123651194,0.7498029955617784,1389207.3989510916
2471000.0,0.09905339319374683,0.6546467936338094,1058977.7507295327,2471000.0,0.09905339523920655,0.6546467933321931,1058977.7497537243
