cur_n,cur_mean,cur_std,cur_S,next_n,next_mean,next_std,next_S
1901000.0,-0.024952100687182253,0.15140458671791912,43577.28621940461,1901000.0,-0.024952078110732873,0.1514045936384295,43577.290203128956
1901000.0,-0.018725935671660955,0.03238930315506631,1994.2762888133684,1901000.0,-0.018725974404328126,0.03238932478727431,1994.2789526937056
1901000.0,-0.001197745472680232,0.032887266909939095,2056.068989455398,1901000.0,-0.001197750922335387,0.03288726756980987,2056.0690719639174
1901000.0,0.10658905307747026,0.46020277696275724,402606.3188519675,1901000.0,0.10658909990557237,0.460202770645885,402606.30779939337
1901000.0,0.00042751943714272817,0.09439459926431955,16938.557043886074,1901000.0,0.00042753566461327825,0.09439460184241526,16938.557969134392
1901000.0,0.0025378922052803708,0.08411594616943349,13450.511052360142,1901000.0,0.002537879906316957,0.08411594824977958,13450.511717673195
