cur_n,cur_mean,cur_std,cur_S,next_n,next_mean,next_std,next_S
5471000.0,-0.309711753247269,1.3433358059799836,9872699.000412196,5471000.0,-0.30971177297425534,1.3433358022243465,9872698.94520891
5471000.0,-0.3919559694548413,1.3639344139687581,10177794.775363008,5471000.0,-0.3919559647839656,1.3639344153548723,10177794.796049612
5471000.0,-0.21861026733905817,1.0029968911499005,5503841.119963976,5471000.0,-0.21861027658180654,1.002996889368399,5503841.100412366
5471000.0,0.09635224006522544,0.8223844859446925,3700126.1639348855,5471000.0,0.09635226062814095,0.8223844849420051,3700126.1549121724
5471000.0,0.08684213477577188,0.7285072813869087,2903584.761773616,5471000.0,0.08684213590721854,0.728507281256881,2903584.760737124
5471000.0,0.09635688590729403,0.6361606582546403,2214115.7960001566,5471000.0,0.09635688654362974,0.6361606581599893,2214115.795341304
