cur_n,cur_mean,cur_std,cur_S,next_n,next_mean,next_std,next_S
1521000.0,0.1831290400682716,1.5744867674699266,3770572.051606544,1521000.0,0.18312909341114159,1.5744867626400396,3770572.028473372
1521000.0,0.03840764064229533,1.5837357777046284,3815001.119657742,1521000.0,0.0384076254539375,1.5837357781837567,3815001.1219660495
1521000.0,0.038928751446327396,1.4421509868440532,3163374.992128875,1521000.0,0.038928785028785155,1.442150986532212,3163374.990760821
1521000.0,0.010457971849482555,0.8274611401047,1041416.4382811055,1521000.0,0.010458056787675404,0.8274611456618327,1041416.4522691689
1521000.0,-0.00040638537051300634,0.7167985327673503,781490.0077342652,1521000.0,-0.00040638264924243705,0.716798532776786,781490.0077548397
1521000.0,0.0003566977730012068,0.6560783818318849,654697.4803659669,1521000.0,0.00035657095059167206,0.6560784005446456,654697.5177127162
