cur_n,cur_mean,cur_std,cur_S,next_n,next_mean,next_std,next_S
1891000.0,-0.3304328248691572,1.3425945554336849,3408641.225269809,1891000.0,-0.3304327907531216,1.3425945646498416,3408641.27206662
1891000.0,-0.37405031000744077,1.3301228424318678,3345607.833338529,1891000.0,-0.374050321218776,1.3301228393684728,3345607.8179280446
1891000.0,-0.19356912763019968,0.9961122935108906,1876325.275127149,1891000.0,-0.19356911251733347,0.9961122966644936,1876325.2870077074
1891000.0,0.10056016164893233,0.828810364704936,1298978.2396346442,1891000.0,0.10056014621661288,0.8288103668490354,1298978.246355454
1891000.0,0.09445452231248481,0.7519516750807208,1069230.6292528233,1891000.0,0.09445450477118386,0.7519516776710646,1069230.6366194536
1891000.0,0.09893263670525795,0.6532121689618182,806863.4863525073,1891000.0,0.09893263869827922,0.6532121686657013,806863.485620966
