cur_n,cur_mean,cur_std,cur_S,next_n,next_mean,next_std,next_S
421000.0,-0.34665456364037706,1.3340862028288496,749289.9045594637,421000.0,-0.346654761245594,1.3340861576434615,749289.8538026918
421000.0,-0.42020677297950276,1.296856954729382,708053.7815936158,421000.0,-0.4202067062703637,1.2968569770667517,708053.8059849864
421000.0,-0.23142649576211424,1.0136085821158978,432536.39260811935,421000.0,-0.23142651584299703,1.0136085776147843,432536.3887666061
421000.0,0.10890463211103812,0.7820695174721273,257497.37939697522,421000.0,0.10890480950404685,0.7820695012397256,257497.36870789772
421000.0,0.10730956465681397,0.7121511691232593,213514.06011480608,421000.0,0.1073097976326528,0.7121511500611712,213514.04868458197
421000.0,0.09637700607279112,0.6153655513064878,159422.07469032457,421000.0,0.09637701473469816,0.615365549975543,159422.0740007118
