cur_n,cur_mean,cur_std,cur_S,next_n,next_mean,next_std,next_S
3991000.0,-0.3084428842585647,1.3421869418691097,7189649.955613496,3991000.0,-0.30844379501301744,1.3421879657935931,7189660.925264884
3991000.0,-0.3801102169051264,1.3592453372613187,7373563.6164847445,3991000.0,-0.3801104728932694,1.3592453618788831,7373563.883572919
3991000.0,-0.1592917682960697,0.9735729370982998,3782846.4570261883,3991000.0,-0.1592922078399015,0.9735732611749192,3782848.9754451965
3991000.0,0.09822874007718473,0.8578432783173553,2936957.3048056816,3991000.0,0.09822944277583265,0.8578443464875777,2936964.6188975903
3991000.0,0.09393485808708173,0.7678804929253181,2353255.0415981812,3991000.0,0.09393511826437712,0.7678806370103229,2353255.9247272587
3991000.0,0.09329935301599417,0.6567830224343904,1721573.4787851893,3991000.0,0.09329986693057973,0.6567837518680482,1721577.3028010186
