cur_n,cur_mean,cur_std,cur_S,next_n,next_mean,next_std,next_S
1121000.0,-0.35459559377701766,1.3702711298611001,2104837.7686198447,1121000.0,-0.3545956290582946,1.3702711212402747,2104837.7421353944
1121000.0,-0.39251255144677233,1.3360414342480134,2000992.5264248145,1121000.0,-0.39251232678618386,1.3360415214248231,2000992.787554666
1121000.0,-0.21273626779796634,1.0340904307334071,1198733.5242254664,1121000.0,-0.21273631637699358,1.0340904220187273,1198733.5040210844
1121000.0,0.09883292889403086,0.8116719793112129,738527.5816408589,1121000.0,0.09883324190059048,0.8116720088533232,738527.6354006638
1121000.0,0.09323000551655136,0.7492278620623974,629264.8183947523,1121000.0,0.0932295303864363,0.7492280900682738,629265.2013919832
1121000.0,0.09075138925692075,0.6317929327578704,447460.9493786086,1121000.0,0.09075145401263726,0.6317929271764057,447460.9414725769
