cur_n,cur_mean,cur_std,cur_S,next_n,next_mean,next_std,next_S
602000.0,-0.007686098009533485,0.01611876708654467,156.408420738946,602000.0,-0.0076860938744326476,0.01611876937763748,156.40846520217713
602000.0,-0.012840638860755512,0.02235500494500159,300.8472401468094,602000.0,-0.012840649105297792,0.022355000473681323,300.8471197993319
602000.0,-0.004008696843412928,0.008947736278897719,48.197314679054834,602000.0,-0.004008699973308615,0.00894773520620865,48.19730312289629
602000.0,-0.00044801308417365625,0.051746173743668036,1611.9552312601472,602000.0,-0.00044797924645849363,0.0517461806968667,1611.9556644610936
602000.0,-0.0006901656404160905,0.06128043776943686,2260.685816034722,602000.0,-0.0006901263438936921,0.0612804457969509,2260.6864083179685
602000.0,-0.0005068197945181035,0.04469475052329249,1202.5676760522913,602000.0,-0.0005067873744764393,0.04469475796934321,1202.5680767427773
