cur_n,cur_mean,cur_std,cur_S,next_n,next_mean,next_std,next_S
2431000.0,-0.3075021867064192,1.3298498333358164,4299224.9080918385,2431000.0,-0.30750223615829275,1.3298498241362828,4299224.848610139
2431000.0,-0.36358847401573496,1.325711528389503,4272509.378363246,2431000.0,-0.363588497348877,1.3257115224893712,4272509.340333302
2431000.0,-0.1913892662960402,0.9886301991818651,2376034.2895552637,2431000.0,-0.19138924795963444,0.9886302031449739,2376034.3086048183
2431000.0,0.09733794462784727,0.8398921200642773,1714873.0380042875,2431000.0,0.09733797149914161,0.8398921179950734,1714873.0295545782
2431000.0,0.08941599471393442,0.7499276385139961,1367173.6465704518,2431000.0,0.08941598655057707,0.7499276395953697,1367173.6505132997
2431000.0,0.09844993316846566,0.6542034829354649,1040424.7211133754,2431000.0,0.0984499353651858,0.6542034826138368,1040424.7200903606
