cur_n,cur_mean,cur_std,cur_S,next_n,next_mean,next_std,next_S
1182000.0,0.00023119792936388196,0.013750544783186608,223.48958352828492,1182000.0,0.0002311977282706542,0.013750544788305853,223.4895836946926
1182000.0,-0.007337460303817015,0.019981970449985734,471.9479471017698,1182000.0,-0.0073374608386489164,0.019981970262053346,471.94793822433667
1182000.0,-0.005993540941122688,0.013831545916351471,226.13038499951634,1182000.0,-0.005993542424416489,0.013831545367614126,226.13036705702672
1182000.0,-0.0001974863510406636,0.11313449689593351,15128.907806493058,1182000.0,-0.00019748597277611496,0.11313449689734281,15128.907806869976
1182000.0,-0.0001594893849922053,0.06856728384691664,5557.140393517777,1182000.0,-0.00015948890201460242,0.06856728385005205,5557.140394026006
1182000.0,-0.0007421452729540339,0.05906425743276776,4123.509250191597,1182000.0,-0.0007421445783552292,0.05906425744632187,4123.509252084129
