cur_n,cur_mean,cur_std,cur_S,next_n,next_mean,next_std,next_S
2941000.0,-0.29880956076211834,1.3239630721527318,5155214.834503276,2941000.0,-0.2988095125025571,1.3239630856314353,5155214.939469366
2941000.0,-0.3617591535295635,1.3255431792394907,5167527.341603339,2941000.0,-0.3617591341326262,1.3255431849506047,5167527.386132009
2941000.0,-0.19087543855766326,0.9885453908578492,2874009.871961502,2941000.0,-0.19087543701544177,0.9885453911591637,2874009.8737135325
2941000.0,0.09661349124201714,0.8363764558039676,2057304.7184960495,2941000.0,0.09661349748207275,0.836376455151631,2057304.715286836
2941000.0,0.0868042465781438,0.7411650991375487,1615566.8959921224,2941000.0,0.08680422641587218,0.7411651023054594,1615566.9098027344
2941000.0,0.09619375791377573,0.6526471670651932,1252714.0228786515,2941000.0,0.09619375633439471,0.6526471673035604,1252714.0237937125
