cur_n,cur_mean,cur_std,cur_S,next_n,next_mean,next_std,next_S
2851000.0,-0.04580438616043083,0.14045140469271827,56240.52827552967,2851000.0,-0.045804679297939035,0.140452181226915,56241.1501676962
2851000.0,-0.04188372205948781,0.13638475218018953,53030.88258829463,2851000.0,-0.04188373333601357,0.136384750046258,53030.88092880896
2851000.0,-0.00948989694611294,0.21569090653661246,132635.83898053181,2851000.0,-0.009490466365282571,0.21569302436073332,132638.4436407156
2851000.0,0.02908845423481983,0.1515138519413808,65448.83133815691,2851000.0,0.02908823383673964,0.15151435126866084,65449.262723675325
2851000.0,0.03078011047599938,0.15833353749530188,71473.17043205786,2851000.0,0.030780090567856497,0.15833354493370771,71473.17714758344
2851000.0,0.048314173286388463,0.3886396193327077,430617.1888416701,2851000.0,0.04831403715526929,0.3886397042287258,430617.37697322865
