cur_n,cur_mean,cur_std,cur_S,next_n,next_mean,next_std,next_S
3231000.0,-0.3196177777437695,1.356722035404611,5947284.515449704,3231000.0,-0.31961772635985886,1.3567220506535946,5947284.649139644
3231000.0,-0.3886360080252127,1.367460330072513,6041801.194214467,3231000.0,-0.3886358157126222,1.367460428420884,6041802.063272695
3231000.0,-0.1681486746829709,0.9883526457059035,3156173.1167968395,3231000.0,-0.16814873510011358,0.9883526413935286,3156173.0892548445
3231000.0,0.10124339450706919,0.855427405614729,2364303.785520166,3231000.0,0.1012432268494598,0.855427478542459,2364304.18864804
3231000.0,0.09429212158149486,0.7692534281884646,1911946.953635228,3231000.0,0.09429183807254854,0.7692536317392963,1911947.965469377
3231000.0,0.09361123256120517,0.6558875019079322,1389938.7693788186,3231000.0,0.09361137591885704,0.6558875320669421,1389938.8972031113
