cur_n,cur_mean,cur_std,cur_S,next_n,next_mean,next_std,next_S
761000.0,-0.38445944223224604,1.3900046725065616,1470337.9850780459,761000.0,-0.38445950052216865,1.3900046573143583,1470337.9529376167
761000.0,-0.43391539454285455,1.3555340073898778,1398316.5307899413,761000.0,-0.43391532536794886,1.3555340308763808,1398316.5792454802
761000.0,-0.23541798851252943,1.060354008010505,855630.8235732999,761000.0,-0.235418013982951,1.0603540025883846,855630.8148227633
761000.0,0.10137340881829258,0.7880870474847166,472642.7889484284,761000.0,0.10137353735135027,0.7880870389276475,472642.77868449374
761000.0,0.09265687041321923,0.7220619176768517,396765.1672619303,761000.0,0.09265695916496937,0.7220619104388247,396765.1593074963
761000.0,0.08848150375225658,0.611272214679284,284350.48125401564,761000.0,0.08848137823476195,0.6112722426547149,284350.50728113484
