cur_n,cur_mean,cur_std,cur_S,next_n,next_mean,next_std,next_S
4961000.0,-0.307022785814082,1.338993141742504,8894589.965455603,4961000.0,-0.3070227871184121,1.338993141446623,8894589.961524677
4961000.0,-0.38591112591943255,1.3589156380425096,9161239.139841061,4961000.0,-0.3859111374367475,1.3589156350139167,9161239.099006057
4961000.0,-0.21497752730449862,1.000006022578837,4961059.756207163,4961000.0,-0.2149775299565727,1.0000060220261513,4961059.750723383
4961000.0,0.09661059909830823,0.8227377124985827,3358087.721437874,4961000.0,0.09661063809146717,0.822737712503895,3358087.7214812394
4961000.0,0.08622879774264856,0.7303483723198237,2646240.783698021,4961000.0,0.08622880095399134,0.7303483719757141,2646240.7812044253
4961000.0,0.09768018881777103,0.6378990013599213,2018705.9893784206,4961000.0,0.09768017859692664,0.6378990033312115,2018706.0018551778
