cur_n,cur_mean,cur_std,cur_S,next_n,next_mean,next_std,next_S
1201000.0,-0.02611347448057326,0.09354310593818536,10509.125514943646,1201000.0,-0.02611346077102749,0.09354311097189673,10509.126645971006
1201000.0,-0.027116811145944986,0.09782102514851464,11492.312506288705,1201000.0,-0.027116806456243054,0.09782102658355228,11492.31284347391
1201000.0,-0.02156624591271088,0.10098288813155565,12247.249978163729,1201000.0,-0.021566279223039397,0.10098288761585024,12247.249853073761
1201000.0,0.033532373896595837,0.14518367244756822,25315.0367931807,1201000.0,0.03353238352380203,0.1451836706073672,25315.036151445223
1201000.0,0.03432673359682002,0.15184467770467877,27691.22418283256,1201000.0,0.03432673079509453,0.15184467836909452,27691.22442516553
1201000.0,0.04745630234150303,0.3200150002719533,122993.93007926896,1201000.0,0.04745633755720001,0.3200149973767715,122993.92785381216
