cur_n,cur_mean,cur_std,cur_S,next_n,next_mean,next_std,next_S
1901000.0,-0.12572161310107358,1.2208623527884213,2833449.7853510077,1901000.0,-0.12572175152433934,1.220862353451699,2833449.7884297557
1901000.0,-0.12121010351708958,1.1798354507460893,2646214.22428157,1901000.0,-0.12121019416042465,1.1798354480529631,2646214.2122009215
1901000.0,-0.17115774451322135,0.9858027972881308,1847405.4019232378,1901000.0,-0.17115774343841367,0.985802797475812,1847405.4026266711
1901000.0,0.10606184488571098,1.1368379985299997,2456853.606948123,1901000.0,0.1060622638873888,1.1368381062250674,2456854.072434021
1901000.0,0.10545810160551046,1.030810516719408,2019946.1809421119,1901000.0,0.10545775368048907,1.030810663934849,2019946.75790031
1901000.0,0.09820334054375318,0.6596926997460767,827304.6648448062,1901000.0,0.0982033577043749,0.6596926976158274,827304.6595018178
