cur_n,cur_mean,cur_std,cur_S,next_n,next_mean,next_std,next_S
1761000.0,0.18564900290323838,1.587306600205452,4436913.890021247,1761000.0,0.18564903616256806,1.5873065969291493,4436913.871705097
1761000.0,0.03440072994618377,1.600853612346929,4512971.559457176,1761000.0,0.03440072867774954,1.600853612375101,4512971.559616015
1761000.0,0.047748335932560344,1.4728845699392241,3820293.952158858,1761000.0,0.04774832245099813,1.47288457048485,3820293.9549892927
1761000.0,0.01002640585525725,0.8072963840549643,1147692.042458176,1761000.0,0.010026500274887941,0.8072963926057426,1147692.066770586
1761000.0,0.0005096490828542996,0.6990716923995359,860602.8679923728,1761000.0,0.0005096434831648814,0.6990716924431538,860602.8680997657
1761000.0,-0.001460773904097861,0.6396308375714282,720473.7183436675,1761000.0,-0.0014608529990985304,0.6396308460026437,720473.7373373398
