cur_n,cur_mean,cur_std,cur_S,next_n,next_mean,next_std,next_S
1651000.0,-0.0878906707859759,1.1695446040945632,2258294.893176036,1651000.0,-0.08789065669855599,1.1695446052933376,2258294.897805506
1651000.0,-0.10905015636495809,1.1561549931264952,2206882.4017848196,1651000.0,-0.10905014108108702,1.1561549947348604,2206882.407924953
1651000.0,-0.14442266744531482,0.9214428032899543,1401792.8424022363,1651000.0,-0.14442265890796235,0.9214428046933189,1401792.846672119
1651000.0,0.10415520484756019,1.1848792543460034,2317903.0370236225,1651000.0,0.10415520710942318,1.184879254150743,2317903.036259671
1651000.0,0.1077073948149889,1.0686318681739997,1885399.1890368138,1651000.0,0.10770737965001678,1.0686318698801578,1885399.1950572014
1651000.0,0.09693291394891675,0.6728075585258767,747358.1878465688,1651000.0,0.09693290928391361,0.6728075592246898,747358.1893990594
