cur_n,cur_mean,cur_std,cur_S,next_n,next_mean,next_std,next_S
2091000.0,-0.3446628007111296,1.367086939579824,3907925.7304731044,2091000.0,-0.3446633435251755,1.367087028063982,3907926.2363509955
2091000.0,-0.40331178539302426,1.37816300591935,3971505.8694198197,2091000.0,-0.40331221122702543,1.3781630188651461,3971505.944032628
2091000.0,-0.1869477309436923,1.0114477927062995,2139148.6987416013,2091000.0,-0.18694801178033166,1.011447822323211,2139148.824017427
2091000.0,0.10290398938840443,0.8365998498120243,1463489.454503204,2091000.0,0.10290486460037773,0.8366006994239941,1463492.4270086132
2091000.0,0.09461393091295399,0.7631208733179139,1217701.1001106992,2091000.0,0.09461490023483198,0.7631220403984528,1217704.8247011083
2091000.0,0.09195977440345547,0.6479454007243478,877871.3096907765,2091000.0,0.0919604653185713,0.6479460729212283,877873.131148761
