cur_n,cur_mean,cur_std,cur_S,next_n,next_mean,next_std,next_S
2182000.0,-0.010612253618426265,0.020555246996185043,921.9346667398481,2182000.0,-0.010612248373748252,0.020555251163859638,921.9350405932082
2182000.0,-0.017651138611363314,0.030876100133021833,2080.173826664021,2182000.0,-0.01765113428553771,0.03087610326720422,2080.1742489741227
2182000.0,-0.004637959698467738,0.009382036333278252,192.06532576603593,2182000.0,-0.00463795475893392,0.009382041612369678,192.06554190902744
2182000.0,-0.00045691114481476684,0.0514819598894184,5783.155767429505,2182000.0,-0.0004569242105807519,0.05148196339121116,5783.156554167762
2182000.0,-0.0007150997795342027,0.06335341457284295,8757.795511200029,2182000.0,-0.0007151083663369373,0.06335341574566702,8757.795835455747
2182000.0,-0.000520730321726213,0.0435122012658688,4131.206039941218,2182000.0,-0.0005207435821966858,0.04351220551608411,4131.206847002938
