cur_n,cur_mean,cur_std,cur_S,next_n,next_mean,next_std,next_S
81000.0,-0.2866556962846062,1.2602986305205306,128656.5636854459,81000.0,-0.2866561960493848,1.2602985248748855,128656.54211594681
81000.0,-0.36756042870342837,1.1849330959097375,113729.38178436106,81000.0,-0.3675593929970212,1.1849334538438139,113729.45049309662
81000.0,-0.193426097391551,0.978749867754506,77594.0555939865,81000.0,-0.19342619204470007,0.9787498494193395,77594.05268680876
81000.0,0.11027082896438878,0.8276876398611301,55490.413163489924,81000.0,0.11026964049275108,0.827687867311483,55490.44366126512
81000.0,0.11064947014381646,0.7205344898687981,42052.766038329624,81000.0,0.11064861300122748,0.7205346627919231,42052.786223058305
81000.0,0.10210332714875296,0.6527902357465577,34516.94244276975,81000.0,0.10210294387452959,0.6527903048084266,34516.94974620216
