cur_n,cur_mean,cur_std,cur_S,next_n,next_mean,next_std,next_S
3361000.0,-0.3166776878022531,1.352819791853409,6151037.989203042,3361000.0,-0.3166776333962341,1.3528198082661593,6151038.138454925
3361000.0,-0.3857251766197093,1.3651776061441547,6263928.961523067,3361000.0,-0.3857250666693611,1.3651776520915464,6263929.383169599
3361000.0,-0.16672547055847814,0.9848087535792086,3259660.072865274,3361000.0,-0.16672551181841835,0.9848087494989691,3259660.0458545606
3361000.0,0.10052510100506361,0.855733798899854,2461194.2045219545,3361000.0,0.10052636388233994,0.8557367825431414,2461211.367191884
3361000.0,0.09354308565040335,0.7687488835308935,1986266.4571707142,3361000.0,0.09354275308459598,0.7687491657719262,1986267.915659984
3361000.0,0.09403607011878672,0.6567500607845342,1449668.678906385,3361000.0,0.09403620651178848,0.6567500888569487,1449668.8028369432
