cur_n,cur_mean,cur_std,cur_S,next_n,next_mean,next_std,next_S
3641000.0,-0.31047909701172044,1.3464578388298833,6600946.259468788,3641000.0,-0.31048001596075414,1.3464587687048473,6600955.376808534
3641000.0,-0.3851452770376727,1.364003991091406,6774105.578164068,3641000.0,-0.3851455846472161,1.3640040305252747,6774105.969847957
3641000.0,-0.16234909003090073,0.9787192898795637,3487682.7635601633,3641000.0,-0.1623491774582316,0.9787192895947703,3487682.761530431
3641000.0,0.09854954059257287,0.8560515877599106,2668213.3524197075,3641000.0,0.09855038241650024,0.8560529979161119,2668222.143013073
3641000.0,0.09437179543012017,0.7681448372802365,2148359.2738776635,3641000.0,0.09437238541735062,0.7681455897554978,2148363.4829484513
3641000.0,0.09267323286648527,0.6563023228038718,1568297.902399555,3641000.0,0.09267334338880344,0.6563023410809347,1568297.9897491767
