cur_n,cur_mean,cur_std,cur_S,next_n,next_mean,next_std,next_S
3551000.0,-0.05205427997690064,0.15926563818790038,90073.04499477452,3551000.0,-0.05205426917200167,0.15926564302085172,90073.05046134791
3551000.0,-0.0445742984504446,0.1552056732351036,85539.33236648858,3551000.0,-0.0445742872690527,0.1552056778765707,85539.3374826418
3551000.0,0.010449241649586046,0.2960558623796843,311241.86052894325,3551000.0,0.010449495538514538,0.29605623999405695,311242.6544971756
3551000.0,0.027918557427083074,0.16449366608913799,96083.54811741257,3551000.0,0.027918556075038365,0.16449366633833412,96083.54840853198
3551000.0,0.02854143186965358,0.17924877576888265,114094.0689555979,3551000.0,0.028541431852636665,0.17924877577159326,114094.0689590486
3551000.0,0.05634401222377334,0.4470134575469644,709564.4818909538,3551000.0,0.05634393861963384,0.44701348834255544,709564.5796573991
