cur_n,cur_mean,cur_std,cur_S,next_n,next_mean,next_std,next_S
1431000.0,0.18265088409704508,1.5651305200764347,3505425.60271574,1431000.0,0.182650926924305,1.5651305159169957,3505425.5840839343
1431000.0,0.03893261963450892,1.575833070574897,3553530.558700355,1431000.0,0.03893261765195713,1.5758330706256736,3553530.5589293586
1431000.0,0.03754407664233305,1.4138871791272858,2860679.123035035,1431000.0,0.0375440725494953,1.4138871792443815,2860679.1235088673
1431000.0,0.009780150156806878,0.8349906580786912,997706.6500815994,1431000.0,0.009780260165542388,0.8349906671602068,997706.6717840901
1431000.0,0.0001252787102099576,0.7257700407322667,753768.0195470826,1431000.0,0.00012527270165608496,0.7257700407689227,753768.0196232226
1431000.0,0.0010240970961428117,0.66096992417929,625177.0553981637,1431000.0,0.0010239968073959861,0.6609699352222466,625177.0762880798
