cur_n,cur_mean,cur_std,cur_S,next_n,next_mean,next_std,next_S
4831000.0,-0.3064222622549151,1.337395829860748,8640859.963276407,4831000.0,-0.3064222932499225,1.337395824494371,8640859.893932523
4831000.0,-0.385585657365866,1.3574672588964332,8902167.56121207,4831000.0,-0.3855856453141605,1.357467262578179,8902167.60950129
4831000.0,-0.21483147092469304,1.0008970656570984,4839671.336014022,4831000.0,-0.21483147779367454,1.000897064296631,4839671.322857395
4831000.0,0.0968250265163878,0.8232441590646268,3274118.197391772,4831000.0,0.09682499085497553,0.8232441669903534,3274118.2604344687
4831000.0,0.08693527733985199,0.7306007535746492,2578678.914689296,4831000.0,0.0869352728010834,0.7306007541828542,2578678.9189826553
4831000.0,0.09792565570713364,0.6385777558091165,1969992.6690848367,4831000.0,0.09792565558787067,0.6385777558274367,1969992.6691978713
