cur_n,cur_mean,cur_std,cur_S,next_n,next_mean,next_std,next_S
2021000.0,-0.14187802959873383,1.2422096035324437,3118574.176897735,2021000.0,-0.14187800560450675,1.2422096067412876,3118574.193009376
2021000.0,-0.1303400951796818,1.2007471486631176,2913865.0980606894,2021000.0,-0.13034010635237922,1.2007471475553197,2913865.0926840813
2021000.0,-0.18398617319737007,1.0029949381776937,2033123.6677863628,2021000.0,-0.18398616694388312,1.0029949393641708,2033123.6725964663
2021000.0,0.10641740371736337,1.1173585181364232,2523198.40732314,2021000.0,0.10641737896713935,1.1173585210476025,2523198.420471083
2021000.0,0.10460858224895975,1.0163394538336306,2087583.63443148,2021000.0,0.10460856330041045,1.0163394561409549,2087583.6439100706
2021000.0,0.09899552182679876,0.6517803526336173,858556.4263480683,2021000.0,0.09899551514472074,0.651780353717767,858556.4292042565
