cur_n,cur_mean,cur_std,cur_S,next_n,next_mean,next_std,next_S
4001000.0,-0.3092429291383879,1.3433071842104924,7219701.238797239,4001000.0,-0.30924287971946135,1.3433071992243157,7219701.400182989
4001000.0,-0.38051768744932174,1.3594105858308394,7393836.5606166525,4001000.0,-0.3805176516358122,1.3594105977430322,7393836.690197529
4001000.0,-0.15873365883678783,0.9735761581837129,3792349.9936708156,4001000.0,-0.1587336824062326,0.9735761554823388,3792349.972625608
4001000.0,0.09862340845736246,0.85830198735286,2947465.88827697,4001000.0,0.09862313810542185,0.8583021887735852,2947467.271661362
4001000.0,0.09401748285002065,0.7677099657781458,2358103.7448118823,4001000.0,0.09401747579974026,0.7677099667710743,2358103.750911656
4001000.0,0.0930474497462511,0.6565522891172745,1724674.6942888778,4001000.0,0.09304747269927043,0.6565522874696212,1724674.6856325504
