cur_n,cur_mean,cur_std,cur_S,next_n,next_mean,next_std,next_S
4081000.0,-0.30970188170992086,1.3440348988357542,7372040.051706108,4081000.0,-0.3097019008445572,1.3440348949825023,7372040.009435884
4081000.0,-0.3815330318579665,1.3613065764377088,7562727.98340948,4081000.0,-0.3815330501358452,1.3613065718157633,7562727.932055115
4081000.0,-0.15778132288872102,0.971730928421069,3853529.129777547,4081000.0,-0.15778131947784765,0.9717309289992805,3853529.1343634967
4081000.0,0.09891340748733347,0.859071488543164,3011793.599327719,4081000.0,0.09891341462804071,0.8590714878420208,3011793.594411485
4081000.0,0.09454410485060297,0.7683996765031835,2409577.7344916547,4081000.0,0.09454412197400748,0.7683996751749335,2409577.7261612974
4081000.0,0.09300084314838618,0.6560355488816558,1756391.5595389348,4081000.0,0.09300084808722306,0.6560355482573836,1756391.5561962302
