cur_n,cur_mean,cur_std,cur_S,next_n,next_mean,next_std,next_S
2421000.0,-0.3074954322756333,1.3287520611793429,4274474.119053901,2421000.0,-0.3074949737384768,1.3287523588370262,4274476.034129322
2421000.0,-0.3629522031236798,1.3249970172552177,4250348.988774977,2421000.0,-0.3629545928839814,1.3250015800792796,4250378.262241675
2421000.0,-0.19166263442880097,0.9883415328070035,2364878.7638260107,2421000.0,-0.19166313975080165,0.9883417475607406,2364879.7915408043
2421000.0,0.09743428223381637,0.8397254442324505,1707141.0873148465,2421000.0,0.09743396235836493,0.8397256288469741,1707141.837948462
2421000.0,0.08919081831832194,0.7500259427882213,1361906.7128648271,2421000.0,0.08919109780628746,0.7500260356231898,1361907.0500066977
2421000.0,0.09885358170873376,0.6544216075896535,1036835.9576026283,2421000.0,0.09885355121138527,0.6544216139168187,1036835.9776515764
