cur_n,cur_mean,cur_std,cur_S,next_n,next_mean,next_std,next_S
2642000.0,-0.011997282059461245,0.02264852548917084,1355.228977454427,2642000.0,-0.011997284525460507,0.022648524537580886,1355.228863573084
2642000.0,-0.02004275002818379,0.03509157747922173,3253.4084959677452,2642000.0,-0.02004275819996753,0.03509157532567637,3253.4080966489873
2642000.0,-0.004994864859409603,0.00967039199275021,247.07054357728805,2642000.0,-0.004994869276230017,0.009670392376295916,247.0705631758416
2642000.0,-0.0004649317683672517,0.05177531405297159,7082.364869839898,2642000.0,-0.0004649278618768801,0.05177531447740976,7082.3649859580155
2642000.0,-0.0007218953726458547,0.06459623008431814,11024.201910402497,2642000.0,-0.0007218873373064827,0.0645962314945131,11024.202391739384
2642000.0,-0.0005301964637721508,0.04330113154617398,4953.7182779790855,2642000.0,-0.0005302006355181766,0.04330113202602458,4953.718387770428
