cur_n,cur_mean,cur_std,cur_S,next_n,next_mean,next_std,next_S
3751000.0,-0.30222090129231083,1.3288438539918483,6623613.282082949,3751000.0,-0.30222089819270886,1.3288438547104175,6623613.289246356
3751000.0,-0.3740328219466346,1.3404136359047956,6739454.391163496,3751000.0,-0.37403280709909625,1.3404136403563947,6739454.43592781
3751000.0,-0.2041522490575503,0.9948962139293482,3712809.105317559,3751000.0,-0.20415222875569555,0.9948962188722642,3712809.1422100575
3751000.0,0.09808621882045429,0.8293402548039644,2579957.523651881,3751000.0,0.09808623235502953,0.8293402536175194,2579957.516270163
3751000.0,0.08715081769051479,0.7353791094431686,2028474.91220496,3751000.0,0.0871508163111024,0.7353791096114919,2028474.9131335677
3751000.0,0.09894749127391202,0.6456104952659144,1563465.2314022197,3751000.0,0.09894747946440742,0.6456104974809803,1563465.2421306036
