cur_n,cur_mean,cur_std,cur_S,next_n,next_mean,next_std,next_S
4222000.0,-0.0153647213726582,0.027738132814823412,3248.423738886852,4222000.0,-0.015364718484678413,0.027738135049279983,3248.4242622430634
4222000.0,-0.026069493021692005,0.045761695648647745,8841.428633635825,4222000.0,-0.0260694907477221,0.04576169718261614,8841.42922637926
4222000.0,-0.005801103410034576,0.010315764614164976,449.2841282050517,4222000.0,-0.005801100419885653,0.010315768125352934,449.28443405175295
4222000.0,-0.0005096057076518734,0.05250785711019737,11640.370896163307,4222000.0,-0.0005096054138985712,0.052507857116515476,11640.370898964606
4222000.0,-0.000742006649079732,0.06803980246847532,19545.388947625273,4222000.0,-0.0007420053188356004,0.06803980253787832,19545.388987499242
4222000.0,-0.0005787429221803319,0.042783092849103775,7727.919388429315,4222000.0,-0.0005787423953663846,0.04278309286992222,7727.919395950195
