cur_n,cur_mean,cur_std,cur_S,next_n,next_mean,next_std,next_S
1461000.0,-0.33875881224963417,1.3546860302696495,2681189.5655279104,1461000.0,-0.33875889569818923,1.3546860131572505,2681189.4977903175
1461000.0,-0.38113823286103116,1.332382534187593,2593630.3406333104,1461000.0,-0.38113824384654243,1.332382531111316,2593630.3286566823
1461000.0,-0.20359033701509213,1.0117645043472436,1495578.0893075112,1461000.0,-0.2035903110444299,1.0117645100601276,1495578.106196944
1461000.0,0.097477225688065,0.8158590233423345,972479.5070608667,1461000.0,0.09747723108857775,0.8158590227231877,972479.5055848578
1461000.0,0.09415415526164633,0.7523753507949236,827026.3246548087,1461000.0,0.09415418226946652,0.7523753481233162,827026.3187814382
1461000.0,0.09713366121797719,0.6410519707897503,600394.4863392508,1461000.0,0.09713369700597226,0.6410519668265537,600394.4789155739
