cur_n,cur_mean,cur_std,cur_S,next_n,next_mean,next_std,next_S
722000.0,-0.007889665598311101,0.0164144952737254,194.53254297581285,722000.0,-0.007889648616484187,0.016414509778389937,194.5328867732281
722000.0,-0.013195166427418947,0.022947277468903703,380.18898621556565,722000.0,-0.013195153201710339,0.0229472878257392,380.1893293983839
722000.0,-0.004020046189648588,0.008974278146425244,58.148196476070915,722000.0,-0.004020029337387794,0.008974297119546917,58.14844234631364
722000.0,-0.00045036794906591827,0.05163785395849045,1925.189868158516,722000.0,-0.00045037841338280366,0.051637854632750814,1925.1899184347815
722000.0,-0.0006873777211350137,0.06144770261725637,2726.142153309796,722000.0,-0.0006873802245644812,0.061447702626072305,2726.142154092038
722000.0,-0.0005055592342685584,0.0445752867247671,1434.5823667217328,722000.0,-0.0005055700795842716,0.04457528755433352,1434.582420118198
