cur_n,cur_mean,cur_std,cur_S,next_n,next_mean,next_std,next_S
1022000.0,0.000223001851660542,0.013695196015985688,191.68467858242823,1022000.0,0.00022300106411675687,0.013695196051951432,191.68467958921659
1022000.0,-0.007337264950164589,0.01986485866123067,403.29408704254587,1022000.0,-0.00733726633667479,0.019864858198562103,403.2940682564576
1022000.0,-0.0059751926316393335,0.013960231738168627,199.1756077274048,1022000.0,-0.0059751949957924915,0.013960230930862601,199.17558469115917
1022000.0,-0.00020459941578217664,0.11266652560874647,12973.008404586742,1022000.0,-0.00020459968356577977,0.11266652560858677,12973.008404549964
1022000.0,-0.00016580331413422318,0.06817681636256334,4750.336011700047,1022000.0,-0.00016580343293838063,0.06817681636238139,4750.336011674693
1022000.0,-0.0007495693751499166,0.05884743618240862,3539.2072016379934,1022000.0,-0.0007495692637905857,0.058847436183934364,3539.2072018215167
