cur_n,cur_mean,cur_std,cur_S,next_n,next_mean,next_std,next_S
461000.0,-0.3541911805609371,1.3282082306465997,813267.204924348,461000.0,-0.3541951583382021,1.3282099157981142,813269.2685756639
461000.0,-0.3896318618565328,1.277875242435695,752796.9273410697,461000.0,-0.38963245499155036,1.277875125043586,752796.789029579
461000.0,-0.18756125808241136,0.9902819227325652,452083.47007230786,461000.0,-0.18756129299663543,0.9902819164034811,452083.4642936012
461000.0,0.11224080986604378,0.7875087371102865,285898.3750825426,461000.0,0.11223863397607071,0.787510432991709,285899.6064346337
461000.0,0.09613371669988195,0.7201170545128599,239060.11178432778,461000.0,0.09613171310174039,0.7201186069418551,239061.14251744776
461000.0,0.07450103634211415,0.6080032451801205,170416.9231749461,461000.0,0.0745010585490353,0.6080032426459625,170416.9217543504
