cur_n,cur_mean,cur_std,cur_S,next_n,next_mean,next_std,next_S
2142000.0,-0.010546397134341757,0.020428336266044057,893.8928482061386,2142000.0,-0.010546397537388778,0.02042833606648226,893.8928307414895
2142000.0,-0.017533132314017274,0.03058497308321059,2003.7137191485342,2142000.0,-0.017533132717818412,0.03058497285743651,2003.7136895662543
2142000.0,-0.004626123516693334,0.009370640281675412,188.0866622760909,2142000.0,-0.004626123907766703,0.009370640106088655,188.08665522736726
2142000.0,-0.0004561632435366061,0.051500822563129704,5681.300980262352,2142000.0,-0.0004561624258745299,0.051500822584273784,5681.30098492736
2142000.0,-0.0007142429207891161,0.06329928245383655,8582.563798943382,2142000.0,-0.0007142420875585922,0.06329928247498438,8582.563804678128
2142000.0,-0.0005196323400185551,0.04355413351908918,4063.293774814304,2142000.0,-0.0005196315157117279,0.043554133545630425,4063.2937797665254
