cur_n,cur_mean,cur_std,cur_S,next_n,next_mean,next_std,next_S
2581000.0,-0.33322814671609524,1.3667287164779898,4821172.199254025,2581000.0,-0.33322944004721633,1.3667299805549913,4821181.117389193
2581000.0,-0.39639812384893713,1.3740782379927827,4873162.88164753,2581000.0,-0.39639979608318304,1.3740803818575709,4873178.088074893
2581000.0,-0.17710691690419492,1.00427594130925,2603119.5992011493,2581000.0,-0.17710752471972002,1.004276308850988,2603121.5045644813
2581000.0,0.10252116854514033,0.848164266328821,1856726.549129614,2581000.0,0.10252184040500423,0.848164871925913,1856729.200570248
2581000.0,0.09457159410954702,0.7674617620638815,1520202.6926301408,2581000.0,0.09457262218521359,0.7674634126371738,1520209.2316104148
2581000.0,0.09250981837422473,0.6526666562882879,1099438.2854790087,2581000.0,0.09251017586457892,0.6526668583111842,1099438.9661074395
