cur_n,cur_mean,cur_std,cur_S,next_n,next_mean,next_std,next_S
302000.0,-0.007405969102439837,0.0162944284945571,80.18353678919877,302000.0,-0.0074059795050002665,0.016294424769301895,80.18350012585661
302000.0,-0.01212222659816405,0.021355055650686336,137.72359735686095,302000.0,-0.012122249922538261,0.021355046257328637,137.72347619709905
302000.0,-0.003905842343635342,0.008928864579304125,24.076836048016652,302000.0,-0.00390585752248683,0.008928861835809411,24.076821252258092
302000.0,-0.0004468425713361309,0.0529485453597042,846.6716336240132,302000.0,-0.0004467944459085261,0.052948552370810587,846.6718578456704
302000.0,-0.0006680592516090745,0.06135738924859044,1136.9482230517185,302000.0,-0.0006679967830873679,0.061357399532281046,1136.9486041639166
302000.0,-0.0005028118007132205,0.045301260035578224,619.7656565649451,302000.0,-0.0005027551091000373,0.04530127137761051,619.7659669052298
