cur_n,cur_mean,cur_std,cur_S,next_n,next_mean,next_std,next_S
4221000.0,-0.30232964247500865,1.332042982871762,7489482.84318776,4221000.0,-0.3023297219293801,1.3320429748407123,7489482.7528777495
4221000.0,-0.38337076511387164,1.3534017402675194,7731589.958030171,4221000.0,-0.38337078042658007,1.353401736295675,7731589.912650192
4221000.0,-0.20869816065102872,0.9991671170421249,4213971.730152084,4221000.0,-0.20869816253566814,0.999167116656005,4213971.726895174
4221000.0,0.09626683385164217,0.8249105253923169,2872294.9994656825,4221000.0,0.09626694812641906,0.8249105454667234,2872295.1392617356
4221000.0,0.08880930435637913,0.7341539217966044,2275042.941333882,4221000.0,0.08880929367298913,0.7341539234170734,2275042.951377107
4221000.0,0.09792971850474251,0.6426144055492625,1743075.7704802228,4221000.0,0.09792971664676094,0.6426144058437128,1743075.772077601
