cur_n,cur_mean,cur_std,cur_S,next_n,next_mean,next_std,next_S
2051000.0,-0.3215364428471844,1.3404640049281147,3685326.5281897457,2051000.0,-0.32153645064457764,1.3404640031043082,3685326.5181613932
2051000.0,-0.36885060518861024,1.3272180113772207,3612852.189584138,2051000.0,-0.3688506270335735,1.3272180056750138,3612852.158539908
2051000.0,-0.19424831044373772,0.993425272844635,2024119.1278619233,2051000.0,-0.19424830406507362,0.9934252741338832,2024119.1331156488
2051000.0,0.09834857839925074,0.8331184791821952,1423571.207127805,2051000.0,0.09834861817499352,0.8331184764341826,1423571.197736604
2051000.0,0.09196799222670729,0.7503196198361796,1154671.0199496846,2051000.0,0.09196801304406312,0.7503196178768866,1154671.0139193512
2051000.0,0.09995558950452745,0.6528049274215604,874042.4144682968,2051000.0,0.0999556109949064,0.6528049248565106,874042.4075995918
