cur_n,cur_mean,cur_std,cur_S,next_n,next_mean,next_std,next_S
3482000.0,-0.004668594704591071,0.03132984056131879,3417.788123219038,3482000.0,-0.004668598344307495,0.03132984075511623,3417.7881655019596
3482000.0,-0.014653995413054037,0.05138187406019817,9192.817691108343,3482000.0,-0.014654002713514556,0.051381873784006396,9192.817592280473
3482000.0,-0.022551398558288947,0.07409021502588878,19113.95138971204,3482000.0,-0.02255140106618908,0.07409021441032418,19113.95107210271
3482000.0,-0.00031625075552841665,0.1646134653968722,94353.8187910659,3482000.0,-0.0003162477661440035,0.16461346549713007,94353.81890599836
3482000.0,-0.0004990810247164194,0.13498838842732638,63448.53396553987,3482000.0,-0.0004990760670478547,0.13498838876264962,63448.53428076355
3482000.0,-0.00052111123634145,0.13476405301957353,63237.82065216577,3482000.0,-0.000521115006386375,0.13476405318861281,63237.82081080861
