cur_n,cur_mean,cur_std,cur_S,next_n,next_mean,next_std,next_S
4431000.0,-0.30335239047495527,1.3348353547689908,7895091.215256112,4431000.0,-0.30335240196947455,1.3348353523761571,7895091.186950537
4431000.0,-0.3838531230633679,1.3558706633708315,8145885.068403979,4431000.0,-0.3838531211312115,1.355870663924013,8145885.075050855
4431000.0,-0.21038116273401575,0.9992338194149637,4424212.708797253,4431000.0,-0.21038114940247832,0.9992338226159188,4424212.737142382
4431000.0,0.09653919358216043,0.8253909762733179,3018708.538514168,4431000.0,0.0965391822169205,0.8253909779493539,3018708.550773725
4431000.0,0.08791572421487691,0.7330750229471443,2381214.921450745,4431000.0,0.08791570962867125,0.7330750253394223,2381214.9369922043
4431000.0,0.09770905026875427,0.6411253762520162,1821325.9857171758,4431000.0,0.09770904579741505,0.641125377002519,1821325.9899812725
