cur_n,cur_mean,cur_std,cur_S,next_n,next_mean,next_std,next_S
3411000.0,-0.30165376194737087,1.329235217912011,6026780.828337723,3411000.0,-0.3016537490035577,1.3292352210644893,6026780.856924533
3411000.0,-0.36559508268902685,1.33440340434044,6073737.271652879,3411000.0,-0.3655950599986086,1.3344034112151213,6073737.334235165
3411000.0,-0.19789742228673662,0.9899525714543402,3342800.785709826,3411000.0,-0.1978974163772197,0.9899525726958456,3342800.794094278
3411000.0,0.09839168988447568,0.8347209848451161,2376645.3669866705,3411000.0,0.09839168133633651,0.8347209860020424,2376645.3735747486
3411000.0,0.08539322995907776,0.7375637399277861,1855584.9225263125,3411000.0,0.08539323182942771,0.7375637397193079,1855584.9214773213
3411000.0,0.09836548451098166,0.6495099302439646,1438975.202895108,3411000.0,0.09836548969249267,0.6495099295297297,1438975.1997303644
