cur_n,cur_mean,cur_std,cur_S,next_n,next_mean,next_std,next_S
2242000.0,-0.006572126882215243,0.03522832911989229,2782.400856923129,2242000.0,-0.006572124312322717,0.0352283298094835,2782.4009658535965
2242000.0,-0.01576979914431792,0.0599221251824508,8050.262155666883,2242000.0,-0.015769806148611065,0.059922124256915926,8050.261906984172
2242000.0,-0.032249383847632575,0.08984751589186162,18098.715642965723,2242000.0,-0.03224939555453918,0.08984751339979169,18098.714638969926
2242000.0,-0.0003870835605796886,0.16289284087710565,59489.40199940952,2242000.0,-0.0003870731714363049,0.16289284164457976,59489.402559981456
2242000.0,-0.000500031926447984,0.15362718808597345,52914.14356485327,2242000.0,-0.0005000155695937408,0.15362719009146966,52914.14494636805
2242000.0,-0.0004574636104328212,0.15651747111948422,54923.88547256169,2242000.0,-0.0004574398092981384,0.15651747524636286,54923.88836890561
