cur_n,cur_mean,cur_std,cur_S,next_n,next_mean,next_std,next_S
3362000.0,-0.014219808428777517,0.02616865858298958,2302.2932026151957,3362000.0,-0.014219809633394207,0.02616865802162585,2302.2931038387237
3362000.0,-0.02391318611650502,0.042073805583906415,5951.429601042136,3362000.0,-0.023913187494487446,0.042073804876576276,5951.429400935423
3362000.0,-0.005569923063851206,0.010180394657045774,348.4391437247191,3362000.0,-0.005569924971756573,0.010180394214246482,348.4391134137914
3362000.0,-0.0004924418568889184,0.05250582258823162,9268.568045851962,3362000.0,-0.0004924390344316629,0.052505822869744936,9268.56814524
3362000.0,-0.0007402172471312036,0.06692590332873846,15058.655315268026,3362000.0,-0.0007402142543581571,0.0669259035868054,15058.655431400673
3362000.0,-0.0005569137624943314,0.04318337482435494,6269.4705814241015,3362000.0,-0.0005569114458382136,0.04318337506314781,6269.470650761195
