cur_n,cur_mean,cur_std,cur_S,next_n,next_mean,next_std,next_S
1551000.0,-0.027312990937614752,0.09482288902998447,13945.630820472752,1551000.0,-0.02731299371223825,0.09482288829374144,13945.630603913789
1551000.0,-0.02727189389158627,0.09673288533457568,14513.096464091012,1551000.0,-0.027271893490747306,0.09673288544887498,14513.096498388277
1551000.0,-0.017512607999135427,0.09819268239209614,14954.436259675707,1551000.0,-0.017512606056656693,0.09819268276834026,14954.436374277297
1551000.0,0.03311800599658194,0.14465443177742643,32454.527085550537,1551000.0,0.03311800734165737,0.14465443147917734,32454.526951720785
1551000.0,0.034419380653744586,0.15154618302589504,35620.64690965274,1551000.0,0.03441937581702187,0.15154618424413296,35620.64748234184
1551000.0,0.047657041261037474,0.33494203762239994,174000.74744686668,1551000.0,0.047657038595402254,0.334942038018127,174000.7478580232
