cur_n,cur_mean,cur_std,cur_S,next_n,next_mean,next_std,next_S
1842000.0,-0.009536440138754652,0.017565571945068026,568.3478433090587,1842000.0,-0.009536444072180655,0.017565570620811027,568.3477576143164
1842000.0,-0.01593156859821593,0.025932057837388046,1238.6927308215786,1842000.0,-0.015931576908325664,0.025932055184657087,1238.6924773963851
1842000.0,-0.004765720483351309,0.008728873193520469,140.34792455500795,1842000.0,-0.004765724285196034,0.008728872642890564,140.3479068483097
1842000.0,-0.0006263609858050577,0.055123149895761864,5597.030567461223,1842000.0,-0.0006263608962982537,0.05512314989691238,5597.030567694863
1842000.0,-0.0009931538375238988,0.06532509461349437,7860.491830694585,1842000.0,-0.000993154663766933,0.06532509461055949,7860.4918299882875
1842000.0,-0.0007083981761381447,0.048288846472563825,4295.198981704847,1842000.0,-0.0007083993095599946,0.04828884648043636,4295.19898310534
