cur_n,cur_mean,cur_std,cur_S,next_n,next_mean,next_std,next_S
1181000.0,-0.04695817531959369,1.1537435730033274,1572057.7182830982,1181000.0,-0.04695801180551264,1.153743593342727,1572057.7737108564
1181000.0,-0.09472261995618117,1.1188590675282188,1478429.668941326,1181000.0,-0.09472253369035613,1.1188590787589965,1478429.698621409
1181000.0,-0.13103126538660842,0.8606737676633167,874836.7738599911,1181000.0,-0.1310312375472805,0.8606737724333935,874836.7835571348
1181000.0,0.10285594307973404,1.3020341281728647,2002140.8805646352,1181000.0,0.1028561635861739,1.3020341328052598,2002140.894811125
1181000.0,0.1071378611730377,1.1579625557503488,1583576.0682939778,1181000.0,0.10713776239438691,1.1579625698653468,1583576.1069000158
1181000.0,0.10032338428223932,0.7027942097893783,583319.167251216,1181000.0,0.1003233528652592,0.7027942151034258,583319.1760725344
