cur_n,cur_mean,cur_std,cur_S,next_n,next_mean,next_std,next_S
2041000.0,-0.32273200541772346,1.3398146596928506,3663805.880871181,2041000.0,-0.3227319333373855,1.339814681012783,3663805.997472523
2041000.0,-0.36753775580747045,1.3253306020674218,3585018.9589486225,2041000.0,-0.3675376847930393,1.325330625644179,3585019.0864988687
2041000.0,-0.19313558494992694,0.9918238980454387,2007761.5899021933,2041000.0,-0.19313559662055169,0.9918238959129878,2007761.5812686991
2041000.0,0.0988917243895093,0.8328756111240037,1415804.5203381774,2041000.0,0.098891741579519,0.8328756094450236,1415804.514629984
2041000.0,0.09179384653630533,0.7502979919114361,1148974.9834759866,2041000.0,0.09179377860799592,0.7502980064979983,1148975.0281504903
2041000.0,0.09930047849146312,0.6525016793568154,868972.9792310306,2041000.0,0.09930047661055695,0.6525016796485827,868972.9800081566
