cur_n,cur_mean,cur_std,cur_S,next_n,next_mean,next_std,next_S
1302000.0,-0.00798330409733172,0.03897568122424246,1977.873052415684,1302000.0,-0.007983286145825358,0.03897569028376871,1977.8739718913341
1302000.0,-0.014617357276793431,0.059783204384069824,4653.38904740856,1302000.0,-0.014617309295702468,0.05978324118499751,4653.394776411825
1302000.0,-0.02960813431733782,0.08384195180196743,9152.373692316387,1302000.0,-0.029608171165118498,0.08384194933191949,9152.373153044553
1302000.0,-0.00044405133743053246,0.1497290739231998,29189.271842424547,1302000.0,-0.00044407548189218435,0.1497290763861926,29189.272802731914
1302000.0,-0.0005194486586121052,0.1527116172161378,30363.731118664193,1302000.0,-0.000519465672830179,0.1527116183923135,30363.73158638346
1302000.0,-0.0004651162978497705,0.15523926561102477,31377.196922860287,1302000.0,-0.00046504332062585665,0.15523928816301566,31377.20603934648
