cur_n,cur_mean,cur_std,cur_S,next_n,next_mean,next_std,next_S
2381000.0,-0.33610322078203203,1.3650832474200039,4436879.860552836,2381000.0,-0.3361034654410736,1.36508323938402,4436879.80831471
2381000.0,-0.39902731602492536,1.374987041539902,4501493.276642714,2381000.0,-0.39902741005656667,1.3749870219071463,4501493.1480935505
2381000.0,-0.1842290489406335,1.0074890241099121,2416796.272344327,2381000.0,-0.18422921329268613,1.007489025974783,2416796.281291349
2381000.0,0.10296675467212883,0.8454139802714912,1701759.7441296335,2381000.0,0.10296707724301404,0.8454140875085502,1701760.1758511947
2381000.0,0.09453033193776801,0.7660980242332964,1397423.6210900361,2381000.0,0.09453068168254151,0.7660981711623583,1397424.1571106366
2381000.0,0.09442213724705663,0.6511716465710032,1009602.366162518,2381000.0,0.09442266001440931,0.6511720704002607,1009603.6804063511
