cur_n,cur_mean,cur_std,cur_S,next_n,next_mean,next_std,next_S
5711000.0,-0.30782047312538063,1.3407017235045393,10265414.62725133,5711000.0,-0.3078204637380945,1.3407017258475367,10265414.663130809
5711000.0,-0.3926745030009035,1.3643437252014454,10630648.434635838,5711000.0,-0.39267452203543995,1.364343720481412,10630648.361081036
5711000.0,-0.22037727921578082,1.0049811460303866,5768036.350238972,5711000.0,-0.2203772782888836,1.0049811462361118,5768036.35260047
5711000.0,0.09561358757491492,0.820438299870558,3844182.631241442,5711000.0,0.09561357986073697,0.8204383009767188,3844182.641607326
5711000.0,0.08663241845293058,0.7277402515442543,3024579.144801753,5711000.0,0.0866324214900515,0.727740251218935,3024579.142097618
5711000.0,0.09644799633213041,0.6357772877005429,2308459.06982351,5711000.0,0.09644799921570309,0.6357772873004349,2308459.066917987
