cur_n,cur_mean,cur_std,cur_S,next_n,next_mean,next_std,next_S
3702000.0,-0.014023985704970569,0.02466541556843293,2252.232848555253,3702000.0,-0.014023985724500638,0.024665415557356272,2252.2328465324035
3702000.0,-0.02322900337792257,0.03912113696430273,5665.775349019773,3702000.0,-0.023229008386464505,0.03912113517728429,5665.774831404716
3702000.0,-0.00569226451784388,0.009408639553180163,327.7102884906483,3702000.0,-0.005692266284956337,0.009408639098408944,327.71025681057324
3702000.0,-0.0006514596847003337,0.05517577432590692,11270.243200259541,3702000.0,-0.0006514565685207636,0.05517577468846097,11270.24334837064
3702000.0,-0.0010330720018998565,0.06812350327061215,17180.284905481807,3702000.0,-0.0010330675477130736,0.06812350387722796,17180.285211450588
3702000.0,-0.0007356740518007605,0.046676825915591816,8065.643939106626,3702000.0,-0.0007356695193942311,0.04667682680165888,8065.64424532717
