cur_n,cur_mean,cur_std,cur_S,next_n,next_mean,next_std,next_S
5031000.0,-0.30767070785868955,1.3395843217102668,9028059.845663909,5031000.0,-0.3076706960360206,1.339584324688165,9028059.885802692
5031000.0,-0.3877839278574682,1.3604372055302183,9311321.422050266,5031000.0,-0.3877839420750503,1.3604372018514048,9311321.371692019
5031000.0,-0.21532989627190388,1.000928384078467,5040345.736801329,5031000.0,-0.21532989815153578,1.000928383682989,5040345.732818333
5031000.0,0.09658822346116452,0.822580595427209,3404169.9837820833,5031000.0,0.09658822251263752,0.8225805955413457,3404169.98472677
5031000.0,0.08656226917030461,0.7302116417955541,2682574.6893650196,5031000.0,0.08656223084821997,0.7302116513975304,2682574.7599144806
5031000.0,0.09717254427301493,0.6379149789642414,2047292.603066738,5031000.0,0.09717254666659945,0.6379149786222023,2047292.6008712912
