cur_n,cur_mean,cur_std,cur_S,next_n,next_mean,next_std,next_S
1241000.0,-0.36313505953967684,1.3782125174485649,2357241.951375621,1241000.0,-0.36313503187173457,1.3782125250832362,2357241.977491721
1241000.0,-0.4214414702059245,1.3883648411819616,2392098.1528976946,1241000.0,-0.4214414228233894,1.3883648565685118,2392098.2059185402
1241000.0,-0.20521697670419606,1.022963493036021,1298649.7963328115,1241000.0,-0.205217004662103,1.0229634879015033,1298649.783296295
1241000.0,0.1002940728327844,0.8142489344213497,822784.6470630226,1241000.0,0.10029401109697436,0.8142489449299906,822784.668300627
1241000.0,0.09369814353805334,0.7525413326180537,702801.2055075081,1241000.0,0.09369813420781603,0.7525413338515419,702801.2078114266
1241000.0,0.09155284080663197,0.637790090976779,504809.26438387646,1241000.0,0.09155285173984702,0.637790089523632,504809.2620835521
