cur_n,cur_mean,cur_std,cur_S,next_n,next_mean,next_std,next_S
3751000.0,-0.3092614759739732,1.343573204864769,6771263.777071531,3751000.0,-0.30926097896082033,1.3435736640855378,6771268.405781714
3751000.0,-0.3826366432822929,1.3628060520271428,6966508.498242221,3751000.0,-0.3826380725871252,1.362808462182177,6966533.139137159
3751000.0,-0.16073342261972853,0.9763558204646192,3575718.3512699297,3751000.0,-0.16073336056674142,0.9763558380767512,3575718.4802721282
3751000.0,0.09829687782542414,0.8556797580355038,2746436.6190171805,3751000.0,0.09829656826158484,0.8556800036388145,2746438.1956210826
3751000.0,0.09351858190233335,0.7681863438398353,2213503.580991413,3751000.0,0.09351897593486275,0.7681866749361665,2213505.489078113
3751000.0,0.09262864660315726,0.6558872707599475,1613635.6079054424,3751000.0,0.09262861690465868,0.6558872774762372,1613635.6409527196
