cur_n,cur_mean,cur_std,cur_S,next_n,next_mean,next_std,next_S
1362000.0,-0.008529471296934857,0.01612551598215596,354.1639458708251,1362000.0,-0.008529480317608504,0.01612551464719685,354.16388723153966
1362000.0,-0.014380401284880802,0.02311108876448753,727.4747413245896,1362000.0,-0.014380418032367401,0.02311108660837961,727.4746055876717
1362000.0,-0.004484194084697933,0.00854659812346734,99.48639037728351,1362000.0,-0.004484203919064154,0.008546600669918721,99.48644966105708
1362000.0,-0.0006325269507996667,0.05512116439887317,4138.222845504516,1362000.0,-0.0006325285990539075,0.055121164413524125,4138.222847704357
1362000.0,-0.0009966880341170422,0.0645542728475729,5675.800142601044,1362000.0,-0.0009967151515030256,0.06455428018631759,5675.801433088839
1362000.0,-0.0007104791817445818,0.04866585566201568,3225.7138209645873,1362000.0,-0.0007104801469163265,0.04866585566096033,3225.7138208246847
