cur_n,cur_mean,cur_std,cur_S,next_n,next_mean,next_std,next_S
211000.0,-0.27531514012874714,1.2731342277282192,342003.7307425702,211000.0,-0.27531561740951804,1.2731341433929084,342003.68543235963
211000.0,-0.34879460764614983,1.2006539682605795,304171.259766474,211000.0,-0.3487938718437065,1.200654229586389,304171.3921739976
211000.0,-0.19779214307699697,0.9620271869820689,195279.72109194548,211000.0,-0.19779220460101007,0.9620271747478557,195279.716125155
211000.0,0.10117970250278992,0.7950353339495324,133369.12945015958,211000.0,0.10117934948975961,0.7950353954120978,133369.1500711529
211000.0,0.0935446561667452,0.7113072421133115,106757.13645608032,211000.0,0.0935442857686287,0.7113073111731201,106757.15718587844
211000.0,0.08714135640013106,0.6242464222777014,82223.23869829369,211000.0,0.08714128440126372,0.6242464332044294,82223.24157674338
