cur_n,cur_mean,cur_std,cur_S,next_n,next_mean,next_std,next_S
4781000.0,-0.30635740109322285,1.3378478165347403,8557209.646168577,4781000.0,-0.3063574149724089,1.3378478137007708,8557209.60991502
4781000.0,-0.38742063394051307,1.3591672005627624,8832110.925508333,4781000.0,-0.3874206368910275,1.3591671997370827,8832110.914777504
4781000.0,-0.21477802065907797,1.00165766589483,4796863.738786947,4781000.0,-0.21477802254456677,1.001657665499051,4796863.734996235
4781000.0,0.09670193080179171,0.8235142346481987,3242357.996208705,4781000.0,0.09670192007642468,0.8235142362415674,3242358.0087555964
4781000.0,0.08772152577250407,0.7311155599365144,2555587.748232514,4781000.0,0.08772154191362386,0.7311155588517305,2555587.7406488694
4781000.0,0.09797040390099863,0.6385694805996285,1949553.0628062286,4781000.0,0.09797040341903157,0.6385694806744204,1949553.063262908
