cur_n,cur_mean,cur_std,cur_S,next_n,next_mean,next_std,next_S
1851000.0,-0.354627292290696,1.371377287693159,3481130.6562863938,1851000.0,-0.35462728559542106,1.3713772894547258,3481130.665229585
1851000.0,-0.41007494588451077,1.3842317110365057,3546696.342632085,1851000.0,-0.41007491738652774,1.3842317200219996,3546696.3886775817
1851000.0,-0.18594985397750105,1.0109446828540813,1891738.9399650288,1851000.0,-0.18594984608820475,1.0109446843622,1891738.9456091882
1851000.0,0.1029400261818593,0.8273362251453141,1266982.1596891787,1851000.0,0.10293999764496778,0.8273362296069565,1266982.1733542914
1851000.0,0.09401602945099852,0.7612826062490357,1072749.2833746274,1851000.0,0.0940160174953048,0.7612826078992995,1072749.2880255133
1851000.0,0.09018884610907343,0.6472576881976412,775462.5951371975,1851000.0,0.09018887246429969,0.6472576855184795,775462.5887175297
