cur_n,cur_mean,cur_std,cur_S,next_n,next_mean,next_std,next_S
4571000.0,-0.30390122093944855,1.3346793280512628,8142637.281792809,4571000.0,-0.3039012392664357,1.334679324453517,8142637.237894417
4571000.0,-0.3862849098364469,1.3569759704725195,8416965.278674493,4571000.0,-0.3862848857893925,1.3569759782919268,8416965.375677947
4571000.0,-0.21304357982024028,1.0010279036691954,4580401.924998176,4571000.0,-0.21304357496925283,1.001027904755372,4580401.934938211
4571000.0,0.09627237082781802,0.8241036054065675,3104379.8054219973,4571000.0,0.09627237191324826,0.8241036052830614,3104379.8044915074
4571000.0,0.08835779466799357,0.7320632441007178,2449674.748263494,4571000.0,0.08835778581313478,0.7320632454142696,2449674.7570544686
4571000.0,0.09802211917539723,0.6400909629997893,1872813.8514178833,4571000.0,0.09802212569168049,0.6400909621534812,1872813.8464655322
