cur_n,cur_mean,cur_std,cur_S,next_n,next_mean,next_std,next_S
422000.0,0.0003412031690814451,0.013962443899974704,82.26883233649502,422000.0,0.0003412405025380482,0.013962464050448303,82.26906979594582
422000.0,-0.0073999232582601816,0.02050046865147286,177.35360870046904,422000.0,-0.007399885995686982,0.020500496392910215,177.35408869411583
422000.0,-0.005846195042433073,0.015205622428919029,97.57102235625678,422000.0,-0.005846210340686044,0.015205619794697393,97.57098854985692
422000.0,-0.00014443102040848343,0.11476310589744068,5557.980740545871,422000.0,-0.00014454328122018837,0.11476312892665902,5557.982971157597
422000.0,-0.0001117208721132304,0.07025020785679763,2082.6086990556205,422000.0,-0.00011182109198370327,0.07025023786506093,2082.610478281205
422000.0,-0.000750892025556636,0.060713383868698304,1555.5405218925002,422000.0,-0.0007509989196747772,0.06071342225707041,1555.5424889937706
