cur_n,cur_mean,cur_std,cur_S,next_n,next_mean,next_std,next_S
491000.0,0.16671345326180875,1.400117705891082,962521.828861706,491000.0,0.1667135884923647,1.4001176929955836,962521.8111314842
491000.0,-0.03070962564225578,1.3708334017966006,922679.449801289,491000.0,-0.030709633720256826,1.370833401627319,922679.4495734092
491000.0,0.05092971975393257,1.215083461234259,724926.0585226283,491000.0,0.05092971064124045,1.2150834616329504,724926.0589983516
491000.0,0.007883938723893424,0.9455114261862453,438950.00181093503,491000.0,0.007884177827993893,0.9455114390367572,438950.0137425354
491000.0,0.02582867935889096,0.8198614985026857,330036.88247299107,491000.0,0.02582865852803571,0.8198614992888725,330036.8831059532
491000.0,0.005135458175406598,0.7704820676563188,291478.52474075847,491000.0,0.005135190273120094,0.7704820923106177,291478.5433945315
