cur_n,cur_mean,cur_std,cur_S,next_n,next_mean,next_std,next_S
781000.0,-0.3804842920917429,1.3887848409402592,1506332.9241862851,781000.0,-0.3804841288482506,1.3887848931570173,1506333.0374591565
781000.0,-0.43179998764938293,1.358660704457316,1441693.9085822674,781000.0,-0.43179994828126217,1.358660717414429,1441693.9360802157
781000.0,-0.23694652123932022,1.0621669911665672,881123.1980737179,781000.0,-0.2369465329401695,1.0621669886066807,881123.1938265975
781000.0,0.10010286463989276,0.7909924990872456,488647.5933511955,781000.0,0.10010281949259027,0.7909925058070378,488647.6016537024
781000.0,0.09190603159292243,0.7261313143243061,411795.28148667084,781000.0,0.09190590109883037,0.7261313399985908,411795.3106068844
781000.0,0.09059488276406197,0.6145503479378482,294961.9336475642,781000.0,0.09059491584087903,0.6145503437569705,294961.9296342241
