cur_n,cur_mean,cur_std,cur_S,next_n,next_mean,next_std,next_S
2442000.0,-0.01124665029171732,0.02151819722996662,1130.7261269717487,2442000.0,-0.011246651109008689,0.021518196840704645,1130.7260860623105
2442000.0,-0.01877197598001724,0.03286545505818689,2637.6973285557165,2442000.0,-0.018771981382293395,0.03286545305678185,2637.697007300432
2442000.0,-0.004795845597699435,0.009524241435755657,221.51668917067167,2442000.0,-0.004795847900194514,0.009524240956000518,221.5166668541926
2442000.0,-0.00045737400990886824,0.05164739127103952,6513.9202873036,2442000.0,-0.00045736754530850985,0.05164739231627139,6513.920550959014
2442000.0,-0.0007137674395638306,0.06401722678354411,10007.81740378606,2442000.0,-0.0007137598526186893,0.06401722796600845,10007.817773495528
2442000.0,-0.0005236332524200168,0.04341669876223643,4603.19376410513,2442000.0,-0.0005236268073599381,0.04341670000815544,4603.194028298717
