cur_n,cur_mean,cur_std,cur_S,next_n,next_mean,next_std,next_S
1622000.0,-0.00906225520853669,0.016814957206985507,458.6087986856067,1622000.0,-0.009062261698463267,0.016814955740745496,458.6087187055589
1622000.0,-0.015163246351441124,0.024500978429129603,973.6832651431413,1622000.0,-0.015163275398543674,0.024500988380550075,973.6840560938844
1622000.0,-0.00464523320386396,0.008629211471691996,120.77945739079915,1622000.0,-0.0046452435405875,0.008629215949164758,120.77958272945213
1622000.0,-0.0006249172201802366,0.05500619025646314,4907.654527712018,1622000.0,-0.0006248898627970044,0.055006201601903656,4907.656552193553
1622000.0,-0.0009904216058157507,0.06484598449157271,6820.512764993051,1622000.0,-0.0009904152676466153,0.06484598509079885,6820.512891046485
1622000.0,-0.0007049902514994021,0.04836069105506226,3793.462944582196,1622000.0,-0.0007049940646998939,0.04836069124331404,3793.4629741155272
