cur_n,cur_mean,cur_std,cur_S,next_n,next_mean,next_std,next_S
2101000.0,-0.033039443724327426,0.10853092337878939,24747.597753180024,2101000.0,-0.03303950066523031,0.1085309374273559,24747.604159986207
2101000.0,-0.031021976878645146,0.10585260029778192,23541.22805157396,2101000.0,-0.031022048212950567,0.10585262989198076,23541.241214857233
2101000.0,-0.008745114864853805,0.13571923851095213,38699.81428588669,2101000.0,-0.008744749581711073,0.1357202948379713,38700.41670333321
2101000.0,0.032548518280114846,0.14513988610024314,44258.79731463946,2101000.0,0.03254861874382673,0.14513993662185773,44258.828126656044
2101000.0,0.033961425037122774,0.15102009702217606,47917.65344933828,2101000.0,0.03396176299195887,0.15102081549284083,47918.10938216973
2101000.0,0.04896613872192303,0.35934701908431455,271302.7185421685,2101000.0,0.048966684529436845,0.3593478155944173,271303.92125477915
