cur_n,cur_mean,cur_std,cur_S,next_n,next_mean,next_std,next_S
2302000.0,-0.010928910702408264,0.021026004050721105,1017.6977322768446,2302000.0,-0.01092890568410757,0.021026008037715958,1017.6981182328251
2302000.0,-0.01821429828486701,0.031911471602358826,2344.22332964441,2302000.0,-0.01821429685864576,0.03191147248977726,2344.2234600242964
2302000.0,-0.004719562949162449,0.009452874478709239,205.69943626535513,2302000.0,-0.004719558752106071,0.00945287871905295,205.69962080953977
2302000.0,-0.00045375487190000397,0.05157667881889795,6123.674042967816,2302000.0,-0.00045374642563525424,0.051576680485232805,6123.674438654079
2302000.0,-0.0007083163727028944,0.06372427315098843,9347.922439807347,2302000.0,-0.0007082966939320505,0.06372428036437548,9347.924556118234
2302000.0,-0.0005191746520696487,0.043489042855360316,4353.7653451902925,2302000.0,-0.0005191615482188629,0.0434890475563673,4353.766286442667
