cur_n,cur_mean,cur_std,cur_S,next_n,next_mean,next_std,next_S
1582000.0,-0.00895868513727648,0.01670964039388132,441.7135138708576,1582000.0,-0.008958689840416343,0.01670963891943809,441.7134359180762
1582000.0,-0.0150061748485376,0.0243158059303065,935.3708173398002,1582000.0,-0.015006180077209141,0.024315803592846717,935.3706375068494
1582000.0,-0.004619971710667003,0.008639485826281166,118.0816116718558,1582000.0,-0.004619976302751293,0.008639485301330673,118.08159732215962
1582000.0,-0.0006239362381696892,0.05507828429186629,4799.182727647391,1582000.0,-0.0006239412015728204,0.05507828458943708,4799.1827795043655
1582000.0,-0.0009872913821406693,0.0648706071555722,6657.365554262934,1582000.0,-0.000987298921978599,0.06487060773401314,6657.365672988284
1582000.0,-0.000703438403875697,0.048473319252193434,3717.166358692255,1582000.0,-0.0007034429610659682,0.04847331952495569,3717.1664005256885
