cur_n,cur_mean,cur_std,cur_S,next_n,next_mean,next_std,next_S
4651000.0,-0.056557216042646324,0.16735078156770458,130257.22730873663,4651000.0,-0.056557484821071105,0.16735169459954682,130258.6486265163
4651000.0,-0.04792087495480893,0.16378544795782135,124766.2049497233,4651000.0,-0.047921012643245574,0.16378567684805748,124766.55367162044
4651000.0,0.014771987235231366,0.3259344994828222,494091.06877995114,4651000.0,0.014771977491237535,0.3259345006018617,494091.07217270264
4651000.0,0.027339645946960298,0.1708999293070963,135840.76092868004,4651000.0,0.027339595710974756,0.17089997168387272,135840.82829552208
4651000.0,0.028119564095730885,0.18655165841437432,161861.87536702046,4651000.0,0.028119577289364015,0.18655165859558298,161861.87568147248
4651000.0,0.05952310161012309,0.4655294423835461,1007953.8446873254,4651000.0,0.05952310191930474,0.4655294423444712,1007953.8445181173
