cur_n,cur_mean,cur_std,cur_S,next_n,next_mean,next_std,next_S
4181000.0,-0.30931167617657945,1.3437114728209871,7549048.543279511,4181000.0,-0.309311666598222,1.343711475168615,7549048.569657729
4181000.0,-0.38207956535702475,1.3626585130439977,7763440.611079117,4181000.0,-0.38207957707422874,1.3626585099692363,7763440.576043595
4181000.0,-0.157688593531672,0.9729145876393427,3957579.0452320282,4181000.0,-0.15768859470417168,0.9729145874522281,3957579.043709756
4181000.0,0.09891050040400393,0.8586428198741385,3082515.3845596244,4181000.0,0.0989105148945187,0.8586428187160676,3082515.376244709
4181000.0,0.09508926423166292,0.7694936820951356,2475655.922485282,4181000.0,0.09508926311837194,0.7694936822360722,2475655.92339214
4181000.0,0.09373568786712523,0.6573030776120314,1806389.9111397162,4181000.0,0.09373569337601179,0.6573030769229539,1806389.907352292
