cur_n,cur_mean,cur_std,cur_S,next_n,next_mean,next_std,next_S
542000.0,-0.011945478980795732,0.050064283961211695,1358.4864304734704,542000.0,-0.011945480918084514,0.05006428351928494,1358.4864064902456
542000.0,-0.013200112418431133,0.05013941083509598,1362.5666012386725,542000.0,-0.013200116534489109,0.050139409843039454,1362.5665473192885
542000.0,-0.02252095822989188,0.06753007334633777,2471.688456939673,542000.0,-0.02252095465636574,0.0675300745893382,2471.688547930537
542000.0,-0.0006682987061168787,0.14276328570419886,11046.694813821821,542000.0,-0.0006682729595685099,0.142763287083036,11046.695027204321
542000.0,-0.0006734235324148503,0.14177607494033093,10894.446840613593,542000.0,-0.0006733962831184247,0.14177607648906815,10894.447078631682
542000.0,-0.0006346874120316968,0.15015648313290803,12220.457429349062,542000.0,-0.0006346538612138952,0.1501564853062853,12220.457783108875
