cur_n,cur_mean,cur_std,cur_S,next_n,next_mean,next_std,next_S
991000.0,-0.02046793530749517,1.1537837085321705,1319235.8944595803,991000.0,-0.020468123660715445,1.1537837204266317,1319235.921659826
991000.0,-0.0822630757013295,1.110276863606757,1221620.2814357134,991000.0,-0.08226329561871411,1.1102768688964426,1221620.2930760302
991000.0,-0.12476310316200542,0.8447056155998609,707105.8288327064,991000.0,-0.12476312533042865,0.8447056126138778,707105.823833554
991000.0,0.10100819074637667,1.3645081523290976,1845125.5552926145,991000.0,0.10100850370176814,1.3645081647282178,1845125.5888254796
991000.0,0.10663178460787193,1.2056151712417928,1440426.3696582222,991000.0,0.1066326787023111,1.2056154207126548,1440426.9657762102
991000.0,0.10016011750334004,0.7182023742729553,511172.31855760835,991000.0,0.10016018515263245,0.7182023679959552,511172.30962244235
