cur_n,cur_mean,cur_std,cur_S,next_n,next_mean,next_std,next_S
841000.0,0.17585829955366328,1.450728543121948,1769979.7902019618,841000.0,0.17585837223732984,1.4507285358424793,1769979.772439145
841000.0,-0.004417431501449046,1.4583633392826625,1788658.672294853,841000.0,-0.0044174334536740975,1.4583633392778492,1788658.6722830464
841000.0,0.05453039501763895,1.2954194355534485,1411291.7832820865,841000.0,0.05453038925725578,1.2954194358066353,1411291.7838337538
841000.0,0.006883818215453195,0.8991242286144538,679884.9023029723,841000.0,0.006883966061417592,0.899124237705179,679884.9160511211
841000.0,0.01545479067510743,0.7917216641381719,527158.3057046673,841000.0,0.015454779063513299,0.7917216644364639,527158.3061018956
841000.0,-0.0015967112794572462,0.7193679560450102,435209.30545105995,841000.0,-0.0015968577468420655,0.7193679682598514,435209.3202307358
