cur_n,cur_mean,cur_std,cur_S,next_n,next_mean,next_std,next_S
1161000.0,-0.3691227922963863,1.3877378912207057,2235872.9039411712,1161000.0,-0.3691228745233826,1.3877378721775402,2235872.8425778584
1161000.0,-0.4326579274675519,1.3958644592395477,2262136.0403275816,1161000.0,-0.43265794935662455,1.395864452654172,2262136.0189830796
1161000.0,-0.2073589124263753,1.029330038350854,1230103.100635441,1161000.0,-0.2073589147699846,1.0293300378818286,1230103.0995144218
1161000.0,0.1016864836781466,0.8124182257043688,766287.1365831529,1161000.0,0.10168652335354822,0.8124182218631566,766287.1293369553
1161000.0,0.09742268370379951,0.7494683129633176,652136.8952299905,1161000.0,0.09742261932963449,0.7494683245410164,652136.9153782595
1161000.0,0.09064401242988415,0.6350271338978924,468184.2339732099,1161000.0,0.09064407260262018,0.6350271286186546,468184.2261887994
