cur_n,cur_mean,cur_std,cur_S,next_n,next_mean,next_std,next_S
3101000.0,-0.0070537691849526015,0.01791477063887744,995.2318608421579,3101000.0,-0.007053772121521297,0.017914770228978878,995.2318152993918
3101000.0,-0.009730258348803724,0.02029017230915611,1276.6540773315958,3101000.0,-0.009730259916592066,0.02029017174514365,1276.654006356467
3101000.0,-0.008029178349195282,0.018779404733162693,1093.6173966511253,3101000.0,-0.008029191769049454,0.018779413864595446,1093.6184601881528
3101000.0,-0.001431870783857636,0.06916603833027117,14835.000601602378,3101000.0,-0.0014318667768319342,0.06916603877315754,14835.000791586359
3101000.0,-0.001828890388170053,0.07383511316701484,16905.485826732638,3101000.0,-0.0018288897098577047,0.07383511319348075,16905.48583885205
3101000.0,-0.00163935558171273,0.06701236409487708,13925.527175853133,3101000.0,-0.0016393387516340887,0.06701237106033503,13925.530070772016
