cur_n,cur_mean,cur_std,cur_S,next_n,next_mean,next_std,next_S
5101000.0,-0.3078592573749628,1.3398609327634448,9157454.55496236,5101000.0,-0.30785925482124027,1.33986093336269,9157454.563153602
5101000.0,-0.3886874711215098,1.3614829153373655,9455395.852381969,5101000.0,-0.38868743578072384,1.3614829277665463,9455396.025021411
5101000.0,-0.21551888316544093,1.0014914862769069,5116227.490331237,5101000.0,-0.21551888047958853,1.0014914868732783,5116227.496424493
5101000.0,0.09637354271857382,0.8227477156203548,3452937.3119519707,5101000.0,0.09637356194050736,0.8227477145141655,3452937.3026669803
5101000.0,0.08661500556304404,0.730594318941407,2722750.868293107,5101000.0,0.08661498160950719,0.730594323784241,2722750.904389283
5101000.0,0.09660785709319948,0.6379770569727888,2076182.1133658949,5101000.0,0.09660785497649677,0.6379770573112109,2076182.1155685629
