cur_n,cur_mean,cur_std,cur_S,next_n,next_mean,next_std,next_S
4101000.0,-0.3022859270256354,1.3322430649760737,7278748.366709234,4101000.0,-0.3022859417001706,1.332243061977948,7278748.3339485405
4101000.0,-0.37862878185434024,1.3475323710991616,7446774.157247687,4101000.0,-0.37862878353635926,1.347532370630904,7446774.152072288
4101000.0,-0.20607966723732832,0.996302481203586,4070729.018248982,4101000.0,-0.2060796680521205,0.9963024810364395,4070729.0168831153
4101000.0,0.09663530035660442,0.8261356044300436,2798932.6513555804,4101000.0,0.09663528494279468,0.8261356068227664,2798932.667568585
4101000.0,0.0874836030454386,0.7343315748739522,2211434.976474978,4101000.0,0.08748361220967543,0.7343315740166966,2211434.9713117382
4101000.0,0.0975485554499213,0.6435809885413223,1698619.800617297,4101000.0,0.09754855909454688,0.6435809880311901,1698619.7979244867
