cur_n,cur_mean,cur_std,cur_S,next_n,next_mean,next_std,next_S
2722000.0,-0.012317111491456522,0.02316292689779941,1460.41065869096,2722000.0,-0.012317107601587253,0.02316292985534089,1460.4110316339302
2722000.0,-0.020632154460135027,0.036160418631223795,3559.221533343342,2722000.0,-0.020632151026661178,0.03616042103397199,3559.222006341926
2722000.0,-0.00506725306469147,0.009726980441398768,257.539712237018,2722000.0,-0.005067248984170241,0.009726984896898013,257.53994817216017
2722000.0,-0.0004639162607116071,0.05187611417102366,7325.259184882394,2722000.0,-0.0004639174053592072,0.05187611419515843,7325.259191698379
2722000.0,-0.0007193690178552132,0.06493680547982078,11478.098857525352,2722000.0,-0.0007193698936702486,0.06493680548619568,11478.09885977898
2722000.0,-0.0005291565324164049,0.043287615631035656,5100.531689629208,2722000.0,-0.0005291580268569547,0.04328761568298511,5100.5317018715
