cur_n,cur_mean,cur_std,cur_S,next_n,next_mean,next_std,next_S
1742000.0,-0.00930188463478296,0.017200055081221664,515.3565807364771,1742000.0,-0.009301885192291607,0.017200054795456516,515.3565636120031
1742000.0,-0.015532566015204856,0.025106155393924773,1098.0157653525102,1742000.0,-0.015532566672419324,0.025106155002307156,1098.0157310977781
1742000.0,-0.0046905349200584995,0.008667672381862787,130.87392455263267,1742000.0,-0.0046905359955909075,0.008667671916077434,130.8739104867675
1742000.0,-0.0006173993508995713,0.054932208515320075,5256.567801389591,1742000.0,-0.000617395925504415,0.054932208739860974,5256.567844363084
1742000.0,-0.0009830554541953409,0.06488888021043811,7334.80732198831,1742000.0,-0.000983051926867397,0.06488888043088771,7334.807371825979
1742000.0,-0.0006989171489988825,0.04818886200015031,4045.213905154723,1742000.0,-0.000698913842583648,0.048188862245703415,4045.2139463806316
