cur_n,cur_mean,cur_std,cur_S,next_n,next_mean,next_std,next_S
201000.0,-0.020937642154770054,0.07909991134495042,1257.6159909305825,201000.0,-0.02093755590832761,0.07909994362509994,1257.6170173802914
201000.0,-0.01904062912997468,0.07720463141463794,1198.0715774858902,201000.0,-0.019040611583960587,0.07720463614268552,1198.0717242268172
201000.0,-0.009295312373505286,0.08236947017378045,1363.7306529585705,201000.0,-0.009295346186867967,0.08236946775297649,1363.7305727996352
201000.0,0.032531267135578766,0.1337067423118998,3593.3760808718157,201000.0,0.03253124921122552,0.13370674691443932,3593.3763282588275
201000.0,0.0329666067376349,0.14684125074002063,4334.032936697616,201000.0,0.03296652919567603,0.14684127226376767,4334.034207248432
201000.0,0.04891469940000454,0.34307130383635925,23657.281822711888,201000.0,0.048914538476089904,0.34307133436684184,23657.28603331332
