cur_n,cur_mean,cur_std,cur_S,next_n,next_mean,next_std,next_S
4511000.0,-0.3021351339893362,1.3340834272210986,8028581.223035611,4511000.0,-0.30213513426194333,1.334083427159575,8028581.222295106
4511000.0,-0.3848989124012007,1.3574772235353736,8312620.04441447,4511000.0,-0.3848988939535324,1.3574772293315573,8312620.115401259
4511000.0,-0.2116477939728385,1.0000303868715767,4511274.154520651,4511000.0,-0.21164778892335182,1.0000303879978125,4511274.164681859
4511000.0,0.09584971415236218,0.8245881917007779,3067234.989060431,4511000.0,0.09584968552869895,0.8245881972690688,3067235.0304853674
4511000.0,0.08784268580104065,0.7330147187854154,2423808.017159794,4511000.0,0.08784270794899615,0.7330147176406303,2423808.009589034
4511000.0,0.097854884614104,0.6406193906338579,1851283.7416926462,4511000.0,0.09785488294689575,0.6406193908982819,1851283.7432209295
