cur_n,cur_mean,cur_std,cur_S,next_n,next_mean,next_std,next_S
3251000.0,-0.04977106168846947,0.15459547594265105,77698.12360247003,3251000.0,-0.049771064386338326,0.1545954751506163,77698.12280633271
3251000.0,-0.043112427074071535,0.15114722021089413,74270.66255898918,3251000.0,-0.04311242692939311,0.15114722025238825,74270.66259976791
3251000.0,0.009173694304839919,0.2836323007949437,261534.11395831296,3251000.0,0.009173694722889555,0.2836323007824272,261534.11393523018
3251000.0,0.028118867539556336,0.161784459258232,85092.36079806273,3251000.0,0.028118876717664117,0.16178445850938983,85092.36001033874
3251000.0,0.02886998622193829,0.17706456830299244,101924.9012434048,3251000.0,0.02886994176315685,0.1770645936974473,101924.93047937805
3251000.0,0.05547011920844765,0.4405305531004445,630912.3638669115,3251000.0,0.05547011853060434,0.4405305531874965,630912.3641162572
