cur_n,cur_mean,cur_std,cur_S,next_n,next_mean,next_std,next_S
551000.0,-0.0414619416387099,0.16642471082606133,15261.148589819515,551000.0,-0.04146193801241898,0.16642471175126225,15261.14875950139
551000.0,-0.014416145188600656,0.0331489328829765,605.4673149553245,551000.0,-0.014416100570148029,0.03314896883259841,605.4686282001838
551000.0,-0.00960251432740533,0.036523618140610684,735.0200498267114,551000.0,-0.009602448136269058,0.036523668591165806,735.0220804138787
551000.0,0.10502426673065204,0.36598501206789613,73803.71101114427,551000.0,0.10502420780778614,0.3659850315901155,73803.71888475782
551000.0,0.0011537729650557195,0.09973481167280032,5480.81499533433,551000.0,0.0011537867871784485,0.0997348120406458,5480.815035763403
551000.0,0.0020942740435661487,0.1038674037437517,5944.429095817606,551000.0,0.002094276630759272,0.10386740370933957,5944.429091878728
