cur_n,cur_mean,cur_std,cur_S,next_n,next_mean,next_std,next_S
5131000.0,-0.30909105478152443,1.3405133512146068,9220284.085789863,5131000.0,-0.30909108217957426,1.3405133463339316,9220284.018649597
5131000.0,-0.3885826759941601,1.3619091437660096,9516960.92294675,5131000.0,-0.3885826674291448,1.3619091463480657,9516960.95903334
5131000.0,-0.2151598142153958,1.0008254386643247,5139474.14757496,5131000.0,-0.21515981038994847,1.0008254395242469,5139474.156406767
5131000.0,0.09687925889441765,0.8229438812670848,3474901.1573293256,5131000.0,0.09687921654234417,0.8229438918446902,3474901.246657734
5131000.0,0.08646851489964091,0.7302227381957185,2735978.7442967887,5131000.0,0.08646849746929079,0.7302227413271236,2735978.767762116
5131000.0,0.09638221649402225,0.6380287253386969,2088730.8375074212,5131000.0,0.0963822104569276,0.6380287263972088,2088730.8444379754
