cur_n,cur_mean,cur_std,cur_S,next_n,next_mean,next_std,next_S
362000.0,-0.006754683897442547,0.01503030401779473,81.77943406997579,362000.0,-0.006754702014463445,0.015030299828529018,81.77938848264357
362000.0,-0.01238512838538377,0.020877740613871786,157.78857923672032,362000.0,-0.012385158976256862,0.02087773057962852,157.78842756431118
362000.0,-0.00413304878334685,0.009465271167135256,32.43207169279953,362000.0,-0.004133064955549336,0.009465269106774806,32.432057573446926
362000.0,-0.000644360338473997,0.058903336771814085,1255.9963159930558,362000.0,-0.0006443654737605156,0.05890333679667091,1255.9963170531005
362000.0,-0.0010654780284541376,0.06820661722548715,1684.0756332705716,362000.0,-0.0010654959670431934,0.0682066177992038,1684.0756616016126
362000.0,-0.0007446409049698842,0.052825634301070803,1010.1782454303894,362000.0,-0.0007446421775004905,0.05282563428868146,1010.1782449565496
