cur_n,cur_mean,cur_std,cur_S,next_n,next_mean,next_std,next_S
2401000.0,-0.03800759918465926,0.12811621437994158,39409.448293300215,2401000.0,-0.03800754407051805,0.128116259193587,39409.47586328982
2401000.0,-0.03314407727002156,0.12227840704634502,35899.77320032972,2401000.0,-0.03314414582170559,0.12227843460202316,35899.78938049973
2401000.0,0.007137314856950537,0.22035641821421575,116585.23946672425,2401000.0,0.007137306393105089,0.22035641887864205,116585.24016978792
2401000.0,0.03112144127984563,0.15324868677132658,56387.86915312394,2401000.0,0.031121329947905858,0.15324880647710531,56387.957244664125
2401000.0,0.03092347500380886,0.16448869321007817,64962.72899569608,2401000.0,0.030923636665368938,0.16448885355699383,64962.85564973048
2401000.0,0.052969884043584665,0.40947001632415114,402565.3319386699,2401000.0,0.05296988052992589,0.4094700168148833,402565.33290358435
