cur_n,cur_mean,cur_std,cur_S,next_n,next_mean,next_std,next_S
2991000.0,-0.32298004836985184,1.3558333673815637,5498307.803234744,2991000.0,-0.3229803553916656,1.3558333982168,5498308.0533268675
2991000.0,-0.39229711576364074,1.3729545406173156,5638047.474269697,2991000.0,-0.3922975034258461,1.372954593545433,5638047.908969077
2991000.0,-0.1703308448246541,0.9912126457368445,2938665.004624288,2991000.0,-0.17033083238333524,0.9912126481082796,2938665.0186855556
2991000.0,0.10143897092521784,0.8510120504397826,2166146.5363912256,2991000.0,0.10143956862192374,0.8510126069822394,2166149.369612938
2991000.0,0.09442006773738025,0.7702097789986049,1774330.3030622534,2991000.0,0.09442089129233908,0.7702109949671495,1774335.9055139443
2991000.0,0.09234408342155344,0.6529154329411284,1275059.000654949,2991000.0,0.0923440581585991,0.6529154379759938,1275059.020319825
