cur_n,cur_mean,cur_std,cur_S,next_n,next_mean,next_std,next_S
1471000.0,-0.35899622402043796,1.376005917151788,2785180.0498180343,1471000.0,-0.35899609079449807,1.376005961397286,2785180.2289330782
1471000.0,-0.417222547780444,1.387801011359547,2833133.7129290854,1471000.0,-0.4172224695190829,1.3878010381337755,2833133.822245867
1471000.0,-0.193381816664233,1.016217728174884,1519099.4509247334,1471000.0,-0.19338181123627302,1.01621772922913,1519099.4540766254
1471000.0,0.10142225724141095,0.8231335095476185,996674.2473486039,1471000.0,0.10142239900400399,0.8231335100374201,996674.248534736
1471000.0,0.09396148753749076,0.7583630477407379,845993.447414751,1471000.0,0.09396132804769801,0.7583630921716892,845993.5465448309
1471000.0,0.09044169668994993,0.6437778852993449,609655.8993983302,1471000.0,0.09044169403294589,0.6437778856806611,609655.900120541
