cur_n,cur_mean,cur_std,cur_S,next_n,next_mean,next_std,next_S
1121000.0,-0.040151120495339324,1.1505392917439545,1483913.281930129,1121000.0,-0.04015111704543399,1.1505392918701745,1483913.2822557145
1121000.0,-0.09035660944999135,1.1181868190230364,1401633.1154675165,1121000.0,-0.09035659986100396,1.1181868198439286,1401633.1175254725
1121000.0,-0.12999476979110974,0.8579158801484961,825078.0359576958,1121000.0,-0.12999476700584245,0.857915880575609,825078.0367792251
1121000.0,0.10293601527892467,1.3174327678287931,1945640.2185766683,1121000.0,0.10293601374897508,1.3174327679493494,1945640.2189327527
1121000.0,0.1066375450630819,1.1713565122442338,1538097.2843089898,1121000.0,0.10663754367641187,1.1713565123714567,1538097.2846431
1121000.0,0.10075884944858005,0.7082422706385232,562301.5747034356,1121000.0,0.10075884832192887,0.7082422707997954,562301.5749595164
