cur_n,cur_mean,cur_std,cur_S,next_n,next_mean,next_std,next_S
1842000.0,-0.007250176520078755,0.03680222744054309,2494.812065926422,1842000.0,-0.007250178227625676,0.036802227177118646,2494.8120302114926
1842000.0,-0.015367828142907698,0.06279960823001082,7264.462642258518,1842000.0,-0.015367836505793002,0.06279960720919683,7264.462406089368
1842000.0,-0.034287648280652484,0.09555649129817731,16819.38125982073,1842000.0,-0.03428766959547628,0.09555648802884976,16819.380108919
1842000.0,-0.0004185702239496435,0.15859117388423108,46328.43751938824,1842000.0,-0.0004185711080199751,0.1585911738864403,46328.43752067899
1842000.0,-0.0004866725029490071,0.159964821488573,47134.46665775043,1842000.0,-0.00048666903372936594,0.1599648215684249,47134.466704807994
1842000.0,-0.00044961028869083776,0.164480657957778,49833.259563375796,1842000.0,-0.000449587562189657,0.1644806609119831,49833.26135346678
