cur_n,cur_mean,cur_std,cur_S,next_n,next_mean,next_std,next_S
2351000.0,-0.3391040533871829,1.3670860194829637,4393840.758149235,2351000.0,-0.3391044707387961,1.3670860657314365,4393841.055436203
2351000.0,-0.3995670702601148,1.3757273829429584,4449563.331453021,2351000.0,-0.39956796337144757,1.3757278051027555,4449566.062265919
2351000.0,-0.18442736745097332,1.007109396470164,2384547.210013929,2351000.0,-0.18442766205707684,1.0071094438248798,2384547.4342587995
2351000.0,0.10412149909259041,0.8457176642607551,1681525.402327911,2351000.0,0.10412195997741336,0.8457179027628493,1681526.3507469953
2351000.0,0.09423304634902628,0.7662318684792315,1380298.6105182327,2351000.0,0.09423479918652533,0.7662363664199282,1380314.8158465985
2351000.0,0.09430272534738532,0.6508861477444586,996007.6794925355,2351000.0,0.09430327856970658,0.6508866203262449,996009.1258138648
