cur_n,cur_mean,cur_std,cur_S,next_n,next_mean,next_std,next_S
4401000.0,-0.05561483600262616,0.16574692311154088,120904.45913467032,4401000.0,-0.055614833553401216,0.16574692401299154,120904.4604498007
4401000.0,-0.0470952171796398,0.16190475585733655,115364.07301455374,4401000.0,-0.04709521106157933,0.16190475814570723,115364.076275678
4401000.0,0.013824550037232092,0.31996218672834525,450555.89991926774,4401000.0,0.013824550299994236,0.31996218671746485,450555.8998886251
4401000.0,0.02760039763856959,0.16983114487183093,126936.36079906652,4401000.0,0.027600394179780226,0.16983114558893864,126936.36187103765
4401000.0,0.028209809077334794,0.18443787213386045,149710.2635086488,4401000.0,0.02820981455858612,0.18443787165395448,149710.2627295588
4401000.0,0.059111875199571326,0.46137836357848405,936840.8452591615,4401000.0,0.05911187563895572,0.4613783635230851,936840.8450341836
