cur_n,cur_mean,cur_std,cur_S,next_n,next_mean,next_std,next_S
2582000.0,-0.011722251857813629,0.022219964583296364,1274.8026649461635,2582000.0,-0.011722256341068476,0.022219963385935272,1274.8025275562893
2582000.0,-0.019575373039972446,0.034260255102506666,3030.6614357565695,2582000.0,-0.019575379166040026,0.03426025301639906,3030.661066682512
2582000.0,-0.004928875383373233,0.00961489994719767,238.6963491681134,2582000.0,-0.004928879574679259,0.009614900157353008,238.69635960260837
2582000.0,-0.00046122456325885914,0.05168983741084919,6898.689050807983,2582000.0,-0.0004612257804022872,0.051689837436986075,6898.689057784606
2582000.0,-0.0007170353638729635,0.06434515040968296,10690.250420373872,2582000.0,-0.0007170393422369118,0.06434515068290579,10690.25051115991
2582000.0,-0.0005269208107342943,0.04330478839643618,4842.036730391213,2582000.0,-0.0005269214970665515,0.04330478840212793,4842.036731664037
