cur_n,cur_mean,cur_std,cur_S,next_n,next_mean,next_std,next_S
1841000.0,-0.11540507876383162,1.207376780093115,2683733.7466478613,1841000.0,-0.11540503860187822,1.2073767851616861,2683733.7691805055
1841000.0,-0.12026540492248583,1.1719269925401028,2528453.10442897,1841000.0,-0.12026540367336722,1.1719269926694484,2528453.1049871007
1841000.0,-0.16594431412466634,0.9717675694450948,1738515.5968154431,1841000.0,-0.1659443057319493,0.971767570944957,1738515.6021820228
1841000.0,0.10524091158898376,1.1467852014492503,2421129.105102179,1841000.0,0.10524093546394475,1.1467851997157354,2421129.0977824763
1841000.0,0.10735453174729638,1.0392438645053843,1988331.1980481492,1841000.0,0.10735461406096483,1.0392438620037203,1988331.1884755425
1841000.0,0.09821180588934672,0.6626196537086577,808318.3068904869,1841000.0,0.0982118161385615,0.6626196523354875,808318.3035402735
