cur_n,cur_mean,cur_std,cur_S,next_n,next_mean,next_std,next_S
1542000.0,0.0002212711988750564,0.01389629181997654,297.7708804254501,1542000.0,0.00022129080842681918,0.013896312842611846,297.77178137563743
1542000.0,-0.007373115043548916,0.020059538529353858,620.4778026283944,1542000.0,-0.0073730950549733415,0.020059561233036437,620.4792071611088
1542000.0,-0.005915601741883695,0.013703247567531432,289.55520858926053,1542000.0,-0.0059156024461689185,0.013703247291404059,289.5551969198927
1542000.0,-0.00019724719228859648,0.11408240844631964,20068.8153038797,1542000.0,-0.00019722029965320377,0.11408241338049309,20068.817039870704
1542000.0,-0.00016275676999689538,0.06917423804577626,7378.585972607556,1542000.0,-0.00016273965332904745,0.06917424135153934,7378.5866778370855
1542000.0,-0.0007412229574663616,0.05965738591121706,5487.983695777734,1542000.0,-0.0007411763894313801,0.05965741451609664,5487.988958601373
