cur_n,cur_mean,cur_std,cur_S,next_n,next_mean,next_std,next_S
382000.0,-0.007530695087098929,0.0164861534904674,103.82502414009768,382000.0,-0.00753070395065324,0.01648615035187505,103.82498460820864
382000.0,-0.012470736617058574,0.021936466389907438,183.82166903205575,382000.0,-0.012470756047924365,0.021936458630966306,183.82153899641273
382000.0,-0.0038698965296651454,0.009033627759294059,31.173656448512492,382000.0,-0.00386990932566393,0.009033625739574377,31.17364250903167
382000.0,-0.0004430928044610476,0.05353862778353465,1094.9589420085579,382000.0,-0.00044305386281269494,0.053538633515776146,1094.959176477377
382000.0,-0.0006758739760628078,0.062451096747422385,1489.853283253158,382000.0,-0.0006758316407562486,0.062451102687070985,1489.8535666494743
382000.0,-0.0005020104936574761,0.045856618468692885,803.2808527204073,382000.0,-0.0005019691074970744,0.04585662605588385,803.2811185335414
