cur_n,cur_mean,cur_std,cur_S,next_n,next_mean,next_std,next_S
861000.0,0.1796396429116912,1.4469808781870868,1802721.9028434418,861000.0,0.17963971159893274,1.4469808710633898,1802721.8850933185
861000.0,-0.009046082096492408,1.4584038587180561,1831296.902821519,861000.0,-0.00904608593010881,1.45840385869862,1831296.902772708
861000.0,0.05161123103746241,1.30062356048764,1456486.2372882646,861000.0,0.051611221299496204,1.3006235609053876,1456486.238223883
861000.0,0.004961388787597805,0.8935048496869313,687380.1390325106,861000.0,0.0049615396694536705,0.8935048598176583,687380.1546198026
861000.0,0.01688969116670736,0.7900765871286258,537454.2926483115,861000.0,0.016889680042615252,0.7900765874338868,537454.2930636227
861000.0,-0.00022845321550841565,0.7177543202097485,443562.4584587718,861000.0,-0.0002285916528650697,0.717754331660517,443562.472611612
