cur_n,cur_mean,cur_std,cur_S,next_n,next_mean,next_std,next_S
11000.0,-0.12042462617385769,1.6527821513748526,30048.57723893615,11000.0,-0.12041951392569362,1.6527826108246044,30048.59394508616
11000.0,0.23347002707246514,1.390431325878079,21266.291991813796,11000.0,0.2334710024109102,1.3904311658696713,21266.28709723863
11000.0,-0.06526420486471686,1.2861905396361393,18197.147146744534,11000.0,-0.06526539541678157,1.286190485285436,18197.14560882664
11000.0,0.14673000677442527,0.8980085786306442,8870.613480236529,11000.0,0.14675045098154949,0.8980077978172638,8870.598054346729
11000.0,-0.08717458823210157,0.6554044512519673,4725.104941929817,11000.0,-0.08717659747407956,0.655404217879896,4725.10157696234
11000.0,0.06785631218099193,0.6723832807692651,4973.092038838444,11000.0,0.0678416904053765,0.672386505042544,4973.139733796598
