cur_n,cur_mean,cur_std,cur_S,next_n,next_mean,next_std,next_S
1731000.0,0.18126099435890855,1.5844121313481732,4345436.279198404,1731000.0,0.18126102181125733,1.5844121286192696,4345436.264229728
1731000.0,0.03504785394724896,1.6007895352191213,4435734.472532064,1731000.0,0.03504785242599517,1.6007895352537183,4435734.472723798
1731000.0,0.04049757854950547,1.4652612264762748,3716440.4894013447,1731000.0,0.04049757829808348,1.4652612264831908,3716440.4894364276
1731000.0,0.011578087391235933,0.8095353192820569,1134406.4068087912,1731000.0,0.011578184938357966,0.8095353280601589,1134406.431410399
1731000.0,-0.00010002403744008576,0.700915096931342,850409.095446958,1731000.0,-0.00010002886498565714,0.7009150969594673,850409.0955152056
1731000.0,0.0006784576889907162,0.6408015985653296,710794.7981810394,1731000.0,0.0006783692206046502,0.6408016092300513,710794.8218402462
