cur_n,cur_mean,cur_std,cur_S,next_n,next_mean,next_std,next_S
2711000.0,-0.32799205474648946,1.3631857844366204,5037784.834115018,2711000.0,-0.3279920655952771,1.363185781943349,5037784.815686767
2711000.0,-0.39295060751104566,1.3713126133864952,5098030.846928791,2711000.0,-0.3929506130952405,1.371312611817198,5098030.835260663
2711000.0,-0.17577235577128056,0.9998061883578818,2709949.2551096,2711000.0,-0.17577237997849024,0.9998061848965251,2709949.236345761
2711000.0,0.10173621453553323,0.8485078561437247,1951826.6926328875,2711000.0,0.10173604632255359,0.8485079215149508,1951826.9933803892
2711000.0,0.09405720815183681,0.7688255213057049,1602452.261473991,2711000.0,0.0940570846645574,0.7688255632983673,1602452.4365234312
2711000.0,0.09306928676228879,0.6531141076851184,1156398.8400890173,2711000.0,0.09306934788401003,0.6531141067287883,1156398.8367024758
