cur_n,cur_mean,cur_std,cur_S,next_n,next_mean,next_std,next_S
4322000.0,-0.015491666196661435,0.02790370004507261,3365.1804101596745,4322000.0,-0.015491666613428831,0.027903699827142605,3365.1803575950485
4322000.0,-0.02630697005804175,0.04609943968691329,9184.934343091474,4322000.0,-0.026306972491279196,0.04609943857590991,9184.933900374901
4322000.0,-0.005826842570347238,0.010320531453064734,460.3507828653248,4322000.0,-0.0058268434468498765,0.010320531119066974,460.35075306916
4322000.0,-0.0005140027557172293,0.052559051869614064,11939.325900296482,4322000.0,-0.0005139989046134989,0.052559052517059994,11939.326194444408
4322000.0,-0.0007479299240759511,0.06820294952098255,20104.39812156924,4322000.0,-0.0007479248003142248,0.06820295040898518,20104.3986450879
4322000.0,-0.0005839832044896435,0.04279375795976807,7914.903323219641,4322000.0,-0.0005839796358672962,0.042793758651561264,7914.90357912034
