cur_n,cur_mean,cur_std,cur_S,next_n,next_mean,next_std,next_S
3922000.0,-0.014351885786924595,0.02512345723481842,2475.5197416514793,3922000.0,-0.014351882996493035,0.025123459436635444,2475.5201755600533
3922000.0,-0.02377187445357297,0.039967589949781376,6265.03514235674,3922000.0,-0.023771872207128997,0.03996759153352646,6265.03563886998
3922000.0,-0.005743024553735917,0.009452577931248757,350.43552228071036,3922000.0,-0.005743021493879856,0.009452581732656506,350.4358041400269
3922000.0,-0.000648646035704145,0.05525214514886609,11973.07980980846,3922000.0,-0.0006486478139846461,0.05525214524022217,11973.079849401987
3922000.0,-0.0010274295669478988,0.06843700802469355,18369.17359223286,3922000.0,-0.0010274295873728427,0.06843700802439595,18369.173592073108
3922000.0,-0.0007341968575455797,0.04663260770442365,8528.781597356143,3922000.0,-0.0007341997587055593,0.046632608012686795,8528.781710114541
