cur_n,cur_mean,cur_std,cur_S,next_n,next_mean,next_std,next_S
3562000.0,-0.014623060237496025,0.026740771265881418,2547.075236199102,3562000.0,-0.014623063112914262,0.02674077024414315,2547.075041556684
3562000.0,-0.02466007676640595,0.043353357683426554,6694.8275230854015,3562000.0,-0.02466008063046012,0.04335335609886571,6694.827033694873
3562000.0,-0.005677451905296906,0.010274183798677798,376.0006334207456,3562000.0,-0.005677455377870114,0.010274183970107039,376.00064596821505
3562000.0,-0.000501722798644368,0.05264556881555508,9872.282172483336,3562000.0,-0.0005017209843695576,0.052645568944197245,9872.2822207302
3562000.0,-0.0007460218767055205,0.06744724229954507,16204.002818963836,3562000.0,-0.0007460203997807823,0.06744724237347921,16204.002854488757
3562000.0,-0.000569326387623504,0.043171432536597575,6638.757955827228,3562000.0,-0.000569326548084039,0.04317143253554191,6638.757955502556
