cur_n,cur_mean,cur_std,cur_S,next_n,next_mean,next_std,next_S
1541000.0,-0.35717907845316854,1.3795228147204905,2932651.2055512257,1541000.0,-0.35717911830227095,1.3795228052898472,2932651.1654550596
1541000.0,-0.4172893177083937,1.3894596754688209,2975051.810410792,1541000.0,-0.41728932313335854,1.389459673855944,2975051.803503946
1541000.0,-0.1942245110115627,1.018681999843438,1599115.7588965457,1541000.0,-0.19422450759406307,1.018682000503865,1599115.7609700074
1541000.0,0.10090690672793835,0.8253377207479029,1049702.006418878,1541000.0,0.1009068997299331,0.8253377216491916,1049702.008711478
1541000.0,0.0940469270329639,0.7604978663996078,891248.1443942662,1541000.0,0.09404694816906352,0.7604978642384196,891248.1393287557
1541000.0,0.09189112462110756,0.6458904307868535,642865.8252649038,1541000.0,0.09189111573456472,0.6458904321453305,642865.8279691348
