cur_n,cur_mean,cur_std,cur_S,next_n,next_mean,next_std,next_S
1711000.0,-0.09603207249279286,1.1822354514277005,2391431.613729917,1711000.0,-0.09603202300791072,1.1822354572193565,2391431.637160697
1711000.0,-0.11104637584677282,1.1595386535224086,2300490.640100491,1711000.0,-0.11104630019230459,1.159538664990462,2300490.6856050533
1711000.0,-0.1515498032731193,0.9387549018556194,1507837.1702118586,1711000.0,-0.15154978927936874,0.9387549042931403,1507837.178042198
1711000.0,0.10509682417051866,1.1725782457032765,2352521.8990694373,1711000.0,0.10509652401452273,1.1725783383371493,2352522.27076868
1711000.0,0.10640605278038821,1.0578341304377075,1914631.3243048391,1711000.0,0.1064057202817705,1.0578342532924256,1914631.7690276904
1711000.0,0.09745324980700912,0.6702059519003501,768540.1667341017,1711000.0,0.09745322520327329,0.670205956250645,768540.1767112629
