cur_n,cur_mean,cur_std,cur_S,next_n,next_mean,next_std,next_S
1122000.0,-0.008175657755732302,0.040093487035360365,1803.6012023784722,1122000.0,-0.008175668412939137,0.04009348645138587,1803.6011498384128
1122000.0,-0.014742048519913089,0.058847682820863376,3885.5418457379014,1122000.0,-0.014742036259478605,0.05884768732524446,3885.5424405603653
1122000.0,-0.02746762721577797,0.07972402889977355,7131.343119661384,1122000.0,-0.02746765794914404,0.07972402495759673,7131.342414403126
1122000.0,-0.0004705698496267246,0.14902801610407837,24918.890233155373,1122000.0,-0.00047057378367566896,0.14902801614991462,24918.89024848388
1122000.0,-0.0005518508763094859,0.15176480995386196,25842.529560252322,1122000.0,-0.000551834318865634,0.15176481102746406,25842.52992587851
1122000.0,-0.0005013044776306225,0.15351508574925257,26442.041102017614,1122000.0,-0.0005012288228268382,0.1535151069125802,26442.048392527402
