cur_n,cur_mean,cur_std,cur_S,next_n,next_mean,next_std,next_S
3581000.0,-0.301982922484666,1.3300934165547362,6335320.766905622,3581000.0,-0.3019829398684654,1.3300934130147957,6335320.73318369
3581000.0,-0.3720838090486877,1.3401078812638731,6431078.986796885,3581000.0,-0.37208375010936734,1.340107902269886,6431079.188409503
3581000.0,-0.2034579197253014,0.9953821489174417,3548003.3137553283,3581000.0,-0.20345792835587154,0.9953821472873261,3548003.302134353
3581000.0,0.09811152389362757,0.8324190327506603,2481351.698432336,3581000.0,0.09811192406945922,0.8324193300407821,2481353.4708124744
3581000.0,0.08689124852477145,0.7373439354772885,1946904.0395619716,3581000.0,0.08689123933344554,0.7373439367655589,1946904.046365143
3581000.0,0.0996586986447116,0.6479998645101164,1503675.5951947675,3581000.0,0.09965875414566655,0.647999864485752,1503675.595081693
