cur_n,cur_mean,cur_std,cur_S,next_n,next_mean,next_std,next_S
1641000.0,-0.3568269988899657,1.3778669174489468,3115466.7944506314,1641000.0,-0.3568270185093873,1.3778669125972807,3115466.772510625
1641000.0,-0.40870604920635417,1.3824035590092354,3136015.9835366583,1641000.0,-0.4087061277791942,1.3824035394436007,3136015.8947664257
1641000.0,-0.1894641455040563,1.0161869040942406,1694555.3872703775,1641000.0,-0.1894641166166156,1.0161869101539776,1694555.4074803605
1641000.0,0.10219421527077828,0.8287621756326714,1127115.5065091734,1641000.0,0.10219431628006316,0.828762173278409,1127115.5001055857
1641000.0,0.09129959614569236,0.759577259978721,946787.4443717985,1641000.0,0.09129954683043984,0.7595772685333613,946787.4656979401
1641000.0,0.09075368568442523,0.6492645973449239,691754.5529967301,1641000.0,0.09075362717310927,0.649264609850056,691754.5796437461
