cur_n,cur_mean,cur_std,cur_S,next_n,next_mean,next_std,next_S
202000.0,-0.024150943154265532,0.07393406287021308,1104.181621804317,202000.0,-0.024150956574319423,0.07393405873251083,1104.1814982137969
202000.0,-0.024871110043761895,0.0720297712799975,1048.0341660310482,202000.0,-0.024871116304539885,0.07202976917318242,1048.0341047226718
202000.0,-0.02628540980558806,0.07244756720335774,1060.2272987243773,202000.0,-0.026285406230999772,0.07244756851810209,1060.2273372053896
202000.0,-0.0013300679695647806,0.1576721188648802,5021.820407602864,202000.0,-0.001330143307510476,0.1576721218650872,5021.820598714659
202000.0,-0.0013425700112393462,0.15562856231311425,4892.4903803446705,202000.0,-0.0013426853273837097,0.1556285699482979,4892.490860398755
202000.0,-0.0011635785012581296,0.1534844201105911,4758.608377770252,202000.0,-0.0011636443752357846,0.1534844224666975,4758.608523867006
