cur_n,cur_mean,cur_std,cur_S,next_n,next_mean,next_std,next_S
3851000.0,-0.30811492228433457,1.3428615193984945,6944419.959143029,3851000.0,-0.30811425015672894,1.3428623213778903,6944428.253793379
3851000.0,-0.38114601807312626,1.3618329883400364,7142022.578393074,3851000.0,-0.3811468622017476,1.3618337595684258,7142030.667684751
3851000.0,-0.15962931542785727,0.9735218209676784,3649764.977951764,3851000.0,-0.1596299766910761,0.9735225774006134,3649770.649737332
3851000.0,0.09780629547099472,0.8573855293690307,2830908.4019359113,3851000.0,0.09780603327847606,0.8573857136645675,2830909.61894698
3851000.0,0.09358412586677241,0.768500755893886,2274375.2288782853,3851000.0,0.09358497490569102,0.7685024586523628,2274385.307504652
3851000.0,0.0924838700590162,0.6553958917874332,1654173.0774165741,3851000.0,0.09248446976518526,0.6553968637762309,1654177.9838827671
