cur_n,cur_mean,cur_std,cur_S,next_n,next_mean,next_std,next_S
1001000.0,-0.022619267329265776,0.0815030662137517,6649.392552045436,1001000.0,-0.02261927444992796,0.08150306454894363,6649.392280400141
1001000.0,-0.020784105397103916,0.07906533665570188,6257.578787939956,1001000.0,-0.020784099409836502,0.07906533845651044,6257.579072987792
1001000.0,-0.004377837485501436,0.09039739522396968,8179.860752341854,1001000.0,-0.004377823943842245,0.09039739689506988,8179.861054770195
1001000.0,0.032951186226662085,0.13645922726259355,18639.741825809262,1001000.0,0.032951192967686116,0.1364592258014889,18639.741426648077
1001000.0,0.033215815902687115,0.14189649718709765,20154.750529881978,1001000.0,0.03321582580199435,0.14189649521547135,20154.74996978872
1001000.0,0.04925855792888671,0.35039544131634953,122899.74226057464,1001000.0,0.04925854038473062,0.3503954442223593,122899.74429911628
