cur_n,cur_mean,cur_std,cur_S,next_n,next_mean,next_std,next_S
1561000.0,-0.3573931052450336,1.3790358625106662,2968615.9996513287,1561000.0,-0.3573931544271405,1.3790358511335532,2968615.9506688756
1561000.0,-0.4158914592918879,1.3889913780077443,3011632.6922087497,1561000.0,-0.4158914560754456,1.388991378976676,3011632.696410455
1561000.0,-0.1947726741046978,1.0175561643179956,1616291.474712362,1561000.0,-0.1947726718284068,1.017556164757683,1616291.4761091655
1561000.0,0.10141276828022407,0.8263705753495956,1065988.6797014533,1561000.0,0.10141274038576255,0.8263705795077116,1065988.6904290975
1561000.0,0.09363610612636494,0.7604911256515817,902799.2801760982,1561000.0,0.09363604701834154,0.7604911365149835,902799.3059685657
1561000.0,0.09257829406399913,0.6460664681945136,651564.336748844,1561000.0,0.09257829458656848,0.6460664681199438,651564.3365984353
