cur_n,cur_mean,cur_std,cur_S,next_n,next_mean,next_std,next_S
982000.0,0.00023822650780133965,0.013752083111318713,185.71563368240626,982000.0,0.00023824265610438127,0.013752092141936813,185.7158775912745
982000.0,-0.007366148655091914,0.01993908792468923,390.411017177655,982000.0,-0.007366135651253819,0.01993909689280659,390.4113683725162
982000.0,-0.005950013470113737,0.014055343603875363,193.99673551418607,982000.0,-0.005950010155649935,0.014055345390744729,193.99678484017275
982000.0,-0.0002092784077438614,0.11307929342843114,12556.761923432312,982000.0,-0.00020931416020147423,0.11307929891247902,12556.7631413721
982000.0,-0.0001696551695924034,0.06849076672539724,4606.547394353392,982000.0,-0.0001696677513882987,0.0684907678290721,4606.547542815171
982000.0,-0.000755218218476261,0.05916287722541097,3437.241612840449,982000.0,-0.0007552449368023587,0.05916288280882896,3437.242261610707
