cur_n,cur_mean,cur_std,cur_S,next_n,next_mean,next_std,next_S
1442000.0,-0.008638628660138767,0.016304487340345734,383.3359553162148,1442000.0,-0.00863862760721314,0.016304487947244446,383.33598385389234
1442000.0,-0.014553204590299044,0.023408648840802907,790.1653000760175,1442000.0,-0.014553203726050876,0.023408649401113663,790.1653379029016
1442000.0,-0.004524951949774003,0.008581652343788037,106.1957395213848,1442000.0,-0.004524950888668323,0.008581652997888286,106.19575571002993
1442000.0,-0.0006237157619752151,0.05511693747782023,4380.618341178748,1442000.0,-0.0006237207769078921,0.05511693775005841,4380.61838445298
1442000.0,-0.0009894203255979663,0.06463527220971986,6024.269952446651,1442000.0,-0.0009894250107239698,0.06463527238285811,6024.269984721029
1442000.0,-0.0007026266366392673,0.048620844678079124,3408.8685866566684,1442000.0,-0.0007026317123684288,0.048620844986769045,3408.868629941946
