cur_n,cur_mean,cur_std,cur_S,next_n,next_mean,next_std,next_S
3302000.0,-0.004892752695274719,0.031893417085804295,3358.7615563567597,3302000.0,-0.004892753357730022,0.031893417006896366,3358.7615397368468
3302000.0,-0.014960448877406031,0.052495414323718514,9099.547669612311,3302000.0,-0.014960452287202637,0.05249541371764092,9099.547459497504
3302000.0,-0.02368269417591771,0.07586837867007051,19006.347932447243,3302000.0,-0.02368269706945081,0.07586837794902739,19006.347571179565
3302000.0,-0.0003237983473601196,0.16559533061578607,90546.82824882343,3302000.0,-0.0003237971872616169,0.16559533063147652,90546.82826598237
3302000.0,-0.0005069236711275726,0.13750372654940926,62431.82143904651,3302000.0,-0.0005069211157027399,0.13750372663723312,62431.82151879714
3302000.0,-0.0005093198239101654,0.13745231436487815,62385.144067510766,3302000.0,-0.000509318286606697,0.13745231439895925,62385.144098447374
