cur_n,cur_mean,cur_std,cur_S,next_n,next_mean,next_std,next_S
5161000.0,-0.3091938761430099,1.3410789897557176,9282021.633760119,5161000.0,-0.3091938746357396,1.3410789901076599,9282021.638631921
5161000.0,-0.389744435503165,1.3635688990436483,9595951.25512823,5161000.0,-0.38974441576019847,1.363568905424447,9595951.344936432
5161000.0,-0.21530778204209602,1.001219724982355,5173597.679437404,5161000.0,-0.2153077796773244,1.001219725505312,5173597.68484195
5161000.0,0.09677959048767157,0.8229718173620223,3495455.5614204654,5161000.0,0.0967795728428292,0.8229718204132609,3495455.5873398674
5161000.0,0.08658023592960731,0.730169993206867,2751577.9581543156,5161000.0,0.08658024446437305,0.7301699924522973,2751577.952467263
5161000.0,0.09637246341572682,0.6380899221270478,2101346.3021444464,5161000.0,0.09637246522778214,0.6380899218666359,2101346.3004292785
