cur_n,cur_mean,cur_std,cur_S,next_n,next_mean,next_std,next_S
2861000.0,-0.29921428012298,1.3227435230599454,5005749.873927321,2861000.0,-0.2992143051019092,1.3227435180844112,5005749.836268804
2861000.0,-0.36098121802269173,1.323597426955582,5012214.935268872,2861000.0,-0.36098125687070265,1.3235974179917578,5012214.867380235
2861000.0,-0.19099632435025085,0.9875714094755675,2790325.5432955925,2861000.0,-0.19099633176720518,0.98757140812082,2790325.535640072
2861000.0,0.09638403986898221,0.8368621032939165,2003667.5327783504,2861000.0,0.09638403723491426,0.8368621036091641,2003667.5342879214
2861000.0,0.08696201131225707,0.7418846121629366,1574673.7371832356,2861000.0,0.08696201095668603,0.7418846122048459,1574673.737361143
2861000.0,0.09681580116069849,0.6526607775712028,1218688.985148942,2861000.0,0.09681579769099133,0.6526607781122499,1218688.9871694962
