cur_n,cur_mean,cur_std,cur_S,next_n,next_mean,next_std,next_S
1851000.0,0.18681711826848774,1.5958429379428423,4713968.87745936,1851000.0,0.1868171515633751,1.595842934688129,4713968.858231132
1851000.0,0.03820239906630669,1.6111215441608697,4804664.078239774,1851000.0,0.03820239594388657,1.6111215442405216,4804664.078714848
1851000.0,0.05575799726975849,1.4877353429123683,4096922.7899691267,1851000.0,0.055757989305720825,1.4877353432502445,4096922.7918300135
1851000.0,0.009432622140199989,0.8029367800053698,1193353.5319406602,1851000.0,0.009432698407085965,0.8029367858139096,1193353.5492063817
1851000.0,-0.00035084666535026315,0.6958657356982989,896308.1050421484,1851000.0,-0.0003508503995717632,0.6958657357150128,896308.1050852048
1851000.0,-0.0037568602694929613,0.6372188138729624,751594.508811034,1851000.0,-0.0037569366817431665,0.6372188219027834,751594.5277532539
