cur_n,cur_mean,cur_std,cur_S,next_n,next_mean,next_std,next_S
3222000.0,-0.01389691052647437,0.02565639465612182,2120.883390510679,3222000.0,-0.013896909934805244,0.02565639499858354,2120.8834471298096
3222000.0,-0.02334502694115288,0.041092144674412696,5440.554348403908,3222000.0,-0.0233450263781237,0.04109214500670429,5440.554436393984
3222000.0,-0.00550667491294062,0.010126359009256191,330.39401893915647,3222000.0,-0.005506674315353349,0.010126359391034527,330.39404385181876
3222000.0,-0.0004922984549673306,0.05238766020903833,8842.672487696414,3222000.0,-0.0004922992329286543,0.052387660220336155,8842.672491510402
3222000.0,-0.0007421381686592746,0.06656450752889945,14276.146060784145,3222000.0,-0.0007421389226199485,0.06656450753424946,14276.146063078988
3222000.0,-0.0005556042606907741,0.04320770735817134,6015.171051931282,3222000.0,-0.0005556050572796178,0.04320770737158647,6015.171055666462
