cur_n,cur_mean,cur_std,cur_S,next_n,next_mean,next_std,next_S
4901000.0,-0.05733851527351292,0.1689191361050021,139843.53893259753,4901000.0,-0.057338518533288696,0.16891913515264678,139843.53735573965
4901000.0,-0.04867137363969136,0.16554294710289508,134309.29441134393,4901000.0,-0.04867137277608792,0.16554294736784403,134309.29484126385
4901000.0,0.01601815150993731,0.3312645116977832,537817.0020575271,4901000.0,0.016018149846690755,0.3312645117986644,537817.0023850938
4901000.0,0.02715457224734159,0.17173433379076825,144543.63155394167,4901000.0,0.027154576155847515,0.17173433339072655,144543.63088053552
4901000.0,0.027975685491594016,0.1876972206513145,172663.4387837586,4901000.0,0.027975684493914247,0.1876972208130053,172663.4390812387
4901000.0,0.060304439725770966,0.46965972885198953,1081063.8586969946,4901000.0,0.060304454403395984,0.46965972809140577,1081063.8551955675
