cur_n,cur_mean,cur_std,cur_S,next_n,next_mean,next_std,next_S
4182000.0,-0.014622456043245706,0.025443081185511484,2707.219290048794,4182000.0,-0.014622456299545682,0.02544308104361039,2707.2192598514
4182000.0,-0.024239019234817905,0.04055773161342786,6879.095560547466,4182000.0,-0.024239019725666004,0.04055773133249913,6879.095465249459
4182000.0,-0.005782816675159633,0.009467110260224303,374.8166708725996,4182000.0,-0.005782816653962813,0.009467110273270754,374.8166719056554
4182000.0,-0.0006477972829459603,0.05519842095263488,12741.992255628023,4182000.0,-0.0006478003734548277,0.055198421278179435,12741.9924059253
4182000.0,-0.0010243605966165764,0.06851120496729128,19629.409731785563,4182000.0,-0.001024363216855712,0.0685112051376566,19629.409829409615
4182000.0,-0.0007352696139227431,0.046492211952084486,9039.500779330143,4182000.0,-0.0007352733885825488,0.046492212533198005,9039.501005302449
