cur_n,cur_mean,cur_std,cur_S,next_n,next_mean,next_std,next_S
1851000.0,-0.33189288493904234,1.3436001855725146,3341538.959999087,1851000.0,-0.3318929069454549,1.3436001804701494,3341538.9346198826
1851000.0,-0.3741322385416088,1.330127624271747,3274862.3086708337,1851000.0,-0.37413226765763846,1.3301276166720313,3274862.2712488277
1851000.0,-0.19284771095272674,0.997018711957612,1839979.7235001829,1851000.0,-0.1928477001592624,0.9970187141534825,1839979.7316050602
1851000.0,0.10034479670661069,0.8283727182246806,1270158.7179133492,1851000.0,0.10034471502117748,0.8283727355744849,1270158.771118881
1851000.0,0.09380214515096166,0.7520335215083557,1046841.2267411503,1851000.0,0.0938021182155799,0.7520335257609363,1046841.2385804545
1851000.0,0.09809888833032784,0.6532108888784017,789792.945361576,1851000.0,0.0980988700962933,0.6532108920878413,789792.9531226002
