cur_n,cur_mean,cur_std,cur_S,next_n,next_mean,next_std,next_S
1082000.0,-0.008251582733002766,0.01688896686528556,308.6266523224041,1082000.0,-0.008251580347399628,0.01688896821314129,308.6267015834657
1082000.0,-0.013785368818585142,0.02401374061391814,623.94583681089,1082000.0,-0.013785366789249921,0.024013741871659697,623.9459021703558
1082000.0,-0.004096010405210972,0.00897768091261537,87.2078524433749,1082000.0,-0.00409600805518523,0.008977682317595525,87.2078797389121
1082000.0,-0.00043910541109639674,0.05100184397055234,2814.485511645084,1082000.0,-0.00043912908957370074,0.05100184971397197,2814.486145534802
1082000.0,-0.0006848178547047537,0.06119775335713061,4052.2685472689263,1082000.0,-0.0006848380413261692,0.06119775673361,4052.268994422649
1082000.0,-0.0004959939686569585,0.04389387263557988,2084.659163454286,1082000.0,-0.0004960172475552204,0.043893879051628976,2084.659772891354
