cur_n,cur_mean,cur_std,cur_S,next_n,next_mean,next_std,next_S
981000.0,0.1858717632340004,1.4717594171905277,2124920.342229311,981000.0,0.18587182876198888,1.471759410345918,2124920.3224648708
981000.0,-0.005149317796526776,1.4658178338484653,2107798.105509671,981000.0,-0.005149319255532475,1.4658178338440604,2107798.1054970026
981000.0,0.0454447165382569,1.3304708368443048,1736519.7473870143,981000.0,0.04544470908822704,1.3304708371191916,1736519.7481045744
981000.0,0.004848644878607718,0.888425718786149,774303.5529024724,981000.0,0.004848793423366763,0.8884257301577996,774303.5727242974
981000.0,0.01432651812470003,0.7742246442461006,588034.7475625989,981000.0,0.014326506561185582,0.7742246445448231,588034.7480163672
981000.0,0.0008879920113279262,0.7101298858504446,494703.05013718404,981000.0,0.0008878633198001423,0.7101298974506765,494703.06629949546
