cur_n,cur_mean,cur_std,cur_S,next_n,next_mean,next_std,next_S
2681000.0,-0.3008687574817054,1.3234845128177097,4696069.776446794,2681000.0,-0.3008687705047473,1.3234845100290185,4696069.75665678
2681000.0,-0.35892816384941306,1.3220188742274903,4685674.596124586,2681000.0,-0.3589281576271849,1.3220188759560891,4685674.608378044
2681000.0,-0.18877009077898924,0.9850659805523093,2601521.717577215,2681000.0,-0.1887700928394735,0.9850659801632352,2601521.715522155
2681000.0,0.09673902881822671,0.8387491083775775,1886083.67910201,2681000.0,0.09673893762867039,0.8387491321851368,1886083.7861734794
2681000.0,0.08684181900331307,0.7457583933199415,1491053.113216344,2681000.0,0.0868418224034639,0.7457583929447943,1491053.1117162213
2681000.0,0.09654689638855735,0.6529225152868662,1142931.2412066234,2681000.0,0.09654688523397692,0.6529225171917004,1142931.2478753917
