cur_n,cur_mean,cur_std,cur_S,next_n,next_mean,next_std,next_S
1241000.0,-0.3440064911040011,1.3625027898135245,2303809.5906418,1241000.0,-0.34400714070335625,1.3625028179761036,2303809.685880094
1241000.0,-0.388380575536492,1.337680608748648,2220632.2590784924,1241000.0,-0.3883806013487839,1.3376806015634184,2220632.235222644
1241000.0,-0.20656626436963704,1.022820406595359,1298286.5259275383,1241000.0,-0.20656633750488948,1.0228203950700094,1298286.496668822
1241000.0,0.0951213174896131,0.810762571349981,815753.910353623,1241000.0,0.095121789979681,0.8107626867730092,815754.1426208654
1241000.0,0.09456585219309614,0.7528995082433407,703470.3678657127,1241000.0,0.09456623432143091,0.7528995805907586,703470.5030610914
1241000.0,0.09169151254201954,0.6339443719015386,498739.86413205473,1241000.0,0.09169163862426288,0.6339443692250271,498739.8599206978
