cur_n,cur_mean,cur_std,cur_S,next_n,next_mean,next_std,next_S
3962000.0,-0.015066603292386585,0.027319761319525116,2957.115398598162,3962000.0,-0.015066604005600778,0.027319760963078473,2957.115321433955
3962000.0,-0.025483900982393868,0.044753429544161005,7935.368784530094,3962000.0,-0.0254839018818877,0.044753429067774325,7935.368615590908
3962000.0,-0.00575288266142862,0.01028675550422584,419.2482963403411,3962000.0,-0.005752884108664897,0.010286755098210108,419.2482632450857
3962000.0,-0.0005061584037139963,0.05239859731775416,10878.118709439623,3962000.0,-0.0005061558277890716,0.05239859759349469,10878.11882392888
3962000.0,-0.0007422542678096007,0.06758948267439474,18099.755822377916,3962000.0,-0.0007422515174339787,0.06758948292630645,18099.75595729656
3962000.0,-0.0005751514103130074,0.04278904359780875,7254.034722484137,3962000.0,-0.0005751490732364209,0.04278904388209075,7254.0348188729
