cur_n,cur_mean,cur_std,cur_S,next_n,next_mean,next_std,next_S
1362000.0,0.00022950360668960588,0.013811138321917245,259.79815185959256,1362000.0,0.00022950278193616163,0.013811138369162534,259.7981536370331
1362000.0,-0.007348162282673707,0.01999625964116768,544.5962443055823,1362000.0,-0.007348161457801498,0.019996259967461582,544.5962620787496
1362000.0,-0.005923494500487897,0.013704009312240058,255.78342461520853,1362000.0,-0.005923499971089374,0.013704008434797948,255.78339186054012
1362000.0,-0.0001864167354366278,0.11368218553746859,17601.996738279737,1362000.0,-0.00018640801133315132,0.11368218600770315,17601.996883897402
1362000.0,-0.00015278913020613932,0.0687287220276779,6433.593909381745,1362000.0,-0.00015278100687970728,0.06872872269958548,6433.594035174296
1362000.0,-0.0007376530985918082,0.059192736020068595,4772.148356651558,1362000.0,-0.0007376485828497521,0.05919273631094541,4772.148403552831
