cur_n,cur_mean,cur_std,cur_S,next_n,next_mean,next_std,next_S
1382000.0,0.00022496832688606477,0.01377727370712073,262.3219402468717,1382000.0,0.0002249658191090128,0.013777274063492254,262.32195381763654
1382000.0,-0.007344403541212916,0.01995062717200569,550.0740389369058,1382000.0,-0.0073444053596626695,0.019950626617112974,550.0740083381611
1382000.0,-0.005928115725706768,0.013688219415986386,258.941678778218,1382000.0,-0.005928121325724235,0.01368821857382654,258.9416469157425
1382000.0,-0.0001871587630762166,0.11339531979067312,17770.44499669291,1382000.0,-0.00018715535008888826,0.11339531986729008,17770.445020706557
1382000.0,-0.00015379022295534177,0.06857360443481257,6498.632809201726,1382000.0,-0.00015378648998293164,0.06857360458360663,6498.632837403773
1382000.0,-0.0007378265786218981,0.05906290065050726,4821.005054353837,1382000.0,-0.0007378250970915233,0.059062900694691896,4821.0050615669725
