cur_n,cur_mean,cur_std,cur_S,next_n,next_mean,next_std,next_S
1782000.0,-0.007342211374079254,0.03706311301538929,2447.8876852696867,1782000.0,-0.007342209732083532,0.03706311340548565,2447.88773679866
1782000.0,-0.015189741967440069,0.06269444926923169,7004.318453064979,1782000.0,-0.01518974591614172,0.0626944485341242,7004.318288810344
1782000.0,-0.033940076917803624,0.09478910316696727,16011.223809130774,1782000.0,-0.033940089446653623,0.0947891001564064,16011.222792077937
1782000.0,-0.00041651781155385443,0.15759654187426306,44258.945959114346,1782000.0,-0.00041651466591401815,0.15759654193852327,44258.94599520764
1782000.0,-0.00048330355442605485,0.1596130863088049,45398.83310606122,1782000.0,-0.00048329623683743506,0.15961308662987725,45398.833288706766
1782000.0,-0.0004441140631067889,0.16385632264003258,47844.72994396196,1782000.0,-0.0004440952879953489,0.1638563246077375,47844.73109307002
