cur_n,cur_mean,cur_std,cur_S,next_n,next_mean,next_std,next_S
1171000.0,-0.3694945038764963,1.3882196995226042,2256697.2568810186,1171000.0,-0.36949437641344496,1.3882197403010306,2256697.3894602708
1171000.0,-0.430221033347781,1.3928137688360804,2271658.2579461182,1171000.0,-0.4302209036800138,1.3928138159567403,2271658.4116522926
1171000.0,-0.20593579153788458,1.0283251249432714,1238276.9507924158,1171000.0,-0.20593582183475873,1.0283251193985463,1238276.9374388466
1171000.0,0.10188104215621317,0.8123552926788988,772767.6333273442,1171000.0,0.10188080173485277,0.8123553644918943,772767.7699541661
1171000.0,0.0969060155630216,0.748323779015203,655746.508018565,1171000.0,0.0969061408653828,0.7483237750733145,655746.5011101126
1171000.0,0.09004505841257611,0.6353376426943791,472678.7405828316,1171000.0,0.09004505253907687,0.6353376435585948,472678.7418687506
