cur_n,cur_mean,cur_std,cur_S,next_n,next_mean,next_std,next_S
791000.0,-0.3764371951621512,1.3836860305758734,1514438.341687756,791000.0,-0.3764371479981072,1.3836860440428835,1514438.3711669242
791000.0,-0.42867420614119234,1.3575270374789787,1457717.809071784,791000.0,-0.4286741509156276,1.3575270558063772,1457717.8484318478
791000.0,-0.23576633919111725,1.0597397414899774,888331.2208773562,791000.0,-0.23576629385097392,1.059739752344252,888331.2390746373
791000.0,0.09859148560450877,0.7888302004485345,492202.1903454831,791000.0,0.09859163198000888,0.7888301928962094,492202.1809207146
791000.0,0.09071850573182529,0.7268056454027392,417842.9389357301,791000.0,0.0907186325122018,0.726805638324709,417842.9307973649
791000.0,0.09031861532169903,0.615744998526211,299901.24543914455,791000.0,0.09031861033133814,0.6157449992741951,299901.2461677622
