cur_n,cur_mean,cur_std,cur_S,next_n,next_mean,next_std,next_S
1541000.0,-0.3350980754650888,1.350903303516995,2812232.132333274,1541000.0,-0.3350982007904041,1.350903281387775,2812232.0401986223
1541000.0,-0.378239061242008,1.330359866482203,2727350.213868025,1541000.0,-0.37823915255074797,1.3303598453506262,2727350.1272249883
1541000.0,-0.2041365607766785,1.0097222534309045,1571109.643802392,1541000.0,-0.20413655625760874,1.0097222543601339,1571109.6466941205
1541000.0,0.0972606115229278,0.8167580791492742,1027991.4839374983,1541000.0,0.09726066661345634,0.816758075452095,1027991.4746307797
1541000.0,0.09363673484259072,0.750824724181594,868719.8980876872,1541000.0,0.09363664648639777,0.7508247432120536,868719.9421249668
1541000.0,0.10008722215490506,0.6465441491522851,644167.7980135035,1541000.0,0.10008720468039374,0.646544152221277,644167.8041289275
