cur_n,cur_mean,cur_std,cur_S,next_n,next_mean,next_std,next_S
602000.0,-0.007253747042167922,0.015169519873620573,138.52882858409404,602000.0,-0.007253736567246676,0.01516952705969251,138.52895983127547
602000.0,-0.012861798659278292,0.021241482154797504,271.6227396078136,602000.0,-0.012861790231811979,0.02124148826406961,271.6228958509094
602000.0,-0.004237545788878819,0.008988341415288528,48.63574940147018,602000.0,-0.004237535698345643,0.008988349582144313,48.635837782921975
602000.0,-0.000627989640526462,0.057659741076870455,2001.4367361131488,602000.0,-0.0006279985348642335,0.05765974139297023,2001.4367580575313
602000.0,-0.0010368872371119768,0.06683337182319155,2688.953152732698,602000.0,-0.001036893656878132,0.06683337190920645,2688.9531596540915
602000.0,-0.0007207045601980323,0.051544252298917494,1599.3995869227856,602000.0,-0.0007207136967409623,0.05154425265863957,1599.3996092468788
