cur_n,cur_mean,cur_std,cur_S,next_n,next_mean,next_std,next_S
1042000.0,-0.007946769913580991,0.015349085671627355,245.48939705506433,1042000.0,-0.007946763247336213,0.015349090631382418,245.48955570522796
1042000.0,-0.0135535726702271,0.021788062293618408,494.6578841680412,1042000.0,-0.013553568120590897,0.02178806561874581,494.65803514985765
1042000.0,-0.004355835240037152,0.008565352676268461,76.44660766055138,1042000.0,-0.004355828859269662,0.008565358397647889,76.44670978832383
1042000.0,-0.0006164726988118253,0.05538327742868257,3196.1343303296017,1042000.0,-0.0006164642545934083,0.055383278193452526,3196.134418598395
1042000.0,-0.0009910042736613618,0.06443621156925915,4326.410426577056,1042000.0,-0.0009909925833701454,0.06443621285404265,4326.410599104294
1042000.0,-0.0006953290225107309,0.04910507397994806,2512.583238780371,1042000.0,-0.0006953186899296724,0.04910507525899399,2512.5833696715054
