cur_n,cur_mean,cur_std,cur_S,next_n,next_mean,next_std,next_S
5661000.0,-0.30837124305952435,1.3415832358332005,10188925.820843402,5661000.0,-0.3083712551289,1.3415832333663378,10188925.783373224
5661000.0,-0.39252134232881475,1.3639585629401014,10531627.944585184,5661000.0,-0.39252134305411757,1.3639585627325075,10531627.941379366
5661000.0,-0.21993041604137867,1.004947711981299,5717156.575504913,5661000.0,-0.21993043264946252,1.0049477091235781,5717156.542989713
5661000.0,0.09588593969311038,0.8210124471743568,3815861.8028685944,5661000.0,0.09588593324582538,0.821012448070683,3815861.8112003976
5661000.0,0.0867376686329136,0.7280810364470692,3000907.3972831597,5661000.0,0.0867376705774412,0.7280810362301516,3000907.395495036
5661000.0,0.09625021265976683,0.6359412748441975,2289429.007890672,5661000.0,0.09625023710854749,0.6359412738043305,2289429.0004034974
