cur_n,cur_mean,cur_std,cur_S,next_n,next_mean,next_std,next_S
3201000.0,-0.32048934314066835,1.3573028345397489,5897109.421863488,3201000.0,-0.3204907846983444,1.3573049445873462,5897127.75703663
3201000.0,-0.38900850206238813,1.3682367493589385,5992501.839150503,3201000.0,-0.38900941706713793,1.3682374685672467,5992508.139022575
3201000.0,-0.16779729550932526,0.9884983630875489,3127789.9732594704,3201000.0,-0.16779724184579287,0.9884983768596036,3127790.060414081
3201000.0,0.10137030683043426,0.8549463518517059,2339717.379807075,3201000.0,0.10137069621958096,0.8549465895291003,2339718.680702755
3201000.0,0.09429999287368242,0.7693752718031797,1894794.5266679553,3201000.0,0.0943001425862105,0.7693753000799604,1894794.6659463858
3201000.0,0.09302723108236675,0.6554136758532421,1375044.2438719634,3201000.0,0.09302713216406129,0.6554137137876304,1375044.4030430813
