cur_n,cur_mean,cur_std,cur_S,next_n,next_mean,next_std,next_S
3681000.0,-0.3016777414286752,1.328421095175678,6495870.29308262,3681000.0,-0.3016778514421805,1.3284210869606439,6495870.2127409335
3681000.0,-0.373414815557424,1.3394021430299061,6603707.008872181,3681000.0,-0.37341522268830274,1.3394022572930901,6603708.1355847595
3681000.0,-0.20442896259389373,0.995202073555822,3645762.4024993023,3681000.0,-0.20442895965010338,0.9952020741765444,3645762.407047135
3681000.0,0.09786625807557109,0.8300152479921372,2535934.073101872,3681000.0,0.09786633275664451,0.8300152515537713,2535934.0948654944
3681000.0,0.0872100128727092,0.7358175160360373,1992994.3216289391,3681000.0,0.08721059704947025,0.7358183003977138,1992998.5705878632
3681000.0,0.09925602500770295,0.6461669266977315,1536934.1772385666,3681000.0,0.0992560116335345,0.6461669292615538,1536934.189434877
