cur_n,cur_mean,cur_std,cur_S,next_n,next_mean,next_std,next_S
1321000.0,-0.3650528585804823,1.38336119927926,2527982.122333857,1321000.0,-0.36505286541262744,1.3833611974985995,2527982.115825827
1321000.0,-0.41907435910962565,1.3876277249195295,2543599.638617227,1321000.0,-0.41907439373689204,1.3876277150326182,2543599.6023706975
1321000.0,-0.20173216670604696,1.0215256161722388,1378482.7661193116,1321000.0,-0.20173213514289456,1.0215256230495144,1378482.784680189
1321000.0,0.10211295251185899,0.8209237658806733,890242.8106211603,1321000.0,0.10211294627270402,0.8209237666880616,890242.8123722889
1321000.0,0.09295511802198844,0.7560117135792931,755022.4523222799,1321000.0,0.09295512727138913,0.7560117125167849,755022.4502000441
1321000.0,0.0912222880876599,0.6402148700119036,541444.9803951378,1321000.0,0.09122228848904819,0.6402148699548617,541444.9802986543
