cur_n,cur_mean,cur_std,cur_S,next_n,next_mean,next_std,next_S
2002000.0,0.00024901230539400566,0.014104498256743585,398.27161589111466,2002000.0,0.00024902093266465587,0.014104503386730098,398.2719056041342
2002000.0,-0.007418176513804486,0.020309824124047002,825.8028898113425,2002000.0,-0.007418169976357909,0.020309828618269472,825.8032552839624
2002000.0,-0.005996981832553333,0.013839847377538496,383.4658336179855,2002000.0,-0.005996978676624976,0.013839849465414254,383.465949317105
2002000.0,-0.0001883254773632707,0.11570953322551086,26804.169550689738,2002000.0,-0.0001883316448557601,0.11570953354454115,26804.16969849678
2002000.0,-0.0001558771272978039,0.07003503745927991,9819.622756789327,2002000.0,-0.00015588026620124833,0.07003503759311844,9819.622794320365
2002000.0,-0.0007360568329093418,0.06040867067182307,7305.713399658226,2002000.0,-0.0007360648780533289,0.060408671646306124,7305.7136353626
