cur_n,cur_mean,cur_std,cur_S,next_n,next_mean,next_std,next_S
2822000.0,-0.0055954822913485336,0.033288953129987725,3127.211718184247,2822000.0,-0.005595483036249792,0.03328895302829883,3127.211699078647
2822000.0,-0.015668916925438585,0.05565691639382813,8741.68779044914,2822000.0,-0.015668921952274793,0.05565691561925567,8741.687547134525
2822000.0,-0.027305869605433117,0.08131952808227932,18661.506857314464,2822000.0,-0.027305874094167255,0.08131952692462822,18661.506325990336
2822000.0,-0.0003481322619608722,0.16518490537297023,77001.24146180366,2822000.0,-0.00034813047872805583,0.16518490540389433,77001.2414906343
2822000.0,-0.000519778368499675,0.14429623013841522,58757.99653475125,2822000.0,-0.0005197742716604035,0.14429623031729255,58757.99668043037
2822000.0,-0.0004706661511514142,0.14525890391141055,59544.6209451663,2822000.0,-0.0004706637721359154,0.14525890397409652,59544.62099655884
