cur_n,cur_mean,cur_std,cur_S,next_n,next_mean,next_std,next_S
1401000.0,-0.07025729467956905,1.1606858757611038,1887415.5747700403,1401000.0,-0.07025729507246027,1.1606858757374283,1887415.5746930419
1401000.0,-0.09462694975879957,1.1265206238996537,1777937.251215842,1401000.0,-0.09462696149652959,1.126520622999328,1777937.2483739546
1401000.0,-0.13459927855467452,0.8891252263944788,1107551.6791636574,1401000.0,-0.1345992724438072,0.8891252273489839,1107551.6815416436
1401000.0,0.10662952123667525,1.244487921865938,2169799.0129259517,1401000.0,0.10662952145647227,1.2444879218471299,2169799.012860366
1401000.0,0.10557754496884868,1.11133642222933,1730331.1693662566,1401000.0,0.10557754774505688,1.111336421970483,1730331.168560216
1401000.0,0.09916114210891651,0.6900064056284333,667028.4845713864,1401000.0,0.09916113980201141,0.6900064059653587,667028.4852227971
