cur_n,cur_mean,cur_std,cur_S,next_n,next_mean,next_std,next_S
4091000.0,-0.31077149562447026,1.3451518592294769,7402392.548273428,4091000.0,-0.310771526806368,1.3451518535040614,7402392.48525932
4091000.0,-0.38148036897049253,1.361308461577426,7581280.5364573635,4091000.0,-0.38148034775290857,1.3613084681997183,7581280.61021795
4091000.0,-0.15756726407543262,0.971899310853834,3864310.614362502,4091000.0,-0.1575672647215158,0.9718993107499213,3864310.61353618
4091000.0,0.09936382192800547,0.8594573331784041,3021886.3188039637,4091000.0,0.0993638045373209,0.8594573359086997,3021886.3380036196
4091000.0,0.09455878704697104,0.7683154828281794,2414952.814598962,4091000.0,0.09455878603136411,0.7683154829559119,2414952.8154019346
4091000.0,0.0928009056233841,0.6560447432606925,1760744.738809511,4091000.0,0.09280090212046749,0.6560447437944558,1760744.7416746225
