cur_n,cur_mean,cur_std,cur_S,next_n,next_mean,next_std,next_S
2282000.0,-0.010883352785104225,0.020966055786178252,1003.1112801128942,2282000.0,-0.010883353682619773,0.020966055364121505,1003.1112397266733
2282000.0,-0.018134484290818344,0.03177960077640696,2304.689984208813,2282000.0,-0.018134485217042102,0.03177960027867349,2304.689912016507
2282000.0,-0.004707861784901037,0.009448121630361347,203.70729934467664,2282000.0,-0.004707862679931695,0.009448121281122468,203.70728428506789
2282000.0,-0.0004549511312810758,0.05158622425884172,6072.718132952969,2282000.0,-0.00045495154038133613,0.05158622425893368,6072.71813297462
2282000.0,-0.00070965616943921,0.06369256207554193,9257.486302270112,2282000.0,-0.0007096565757537506,0.06369256207397064,9257.486301813351
2282000.0,-0.0005208401566677151,0.04351260397439297,4320.617179971044,2282000.0,-0.0005208405583608744,0.04351260397381492,4320.617179856248
