cur_n,cur_mean,cur_std,cur_S,next_n,next_mean,next_std,next_S
351000.0,-0.02033234152395641,0.07693829191211761,2077.7447675863323,351000.0,-0.020332356908451477,0.07693828838636818,2077.744577158209
351000.0,-0.019225378570783214,0.0771994693658634,2091.8750827001795,351000.0,-0.019225370097982454,0.07719947163908641,2091.8752058952914
351000.0,-0.007778451138794841,0.08248728151723132,2388.257215848143,351000.0,-0.007778453206042796,0.08248728133138268,2388.2572050863787
351000.0,0.03222268367454548,0.1360525163751556,6497.110811416206,351000.0,0.03222265273519255,0.1360525249376207,6497.1116292075685
351000.0,0.03364004745232591,0.1491471421351143,7807.949372482268,351000.0,0.033640036508879506,0.14914714474432147,7807.949645669636
351000.0,0.049512728172993674,0.3525588788016561,43628.514820680175,351000.0,0.049512757919525086,0.3525588750645854,43628.51389576888
