cur_n,cur_mean,cur_std,cur_S,next_n,next_mean,next_std,next_S
2481000.0,-0.3379619497304844,1.3694317831559306,4652726.997028445,2481000.0,-0.3379619167620642,1.369431792276765,4652727.0590056125
2481000.0,-0.39751572197267937,1.3757169566288283,4695533.516139848,2481000.0,-0.3975178162157951,1.3757203062640646,4695556.38180795
2481000.0,-0.18047411112467865,1.0062042812678924,2511881.145047395,2481000.0,-0.18047334298055104,1.0062051464806423,2511885.464871049
2481000.0,0.10373137190420628,0.8479068757116097,1783705.1993698564,2481000.0,0.10373136230231071,0.8479068770211369,1783705.2048794485
2481000.0,0.09430124152654763,0.7670003663028542,1459546.4030955154,2481000.0,0.09430163699855615,0.767000570629042,1459547.18073163
2481000.0,0.09277370836359777,0.6511288217513695,1051866.4501805257,2481000.0,0.09277340241192422,0.6511290436782136,1051867.1672043575
