cur_n,cur_mean,cur_std,cur_S,next_n,next_mean,next_std,next_S
1041000.0,0.18538822475408706,1.4748065708694058,2264231.6527602384,1041000.0,0.1853882779185129,1.4748065651839954,2264231.635302917
1041000.0,0.002610346184904544,1.4787941147049228,2276492.147067039,1041000.0,0.00261034543294159,1.4787941147064556,2276492.1470717583
1041000.0,0.04543940939656492,1.3371157753662173,1861181.6191992618,1041000.0,0.04543940293393639,1.3371157756020502,1861181.619855791
1041000.0,0.005588015174317881,0.8799717982638757,806098.7307350894,1041000.0,0.005588144441086126,0.8799718073267914,806098.7473392689
1041000.0,0.012232485755089331,0.7671178963651092,612597.1314674992,1041000.0,0.012232473629533775,0.767117896658265,612597.13193571
1041000.0,-1.8318708249443285e-06,0.7018838881728392,512839.2731681641,1041000.0,-1.9549526179965778e-06,0.7018838994067086,512839.2895844676
