cur_n,cur_mean,cur_std,cur_S,next_n,next_mean,next_std,next_S
2971000.0,-0.3231945335693412,1.3565111270010743,5467003.7623405205,2971000.0,-0.3231953301098848,1.3565116320299981,5467007.83307092
2971000.0,-0.39186635437464684,1.373236400110339,5602647.063656957,2971000.0,-0.39186772578985435,1.373238043297486,5602660.471695298
2971000.0,-0.1705973145379153,0.9914819683715845,2920601.4225034015,2971000.0,-0.17059680505742367,0.9914824449385337,2920604.23014386
2971000.0,0.10150899443355117,0.8508536077445524,2150860.981443216,2971000.0,0.10150928817007769,0.8508537233386559,2150861.565860704
2971000.0,0.09397404205908978,0.7701668969302354,1762269.5929567562,2971000.0,0.09397434054374267,0.7701670323527171,1762270.212695007
2971000.0,0.09234648462235857,0.6527078046535141,1265727.6378974167,2971000.0,0.09234632863723753,0.6527078820984197,1265727.9382589648
