cur_n,cur_mean,cur_std,cur_S,next_n,next_mean,next_std,next_S
651000.0,-0.020834671697152696,1.1460668050055505,855068.3981196955,651000.0,-0.020834255481203552,1.1460668617735135,855068.4828276585
651000.0,-0.09703296285490323,1.1085870034115874,800056.3088306369,651000.0,-0.09703202141903938,1.1085873460467726,800056.8033835823
651000.0,-0.10754092906983512,0.8133133962576278,430622.6210264083,651000.0,-0.10754093513822958,0.813313395469971,430622.6201923316
651000.0,0.09524364517101615,1.4116058607419986,1297202.850058834,651000.0,0.0952405739079569,1.4116082430220784,1297207.2284808892
651000.0,0.110991961572105,1.2779633255352438,1063206.860179928,651000.0,0.1109891596322413,1.277965568513166,1063210.5922926718
651000.0,0.0934111140339973,0.7324610768301871,349260.99812537554,651000.0,0.0934111221472798,0.7324610758247413,349260.9971665176
