cur_n,cur_mean,cur_std,cur_S,next_n,next_mean,next_std,next_S
1201000.0,-0.3450947965856234,1.3645660869532275,2236310.7674010745,1201000.0,-0.3450947615274705,1.3645660963602269,2236310.798234281
1201000.0,-0.3893835797550804,1.3384989340767035,2151686.8552258904,1201000.0,-0.38938331698870504,1.3384990414948748,2151687.200583321
1201000.0,-0.21066214874053213,1.0283344091109992,1270023.460010963,1201000.0,-0.21066226743400304,1.0283343930225683,1270023.4202715862
1201000.0,0.09553000710612886,0.8125048590121376,792857.1392479187,1201000.0,0.09552951975617512,0.8125050918490545,792857.5936610491
1201000.0,0.09431486225422332,0.7527866508349434,680591.9777520245,1201000.0,0.09431509515967149,0.7527866649260995,680592.003231562
1201000.0,0.09291727914103458,0.6343439111364336,483273.029312637,1201000.0,0.09291752163461459,0.6343439312822987,483273.06000877277
