cur_n,cur_mean,cur_std,cur_S,next_n,next_mean,next_std,next_S
1282000.0,0.00024844221334887446,0.013890812831724853,247.36790120354712,1282000.0,0.00024844285414159093,0.013890812839212115,247.36790147021387
1282000.0,-0.007343065046268734,0.02007818965471345,516.8174031572433,1282000.0,-0.007343065511146495,0.020078189491596305,516.8173947598948
1282000.0,-0.0059531526671484725,0.013837686009282956,245.47935234530974,1282000.0,-0.005953156330802266,0.013837685054891984,245.47931848368444
1282000.0,-0.00019281556005093753,0.11416785962801283,16709.972820557385,1282000.0,-0.00019281753827903985,0.11416785964664432,16709.972826011315
1282000.0,-0.00015865011264839873,0.06906489791703409,6115.088879340216,1282000.0,-0.00015865186789247,0.06906489794159786,6115.088883690027
1282000.0,-0.0007434742824657104,0.05953612552269317,4544.11341056947,1282000.0,-0.000743475483412357,0.059536125523223564,4544.113410650435
