cur_n,cur_mean,cur_std,cur_S,next_n,next_mean,next_std,next_S
2561000.0,-0.30191731760857754,1.3255236540779474,4499710.184209114,2561000.0,-0.30191736982346346,1.3255236448186996,4499710.121345005
2561000.0,-0.35966403796234625,1.3234452746568428,4485610.438624519,2561000.0,-0.3596640158525168,1.3234452811384807,4485610.482561511
2561000.0,-0.1883608544375576,0.9860152285911498,2489870.8654259765,2561000.0,-0.1883608535081841,0.9860152287697935,2489870.8663281933
2561000.0,0.0963005507166228,0.8383889906074921,1800116.9110035063,2561000.0,0.09630058109751317,0.8383889885275617,1800116.9020718103
2561000.0,0.08712188090685888,0.7477725611824725,1432018.5001421873,2561000.0,0.08712191178341057,0.7477725592176558,1432018.4926167608
2561000.0,0.09678763407722499,0.6537085029876654,1094404.4404155172,2561000.0,0.09678763316427523,0.6537085031244539,1094404.4408735258
