cur_n,cur_mean,cur_std,cur_S,next_n,next_mean,next_std,next_S
221000.0,0.12374059347812272,1.407357895242487,437725.0302116013,221000.0,0.12374094482455504,1.4073578740429964,437725.01702441176
221000.0,-0.005571820575464578,1.3647348215618678,411612.7504335541,221000.0,-0.005571836687027112,1.3647348215171027,411612.75040655135
221000.0,0.038323240443720596,1.240041454007855,339832.3204923993,221000.0,0.038323205212358664,1.2400414552072616,339832.321149792
221000.0,0.02336674924411492,0.9546254086695735,201399.4372639386,221000.0,0.023367197181180226,0.954625420930535,201399.44243738306
221000.0,0.02120072893763959,0.8303035668515916,152358.2869009511,221000.0,0.02120067488706845,0.8303035686205015,152358.2875501307
221000.0,0.017757446105872116,0.8068949515517246,143888.56128756487,221000.0,0.017756884264210303,0.806895007144838,143888.58111471427
