cur_n,cur_mean,cur_std,cur_S,next_n,next_mean,next_std,next_S
3371000.0,-0.30176494851087116,1.3290761200327836,5954680.475008354,3371000.0,-0.3017649341116291,1.3290761235651276,5954680.506660385
3371000.0,-0.3642494473454948,1.3322094983782142,5982790.619455547,3371000.0,-0.3642494462839996,1.3322094986698876,5982790.622075288
3371000.0,-0.19768757315415458,0.9898589561333014,3302975.758488769,3371000.0,-0.19768755473387584,0.9898589603898157,3302975.7868951666
3371000.0,0.09853848983768938,0.8350049092990186,2350373.1123237214,3371000.0,0.09853851107155324,0.8350049077033597,2350373.103340795
3371000.0,0.08517480878423053,0.737655750210071,1834282.4756124194,3371000.0,0.08517482239027038,0.7376557490620029,1834282.4699027615
3371000.0,0.09827488423392508,0.6494687644698431,1421920.41787011,3371000.0,0.09827488781356115,0.6494687639614228,1421920.4156438808
