cur_n,cur_mean,cur_std,cur_S,next_n,next_mean,next_std,next_S
4011000.0,-0.30234837450082624,1.3326602223356758,7123468.8887332445,4011000.0,-0.30234838618237103,1.3326602198908588,7123468.862596682
4011000.0,-0.37651458452959813,1.3443745839379582,7249252.860994754,4011000.0,-0.37651458321497505,1.344374584308771,7249252.8649938125
4011000.0,-0.20624799844867406,0.9954839266184995,3974853.8633528575,4011000.0,-0.206248000039815,0.99548392629396,3974853.8607611596
4011000.0,0.09677469215016807,0.8270678610356458,2743689.440746652,4011000.0,0.09677467234069266,0.8270678643051124,2743689.4624387072
4011000.0,0.08708711180847792,0.7344650636542215,2163689.547141413,4011000.0,0.08708708088636914,0.7344650699316172,2163689.5841270676
4011000.0,0.0983688802490069,0.6439233782179948,1663110.2785498719,4011000.0,0.098368886412782,0.6439233773946811,1663110.2742970008
