cur_n,cur_mean,cur_std,cur_S,next_n,next_mean,next_std,next_S
771000.0,-0.37083697446126307,1.3691366631573154,1445266.6410515937,771000.0,-0.3708369511490445,1.3691366696245657,1445266.654705309
771000.0,-0.41369789396052065,1.3501018712642348,1405359.573412006,771000.0,-0.4136978301642386,1.350101891974815,1405359.6165284743
771000.0,-0.20852373423903073,1.0255066304854472,810832.8277097736,771000.0,-0.208523722459608,1.0255066329327858,810832.8315798265
771000.0,0.10262161677402992,0.7816243930249153,471032.1893558784,771000.0,0.10262158000578842,0.7816243985190817,471032.1959778038
771000.0,0.0932868941233164,0.7240156715103738,404157.1919889081,771000.0,0.0932869495804444,0.7240156660024587,404157.1858396945
771000.0,0.08564910625830273,0.6245119286497796,300701.6798989437,771000.0,0.08564910400451779,0.6245119289619998,300701.680199611
