cur_n,cur_mean,cur_std,cur_S,next_n,next_mean,next_std,next_S
3121000.0,-0.2972565947328073,1.3242275324390602,5472918.678486954,3121000.0,-0.2972565973162111,1.3242275318670824,5472918.673759083
3121000.0,-0.3609043599201972,1.3272756177508567,5498142.624850341,3121000.0,-0.36090432391307137,1.3272756290660528,5498142.718595093
3121000.0,-0.19377214468224951,0.9885645461109849,3050028.0287639946,3121000.0,-0.19377213502892857,0.9885645481502797,3050028.0413477076
3121000.0,0.0966196677251318,0.8351632777761153,2176890.323403269,3121000.0,0.09661970420283306,0.8351632760423131,2176890.314364804
3121000.0,0.08539383820921519,0.7391496197397799,1705133.8824881206,3121000.0,0.0853937826389669,0.7391496326793181,1705133.9421881991
3121000.0,0.09755050901395682,0.6515745016773025,1325018.462787634,3121000.0,0.09755051407619648,0.6515745009807434,1325018.4599546394
