cur_n,cur_mean,cur_std,cur_S,next_n,next_mean,next_std,next_S
3062000.0,-0.012852061363713302,0.023121830621118274,1637.0035349938921,3062000.0,-0.01285206586377553,0.023121829460678985,1637.0033706779086
3062000.0,-0.021309522943698,0.03620166799905798,4012.9370652287253,3062000.0,-0.021309529770560623,0.03620166595154751,4012.9366112976836
3062000.0,-0.005452311647913085,0.009287628157324751,264.128232647096,3062000.0,-0.005452316488078391,0.009287629177708336,264.12829068390005
3062000.0,-0.0006432673860179652,0.05547348902692553,9422.717049520148,3062000.0,-0.0006432688155707095,0.05547348906674668,9422.717063048174
3062000.0,-0.0010297863661686674,0.06783194006556859,14088.78894894632,3062000.0,-0.0010298074161999224,0.06783194974706368,14088.792970666782
3062000.0,-0.0007278998988777856,0.04735360768484656,6866.119060278841,3062000.0,-0.000727901172907377,0.047353607717739866,6866.119069817684
