cur_n,cur_mean,cur_std,cur_S,next_n,next_mean,next_std,next_S
2742000.0,-0.01183889197817244,0.021485766113781998,1265.8117949504235,2742000.0,-0.011838892158128835,0.021485766016690108,1265.811783510286
2742000.0,-0.01957099133248602,0.032811411919514324,2952.0063584009117,2742000.0,-0.019570991504454165,0.03281141181817806,2952.0063401666894
2742000.0,-0.00523357655986772,0.009082464396743142,226.1907593986487,2742000.0,-0.005233576735524295,0.009082464300182287,226.190754589123
2742000.0,-0.0006276068702129086,0.055109823367438644,8327.707995820565,2742000.0,-0.0006276052859784832,0.055109823447916845,8327.70802014287
2742000.0,-0.0010076619753914857,0.06671790215801392,12205.405560260446,2742000.0,-0.0010076603707716734,0.06671790223515812,12205.405588486043
2742000.0,-0.0007149862020634886,0.04736961044484121,6152.718942714458,2742000.0,-0.0007149845854116945,0.04736961054488284,6152.718968702767
