cur_n,cur_mean,cur_std,cur_S,next_n,next_mean,next_std,next_S
1802000.0,0.00023154476274513266,0.014021495518963584,354.27741053214515,1802000.0,0.000231545878316327,0.014021495580511353,354.27741364236755
1802000.0,-0.007400690357975731,0.020194836005194325,734.9121851006009,1802000.0,-0.007400687482420545,0.020194837427900004,734.912288648238
1802000.0,-0.005974775257284368,0.013902407151486211,348.2850181394623,1802000.0,-0.005974777966764897,0.013902406462825404,348.2849836346124
1802000.0,-0.0001889925814199521,0.11496822418333431,23818.28201450869,1802000.0,-0.00018897698060683384,0.11496822611638124,23818.28281545795
1802000.0,-0.00015636535510123094,0.0697342819338389,8762.891878444292,1802000.0,-0.00015635079424435592,0.06973428470586823,8762.892575117236
1802000.0,-0.0007329516972970839,0.06014441700700849,6518.4663165975035,1802000.0,-0.0007329414152089793,0.06014441871607958,6518.466687056578
