cur_n,cur_mean,cur_std,cur_S,next_n,next_mean,next_std,next_S
1082000.0,-0.008080556878786522,0.015672911792942373,265.78265752303895,1082000.0,-0.008080570566601424,0.015672911203038202,265.78263751574264
1082000.0,-0.013775709880670853,0.02222524436085044,534.4663288252746,1082000.0,-0.013775730042456767,0.022225241758948,534.4662036856682
1082000.0,-0.004378698684177658,0.008601598722357558,80.05447562806114,1082000.0,-0.004378712125215723,0.00860160324285688,80.05455977202311
1082000.0,-0.000618140765304423,0.05572119073264755,3359.4488865905423,1082000.0,-0.0006181282523252769,0.05572119239165154,3359.4490866343363
1082000.0,-0.0009941775254063688,0.06481017300011069,4544.787923297226,1082000.0,-0.0009941670554727985,0.06481017407576192,4544.788074156469
1082000.0,-0.0006983797651682783,0.04933316904510065,2633.3300166111394,1082000.0,-0.0006983758104637343,0.04933316927259341,2633.3300408975797
