cur_n,cur_mean,cur_std,cur_S,next_n,next_mean,next_std,next_S
102000.0,-0.03697022778544026,0.09432604579924679,907.5350974444037,102000.0,-0.0369702712425441,0.09432602978770277,907.5347893420803
102000.0,-0.038180535913729705,0.09227417919855886,868.4814629703109,102000.0,-0.03818060929269266,0.09227415181231557,868.4809474535906
102000.0,-0.03622900488159596,0.08883922456933079,805.0255978521586,102000.0,-0.036228974654504344,0.08883923742057391,805.0258307578481
102000.0,-0.002222534552567243,0.17876940773447764,3259.7671164570625,102000.0,-0.0022222675641609614,0.17876943138941107,3259.767979127922
102000.0,-0.0021137055180836853,0.17502385144697521,3124.601554683951,102000.0,-0.0021138865467867675,0.17502385880987595,3124.601817575338
102000.0,-0.001917752883271378,0.17048555347292568,2964.6630421829204,102000.0,-0.001918151955236025,0.17048559662483914,2964.6645429657906
