cur_n,cur_mean,cur_std,cur_S,next_n,next_mean,next_std,next_S
2451000.0,-0.014486082754295544,0.16013182584956986,62849.03624394649,2451000.0,-0.014486042920411741,0.1601318415965013,62849.04860475619
2451000.0,-0.023025082065404517,0.03382885456935285,2804.9033250138154,2451000.0,-0.023025082044215522,0.033828854583790924,2804.9033274080684
2451000.0,-0.0004630619246520069,0.033750834766131506,2791.9802950036533,2451000.0,-0.00046309859571750804,0.0337508830917256,2791.988290314227
2451000.0,0.1061661692901644,0.45677445525692034,511383.7551923532,2451000.0,0.10616612195789282,0.45677447226886686,511383.79328394594
2451000.0,-7.545860154520373e-06,0.09427398534512564,21783.469150802615,2451000.0,-7.548447090376405e-06,0.09427398543191161,21783.469190909105
2451000.0,0.0028765365423942786,0.08560802413467143,17962.726534590336,2451000.0,0.002876531861411051,0.08560802460562565,17962.726732226525
