cur_n,cur_mean,cur_std,cur_S,next_n,next_mean,next_std,next_S
2042000.0,-0.010151682417983384,0.01979342921157673,800.0144331854533,2042000.0,-0.010151676838148731,0.01979343367937558,800.0147943461121
2042000.0,-0.01683804219773019,0.029291446514393863,1752.0132090452278,2042000.0,-0.01683803734139742,0.02929145012808822,1752.0136413380224
2042000.0,-0.0045410262632146455,0.009314006870521878,177.14497837559094,2042000.0,-0.004541020447848026,0.009314013412965541,177.14522723979388
2042000.0,-0.00045660878392769864,0.05123895244010275,5361.128564698905,2042000.0,-0.0004566090850052954,0.05123895243922401,5361.12856451502
2042000.0,-0.0007159006851922362,0.06271620624040072,8031.844596434873,2042000.0,-0.0007159006612640738,0.0627162062406828,8031.844596507124
2042000.0,-0.000518967643663576,0.04346558988723363,3857.863823668671,2042000.0,-0.0005189678255707393,0.04346558988583735,3857.8638234208115
