cur_n,cur_mean,cur_std,cur_S,next_n,next_mean,next_std,next_S
5221000.0,-0.3091262116155389,1.3418749444373537,9401080.701542187,5221000.0,-0.3091261913656056,1.3418749499000961,9401080.778085362
5221000.0,-0.39097356486383017,1.364126493233656,9715451.328498531,5221000.0,-0.39097357502347907,1.364126490519391,9715451.289835975
5221000.0,-0.21653412516015882,1.0020370741902644,5242292.794128373,5221000.0,-0.21653412181794243,1.0020370749416112,5242292.801989919
5221000.0,0.09621868597691254,0.8225020119965372,3532056.411393934,5221000.0,0.09621868356512463,0.8225020122971498,3532056.4139757664
5221000.0,0.08708306336776521,0.7294887474239201,2778375.1600992046,5221000.0,0.08708307359849075,0.7294887465772072,2778375.1536495197
5221000.0,0.09685710303359187,0.637726106451629,2123352.437943612,5221000.0,0.09685710004932274,0.6377261069413206,2123352.441204535
