cur_n,cur_mean,cur_std,cur_S,next_n,next_mean,next_std,next_S
1351000.0,-0.02676259111856839,0.14782873581486727,29523.855764172084,1351000.0,-0.02676257450951194,0.14782874008227775,29523.85746871772
1351000.0,-0.017222506850987175,0.034777036324209136,1633.9564871742339,1351000.0,-0.017222524376823114,0.03477703361104347,1633.9562322247075
1351000.0,-0.004500885421033088,0.03195260430274686,1379.3290132544162,1351000.0,-0.004500901417232506,0.03195260745894312,1379.3292857475901
1351000.0,0.10595252981383545,0.4538865109196883,278323.5154378401,1351000.0,0.10595252059539823,0.45388651319805684,278323.51823203434
1351000.0,0.0008872364985173832,0.09708780133505919,12734.58161807057,1351000.0,0.0008872500196608179,0.09708780248349859,12734.5819193421
1351000.0,0.0020851501639049886,0.07618059398904702,7840.50539860796,1351000.0,0.0020851911614705736,0.07618060777068687,7840.508235420482
