cur_n,cur_mean,cur_std,cur_S,next_n,next_mean,next_std,next_S
131000.0,-0.29711948967245505,1.2343734705693792,199601.80029475968,131000.0,-0.2971190790734699,1.2343735783484575,199601.83515114555
131000.0,-0.33472490659007387,1.1807220343548714,182627.6924358549,131000.0,-0.3347246296316658,1.180722117125474,182627.7180408733
131000.0,-0.1959061992348869,0.9659259520938446,122224.69578562041,131000.0,-0.19590653493519902,0.9659258916499514,122224.68048892771
131000.0,0.11207638643036191,0.807080802374011,85330.70422444874,131000.0,0.11207614489712163,0.8070808406493619,85330.71231796978
131000.0,0.0921454992568411,0.7198632026218231,67884.59699405219,131000.0,0.09214582732871364,0.7198631704204856,67884.59092074615
131000.0,0.0996897962239672,0.6344934627899677,52738.23601633973,131000.0,0.09968990728682592,0.6344934466134428,52738.23332719816
