cur_n,cur_mean,cur_std,cur_S,next_n,next_mean,next_std,next_S
1881000.0,-0.12166566311035663,1.2146667058818883,2775256.003196939,1881000.0,-0.12166568727458524,1.214666703913649,2775255.9942029193
1881000.0,-0.120717533974982,1.1768423054332113,2605105.644103687,1881000.0,-0.12071754594864846,1.1768423043195055,2605105.639172998
1881000.0,-0.16906680558766662,0.9818618356437611,1813383.0615365177,1881000.0,-0.16906679594329715,0.9818618373934753,1813383.0679995497
1881000.0,0.10571422616520827,1.1393245402017405,2441651.627271012,1881000.0,0.10571422884128392,1.1393245399593146,2441651.6262319405
1881000.0,0.10578489854807456,1.0330519587260236,2007396.3332734548,1881000.0,0.10578487993898199,1.0330519609469018,2007396.341904546
1881000.0,0.09793141495593288,0.6607114530670681,821131.0331465276,1881000.0,0.09793141227822258,0.6607114534741833,821131.0341584514
