cur_n,cur_mean,cur_std,cur_S,next_n,next_mean,next_std,next_S
3001000.0,-0.2983021745531179,1.3241747345811614,5262069.621836971,3001000.0,-0.2983021587205394,1.324174738431962,5262069.652441965
3001000.0,-0.36176342658425215,1.3267130431706489,5282262.6642562905,3001000.0,-0.3617634141255975,1.3267130467433985,5282262.692705853
3001000.0,-0.19188154331897167,0.9877286822986671,2927799.4574562185,3001000.0,-0.1918815358022568,0.9877286838447391,2927799.4666218716
3001000.0,0.0961947250905793,0.8355993113625926,2095376.8536580664,3001000.0,0.09619473671188007,0.8355993102672746,2095376.8481647545
3001000.0,0.08635784141233549,0.7404907458842146,1645527.9607652214,3001000.0,0.08635787356353873,0.7404907442293002,1645527.9534100778
3001000.0,0.09705064189233994,0.6517957300589817,1274937.858843086,3001000.0,0.09705064479490903,0.6517957296461572,1274937.8572280842
