cur_n,cur_mean,cur_std,cur_S,next_n,next_mean,next_std,next_S
191000.0,-0.27937189760437986,1.2913401477318214,318503.84103451204,191000.0,-0.27937238879678067,1.2913400593087982,318503.7974161493
191000.0,-0.362272460470993,1.2038982537600205,276829.8620326275,191000.0,-0.36227282818138934,1.2038981538356552,276829.8160784997
191000.0,-0.20172030709876887,0.9787487444315143,182968.27900271674,191000.0,-0.20172012552693122,0.9787487850703124,182968.294196833
191000.0,0.10219938714254356,0.7971819139065353,121380.30973720014,191000.0,0.10219942169209675,0.7971819096202526,121380.30843192639
191000.0,0.10029514376296123,0.7068789004909973,95438.455972238,191000.0,0.10029530176179657,0.7068788814460055,95438.45082956199
191000.0,0.08909583654141993,0.6316055327317434,76194.77985467372,191000.0,0.08909541118113339,0.6316056200911468,76194.80093216793
