cur_n,cur_mean,cur_std,cur_S,next_n,next_mean,next_std,next_S
471000.0,0.15210943393482743,1.3888699477486004,908540.0336585832,471000.0,0.1521095720931541,1.3888699358540098,908540.0180967061
471000.0,-0.03089598866728041,1.3740776863778545,889290.1489429149,471000.0,-0.03089599299486007,1.3740776862837543,889290.1488211132
471000.0,0.052959332514838524,1.212375663435218,692301.5869155829,471000.0,0.05295931852149197,1.2123756640844747,692301.5876570718
471000.0,0.015410075353820548,0.9473176782430655,422680.47903407295,471000.0,0.015410398195789788,0.9473176989017802,422680.49746935756
471000.0,0.025367825510032745,0.8233454636102423,319289.8414028031,471000.0,0.025367801927520653,0.8233454644959076,319289.8420897175
471000.0,0.004877360806750676,0.7731668044095912,281557.63340468233,471000.0,0.0048770837084285935,0.7731668295451429,281557.6517114863
