cur_n,cur_mean,cur_std,cur_S,next_n,next_mean,next_std,next_S
3151000.0,-0.007092577523303084,0.017892818868319074,1008.8019991886508,3151000.0,-0.007092577065585679,0.017892819068202517,1008.8020217276169
3151000.0,-0.00979850164105331,0.020272956809309094,1295.0382428229448,3151000.0,-0.009798503567591915,0.020272956166599226,1295.0381607102215
3151000.0,-0.008081111056250086,0.018760797239925017,1109.0496337074487,3151000.0,-0.008081111573947305,0.018760797039437244,1109.0496100036703
3151000.0,-0.0014341821407517481,0.0690771398846632,15035.473103387427,3151000.0,-0.0014341811513266377,0.06907713992753253,15035.473122049483
3151000.0,-0.0018380683775397716,0.07378603493969803,17155.23807813749,3151000.0,-0.0018380673693253835,0.07378603498651967,17155.238099909533
3151000.0,-0.0016439224270864263,0.06690367563485464,14104.196814193054,3151000.0,-0.0016439192765114383,0.06690367594601601,14104.196945387079
