cur_n,cur_mean,cur_std,cur_S,next_n,next_mean,next_std,next_S
251000.0,-0.27445276480031866,1.266168729404207,402398.99608158704,251000.0,-0.27445264983814716,1.2661687556331924,402399.0127531684
251000.0,-0.35181256323272225,1.2111676084549072,368198.67091836524,251000.0,-0.3518125804192261,1.2111676034932815,368198.6679016663
251000.0,-0.19379396612228553,0.950445879848773,226740.1900008986,251000.0,-0.19379409282130242,0.9504458561347161,226740.17868635702
251000.0,0.10013545905339402,0.7909565044820677,157028.66018760527,251000.0,0.1001358051406395,0.7909564796719428,157028.65033649316
251000.0,0.09792665752077218,0.713425212010261,127752.85881610334,251000.0,0.09792738091213879,0.7134252047691007,127752.85622275811
251000.0,0.08365145337324062,0.6126710721439349,94216.82650314168,251000.0,0.08365139510111766,0.6126710807957222,94216.82916409298
