cur_n,cur_mean,cur_std,cur_S,next_n,next_mean,next_std,next_S
1282000.0,-0.008371914006838403,0.015956652185439006,326.41610817579067,1282000.0,-0.008371919387038428,0.01595665052545156,326.41604026096655
1282000.0,-0.014174398985734332,0.022820019064631405,667.6056922812004,1282000.0,-0.014174406131757586,0.022820016060359778,667.6055164996903
1282000.0,-0.0044440443895482394,0.008536740014282307,93.42694235159723,1282000.0,-0.00444404961943506,0.008536739345477978,93.42692771267392
1282000.0,-0.0006228152139669684,0.05517582345095803,3902.8842546558335,1282000.0,-0.00062281464537289,0.05517582346113353,3902.8842560953713
1282000.0,-0.0009881686459378251,0.06446857485016577,5328.244737597049,1282000.0,-0.0009881686120417421,0.06446857485069944,5328.244737685262
1282000.0,-0.000701690865006794,0.048773586957385616,3049.702089972139,1282000.0,-0.0007016912488407921,0.048773586953799374,3049.7020895236597
