cur_n,cur_mean,cur_std,cur_S,next_n,next_mean,next_std,next_S
741000.0,-0.380008422962745,1.3865371229390893,1424561.5282265616,741000.0,-0.3800084058758777,1.3865371277001366,1424561.53800979
741000.0,-0.4328868707857362,1.3530768385326286,1356635.3458513287,741000.0,-0.4328868652615999,1.3530768403082685,1356635.3494119481
741000.0,-0.23287593875090357,1.0558110044257403,826020.0259062694,741000.0,-0.23287594247735488,1.0558110036086739,826020.0246277961
741000.0,0.09934232874458114,0.7874065009616733,459426.6673377189,741000.0,0.09934224136766938,0.787406515577852,459426.68439387047
741000.0,0.09351145657649869,0.7218034605575824,386061.1746336199,741000.0,0.09351137021273583,0.7218034755747686,386061.19069769536
741000.0,0.08766908034820474,0.6098519796308703,275592.3028612314,741000.0,0.08766906413749412,0.6098519821208755,275592.3051116997
