cur_n,cur_mean,cur_std,cur_S,next_n,next_mean,next_std,next_S
2311000.0,-0.31246741594842303,1.331936687268895,4099841.8881813483,2311000.0,-0.3124670184109046,1.3319369176313285,4099843.3063413035
2311000.0,-0.36678984224598155,1.327591129944609,4073133.3593988717,2311000.0,-0.3667897999349007,1.327591143192626,4073133.4406903773
2311000.0,-0.1918121066137901,0.989971876330433,2264882.414103133,2311000.0,-0.19181211928017475,0.989971874063489,2264882.40373039
2311000.0,0.0980357629144584,0.8384775852711525,1624736.2115759517,2311000.0,0.09803549432601125,0.8384777160900719,1624736.7185573091
2311000.0,0.09106967841149329,0.7510392542355945,1303542.5708017736,2311000.0,0.09106969043203901,0.7510392530003474,1303542.566513856
2311000.0,0.09877692385524554,0.6539132213033887,988189.3798003106,2311000.0,0.0987769241925338,0.6539132212526256,988189.3796468851
