cur_n,cur_mean,cur_std,cur_S,next_n,next_mean,next_std,next_S
22000.0,0.001175586458791921,0.017608819842307253,6.82155179725434,22000.0,0.0011753714468176694,0.017608863074776073,6.82158529329667
22000.0,-0.008741288682714175,0.02705559756998793,16.10411791712101,22000.0,-0.008741363179175824,0.02705557575745395,16.104091950481255
22000.0,-0.0076441256073667245,0.037877306844667856,31.563188223712693,22000.0,-0.007644737197398957,0.037877292039177037,31.56316354886429
22000.0,6.831198985676906e-05,0.1438920351769645,455.50819132211336,22000.0,6.786023238474294e-05,0.14389205099223282,455.5082914525293
22000.0,3.0524212227372043e-05,0.09082572835609742,181.48488449114316,22000.0,3.069535194588448e-05,0.09082573184561818,181.4848984364271
22000.0,-0.0008558478256709401,0.08353499009398235,153.51808054003806,22000.0,-0.0008558357263263322,0.08353499023722186,153.5180810665205
