cur_n,cur_mean,cur_std,cur_S,next_n,next_mean,next_std,next_S
1161000.0,0.19391114309591395,1.5186188530002684,2677501.9392185947,1161000.0,0.19391119651600816,1.518618847269942,2677501.919012129
1161000.0,0.016328891838372942,1.5280721377898467,2710940.176074263,1161000.0,0.01632889333494037,1.5280721377747135,2710940.1760205682
1161000.0,0.038770848742026506,1.363808927263238,2159430.731286252,1161000.0,0.038770835184418435,1.3638089277268497,2159430.7327544005
1161000.0,0.0034508495356830415,0.8612023751714839,861078.3254921671,1161000.0,0.003450977955070187,0.8612023857730986,861078.3466923425
1161000.0,0.008982281513752743,0.7518311710413391,656255.3774190434,1161000.0,0.008982268768718688,0.751831171319077,656255.3779039046
1161000.0,0.0019035686217117119,0.6875837043914073,548887.5379822924,1161000.0,0.0019034498863566673,0.6875837166225646,548887.5575101835
