cur_n,cur_mean,cur_std,cur_S,next_n,next_mean,next_std,next_S
3291000.0,-0.2998592901880978,1.3255246748681724,5782338.549185276,3291000.0,-0.29985931623842127,1.3255246698175842,5782338.505120896
3291000.0,-0.36070187540700555,1.327863868658708,5802765.0950913895,3291000.0,-0.3607018877635924,1.3278638654913821,5802765.067408962
3291000.0,-0.19588880620256796,0.9899250413529966,3225020.6744550364,3291000.0,-0.1958888014635714,0.9899250423280843,3225020.6808084017
3291000.0,0.09780268518991747,0.8346298141593269,2292533.395715835,3291000.0,0.0978027034738683,0.8346298126759025,2292533.3875665935
3291000.0,0.08419603864587925,0.7376160637332341,1790558.9125578287,3291000.0,0.0841960568857348,0.7376160623933862,1790558.9060528816
3291000.0,0.09764198900375615,0.6507163314975762,1393513.8697595906,3291000.0,0.0976419842430584,0.6507163322692238,1393513.8730645687
