cur_n,cur_mean,cur_std,cur_S,next_n,next_mean,next_std,next_S
4141000.0,-0.30927603433676265,1.3436687682871673,7476350.887482133,4141000.0,-0.30927601490486667,1.343668773341751,7476350.943730878
4141000.0,-0.38226993533667675,1.3620179151884062,7681939.290159168,4141000.0,-0.382269956467871,1.3620179099364653,7681939.230916055
4141000.0,-0.1577259690326095,0.9726437558850667,3917534.561945408,4141000.0,-0.1577259702117611,0.9726437556967711,3917534.560428605
4141000.0,0.0987337452576972,0.8586425926603652,3053023.0690942584,4141000.0,0.09873380189237313,0.8586425938823946,3053023.0777844484
4141000.0,0.0951548394947264,0.768977879885014,2448685.0231549,4141000.0,0.09515485447046376,0.7689778786357498,2448685.015198743
4141000.0,0.0931822271104301,0.6561845132731479,1783023.9761178636,4141000.0,0.0931822237655234,0.6561845137834528,1783023.9788911263
