cur_n,cur_mean,cur_std,cur_S,next_n,next_mean,next_std,next_S
3422000.0,-0.004744405331279761,0.031512568936718804,3398.189727392759,3422000.0,-0.004744409309411859,0.0315125691970483,3398.189783538547
3422000.0,-0.014752010695039564,0.05174386439187632,9162.156912545119,3422000.0,-0.014752017369979104,0.051743863962156134,9162.15676036616
3422000.0,-0.022919620635701275,0.07466711829817721,19078.261015052554,3422000.0,-0.02291962156008969,0.07466711803400068,19078.2608800526
3422000.0,-0.00031792788643511863,0.1649407409749926,93097.04317022499,3422000.0,-0.00031792912965329407,0.16494074098863007,93097.04318561971
3422000.0,-0.0005013789726306614,0.1358107569896956,63117.29018569862,3422000.0,-0.0005013795847114632,0.13581075699215242,63117.29018798222
3422000.0,-0.0005152852106225034,0.13563324276827834,62952.40053301614,3422000.0,-0.0005152863690065687,0.13563324278080247,62952.40054464194
