cur_n,cur_mean,cur_std,cur_S,next_n,next_mean,next_std,next_S
2182000.0,-0.006675300646191031,0.03545326916863131,2742.63063113015,2182000.0,-0.006675303652126903,0.035453268880713644,2742.6305865840854
2182000.0,-0.015747129975471383,0.06041768579517425,7964.947523434483,2182000.0,-0.015747140115437624,0.060417685008979115,7964.947316144088
2182000.0,-0.03275164826830771,0.09085291448420048,18010.77801733666,2182000.0,-0.03275166555130132,0.090852911840767,18010.776969262566
2182000.0,-0.0003929408552934018,0.16237609468581138,57530.60354565679,2182000.0,-0.00039294317304994344,0.1623760947162994,57530.60356726091
2182000.0,-0.0004981517216894958,0.1547693330476211,52266.63835827593,2182000.0,-0.0004981513643773164,0.15476933304967166,52266.6383596609
2182000.0,-0.0004603993314461297,0.1577508465469083,54299.789157232866,2182000.0,-0.00046038263379361455,0.15775084852389964,54299.79051824254
