cur_n,cur_mean,cur_std,cur_S,next_n,next_mean,next_std,next_S
3911000.0,-0.302912606526916,1.3333219451081924,6952770.117800042,3911000.0,-0.3029126190570073,1.3333219424918785,6952770.090513865
3911000.0,-0.3756421986668973,1.343428058155267,7058568.683433269,3911000.0,-0.3756422040617866,1.3434280566892043,7058568.668027451
3911000.0,-0.20502722541678642,0.9938481621813819,3863028.3368022954,3911000.0,-0.20502722812760052,0.993848161636623,3863028.332567405
3911000.0,0.0974380770684477,0.8293572721167609,2690116.759103467,3911000.0,0.09743807875498428,0.8293572719253486,2690116.757861731
3911000.0,0.08690063245177547,0.7353045033380791,2114570.979093033,3911000.0,0.08690063790530311,0.7353045027726538,2114570.9758409597
3911000.0,0.09836696888979833,0.6437229861645767,1620637.3754869783,3911000.0,0.0983669691885879,0.6437229861191589,1620637.3752582902
