cur_n,cur_mean,cur_std,cur_S,next_n,next_mean,next_std,next_S
1582000.0,-0.009066120090034558,0.018128939386726006,519.9376572809603,1582000.0,-0.009066121686045701,0.018128938699716362,519.9376178741124
1582000.0,-0.015079345786671125,0.026260970488350178,1091.0082193061785,1582000.0,-0.015079356207302514,0.02626096777550207,1091.0079938964257
1582000.0,-0.004273039900729322,0.009090815182905486,130.74110053117644,1582000.0,-0.004273044662293081,0.00909081491753586,130.74109289825998
1582000.0,-0.0004491835582922521,0.050970506017327985,4110.024109154025,1582000.0,-0.00044917484286192017,0.05097050727291916,4110.0243116440715
1582000.0,-0.000697740070525296,0.06171675772757726,6025.771847727868,1582000.0,-0.0006977281656560265,0.06171675967861399,6025.772228710369
1582000.0,-0.0005076992593372289,0.043576360566194225,3004.0585347084375,1582000.0,-0.0005076878231954476,0.043576363073452216,3004.0588803981595
