cur_n,cur_mean,cur_std,cur_S,next_n,next_mean,next_std,next_S
3331000.0,-0.31732889926975677,1.3540748341278595,6107450.6445296565,3331000.0,-0.31732874491592544,1.3540748996055196,6107451.235193597
3331000.0,-0.3867329330992376,1.3665425018782853,6220437.341843852,3331000.0,-0.386732729253112,1.3665426102107776,6220438.328092733
3331000.0,-0.16785750137400587,0.9862902381966093,3240291.65352717,3331000.0,-0.16785742823377664,0.9862902596778073,3240291.794672939
3331000.0,0.10070298758197944,0.85521712188507,2436281.16045829,3331000.0,0.10070273902314188,0.8552172714700409,2436282.0127122235
3331000.0,0.09381185361531491,0.7693233551112701,1971480.4127411926,3331000.0,0.09381165364975998,0.7693234660609475,1971480.981384091
3331000.0,0.09438957579636512,0.6569021747241656,1437394.6761010934,3331000.0,0.09438946262675017,0.6569022234569662,1437394.8893695937
