cur_n,cur_mean,cur_std,cur_S,next_n,next_mean,next_std,next_S
1361000.0,0.18511612274246128,1.5561113021106048,3295637.525381208,1361000.0,0.1851161466714827,1.5561112995144242,3295637.514384476
1361000.0,0.03246683154810492,1.5791971374092786,3394148.357969059,1361000.0,0.03246683031277938,1.5791971374353615,3394148.3580811787
1361000.0,0.039023119644489276,1.3968268569884008,2655481.4902979727,1361000.0,0.03902311231080104,1.396826857219442,2655481.4911764287
1361000.0,0.007872041315521463,0.8382051153917472,956222.0168531626,1361000.0,0.007872167704276734,0.8382051271733636,956222.0437340316
1361000.0,0.0035214892478906087,0.7339704184121746,733187.8147167381,1361000.0,0.0035214809211391983,0.7339704185164482,733187.814925063
1361000.0,0.0009238453932205712,0.6660156820535559,603708.1455768592,1361000.0,0.0009237416474272255,0.6660156931947079,603708.1657745948
