cur_n,cur_mean,cur_std,cur_S,next_n,next_mean,next_std,next_S
2551000.0,-0.3024788079542224,1.3260037469337744,4485387.4249870265,2551000.0,-0.30247877094199155,1.3260037566945253,4485387.491021152
2551000.0,-0.3602906547190085,1.3239021433050364,4471180.773756604,2551000.0,-0.3602906701103503,1.3239021393446464,4471180.747005956
2551000.0,-0.1887305031636232,0.986502973180687,2482602.884156649,2551000.0,-0.1887304991249843,0.9865029739744067,2482602.88815155
2551000.0,0.09642244509799175,0.8385413494548165,1793739.7181957825,2551000.0,0.0964224904200261,0.8385413473677801,1793739.709266944
2551000.0,0.08747241468140247,0.7476984373357115,1426144.0835985697,2551000.0,0.0874724288705922,0.7476984360191987,1426144.0785763927
2551000.0,0.09706555222533668,0.6539463252551581,1090924.4263988633,2551000.0,0.09706553989310476,0.653946327382256,1090924.4334957856
