cur_n,cur_mean,cur_std,cur_S,next_n,next_mean,next_std,next_S
5151000.0,-0.3088334722962871,1.3405606127332144,9256876.298276413,5151000.0,-0.3088334875856144,1.3405606096600862,9256876.255835114
5151000.0,-0.38980951488129073,1.3636020225250687,9577823.361023294,5151000.0,-0.38980952124520357,1.363602020782409,9577823.336542713
5151000.0,-0.2157246978786882,1.0012616948419124,5164006.180003707,5151000.0,-0.21572470207432476,1.0012616939832406,5164006.171146509
5151000.0,0.09662398158696663,0.8225036086985422,3484714.2717452645,5151000.0,0.0966239943588507,0.8225036077089499,3484714.263360021
5151000.0,0.08661980945625349,0.7303101864945493,2747301.14073167,5151000.0,0.08661980003974885,0.7303101879241222,2747301.151487284
5151000.0,0.09667271648394403,0.6381372787392031,2097586.029747395,5151000.0,0.09667271146308339,0.6381372796015501,2097586.035416542
