cur_n,cur_mean,cur_std,cur_S,next_n,next_mean,next_std,next_S
522000.0,-0.012208754131841125,0.0506962127619834,1341.5953259491264,522000.0,-0.012208749954596929,0.05069621385779006,1341.5953839467174
522000.0,-0.013386863344758238,0.05058226267209281,1335.5710850489256,522000.0,-0.013386860594813928,0.05058226343890085,1335.5711255424346
522000.0,-0.022128170148272345,0.06658161033791793,2314.083855969357,522000.0,-0.022128180245569864,0.06658160738177968,2314.083650484641
522000.0,-0.00066950755735742,0.14209791455822618,10540.128641978008,522000.0,-0.0006695042389399974,0.14209791459408325,10540.128647297412
522000.0,-0.000677549096137012,0.1411848457373633,10405.109867590965,522000.0,-0.0006775452335675009,0.14118484578348015,10405.109874388449
522000.0,-0.0006290130949498979,0.14952284377493363,11670.396183103554,522000.0,-0.0006289988930622192,0.14952284418674294,11670.39624738775
