cur_n,cur_mean,cur_std,cur_S,next_n,next_mean,next_std,next_S
2442000.0,-0.010888159571109158,0.019776178840484108,955.0594833542414,2442000.0,-0.010888160831705877,0.019776178244550597,955.0594257948973
2442000.0,-0.018111076936560336,0.030017309241468764,2200.3368817072333,2442000.0,-0.018111078226535276,0.030017308530845204,2200.3367775265956
2442000.0,-0.0050836493210287175,0.008964909695188136,196.2625774683087,2442000.0,-0.005083650597896276,0.008964909193181748,196.26255548815092
2442000.0,-0.0006251807575404386,0.055092960632111894,7412.042187978313,2442000.0,-0.0006251796334438411,0.05509296067287094,7412.042198945516
2442000.0,-0.0010093599629856752,0.0662358162471752,10713.501750295982,2442000.0,-0.0010093587679994133,0.06623581629171071,10713.50176470303
2442000.0,-0.0007125304750293259,0.04770137160740162,5556.577723581364,2442000.0,-0.000712529345921336,0.04770137165689877,5556.577735112887
