cur_n,cur_mean,cur_std,cur_S,next_n,next_mean,next_std,next_S
1671000.0,-0.0896523374021955,1.1728150754755107,2298452.4813098507,1671000.0,-0.08965229886130296,1.1728150794798717,2298452.497005136
1671000.0,-0.11067793738674518,1.1578530355837946,2240182.122509726,1671000.0,-0.11067793013208525,1.1578530363152095,2240182.125339969
1671000.0,-0.14474014449269204,0.9245361636464581,1428315.8539943744,1671000.0,-0.1447401246914311,0.9245361671007254,1428315.864667369
1671000.0,0.10417945445237993,1.1805649950034343,2328929.025111283,1671000.0,0.10417942476147972,1.1805649982473976,2328929.0379101727
1671000.0,0.10754032010721333,1.0652850353629972,1896304.6171757001,1671000.0,0.10754027595406944,1.0652850413492618,1896304.6384878948
1671000.0,0.09601126567160213,0.6716742325745118,753865.4250313186,1671000.0,0.09601124669226835,0.6716742357355613,753865.432127038
