cur_n,cur_mean,cur_std,cur_S,next_n,next_mean,next_std,next_S
1342000.0,-0.008764931465112038,0.017647177679500116,417.9295050295788,1342000.0,-0.00876492841296788,0.017647179549633813,417.92959360851256
1342000.0,-0.01462516785761708,0.025488533560076666,871.8508903639134,1342000.0,-0.014625164974724535,0.02548853543305626,871.8510184967447
1342000.0,-0.004237868224465052,0.009102566494251679,111.19371392181075,1342000.0,-0.0042378651129749536,0.009102568656529548,111.1937667490514
1342000.0,-0.00044914249475572096,0.051274560472518466,3528.2261003142376,1342000.0,-0.0004491518988814619,0.051274561547472466,3528.226248250397
1342000.0,-0.0006957929772428296,0.061878065875327966,5138.377138944656,1342000.0,-0.0006958009868773541,0.06187806648094553,5138.377239526062
1342000.0,-0.000506648203776893,0.04399080572096387,2597.0263058686064,1342000.0,-0.0005066577059741182,0.04399080698875998,2597.026455558972
