cur_n,cur_mean,cur_std,cur_S,next_n,next_mean,next_std,next_S
62000.0,0.0008777692424653336,0.01650321855910055,16.886085814185336,62000.0,0.0008776553504539021,0.016503248982078566,16.88614807179759
62000.0,-0.008318020638379792,0.025227704604575893,39.45909893617587,62000.0,-0.00831811486112393,0.025227684446749728,39.459035877776245
62000.0,-0.005870878249241981,0.025376857919960822,39.92706490917245,62000.0,-0.005870948428167959,0.02537684770053495,39.92703275140105
62000.0,-8.15544708643899e-06,0.13634638415963507,1152.6008613512204,62000.0,-8.215299947908147e-06,0.13634638497053567,1152.6008750610779
62000.0,-4.490702254028138e-06,0.08446388706309965,442.3171895040993,62000.0,-4.551084399773839e-06,0.08446388839802597,442.31720348547964
62000.0,-0.0009008763204771378,0.07432176405009486,342.47092591411433,62000.0,-0.000900863220195739,0.07432176428046917,342.47092803722063
