cur_n,cur_mean,cur_std,cur_S,next_n,next_mean,next_std,next_S
751000.0,-0.026756176001746342,0.10424255999015915,8160.74999628975,751000.0,-0.02675620118485683,0.10424255581081178,8160.749341919627
751000.0,-0.036491903784571976,0.11651981014419316,10196.226483185153,751000.0,-0.03649188160173113,0.11651981867724485,10196.227976578093
751000.0,-0.03149251058919761,0.15142578841248291,17220.256816652876,751000.0,-0.03149244758391923,0.15142581135970687,17220.262035805095
751000.0,0.034505449941959886,0.18135355355774077,24699.722652403285,751000.0,0.03450548286462385,0.18135354953793312,24699.721557435678
751000.0,0.03320401887048992,0.12457518804256507,11654.752084356176,751000.0,0.03320403006204839,0.12457518543712737,11654.751596847696
751000.0,0.054409830154184956,0.4164468261738619,130244.39723174235,751000.0,0.05440978610066416,0.4164468336794679,130244.40192652246
