cur_n,cur_mean,cur_std,cur_S,next_n,next_mean,next_std,next_S
2501000.0,-0.040642453484284406,0.128694648011287,41422.343379299375,2501000.0,-0.04064245536860013,0.12869464745071407,41422.34301844142
2501000.0,-0.03750319009399025,0.12396332585269058,38432.632297307326,2501000.0,-0.03750319395295392,0.12396332483544692,38432.63166655059
2501000.0,-0.007060728966340872,0.18854110513201258,88904.91855932595,2501000.0,-0.007060719591660085,0.1885411060659827,88904.91944013693
2501000.0,0.03049551133791796,0.14845727347254967,55120.944679305394,2501000.0,0.03049550962449696,0.14845727384925198,55120.94495903824
2501000.0,0.031969036516642284,0.15437096584210855,59599.818132658635,2501000.0,0.031969031324904945,0.15437096713562212,59599.819131462704
2501000.0,0.048693288100564766,0.3754229403266444,352496.90269288153,2501000.0,0.0486932655977091,0.3754229449320169,352496.9113411519
