cur_n,cur_mean,cur_std,cur_S,next_n,next_mean,next_std,next_S
521000.0,-0.3536663968918985,1.3279546099730608,918764.4554434747,521000.0,-0.353666361801884,1.3279546195599117,918764.4687090756
521000.0,-0.39163204162217585,1.2918402038586319,869471.4295111714,521000.0,-0.39163216981392834,1.291840168309977,869471.3816592171
521000.0,-0.19430646962162598,0.9889317455621588,509530.7046353021,521000.0,-0.19430644377716913,0.9889317508160538,509530.710049267
521000.0,0.10884458639523792,0.7818712302326758,318499.08536675567,521000.0,0.10884465459254401,0.7818712222884419,318499.07889451034
521000.0,0.09237010162646322,0.7181779637298537,268721.16513290984,521000.0,0.09237018050201769,0.7181779558417276,268721.15922989824
521000.0,0.07958058738542226,0.6045560601147782,190419.26353700328,521000.0,0.07958058746378571,0.6045560601044525,190419.2635304986
