cur_n,cur_mean,cur_std,cur_S,next_n,next_mean,next_std,next_S
1462000.0,-0.008687510234261609,0.016385594670004687,392.52903595232095,1462000.0,-0.008687515165169728,0.016385593140374893,392.52896266549885
1462000.0,-0.014630940397368465,0.02353793645309859,809.998369511297,1462000.0,-0.014630947801980149,0.023537933553226847,809.9981699278508
1462000.0,-0.004545095951257079,0.008602365263627084,108.18900604439023,1462000.0,-0.004545100726394832,0.008602364678293964,108.18899132132175
1462000.0,-0.0006222655731447257,0.055184089564070296,4452.204829364416,1462000.0,-0.000622266492045209,0.05518408956489378,4452.204829497292
1462000.0,-0.000990197264774922,0.06472906118498246,6125.5626910820165,1462000.0,-0.0009901998191000525,0.06472906121959386,6125.562697632837
1462000.0,-0.0007014311574468626,0.04865897176524265,3461.570869612496,1462000.0,-0.0007014319381102914,0.04865897176314425,3461.5708693139386
