cur_n,cur_mean,cur_std,cur_S,next_n,next_mean,next_std,next_S
4111000.0,-0.302160085358331,1.3321178696776204,7295125.79493507,4111000.0,-0.3021601059319503,1.3321178656641848,7295125.75097722
4111000.0,-0.37938070642803934,1.3482523052768436,7472911.169671252,4111000.0,-0.3793806942934931,1.3482523089158933,7472911.210011321
4111000.0,-0.20642181583159533,0.9965635026483367,4082793.667686876,4111000.0,-0.20642181786058597,0.9965635022365781,4082793.6643130304
4111000.0,0.0965217290462605,0.8258030932614754,2803499.5284821484,4111000.0,0.09652171240875589,0.825803095895133,2803499.5463640336
4111000.0,0.08779954103532606,0.7342721759655125,2216468.7883405956,4111000.0,0.08779952013171517,0.7342721796882561,2216468.81081549
4111000.0,0.09767465526609748,0.6435010475849079,1702338.7823764544,4111000.0,0.09767465634410792,0.6435010474249584,1702338.7815301835
