cur_n,cur_mean,cur_std,cur_S,next_n,next_mean,next_std,next_S
3481000.0,-0.3021963966369022,1.3301231220549168,6158680.99651124,3481000.0,-0.3021963599877195,1.3301231321390394,6158681.089893413
3481000.0,-0.3671733010536887,1.3361348078911068,6214476.918731412,3481000.0,-0.36717342889351834,1.3361347940494388,6214476.789973856
3481000.0,-0.19914934987137917,0.9914422686948253,3421676.004870658,3481000.0,-0.19914933564505463,0.9914422719077393,3421676.027047543
3481000.0,0.09870496269918488,0.8343573598767777,2423305.8220562832,3481000.0,0.09870515640573989,0.8343574152339281,2423306.143614684
3481000.0,0.08572203958230738,0.7374100103365925,1892875.6347625991,3481000.0,0.08572215191285097,0.7374100270608882,1892875.7206226008
3481000.0,0.09847729980556161,0.6490313779743392,1466342.4607211333,3481000.0,0.09847728026653152,0.6490313819627639,1466342.4787430556
