cur_n,cur_mean,cur_std,cur_S,next_n,next_mean,next_std,next_S
2041000.0,-0.3492332315366234,1.3695230761894739,3828086.2441357933,2041000.0,-0.3492331622579459,1.36952309743211,3828086.362890483
2041000.0,-0.40448439361726213,1.3783653044310609,3877677.3523294944,2041000.0,-0.40448437261964204,1.378365310919326,3877677.3888356346
2041000.0,-0.1885371345383009,1.012855778429914,2093814.605741587,2041000.0,-0.18853711797386963,1.0128557817897483,2093814.6196327463
2041000.0,0.10391418672230912,0.8346171221587917,1421731.4965658723,2041000.0,0.10391418471699285,0.8346171224133624,1421731.4974331711
2041000.0,0.09482021786533831,0.7629517702865355,1188056.7191218345,2041000.0,0.09482022601685924,0.762951769362358,1188056.7162436044
2041000.0,0.09253738400377169,0.64779800222906,856489.835703293,2041000.0,0.09253739768318764,0.6477980005697427,856489.8313155412
