cur_n,cur_mean,cur_std,cur_S,next_n,next_mean,next_std,next_S
1811000.0,-0.3590332191183647,1.373751944176058,3417709.0658749007,1811000.0,-0.35903324932473285,1.3737519368829454,3417709.0295863454
1811000.0,-0.41137953014647416,1.3868080306642419,3482981.326699762,1811000.0,-0.4113796854100499,1.3868080003474983,3482981.1744181947
1811000.0,-0.18679205193955023,1.013018946847645,1858461.577263557,1811000.0,-0.18679207589731694,1.0130189429430976,1858461.5629371682
1811000.0,0.1044835035394926,0.8282618647871528,1242378.0848725128,1811000.0,0.10448356279867448,0.8282618611508494,1242378.073963732
1811000.0,0.09357329882098588,0.7617496311324129,1050855.3884604948,1811000.0,0.09357336832859588,0.7617496283371239,1050855.3807481325
1811000.0,0.09074266521312431,0.6473896494773238,759014.291791424,1811000.0,0.0907427636467713,0.6473896492323511,759014.2912170009
