cur_n,cur_mean,cur_std,cur_S,next_n,next_mean,next_std,next_S
3521000.0,-0.3134549943814113,1.3504193922379426,6421010.1554966085,3521000.0,-0.31345499164964763,1.3504193928817843,6421010.161619318
3521000.0,-0.38514330564441346,1.3640698876837145,6551477.724527311,3521000.0,-0.3851433862939495,1.3640698733071321,6551477.586429021
3521000.0,-0.1643488628592303,0.9805740372465727,3385531.0831201132,3521000.0,-0.1643488682518215,0.9805740363949372,3385531.077239398
3521000.0,0.0995947295137199,0.8569062776135347,2585429.3458880777,3521000.0,0.09959451439819028,0.8569063976860561,2585430.070445828
3521000.0,0.09387926353653774,0.7683646522494539,2078742.90490784,3521000.0,0.09387936695361582,0.7683646641188071,2078742.9691308201
3521000.0,0.09347305154647817,0.6558626695465973,1514578.7172341626,3521000.0,0.09347307621940322,0.6558626676642839,1514578.7085405383
