cur_n,cur_mean,cur_std,cur_S,next_n,next_mean,next_std,next_S
1071000.0,-0.03436937786483262,1.1516292199532778,1420413.6003279593,1071000.0,-0.03436944535166318,1.1516292200570162,1420413.60058386
1071000.0,-0.08585887686287949,1.1118306159533196,1323935.198189689,1071000.0,-0.08585883507586764,1.1118306200211843,1323935.207877476
1071000.0,-0.1287169838775491,0.8511893217300638,775964.4129886234,1071000.0,-0.12871698545643717,0.8511893214928872,775964.4125561918
1071000.0,0.10283199976848481,1.333883082154982,1905570.4063162834,1071000.0,0.10283110278091949,1.33388347431433,1905571.5267853371
1071000.0,0.106353538308527,1.1821759443024669,1496765.3006808364,1071000.0,0.10635434331639959,1.1821761654273129,1496765.8606178395
1071000.0,0.10095634032736807,0.7107857275699087,541086.7114037974,1071000.0,0.10095635455243175,0.7107857257018853,541086.7085597261
