cur_n,cur_mean,cur_std,cur_S,next_n,next_mean,next_std,next_S
2001000.0,-0.023517309040955506,0.15281719350999934,46729.542359177445,2001000.0,-0.023517066626469792,0.15281761555010906,46729.800468464295
2001000.0,-0.019421235602329615,0.03261109376059261,2128.030355960587,2001000.0,-0.019421258805643306,0.03261109645984684,2128.0307082391837
2001000.0,-0.0005956432744442671,0.032812685295019815,2154.421304856289,2001000.0,-0.0005956517994980505,0.0328126873562639,2154.4215755313817
2001000.0,0.10657456205148995,0.4598132786810286,423067.930754046,2001000.0,0.10657443864560529,0.45981334042030747,423068.04436499166
2001000.0,0.0003549646365119024,0.09447215488079247,17858.901083688703,2001000.0,0.0003549678879266459,0.09447215498053406,17858.901121398758
2001000.0,0.0026041186396115194,0.08446412907208822,14275.512388912663,2001000.0,0.0026041133450351284,0.08446412956737695,14275.512556332858
