cur_n,cur_mean,cur_std,cur_S,next_n,next_mean,next_std,next_S
5251000.0,-0.05838573952619262,0.17090901335016048,153381.13682355234,5251000.0,-0.0583857687199776,0.17090901646967746,153381.14242273118
5251000.0,-0.049346108855758276,0.16724804697819395,146880.49530382393,5251000.0,-0.049346180251767235,0.16724810593301676,146880.59885439157
5251000.0,0.01726084739415982,0.33684104710365237,595788.38971391,5251000.0,0.017260804145659482,0.3368410638988761,595788.4491270939
5251000.0,0.02699668638175525,0.17306381896380327,157273.14961569873,5251000.0,0.026996690020670813,0.17306381859703426,157273.1489490901
5251000.0,0.027775772454762815,0.18957848338025207,188720.94714533247,5251000.0,0.027775778939978457,0.1895784830125465,188720.94641324785
5251000.0,0.061074076083695264,0.4750200128775293,1184856.7103420168,5251000.0,0.06107408582158421,0.4750200121496155,1184856.706710702
