cur_n,cur_mean,cur_std,cur_S,next_n,next_mean,next_std,next_S
1421000.0,0.18377633976720448,1.5650861864290035,3480732.0695212027,1421000.0,0.18377638859899834,1.5650861817775756,3480732.0488317683
1421000.0,0.037688210144587626,1.5756435232093569,3527849.2198810964,1421000.0,0.037688212910991836,1.575643523146645,3527849.2196002747
1421000.0,0.036423802344317656,1.4086019931240519,2819490.7561219656,1421000.0,0.03642381061903036,1.4086019929445637,2819490.75540343
1421000.0,0.009165841273230974,0.8348889672500787,990493.254030618,1421000.0,0.009165938317324535,0.8348889741990769,990493.2705188845
1421000.0,0.000583747979291001,0.7270389095633093,751120.1035230074,1421000.0,0.0005837348967534741,0.7270389097411035,751120.1038903736
1421000.0,0.0013047747266182002,0.6611318507256011,621112.455466323,1421000.0,0.0013046651280569615,0.6611318638506644,621112.4801274865
