cur_n,cur_mean,cur_std,cur_S,next_n,next_mean,next_std,next_S
2951000.0,-0.04658919257131091,0.14217587139116614,59651.4502756262,2951000.0,-0.04658919362289711,0.14217587105805546,59651.449996105715
2951000.0,-0.0428913041255507,0.13818201055878637,56347.1849921443,2951000.0,-0.04289130335237656,0.13818201080516404,56347.18519307765
2951000.0,-0.010173390082142474,0.2222122645323528,145715.33529086778,2951000.0,-0.010173397261453969,0.22221226454590914,145715.3353086469
2951000.0,0.028726734634100255,0.15168130822507317,67894.30405063032,2951000.0,0.028726727494305507,0.15168131007315952,67894.30570507991
2951000.0,0.030421899430606726,0.15872078170133977,74342.43759100273,2951000.0,0.03042189252529284,0.15872078346815183,74342.43924609935
2951000.0,0.04790099169260625,0.39108556447324816,451349.30819984886,2951000.0,0.047901001766172346,0.391085563622256,451349.3062355998
