cur_n,cur_mean,cur_std,cur_S,next_n,next_mean,next_std,next_S
3801000.0,-0.30942180346400283,1.3445005476063132,6870998.227274483,3801000.0,-0.3094217827253121,1.3445005529870602,6870998.282270523
3801000.0,-0.3818050836569207,1.3620315273395593,7051348.679455812,3801000.0,-0.3818063447082375,1.3620333927829702,7051367.9945754325
3801000.0,-0.159672193845331,0.9745011625985203,3609629.2129582027,3801000.0,-0.15967312843688558,0.9745027129130509,3609640.69794208
3801000.0,0.09853325302151558,0.8568033488555432,2790359.63069689,3801000.0,0.09853311990457747,0.856803403469559,2790359.986420872
3801000.0,0.09352443462789031,0.7681008212179411,2242509.6907831226,3801000.0,0.0935249255590663,0.768101357777262,2242512.8238090584
3801000.0,0.09216793702805977,0.6552246845106895,1631842.990717296,3801000.0,0.09216833696164899,0.6552250921843447,1631845.0213477632
