cur_n,cur_mean,cur_std,cur_S,next_n,next_mean,next_std,next_S
2051000.0,-0.03004689866107911,0.10387889350428373,22131.98108164803,2051000.0,-0.03004702178837232,0.10387900755354593,22132.029679345094
2051000.0,-0.026341508077560413,0.09917605824192527,20173.4114737602,2051000.0,-0.026341533305088306,0.09917605812219256,20173.411425050515
2051000.0,0.008164513203397939,0.17002798513510206,59293.4167603892,2051000.0,0.008164464117567945,0.17002800202420212,59293.42853977361
2051000.0,0.03305966904064432,0.14525977302280163,43276.92380186213,2051000.0,0.033059718889614946,0.14525977922061498,43276.927494863936
2051000.0,0.032580924007479715,0.15345405894692973,48297.25197314726,2051000.0,0.032580930573283824,0.15345405784098515,48297.25127698992
2051000.0,0.05208979446633508,0.38869578741185934,309874.1354761887,2051000.0,0.0520898072506802,0.38869578612980155,309874.1334320371
