cur_n,cur_mean,cur_std,cur_S,next_n,next_mean,next_std,next_S
2471000.0,-0.338297731097221,1.3696152351046318,4635215.199702098,2471000.0,-0.33829720550870795,1.3696156141189066,4635217.765113064
2471000.0,-0.39817882240858754,1.3752544562720668,4673463.628975055,2471000.0,-0.39817883228330303,1.3752544535006788,4673463.610139296
2471000.0,-0.18096187144377576,1.0064421761957423,2502939.785297311,2471000.0,-0.18096192087144616,1.0064421703075552,2502939.7560104276
2471000.0,0.10385195082326916,0.8476679806359577,1775514.824332138,2471000.0,0.10385156121187207,0.8476682496174623,1775515.9511429546
2471000.0,0.09478668272302801,0.7669461988820978,1453458.1922618346,2471000.0,0.09478639989026207,0.7669463627029419,1453458.8131835465
2471000.0,0.09283810584383177,0.6509009139596648,1046893.5114898051,2471000.0,0.09283811013008322,0.6509009133831827,1046893.5096354048
