cur_n,cur_mean,cur_std,cur_S,next_n,next_mean,next_std,next_S
1301000.0,-0.023930980508323933,0.08447393565742298,9283.735392896222,1301000.0,-0.023931124517684917,0.0844740545605956,9283.761527972334
1301000.0,-0.02146072867819404,0.08054391257059391,8440.005729685497,1301000.0,-0.021460649125621536,0.08054398487912558,8440.02088377166
1301000.0,-0.0014192246182086383,0.10046019036502837,13130.01705247924,1301000.0,-0.001419155036638473,0.1004602226983003,13130.025504314306
1301000.0,0.033642941045438836,0.13858732914855398,24987.58858848906,1301000.0,0.03364300727189996,0.13858733365835565,24987.59021474265
1301000.0,0.033240604544363006,0.14388935934061853,26936.096198621188,1301000.0,0.033241120008188116,0.14389044145484575,26936.50134383358
1301000.0,0.04977878669211971,0.3554059368099868,164333.70727563938,1301000.0,0.049779363556479314,0.35540646508644314,164334.1958082387
