cur_n,cur_mean,cur_std,cur_S,next_n,next_mean,next_std,next_S
4161000.0,-0.3097492437638176,1.344049693628714,7516719.917983654,4161000.0,-0.30974926543220527,1.344049689361839,7516719.8702578815
4161000.0,-0.3818682763189243,1.3612676763133766,7710539.745841154,4161000.0,-0.3818682854108221,1.361267673889248,7710539.718379486
4161000.0,-0.1578503773252441,0.9725380869866787,3935600.0057918266,4161000.0,-0.1578503755605369,0.9725380872797311,3935600.008163636
4161000.0,0.09896423276184425,0.858686471946712,3068081.964010956,4161000.0,0.09896423444311345,0.8586864717597255,3068081.962674753
4161000.0,0.09519276263064089,0.7689357512502965,2460241.970721119,4161000.0,0.09519275556561732,0.7689357522599807,2460241.977182173
4161000.0,0.09348000704689587,0.6564964884554884,1793339.567353605,4161000.0,0.09348001077447557,0.6564964879687483,1793339.5646943667
