cur_n,cur_mean,cur_std,cur_S,next_n,next_mean,next_std,next_S
381000.0,-0.32382149365565527,1.292080053960065,636068.3998855903,381000.0,-0.3238217258982865,1.2920800037075681,636068.3504087416
381000.0,-0.38116964556946104,1.26927133046943,613809.9396439738,381000.0,-0.38116956354232495,1.2692713561125064,613809.9644455664
381000.0,-0.20393069153159052,0.9883049578985458,372140.48881640844,381000.0,-0.20393061810570448,0.9883049740887261,372140.5010090452
381000.0,0.10312653035442831,0.7823184075722734,233180.4166048652,381000.0,0.10312635090937558,0.7823184390680538,233180.4353803388
381000.0,0.09331464739696485,0.7230964412409642,199212.88453076725,381000.0,0.09331464390246601,0.7230964416951506,199212.88478102378
381000.0,0.085582603188765,0.6132579828496092,143288.51969446195,381000.0,0.08558257558083102,0.6132579869391641,143288.52160552156
