cur_n,cur_mean,cur_std,cur_S,next_n,next_mean,next_std,next_S
2942000.0,-0.013031662888432336,0.024289761470980074,1735.7579712369322,2942000.0,-0.013031666342106877,0.02428976034041159,1735.7578096550064
2942000.0,-0.021917459739339167,0.03860792497275157,4385.262443604149,2942000.0,-0.0219174672637843,0.03860792285834629,4385.261963276765
2942000.0,-0.005268344948074062,0.009911905849176474,289.039371790166,2942000.0,-0.005268348430677475,0.009911905798076676,289.03936880994127
2942000.0,-0.0004694196244886229,0.05204442848425006,7968.767501654029,2942000.0,-0.00046941926092441657,0.05204442849126165,7968.767503801184
2942000.0,-0.0007193004828481002,0.06569078917547046,12695.553120103546,2942000.0,-0.0007193079131064407,0.06569079033038727,12695.553566507315
2942000.0,-0.0005349483999358176,0.043199042212350464,5490.234623805575,2942000.0,-0.0005349471590022186,0.043199042280153165,5490.23464103988
