cur_n,cur_mean,cur_std,cur_S,next_n,next_mean,next_std,next_S
871000.0,0.17717934010103642,1.4433322045039536,1814474.0395782292,871000.0,0.1771794008207787,1.4433321981626392,1814474.0236343592
871000.0,-0.008211575849027455,1.4608447487087204,1858772.6878317946,871000.0,-0.008211578327473854,1.460844748696627,1858772.687801019
871000.0,0.05090595188588555,1.3091082609962643,1492688.826376546,871000.0,0.0509059452848186,1.3091082612673963,1492688.826994853
871000.0,0.005916476823418457,0.8911478429316368,691699.8403046489,871000.0,0.005916612239208356,0.8911478509939674,691699.8528204459
871000.0,0.016116154349743547,0.7899682818586564,543547.451004507,871000.0,0.016116143204694254,0.789968282154536,543547.4514116741
871000.0,4.894475718982827e-05,0.7183968402839469,449517.89153319405,871000.0,4.8812452725775433e-05,0.7183968509043273,449517.9048240405
