cur_n,cur_mean,cur_std,cur_S,next_n,next_mean,next_std,next_S
2441000.0,-0.3380216363803411,1.3679477253238153,4567796.870272604,2441000.0,-0.33802181327649633,1.3679477095318417,4567796.764808739
2441000.0,-0.39890215751917674,1.376255707079406,4623448.721666739,2441000.0,-0.39890302447555887,1.3762561223459908,4623451.511793663
2441000.0,-0.1825091379760371,1.007085344403951,2475713.194719181,2441000.0,-0.1825089256126374,1.0070854375445972,2475713.652653633
2441000.0,0.1036375750488554,0.8465440628540376,1749310.5517127,2441000.0,0.10363805641985148,0.8465443380004358,1749311.6888456552
2441000.0,0.09465854826371337,0.7664699045476003,1434029.1956829638,2441000.0,0.09465931936912438,0.7664707561417177,1434032.3822699343
2441000.0,0.09356975053291516,0.6515204098153523,1036152.8591949597,2441000.0,0.09356949436299308,0.6515205695380678,1036153.3672286794
