cur_n,cur_mean,cur_std,cur_S,next_n,next_mean,next_std,next_S
1462000.0,0.0002343577628187202,0.013870606255783154,281.2796155741433,1462000.0,0.0002343612018641314,0.013870606820977642,281.2796384971055
1462000.0,-0.0073561295290106,0.02004595574668639,587.4905797088355,1462000.0,-0.007356125876429761,0.02004595757355756,587.4906867897514
1462000.0,-0.005924058278904146,0.013672497111382036,273.3021531552167,1462000.0,-0.005924059894763393,0.013672496550855161,273.3021307462599
1462000.0,-0.00019595045304642047,0.11396569515833264,18988.71868181197,1462000.0,-0.00019594625798347043,0.11396569527842838,18988.71872183216
1462000.0,-0.00016206172929649496,0.06904665063494393,6969.997227227652,1462000.0,-0.00016205789989688228,0.06904665079918536,6969.997260386751
1462000.0,-0.0007481540208089347,0.059491728107822446,5174.406472778915,1462000.0,-0.0007481499448914931,0.0594917283632102,5174.4065172045875
