cur_n,cur_mean,cur_std,cur_S,next_n,next_mean,next_std,next_S
2401000.0,-0.3366752949220895,1.3653172792177812,4475683.146306478,2401000.0,-0.3366752168819543,1.3653173038167987,4475683.307583876
2401000.0,-0.3983903405488995,1.3746570527333322,4537126.512323407,2401000.0,-0.3983903040477793,1.3746570644753286,4537126.589833539
2401000.0,-0.1839086866746847,1.0070657032294492,2435049.3748210813,2401000.0,-0.1839086791798398,1.0070657046650828,2435049.381763704
2401000.0,0.10326372332321887,0.8455827748465027,1716739.5601101841,2401000.0,0.10326365634046039,0.8455827893963801,1716739.6191897944
2401000.0,0.09422216065754836,0.7661179302899707,1409234.976151404,2401000.0,0.09422219360431518,0.7661179279389055,1409234.9675020743
2401000.0,0.09465482673966043,0.6514801312496216,1019047.6937526711,2401000.0,0.09465484507234674,0.6514801292053409,1019047.6873573279
