cur_n,cur_mean,cur_std,cur_S,next_n,next_mean,next_std,next_S
2811000.0,-0.3014266074649968,1.324401468863557,4930604.33379626,2811000.0,-0.30142653637493144,1.3244014904066137,4930604.494201232
2811000.0,-0.3602394715434793,1.3226995953376206,4917940.691032223,2811000.0,-0.3602394031677022,1.322699618927829,4917940.8664541375
2811000.0,-0.19112835909915057,0.9873507079889324,2740335.453211718,2811000.0,-0.1911283493989696,0.987350710000618,2740335.4643783546
2811000.0,0.09750124185259902,0.8383746575950081,1975773.378924605,2811000.0,0.09750109945072893,0.8383747081517636,1975773.6172159077
2811000.0,0.08692465752560224,0.7428220414925558,1551066.4693546703,2811000.0,0.08692444032154142,0.7428221561747623,1551066.9482842898
2811000.0,0.09715015432317604,0.6529183446264964,1198335.9473117,2811000.0,0.09715016528250864,0.6529183432543321,1198335.9422748869
