cur_n,cur_mean,cur_std,cur_S,next_n,next_mean,next_std,next_S
1502000.0,-0.008929495721774226,0.01789257561854331,480.8566819224664,1502000.0,-0.008929491565969748,0.017892578417443027,480.8568323613708
1502000.0,-0.014889854149361668,0.0259334368343679,1010.1598053553089,1502000.0,-0.014889850193057429,0.025933439559177835,1010.160017629034
1502000.0,-0.004260206229761519,0.009093450369425646,124.20164111105353,1502000.0,-0.004260202699019018,0.00909345305308842,124.20171441994214
1502000.0,-0.00045270171304300584,0.05115281708936975,3930.149265660134,1502000.0,-0.00045273539383821167,0.05115283344591405,3930.151779057225
1502000.0,-0.0007032622187719149,0.06189566371558732,5754.271926563196,1502000.0,-0.0007032855461342689,0.061895670053075176,5754.273104921359
1502000.0,-0.0005110766165725595,0.04379111621151795,2880.328112294106,1502000.0,-0.0005111070407148404,0.04379113173058392,2880.330153804521
