cur_n,cur_mean,cur_std,cur_S,next_n,next_mean,next_std,next_S
111000.0,-0.10754714728962797,1.1886967993971034,156843.0089795578,111000.0,-0.107549786863599,1.1886968858832752,156843.03180245418
111000.0,-0.12728002634607302,1.113805655575192,137702.49726143247,111000.0,-0.1272810131798355,1.1138055913300948,137702.4813758782
111000.0,-0.09277018414540457,0.8256024368513031,75659.7515945639,111000.0,-0.0927697281098252,0.8256025020747659,75659.76354896463
111000.0,0.11823221256617147,1.7377916685687327,335211.1070515059,111000.0,0.11823206331155534,1.7377916794348591,335211.1112435461
111000.0,0.07889797188478546,1.48602555585552,245118.18674478348,111000.0,0.0788864966862261,1.4860310830409988,245120.01015380444
111000.0,0.0878504982014532,0.7796666608136786,67474.69132026305,111000.0,0.0878506695284465,0.7796666435985163,67474.68834055953
