cur_n,cur_mean,cur_std,cur_S,next_n,next_mean,next_std,next_S
3942000.0,-0.014366598678237806,0.025135895061845007,2490.6077154478517,3942000.0,-0.014366598720104568,0.0251358950380527,2490.607710732898
3942000.0,-0.023801320296953817,0.039997822772694036,6306.513408283126,3942000.0,-0.023801321309934207,0.03999782222047138,6306.51323414367
3942000.0,-0.0057447064355814125,0.009453819322580003,352.3150665484769,3942000.0,-0.005744706258828168,0.009453819436499209,352.3150750393209
3942000.0,-0.0006469902588339296,0.05523266945216122,12025.653528307736,3942000.0,-0.0006469878770519431,0.05523266968249788,12025.65362860884
3942000.0,-0.0010269794781032346,0.06842580166820131,18456.80009637579,3942000.0,-0.0010269752201216445,0.0684258022543503,18456.800412585017
3942000.0,-0.000732960618931645,0.046609059287549215,8563.618175036236,3942000.0,-0.0007329579539735605,0.04660905962978474,8563.618300796095
