cur_n,cur_mean,cur_std,cur_S,next_n,next_mean,next_std,next_S
2491000.0,-0.3043887063539134,1.3273876667266478,4389037.422285033,2491000.0,-0.3043886948569648,1.3273876694871154,4389037.440540131
2491000.0,-0.3628692186443924,1.326949587693899,4386140.863827992,2491000.0,-0.3628692152700185,1.3269495886273746,4386140.869999072
2491000.0,-0.19222521574529053,0.9897040385236806,2439969.5829203767,2491000.0,-0.19222522844285672,0.9897040362603752,2439969.5717606843
2491000.0,0.09663353972027944,0.8386998533513319,1752212.8530327603,2491000.0,0.09663356738896343,0.8386998513002875,1752212.8444626706
2491000.0,0.08837389804480444,0.7495629684216056,1399555.0072798615,2491000.0,0.08837387694717233,0.749562971648655,1399555.019330705
2491000.0,0.09903942693083742,0.654438858336859,1066870.9362794172,2491000.0,0.0990394185057451,0.6544388597469455,1066870.9408768835
