cur_n,cur_mean,cur_std,cur_S,next_n,next_mean,next_std,next_S
3842000.0,-0.01497189178785776,0.02717697171888492,2837.6542961304503,3842000.0,-0.01497189397392244,0.027176970852367987,2837.6541151775837
3842000.0,-0.025324140705295633,0.04448906059533642,7604.380361622493,3842000.0,-0.025324143195998183,0.04448905944543799,7604.379968525186
3842000.0,-0.005739101426300865,0.010281454557740212,406.13131865549343,3842000.0,-0.005739104082697464,0.010281454393376348,406.1313056703049
3842000.0,-0.0005037921081480554,0.0524651696444538,10575.466247205499,3842000.0,-0.0005037907136720437,0.052465169729041035,10575.466281306195
3842000.0,-0.0007426238263357344,0.06758911974998046,17551.36675515359,3842000.0,-0.0007426223964288998,0.06758911982380064,17551.36679349246
3842000.0,-0.0005722567390700675,0.042890668697368746,7067.779550343213,3842000.0,-0.0005722563600898507,0.04289066870885681,7067.779554129357
