cur_n,cur_mean,cur_std,cur_S,next_n,next_mean,next_std,next_S
3521000.0,-0.30361223138001114,1.3306296497557697,6234195.507393061,3521000.0,-0.30361221457545656,1.330629653963785,6234195.546823401
3521000.0,-0.36855394021067245,1.3372108835134089,6296016.106340211,3521000.0,-0.36855394700773514,1.3372108817009039,6296016.089272507
3521000.0,-0.19989021575692828,0.9912601753837096,3459723.104997436,3521000.0,-0.19989021813125868,0.9912601749149368,3459723.101725189
3521000.0,0.09909045285877566,0.8337053843987464,2447322.6959416,3521000.0,0.0990904829318454,0.8337053827341789,2447322.686169002
3521000.0,0.08603674477988948,0.7374932115864155,1915058.6509560156,3521000.0,0.08603678103153378,0.7374932104943754,1915058.6452845857
3521000.0,0.09846262069573893,0.64847538634906,1480652.0703126811,3521000.0,0.09846262912781009,0.6484753852617577,1480652.0653474461
