cur_n,cur_mean,cur_std,cur_S,next_n,next_mean,next_std,next_S
3102000.0,-0.012939263538777869,0.023220654245293883,1672.5946266635622,3102000.0,-0.012939265485702543,0.02322065341359077,1672.5945068476328
3102000.0,-0.021439633492979282,0.036389946741389546,4107.755950355302,3102000.0,-0.021439642209418203,0.03638994484421692,4107.755522043493
3102000.0,-0.005471138826547502,0.009290173288824907,267.7253058222998,3102000.0,-0.00547114252838248,0.00929017339657278,267.72531203248155
3102000.0,-0.0006501525981003971,0.055409568370759096,9523.82326833893,3102000.0,-0.0006501450174736712,0.05540957006826283,9523.823851874458
3102000.0,-0.0010402131788946865,0.06779868913461556,14258.846294450686,3102000.0,-0.0010402072914415957,0.06779869001789313,14258.846665977604
3102000.0,-0.0007290168884382338,0.04727048467801515,6931.415034696231,3102000.0,-0.000729010259931025,0.047270486221867664,6931.4154874558235
