cur_n,cur_mean,cur_std,cur_S,next_n,next_mean,next_std,next_S
3591000.0,-0.3116887879074272,1.3480267980931484,6525479.9079227615,3591000.0,-0.31168969003816344,1.3480276734946297,6525488.383149873
3591000.0,-0.3867260733231118,1.365320146658418,6693979.878411069,3591000.0,-0.3867266317415886,1.3653203985684197,6693982.348572578
3591000.0,-0.16311949595699354,0.9795428401895602,3445579.4951779693,3591000.0,-0.16311964242185364,0.9795428551206786,3445579.6002195333
3591000.0,0.09895753152719355,0.8562566985071209,2632833.341654288,3591000.0,0.09895809261978424,0.8562572938231893,2632837.0026324526
3591000.0,0.09497886612794056,0.7684778881330006,2120694.7279967396,3591000.0,0.09497961545250606,0.7684791073996015,2120701.4573882907
3591000.0,0.09264292054029243,0.6556211921595166,1543552.3790627192,3591000.0,0.09264314894813933,0.6556213027586003,1543552.8998375053
