cur_n,cur_mean,cur_std,cur_S,next_n,next_mean,next_std,next_S
1651000.0,-0.050622949330793664,0.14109463929499075,32867.60813958063,1651000.0,-0.05062295664741517,0.14109463698308927,32867.60706247847
1651000.0,-0.055845114576634464,0.1463567885506416,35364.931075069275,1651000.0,-0.05584512282885527,0.1463567857859558,35364.92973897925
1651000.0,-0.06790065950766752,0.20705810527547067,70783.4203434023,1651000.0,-0.06790066365317964,0.2070581039845424,70783.41946078707
1651000.0,0.03286846899874861,0.15470701698756475,39515.465084669755,1651000.0,0.0328684746238059,0.15470701596132228,39515.464560421424
1651000.0,0.03240858343308903,0.11980428549232314,23696.91332366034,1651000.0,0.032408577879273745,0.11980428720723646,23696.914002069338
1651000.0,0.051587588048063966,0.3217133328898199,170877.62259103463,1651000.0,0.051587604358818685,0.32171333095702975,170877.6205378366
