cur_n,cur_mean,cur_std,cur_S,next_n,next_mean,next_std,next_S
2482000.0,-0.010997852164949555,0.01992865724097918,985.7297237413679,2482000.0,-0.010997849537824976,0.019928659120575256,985.7299096820246
2482000.0,-0.01828156350971126,0.030294816339904034,2277.919776524058,2482000.0,-0.018281561140270797,0.03029481799973921,2277.920026135835
2482000.0,-0.005106469049514866,0.008993674732619842,200.7595116568805,2482000.0,-0.005106466307928444,0.008993677326391657,200.75962745480592
2482000.0,-0.0006243573645544118,0.05509097893643968,7532.909613154948,2482000.0,-0.0006243568383608929,0.055090978948639055,7532.90961649113
2482000.0,-0.0010103476341449687,0.06629976648828838,10910.025728348688,2482000.0,-0.001010347129318113,0.06629976650075325,10910.025732451031
2482000.0,-0.0007121319416021188,0.04767076884492362,5640.350466024561,2482000.0,-0.0007121313495188758,0.0476707688628929,5640.350470276769
