cur_n,cur_mean,cur_std,cur_S,next_n,next_mean,next_std,next_S
1341000.0,-0.3663185818766209,1.3832700811579037,2565917.833469062,1341000.0,-0.36631854043368717,1.3832700929653454,2565917.8772738483
1341000.0,-0.4208879768548194,1.390798047381666,2593922.058733478,1341000.0,-0.4208879426937853,1.3907980582822481,2593922.0993939615
1341000.0,-0.20140413718618674,1.0233974252302411,1404486.0108469366,1341000.0,-0.2014041238087687,1.0233974279801603,1404486.0183947824
1341000.0,0.10288338746486139,0.8203304458196684,902415.2760941912,1341000.0,0.10288319238290047,0.8203305013922347,902415.3983608576
1341000.0,0.0935731391760849,0.7569908319056111,768440.0953690491,1341000.0,0.09357324006742124,0.7569908284502768,768440.0883538586
1341000.0,0.09136314463523577,0.6406504456748252,550390.6443416353,1341000.0,0.09136312436710826,0.6406504489951874,550390.6500467629
