cur_n,cur_mean,cur_std,cur_S,next_n,next_mean,next_std,next_S
5351000.0,-0.3092429779482299,1.3417970268232764,9634043.466637239,5351000.0,-0.3092429753479662,1.341797027436096,9634043.475437272
5351000.0,-0.39214118778318074,1.3653836897841571,9975722.791378336,5351000.0,-0.39214120746933767,1.3653836848897132,9975722.719859075
5351000.0,-0.21776788737281988,1.0030677395916063,5383881.307510577,5351000.0,-0.21776789015873788,1.0030677390074931,5383881.301240221
5351000.0,0.09624610403862364,0.8222081163106645,3617416.1241066786,5351000.0,0.0962461175962861,0.8222081153217842,3617416.1154052527
5351000.0,0.08699467435401104,0.7295563593705511,2848083.0284958663,5351000.0,0.08699467656756071,0.7295563591246003,2848083.0265755523
5351000.0,0.09652987029736777,0.6369477199744237,2170913.5315942806,5351000.0,0.09652987300950679,0.6369477195942982,2170913.5290031116
