cur_n,cur_mean,cur_std,cur_S,next_n,next_mean,next_std,next_S
2882000.0,-0.012838421878214193,0.024028018492952687,1663.910228714703,2882000.0,-0.012838421204768687,0.024028018879979893,1663.9102823170035
2882000.0,-0.021541553997642248,0.037936534254849566,4147.718579318337,2882000.0,-0.021541553332825092,0.03793653464914065,4147.718665536464
2882000.0,-0.0052090950714355315,0.009854966187863084,279.90087338123084,2882000.0,-0.005209094382331677,0.00985496662154159,279.90089801591614
2882000.0,-0.00046669676417985585,0.051984227377553455,7788.201220390675,2882000.0,-0.000466696498059955,0.05198422738190264,7788.201221693854
2882000.0,-0.0007168188824381302,0.06543279063964542,12339.139161949794,2882000.0,-0.0007168186350966369,0.0654327906437024,12339.139163479898
2882000.0,-0.0005322408723422566,0.04319813642348341,5378.039650511151,2882000.0,-0.000532240613425532,0.04319813642890907,5378.039651862107
