cur_n,cur_mean,cur_std,cur_S,next_n,next_mean,next_std,next_S
3051000.0,-0.007011929230148862,0.0179341401229079,981.3034483236378,3051000.0,-0.007011961009263975,0.017934213602032522,981.3114894636747
3051000.0,-0.009653029486669072,0.020317220719440636,1259.4206356332895,3051000.0,-0.009653043031425126,0.02031722805906768,1259.4215455687138
3051000.0,-0.007972971323167191,0.018783774485006656,1076.484891089844,3051000.0,-0.007972998381462076,0.018783822460471777,1076.4903899771246
3051000.0,-0.0014281893951634706,0.06925357222267893,14632.770717351113,3051000.0,-0.0014281767775070654,0.06925357598981867,14632.772309289026
3051000.0,-0.001823482891543133,0.0738571868073548,16642.85121548743,3051000.0,-0.0018235072789262174,0.07385719848952864,16642.856480369697
3051000.0,-0.0016359457076358056,0.06711800703578978,13744.226775660254,3051000.0,-0.0016359180060446861,0.06711802515243367,13744.234195406658
