cur_n,cur_mean,cur_std,cur_S,next_n,next_mean,next_std,next_S
4321000.0,-0.30210371591032564,1.3327021008239845,7674506.017705201,4321000.0,-0.3021037299416391,1.3327020979625501,7674505.984749455
4321000.0,-0.3841062797269941,1.3550013088059933,7933479.351007791,4321000.0,-0.3841062793857085,1.3550013089029882,7933479.352143594
4321000.0,-0.20878175954258482,0.9984222693785971,4307376.007949578,4321000.0,-0.2087817578116207,0.9984222697470689,4307376.011128887
4321000.0,0.0962672012060247,0.825172719995537,2942212.1870211028,4321000.0,0.09626719385577318,0.8251727209945338,2942212.194145091
4321000.0,0.08850552566762411,0.7337630022440044,2326461.587899884,4321000.0,0.08850552116301824,0.7337630028470955,2326461.591724194
4321000.0,0.09735947183306812,0.6415712175509992,1778582.4830874351,4321000.0,0.09735947911142515,0.641571216624854,1778582.4779524612
