cur_n,cur_mean,cur_std,cur_S,next_n,next_mean,next_std,next_S
1531000.0,-0.35692629832213274,1.378682699996617,2910072.726510312,1531000.0,-0.35692628336422916,1.3786827039932665,2910072.743382273
1531000.0,-0.4172295660880731,1.3894317958093125,2955627.214980219,1531000.0,-0.41722925966690433,1.3894319395542565,2955627.8265345134
1531000.0,-0.1943295217036288,1.0193994852009272,1590977.4002651381,1531000.0,-0.19432954238744893,1.0193994815792082,1590977.3889603002
1531000.0,0.10057249463618885,0.8249585062850783,1041932.0582880167,1531000.0,0.10057301424188685,0.8249586934692779,1041932.5311196536
1531000.0,0.09420322372606837,0.760169945348991,884701.1274380004,1531000.0,0.09420321418064247,0.7601699466236482,884701.1304049443
1531000.0,0.09188530372984516,0.6459306483102552,638773.6221149814,1531000.0,0.09188528111859212,0.6459306521326562,638773.6296750779
