cur_n,cur_mean,cur_std,cur_S,next_n,next_mean,next_std,next_S
3341000.0,-0.30050081812158425,1.326875630523981,5882161.054792776,3341000.0,-0.30050063623237533,1.3268757133683908,5882161.7893064935
3341000.0,-0.3637041183630195,1.331315773056516,5921594.0382350795,3341000.0,-0.3637041375684076,1.331315768272594,5921593.995678017
3341000.0,-0.19685495605740183,0.9903186107885815,3276622.1068707886,3341000.0,-0.19685493800144427,0.9903186149276635,3276622.134260373
3341000.0,0.09777121652496021,0.8341542568064674,2324712.3159796367,3341000.0,0.09777130458430362,0.8341542620143217,2324712.3450072734
3341000.0,0.08503936914094472,0.7377188567117615,1818269.4616822307,3341000.0,0.08503928601081337,0.7377188819429246,1818269.5860576716
3341000.0,0.09787659303392239,0.650151626157083,1412231.1346992909,3341000.0,0.0978765650105923,0.6501516323935806,1412231.1617925898
