cur_n,cur_mean,cur_std,cur_S,next_n,next_mean,next_std,next_S
5541000.0,-0.30981543396978295,1.3428588249241449,9991918.092992347,5541000.0,-0.30981541664143714,1.3428588295415507,9991918.161706554
5541000.0,-0.39321948889473385,1.3658391111596715,10336826.80223444,5541000.0,-0.3932194884878178,1.3658391112772033,10336826.804013425
5541000.0,-0.2190078623864408,1.0037777938925383,5582944.591554723,5541000.0,-0.21900786579793702,1.0037777931803518,5582944.583632457
5541000.0,0.09659792483402557,0.82170534877367,3741281.428006256,5541000.0,0.09659791476516026,0.8217053502992022,3741281.441897964
5541000.0,0.08712423463915214,0.7287240582060508,2942485.7304189666,5541000.0,0.08712424819678903,0.7287240572839917,2942485.722972675
5541000.0,0.096161874615762,0.6364187346969932,2244264.613344076,5541000.0,0.09616187110752336,0.6364187352806492,2244264.617460481
