cur_n,cur_mean,cur_std,cur_S,next_n,next_mean,next_std,next_S
2251000.0,-0.03619441648266435,0.11827613654409849,31489.789315021815,2251000.0,-0.03619441759164919,0.11827613621643607,31489.7891405484
2251000.0,-0.0339886872881313,0.1146516358132288,29589.389585555462,2251000.0,-0.033988683233097824,0.11465163717677315,29589.390289364786
2251000.0,-0.007821922851609202,0.1586636910479354,56667.04959500503,2251000.0,-0.007821922605344608,0.15866369106050515,56667.04960398365
2251000.0,0.031738822131984853,0.14695819861949436,48614.19903048669,2251000.0,0.031738818894671963,0.1469581993989339,48614.199546168406
2251000.0,0.03299546621471854,0.15245887422338975,52321.58744962206,2251000.0,0.032995457655785966,0.15245887661652752,52321.58909219968
2251000.0,0.04891076864278433,0.3669174876016273,303048.62453546113,2251000.0,0.048910767834916664,0.36691748771131,303048.62471664185
