cur_n,cur_mean,cur_std,cur_S,next_n,next_mean,next_std,next_S
21000.0,-1.540062861156001,3.514041779427374,259318.2821787832,21000.0,-1.5400237245310278,3.514063507812345,259321.48907570651
21000.0,0.10699573917875255,3.421749605605801,245875.77763273258,21000.0,0.10707790174924596,3.421767750603566,245878.38532048237
21000.0,0.3227523774148204,1.4721540897239114,45511.9909417076,21000.0,0.32281201383880437,1.472166380306068,45512.750877372884
21000.0,-0.7070694311126764,3.855665132972297,312189.2259699839,21000.0,-0.7071797984673072,3.855678063672381,312191.3199443724
21000.0,0.4411461776590954,5.205555687696069,569054.010371803,21000.0,0.44114683558953655,5.205555632812686,569053.9983724655
21000.0,0.39300967864061054,1.9254727324063583,77856.35010804856,21000.0,0.39298308596353265,1.9254820163980013,77857.10090491438
