cur_n,cur_mean,cur_std,cur_S,next_n,next_mean,next_std,next_S
1101000.0,-0.028655814317104074,0.1494409789494856,24588.199414508043,1101000.0,-0.028655806945718947,0.14944098056314037,24588.199945511857
1101000.0,-0.015750644433434994,0.03441829973856022,1304.2659119396055,1101000.0,-0.015750676053372107,0.034418301260025486,1304.266027250085
1101000.0,-0.005503902142305818,0.032366555515248335,1153.4009014297394,1101000.0,-0.00550393173662049,0.03236656537901389,1153.4016044318128
1101000.0,0.10552937179032892,0.4460347814661806,219040.67593161942,1101000.0,0.10552940948187074,0.44603477430195565,219040.66889514276
1101000.0,0.0010874029901735208,0.09649814762857722,10252.393637817098,1101000.0,0.001087396140232663,0.09649814797344466,10252.39371109761
1101000.0,0.0020310705884006982,0.07968929067024745,6991.771735327432,1101000.0,0.0020310518797620257,0.07968929356499703,6991.772243285993
