cur_n,cur_mean,cur_std,cur_S,next_n,next_mean,next_std,next_S
2821000.0,-0.32528644393591777,1.360325571045656,5220220.044717987,2821000.0,-0.32528643756630615,1.3603255726108547,5220220.05673082
2821000.0,-0.3908052818732679,1.3701486221846886,5295883.743433248,2821000.0,-0.39080505010792677,1.3701487435878386,5295884.681925593
2821000.0,-0.17442411432491414,0.9961050404145336,2799067.434592195,2821000.0,-0.17442414061253353,0.9961050367898913,2799067.4142216155
2821000.0,0.10134812685779256,0.850146531459364,2038875.281490685,2821000.0,0.10134805234380098,0.8501465495543556,2038875.3682837968
2821000.0,0.0930991139783342,0.7691626942639459,1668935.3369478376,2821000.0,0.0930989686997786,0.7691627505525594,1668935.5812188098
2821000.0,0.09350603010131053,0.6529107729327439,1202571.078778217,2821000.0,0.0935060223270288,0.6529107741766924,1202571.0833605782
