cur_n,cur_mean,cur_std,cur_S,next_n,next_mean,next_std,next_S
3011000.0,-0.32273334987140045,1.3563554469052146,5539336.996130177,3011000.0,-0.32273340635472925,1.3563554370066544,5539336.91527901
3011000.0,-0.392174115661154,1.3731707758812968,5677535.516980406,3011000.0,-0.3921738394281125,1.3731709384307564,5677536.861140072
3011000.0,-0.16986475810443583,0.9904555495180581,2953797.610864638,3011000.0,-0.16986480699735812,0.9904555447664143,2953797.5825233473
3011000.0,0.10143399533949006,0.8515714191362547,2183498.558369991,3011000.0,0.10143528695406555,0.8515742146262414,2183512.894122079
3011000.0,0.09454162594562864,0.7702918544579557,1786575.4680843162,3011000.0,0.09454108831803805,0.7702924853652081,1786578.3946734397
3011000.0,0.09227929058072772,0.6528393522931749,1283285.8511266445,3011000.0,0.09227942245076061,0.6528393737553048,1283285.9355028328
