cur_n,cur_mean,cur_std,cur_S,next_n,next_mean,next_std,next_S
2962000.0,-0.013139829108874575,0.024501718972292256,1778.1899969528656,2962000.0,-0.013139829727143868,0.024501718663830944,1778.189952180267
2962000.0,-0.02207544950965634,0.03889827835937499,4481.731287715973,2962000.0,-0.022075450136779796,0.03889827801844438,4481.731209154172
2962000.0,-0.005294134428331717,0.0099337952675983,292.2910142957699,2962000.0,-0.005294135040282177,0.009933794997295171,292.2909983890248
2962000.0,-0.0004695784428887653,0.0521611789100388,8058.9757896143965,2962000.0,-0.00046957795619224896,0.05216117892114235,8058.975793045427
2962000.0,-0.0007185781490221067,0.06585345797603936,12845.240020964671,2962000.0,-0.0007185776444499652,0.06585345798727033,12845.240025346047
2962000.0,-0.0005353982935337282,0.04325352156233916,5541.508431784554,2962000.0,-0.0005353978057628704,0.0432535215765223,5541.508435418754
