cur_n,cur_mean,cur_std,cur_S,next_n,next_mean,next_std,next_S
4601000.0,-0.30547148146875697,1.3372248669218936,8227371.7560303835,4601000.0,-0.30547149333516954,1.3372248644534894,8227371.725656317
4601000.0,-0.3869795828439532,1.3577451554186597,8481814.244396128,4601000.0,-0.38697959808441673,1.357745151468504,8481814.195042996
4601000.0,-0.21391340674422823,1.001813517746174,4617703.122283572,4601000.0,-0.21391340468651374,1.0018135181953176,4617703.126424087
4601000.0,0.0966568078576821,0.8243960810046894,3126972.5614274717,4601000.0,0.0966568343663635,0.8243960798576195,3126972.552725693
4601000.0,0.08833911284790776,0.7322181864389142,2466796.1172112576,4601000.0,0.08833911180614974,0.732218186568016,2466796.1180811287
4601000.0,0.09825102449011903,0.6396235594531433,1882353.2882123475,4601000.0,0.09825102365068941,0.6396235595845884,1882353.288986009
