cur_n,cur_mean,cur_std,cur_S,next_n,next_mean,next_std,next_S
701000.0,-0.37456701309721807,1.377306073737798,1329777.386549275,701000.0,-0.3745671610891837,1.377306039064047,1329777.3195948482
701000.0,-0.4292385964531243,1.3467756556424642,1271477.0713084633,701000.0,-0.42923857458193665,1.3467756627376022,1271477.0847053574
701000.0,-0.22847671208336234,1.0500093220354232,772866.2230292637,701000.0,-0.22847675112114152,1.0500093140496929,772866.2112733658
701000.0,0.09987100513527679,0.7849234009880637,431889.42653848673,701000.0,0.09987095846275718,0.7849234078992053,431889.4341439397
701000.0,0.09467628623002043,0.7180642209470417,361446.9740084017,701000.0,0.09467620296757866,0.7180642353090891,361446.98846704885
701000.0,0.08532431742322512,0.6080876146769744,259209.15353359623,701000.0,0.08532431894312859,0.6080876144650245,259209.15335290073
