cur_n,cur_mean,cur_std,cur_S,next_n,next_mean,next_std,next_S
341000.0,0.1417500772356674,1.390032900713498,658877.2895874996,341000.0,0.1417502538683693,1.390032886528022,658877.276139634
341000.0,-0.030654312523677514,1.3668642158273685,637096.3645176942,341000.0,-0.030654323824145797,1.3668642155898785,637096.3642963057
341000.0,0.04462968409102286,1.2381851624537872,522787.9513135627,341000.0,0.04462965892696739,1.2381851634479974,522787.9521531158
341000.0,0.016444392520441137,0.9440152972445849,303887.22456823767,341000.0,0.01644487624951146,0.9440153310800512,303887.246352135
341000.0,0.027272063519784954,0.8382057893277711,239582.83033454377,341000.0,0.027272026618304284,0.8382057908053991,239582.83117923923
341000.0,0.016440180701802955,0.8149103515661426,226450.89845157205,341000.0,0.0164397918319644,0.8149103910502102,226450.92039558786
