cur_n,cur_mean,cur_std,cur_S,next_n,next_mean,next_std,next_S
542000.0,-0.007130255689647649,0.015263711066725198,126.27563453643036,542000.0,-0.007130246960794949,0.015263716497066772,126.27572438613294
542000.0,-0.012814252461177488,0.021326196786042546,246.50521479150015,542000.0,-0.012814245242634444,0.021326201785587924,246.50533036899054
542000.0,-0.004249923048068888,0.009191227694685535,45.78743726227046,542000.0,-0.00424991622783531,0.009191232219778314,45.78748234709692
542000.0,-0.0006500364115626048,0.05873584327919107,1869.8454128589904,542000.0,-0.0006501153972044184,0.05873587118973153,1869.84718991387
542000.0,-0.0010697041556827658,0.06800785209355736,2506.786826937512,542000.0,-0.0010697613455428086,0.06800786422710295,2506.787721428782
542000.0,-0.0007451831249061322,0.052519568105370326,1495.0013284142506,542000.0,-0.0007452529132817218,0.052519592246376784,1495.0027027913188
