cur_n,cur_mean,cur_std,cur_S,next_n,next_mean,next_std,next_S
1411000.0,-0.3417549577321142,1.358300064683755,2603265.461730769,1411000.0,-0.3417548964944456,1.358300082039251,2603265.5282565164
1411000.0,-0.3851326332182096,1.33755231390026,2524344.177504535,1411000.0,-0.38513267380226507,1.337552303083358,2524344.1366753527
1411000.0,-0.2043345655113849,1.0137273959721718,1450004.6022491185,1411000.0,-0.20433455625392724,1.0137273978978274,1450004.6077579155
1411000.0,0.09766068453895,0.8157830750357383,939023.3580013335,1411000.0,0.09766069552193522,0.8157830738252273,939023.3552145679
1411000.0,0.09535366261401437,0.7550286535230032,804366.3256411114,1411000.0,0.09535373511385775,0.7550286492783251,804366.3165970144
1411000.0,0.09529124587997471,0.637942972527581,574236.414274427,1411000.0,0.09529122499752167,0.6379429761291041,574236.4207581592
