cur_n,cur_mean,cur_std,cur_S,next_n,next_mean,next_std,next_S
4451000.0,-0.30247578690320875,1.3344468389174124,7926110.976606097,4451000.0,-0.30247579226699217,1.3344468377496954,7926110.962734502
4451000.0,-0.3833733634629993,1.355596994755798,8179349.937461924,4451000.0,-0.38337336345005085,1.355596994759539,8179349.937507068
4451000.0,-0.2105743894117665,0.9997060576153615,4448383.709467809,4451000.0,-0.2105743929814525,0.9997060568918558,4448383.703029054
4451000.0,0.09608434481445477,0.8247615765528591,3027711.1104610697,4451000.0,0.09608436182500954,0.8247615753519578,3027711.101644019
4451000.0,0.0876369208345767,0.7330204131843181,2391606.5402709874,4451000.0,0.08763687645528095,0.7330204244697266,2391606.613912203
4451000.0,0.09770516556196633,0.6415476090768016,1831957.4228038273,4451000.0,0.09770516716468651,0.6415476088415951,1831957.4214605496
