cur_n,cur_mean,cur_std,cur_S,next_n,next_mean,next_std,next_S
2461000.0,-0.30719508913985477,1.3295247587063521,4350152.402756445,2461000.0,-0.30719510587569004,1.3295247550987008,4350152.379148262
2461000.0,-0.36154047959106345,1.3241916953073827,4315323.25261168,2461000.0,-0.3615404895227515,1.324191692687448,4315323.235535806
2461000.0,-0.1923776517979714,0.9904320237322921,2414131.715934366,2461000.0,-0.19237765054149078,0.9904320239782907,2414131.717133586
2461000.0,0.09763512776063572,0.8399136455761897,1736124.5877137352,2461000.0,0.09763512879316293,0.8399136454577429,1736124.5872240693
2461000.0,0.08820950643021282,0.7496436580311758,1382997.376118878,2461000.0,0.08820952558222127,0.7496436563796866,1382997.370025302
2461000.0,0.09908680467830139,0.6548588442816234,1055375.5007032382,2461000.0,0.09908679705533865,0.6548588455442285,1055375.504772886
