cur_n,cur_mean,cur_std,cur_S,next_n,next_mean,next_std,next_S
3431000.0,-0.3162340472160084,1.3529499913775254,6280355.193226939,3431000.0,-0.3162337767165512,1.3529501473804557,6280356.641549311
3431000.0,-0.3860493689989959,1.3644644618331476,6387709.771154886,3431000.0,-0.3860491994590019,1.364464545940023,6387710.558643813
3431000.0,-0.1656574743391879,0.9824574933782628,3311679.1739184856,3431000.0,-0.16565751046371222,0.9824574895657496,3311679.148215958
3431000.0,0.10022082578655386,0.8571143902120536,2520567.2623043396,3431000.0,0.10022031998261496,0.857114961409105,2520570.6218117387
3431000.0,0.09390270261787176,0.7686796349538468,2027269.4158724253,3431000.0,0.09390222379546187,0.7686802051220496,2027272.4233281598
3431000.0,0.09354335196807119,0.6557345124911351,1475287.973241786,3431000.0,0.09354341512907455,0.6557345139175796,1475287.9796602875
