cur_n,cur_mean,cur_std,cur_S,next_n,next_mean,next_std,next_S
1691000.0,0.1768776014289869,1.5790744051327859,4216467.877014776,1691000.0,0.17687763549385024,1.5790744019384113,4216467.859955443
1691000.0,0.03427575366915782,1.5958745204356488,4306664.985093929,1691000.0,0.03427575175645423,1.5958745204786888,4306664.985326227
1691000.0,0.037849185750517385,1.4557494438286986,3583578.095463993,1691000.0,0.03784918381597868,1.455749443881083,3583578.0957218986
1691000.0,0.012930690290715748,0.8128155188632272,1117191.3934889813,1691000.0,0.012930796058156752,0.8128155288171768,1117191.4208518122
1691000.0,-0.0002428848020267928,0.7036007453459937,837136.3289677814,1691000.0,-0.00024289017374893668,0.7036007453788514,837136.329045969
1691000.0,0.001106302520247197,0.642650862539332,698383.2217282277,1691000.0,0.0011062142577819936,0.6426508729404539,698383.2443344963
