cur_n,cur_mean,cur_std,cur_S,next_n,next_mean,next_std,next_S
142000.0,0.0006771637675630122,0.015076375879855275,32.276189573236834,142000.0,0.0006771918758919768,0.015076378338085719,32.276200098620244
142000.0,-0.0076633993160756435,0.02243372696966303,71.46463901641289,142000.0,-0.007663379764852946,0.022433734858159648,71.46468927544143
142000.0,-0.006426980006861431,0.019566411767073875,54.36391466029356,142000.0,-0.0064269815917512825,0.019566411255599804,54.3639118181033
142000.0,-7.182304080146184e-05,0.12260611611434832,2134.580878627599,142000.0,-7.18430616458304e-05,0.12260611633473784,2134.580886301592
142000.0,-7.112309649956207e-05,0.07701587937639812,842.2652860090266,142000.0,-7.113774777466712e-05,0.0770158795607586,842.265290041453
142000.0,-0.0008457761013419415,0.06744976378205723,646.0248300642553,142000.0,-0.0008458017380298376,0.06744976415241873,646.0248371588011
