cur_n,cur_mean,cur_std,cur_S,next_n,next_mean,next_std,next_S
1502000.0,-0.007783348768968813,0.03835941526831942,2210.1099990705206,1502000.0,-0.0077833501834344435,0.03835941502048641,2210.109970512306
1502000.0,-0.014490528921288118,0.060084796679939864,5422.494553688708,1502000.0,-0.014490532920643217,0.06008479591534156,5422.494415682746
1502000.0,-0.031420558252312256,0.08772825610846896,11559.762873589347,1502000.0,-0.0314205624763106,0.08772825474834743,11559.762515148797
1502000.0,-0.0004152587426905486,0.15307538534128687,35194.97454326996,1502000.0,-0.0004152580242566363,0.1530753853457699,35194.97454533143
1502000.0,-0.00048697637834912847,0.15474993028903258,35969.20646853959,1502000.0,-0.00048697459424662304,0.15474993031009435,35969.20647833055
1502000.0,-0.0004282961659400024,0.15823217969315598,37606.2088810517,1502000.0,-0.00042829393692422706,0.15823217972277168,37606.20889512892
