cur_n,cur_mean,cur_std,cur_S,next_n,next_mean,next_std,next_S
3862000.0,-0.0042289513722994785,0.03027081816989281,3538.8372349897404,3862000.0,-0.004228952387283074,0.03027081809381274,3538.837217201323
3862000.0,-0.013989450015980544,0.04928112522695271,9379.366370636802,3862000.0,-0.013989452794740566,0.049281124740701836,9379.366185546669
3862000.0,-0.020438711425583508,0.07074605553044168,19329.326888975294,3862000.0,-0.0204387139952061,0.07074605496828539,19329.32658178919
3862000.0,-0.00028866434396758965,0.16260852404897957,102117.19694466278,3862000.0,-0.0002886646877309468,0.16260852404977194,102117.19694565798
3862000.0,-0.00046132707222893424,0.13034166879815873,65611.32731409335,3862000.0,-0.0004613266721845994,0.13034166880194006,65611.32731790026
3862000.0,-0.0005509753553278832,0.12971868406385356,64985.630675685854,3862000.0,-0.0005509750601094266,0.12971868406640397,64985.630678241214
