cur_n,cur_mean,cur_std,cur_S,next_n,next_mean,next_std,next_S
2751000.0,-0.011298246420620892,0.16106004429392892,71361.86947476442,2751000.0,-0.011298229515411179,0.16106004792051945,71361.87268847621
2751000.0,-0.024966300210796922,0.03325362305258281,3042.0652802851073,2751000.0,-0.024966316717735026,0.03325362193022239,3042.065074936439
2751000.0,-0.001849451712104539,0.03767988230530962,3905.7969825210016,2751000.0,-0.0018494463315547667,0.037679883626233396,3905.797256367938
2751000.0,0.10606693153997018,0.45967120803814293,581279.7512424248,2751000.0,0.10606692858635157,0.45967120874577305,581279.7530321
2751000.0,-0.00028697973155288444,0.09292317067153484,23754.10274668843,2751000.0,-0.0002869753962871068,0.09292317096312608,23754.102895768327
2751000.0,0.00319668141044092,0.08680775149103376,20730.39631277388,2751000.0,0.003196687799699693,0.08680775190260111,20730.396509345133
