cur_n,cur_mean,cur_std,cur_S,next_n,next_mean,next_std,next_S
2851000.0,-0.006906452760371016,0.018142588988520333,938.4167288733873,2851000.0,-0.00690644885442531,0.01814259167414782,938.4170066989994
2851000.0,-0.009340068061152134,0.020414108702343323,1188.1138630507157,2851000.0,-0.009340066922881824,0.020414109313611817,1188.1139342031324
2851000.0,-0.007820954556903162,0.018969589357994993,1025.9190084916381,2851000.0,-0.007820951587091467,0.01896959124519224,1025.9192126195808
2851000.0,-0.0014199588172217812,0.06981127202582023,13894.672664011616,2851000.0,-0.0014199674857530485,0.06981127338388073,13894.673204606437
2851000.0,-0.0017848800729690377,0.07414068308530278,15671.493372700965,2851000.0,-0.0017848786237158701,0.0741406831605763,15671.49340452286
2851000.0,-0.0016219547113270616,0.06776527299688329,13092.16897159938,2851000.0,-0.001621958569989816,0.06776527321773339,13092.16905693533
