cur_n,cur_mean,cur_std,cur_S,next_n,next_mean,next_std,next_S
261000.0,-0.29039639002411927,1.2888428668114964,433551.25912135886,261000.0,-0.290396610380873,1.2888428220782444,433551.22902590205
261000.0,-0.36917891856725404,1.2342405713763496,397594.2946762,261000.0,-0.36917898075719835,1.2342405531833816,397594.2829549515
261000.0,-0.19640789926945587,0.9592601935626808,240167.011046971,261000.0,-0.19640774865504948,0.9592602274869264,240167.0280339884
261000.0,0.10495549278807739,0.7888359335008439,162410.4159253406,261000.0,0.10495540726398954,0.7888359460899546,162410.4211091884
261000.0,0.10200635697370702,0.7142231547149012,133139.94054476637,261000.0,0.10200619063611228,0.7142231835268791,133139.95128657747
261000.0,0.08438730074320827,0.6116311032006313,97638.17027103197,261000.0,0.08438722329735447,0.6116311151656277,97638.17409111359
