cur_n,cur_mean,cur_std,cur_S,next_n,next_mean,next_std,next_S
5801000.0,-0.3074574756685303,1.3403228043297235,10421294.740096312,5801000.0,-0.30745744590942636,1.3403228130726716,10421294.876052875
5801000.0,-0.39159752945582305,1.3648856391860342,10806757.199534418,5801000.0,-0.3915975200761978,1.3648856420641344,10806757.245110294
5801000.0,-0.22100565613282072,1.0050549658254253,5859795.944600341,5801000.0,-0.22100564785940774,1.0050549678422718,5859795.968118078
5801000.0,0.09551895522803164,0.8201337063985152,3901864.538247974,5801000.0,0.09551894808412902,0.8201337074110762,3901864.547882685
5801000.0,0.08604911297381693,0.7276384535732342,3071384.2286061146,5801000.0,0.08604911028428411,0.7276384539201693,3071384.231534963
5801000.0,0.09647721665433873,0.6353969510678481,2342033.5847580666,5801000.0,0.0964772208020001,0.6353969505165946,2342033.580694295
