cur_n,cur_mean,cur_std,cur_S,next_n,next_mean,next_std,next_S
4351000.0,-0.05549409494186579,0.16550435057856328,119181.24345293953,4351000.0,-0.055494099482859986,0.16550434932700347,119181.24165041954
4351000.0,-0.04690444796200791,0.16169682611994304,113760.65242467172,4351000.0,-0.046904448353250076,0.161696826008515,113760.65226788292
4351000.0,0.013701980785829983,0.3182770003539488,440757.38320019207,4351000.0,0.013701975502211272,0.31827700077222243,440757.3843586621
4351000.0,0.02765056005007828,0.16964624742544435,125221.12415434315,4351000.0,0.02765055594079742,0.1696462483117472,125221.12546275806
4351000.0,0.02822700218026697,0.18435217589265357,147871.88841490445,4351000.0,0.028227002348042308,0.1843521758672975,147871.88837422736
4351000.0,0.059189477321714166,0.4612026855926129,925492.1477277956,4351000.0,0.05918947019422996,0.4612026867469372,925492.1523605443
