cur_n,cur_mean,cur_std,cur_S,next_n,next_mean,next_std,next_S
462000.0,-0.007665731795834967,0.016331414699384036,123.22237901046469,462000.0,-0.007665725228484526,0.016331418392056568,123.22243473373845
462000.0,-0.012691679239701877,0.02213981253435599,226.45914016406903,462000.0,-0.012691672720116044,0.02213981671520037,226.45922569239158
462000.0,-0.004010541027007513,0.009060082409324979,37.92331308785708,462000.0,-0.004010534409674803,0.009060086455020358,37.923346956468826
462000.0,-0.00044575095427562143,0.05290234078663014,1292.9798392455948,462000.0,-0.000445741961573658,0.05290234121551746,1292.979860210363
462000.0,-0.000696662125779201,0.0621782543317804,1786.1545140273763,462000.0,-0.0006966536853605478,0.0621782546910174,1786.1545346665146
462000.0,-0.0005086243549275448,0.04555755023896153,958.8765573042829,462000.0,-0.0005086149116034194,0.045557550796559265,958.8765807764578
