cur_n,cur_mean,cur_std,cur_S,next_n,next_mean,next_std,next_S
4031000.0,-0.30314762034862386,1.3334219826860711,7167175.175343038,4031000.0,-0.3031476402972602,1.3334219787524324,7167175.13305623
4031000.0,-0.3764231694493823,1.3446052322945083,7287899.783007203,4031000.0,-0.37642314483355427,1.3446052400940491,7287899.867555843
4031000.0,-0.20638233027892955,0.9953745626175179,3993795.965741147,4031000.0,-0.2063823354924149,0.9953745615916016,3993795.957508466
4031000.0,0.09707552407744145,0.8274242212600653,2759746.9238110646,4031000.0,0.09707554391187334,0.8274242198913548,2759746.914680816
4031000.0,0.08699958047283904,0.7342713507154806,2173331.4528370723,4031000.0,0.0869995967406299,0.7342713495144232,2173331.445727179
4031000.0,0.09827925860276886,0.6436296359080089,1669878.465231096,4031000.0,0.09827926330223562,0.6436296352595521,1669878.4618662908
