cur_n,cur_mean,cur_std,cur_S,next_n,next_mean,next_std,next_S
701000.0,-0.03824835883237019,0.1610028017078081,18171.253412592403,701000.0,-0.03824835489931825,0.16100280267583644,18171.253631101503
701000.0,-0.015427863919936877,0.03468571088925565,843.3720764650127,701000.0,-0.015427829173015448,0.03468573854460553,843.3734213276983
701000.0,-0.00843876450681906,0.03480203412569907,849.0382870797124,701000.0,-0.008438713019374678,0.03480207330871779,849.0401989163424
701000.0,0.10500510805311065,0.3820289308388033,102308.21890248524,701000.0,0.105005059892388,0.3820289462043698,102308.22713235288
701000.0,0.0011350759759482661,0.10184937963270471,7271.680588228331,701000.0,0.0011350858320160005,0.10184937985716298,7271.680620279362
701000.0,0.0020662773606360285,0.09495071223511845,6319.962065523347,701000.0,0.002066277113094324,0.09495071224073014,6319.962066270381
