cur_n,cur_mean,cur_std,cur_S,next_n,next_mean,next_std,next_S
3611000.0,-0.30098256329269985,1.3282391139379377,6370595.328242437,3611000.0,-0.3009824294067742,1.3282391686432924,6370595.853005908
3611000.0,-0.3716139318535408,1.33857587685536,6470137.000315836,3611000.0,-0.37161405265768765,1.338575863002101,6470136.866393681
3611000.0,-0.2043799383350225,0.9959117587379279,3581535.074836019,3611000.0,-0.2043799589417191,0.9959117552788723,3581535.0499568493
3611000.0,0.09788803535563083,0.8312381562277336,2495045.266124033,3611000.0,0.09788785276336154,0.8312382501464787,2495045.8299372597
3611000.0,0.08669645417534398,0.7366486628091482,1959513.6724832256,3611000.0,0.08669686295635509,0.7366490242602706,1959515.5954313714
3611000.0,0.10006925871838525,0.6474578102135596,1513737.035399608,3611000.0,0.10006933655521412,0.6474578150782226,1513737.0581464816
