cur_n,cur_mean,cur_std,cur_S,next_n,next_mean,next_std,next_S
1602000.0,-0.008982713041727562,0.016723359440807353,448.03254308027755,1602000.0,-0.00898271382818457,0.016723359047997977,448.0325220329058
1602000.0,-0.01503368553972146,0.02433140752921672,948.411862549224,1602000.0,-0.01503368754653543,0.024331406421843987,948.4117762208513
1602000.0,-0.004622708213422053,0.008624064413539778,119.14792818823089,1602000.0,-0.004622709608497269,0.008624063846511256,119.14791252038147
1602000.0,-0.0006201028847020472,0.054973321680955284,4841.349886813737,1602000.0,-0.0006200980193036351,0.054973322080756115,4841.349957232466
1602000.0,-0.000983537101010087,0.06478501829226214,6723.751949396244,1602000.0,-0.0009835314310258497,0.06478501877582934,6723.752049770865
1602000.0,-0.0007007060059870673,0.04837269255536992,3748.5476508602574,1602000.0,-0.0007007010949656542,0.04837269302587759,3748.5477237824102
