cur_n,cur_mean,cur_std,cur_S,next_n,next_mean,next_std,next_S
1822000.0,-0.0072853367608828445,0.036931752095142094,2485.124757952633,1822000.0,-0.007285336100555823,0.03693175223615801,2485.124776930457
1822000.0,-0.015314303032528138,0.06291429909992455,7211.856854909746,1822000.0,-0.015314307859093587,0.06291429826238588,7211.856662895878
1822000.0,-0.034205711594934435,0.09556259176877191,16638.884698819347,1822000.0,-0.03420571849770608,0.09556258975221944,16638.883996595116
1822000.0,-0.0004169061294422279,0.15873912702478174,45910.95723733061,1822000.0,-0.0004169065233183448,0.15873912702464138,45910.95723724941
1822000.0,-0.0004827093714888586,0.16028179239571919,46807.64091787083,1822000.0,-0.00048270569342984257,0.16028179248368984,46807.640969251566
1822000.0,-0.00044600347979467046,0.16467157383397518,49406.6770111621,1822000.0,-0.0004459949461888107,0.16467157425996393,49406.677266782266
