cur_n,cur_mean,cur_std,cur_S,next_n,next_mean,next_std,next_S
851000.0,-0.014773616298050029,1.1600040958019753,1145113.686438032,851000.0,-0.014773653257077897,1.1600040958323372,1145113.6864979763
851000.0,-0.08912740122837182,1.1160682498309964,1060012.6958769804,851000.0,-0.08912745209336928,1.1160682467553535,1060012.690034649
851000.0,-0.11944518397231933,0.8340736087437509,592022.6458672029,851000.0,-0.11944519055977137,0.8340736078225067,592022.6445594109
851000.0,0.1030275551229689,1.4028817702506804,1674833.749367732,851000.0,0.10302755303112274,1.402881770405624,1674833.7497376918
851000.0,0.1093478097068219,1.2413143897961443,1311273.063582043,851000.0,0.10934780103606984,1.2413143905857469,1311273.0652502498
851000.0,0.09890788262283906,0.7231282416906173,445000.20029490977,851000.0,0.09890787619478647,0.7231282425941439,445000.201406938
