cur_n,cur_mean,cur_std,cur_S,next_n,next_mean,next_std,next_S
242000.0,-0.007321017986596114,0.01625043584970268,63.9065530038831,242000.0,-0.007321055500348711,0.016250429427813004,63.90650249437607
242000.0,-0.011875214846014377,0.020922333547574196,105.93405794037956,242000.0,-0.011875309373783526,0.020922331571377493,105.93403792860356
242000.0,-0.003816962138614193,0.008846022307002738,18.93701077874959,242000.0,-0.003817006682630978,0.00884603022702037,18.93704468812065
242000.0,-0.000482697675657651,0.052756098144678555,673.5358257311315,242000.0,-0.0004826753513257442,0.05275609949199442,673.5358601334297
242000.0,-0.0006998351740071881,0.060618958757606436,889.2672749272464,242000.0,-0.0006998244194144713,0.06061895911263412,889.267285343608
242000.0,-0.0005384397972466484,0.044975172012141025,489.5093956002449,242000.0,-0.0005384594893937134,0.0449751728196585,489.50941317827204
