cur_n,cur_mean,cur_std,cur_S,next_n,next_mean,next_std,next_S
1951000.0,-0.024409208253844402,0.15226667089804424,45234.20631849433,1951000.0,-0.024409180769168225,0.1522666801435347,45234.211811652276
1951000.0,-0.019049949038270095,0.03246291593088243,2056.0436168450387,1951000.0,-0.01904997249725432,0.03246291870168146,2056.0439678229936
1951000.0,-0.0008683386314893732,0.03288326244325582,2109.633759327387,1951000.0,-0.0008683303527663214,0.032883264695064904,2109.6340482581245
1951000.0,0.10661724626698102,0.4597606380006603,412402.07614106446,1951000.0,0.1066172519083303,0.459760636759964,412402.0739152726
1951000.0,0.00038773336605002105,0.09443990354661962,17400.76489007679,1951000.0,0.00038774931059526425,0.09443990610716431,17400.76583364905
1951000.0,0.002574836211990159,0.08435124894485778,13881.624870385429,1951000.0,0.002574829057537028,0.0843512497552032,13881.625137101364
