cur_n,cur_mean,cur_std,cur_S,next_n,next_mean,next_std,next_S
2851000.0,-0.32502174737568396,1.3586767219278884,5262952.941354539,2851000.0,-0.32502205042985194,1.3586767457902993,5262953.126220806
2851000.0,-0.391364730965703,1.3714344635416191,5362253.422688403,2851000.0,-0.39136442027118634,1.3714346525407421,5362254.900646397
2851000.0,-0.17405595553991096,0.9948318760245527,2821607.505891968,2851000.0,-0.17405582343572618,0.9948319241438508,2821607.778850202
2851000.0,0.10149992480386712,0.8496016011869921,2057917.032988317,2851000.0,0.10150004203239228,0.849601610239761,2057917.0768438068
2851000.0,0.09344916357069286,0.7693248073365999,1687394.7393321486,2851000.0,0.09344884266187681,0.769325037135613,1687395.7473893438
2851000.0,0.09354084233578246,0.6528193223452904,1215019.4158056153,2851000.0,0.09354065558161487,0.6528194252626667,1215019.7989027938
