cur_n,cur_mean,cur_std,cur_S,next_n,next_mean,next_std,next_S
761000.0,-0.36965678890537995,1.3665277959485171,1421090.0432130334,761000.0,-0.36965664749122773,1.366527839770487,1421090.1343563912
761000.0,-0.41047158573454157,1.3453441279693956,1377372.5760455793,761000.0,-0.4104715564760857,1.3453441371384496,1377372.5948202605
761000.0,-0.21254127463164707,1.026120550469761,801274.695297334,761000.0,-0.2125412826397455,1.0261205488347989,801274.692743923
761000.0,0.10235094559863643,0.7815546811292873,464839.8946118726,761000.0,0.10235097686315836,0.7815546775108252,464839.89030761697
761000.0,0.0926412805559559,0.7221397846007215,396850.74593091727,761000.0,0.09264127688711792,0.7221397850784842,396850.74645602464
761000.0,0.08795988329134537,0.6252469132328231,297500.54760795896,761000.0,0.08795977293426195,0.6252469361693191,297500.5694349208
