cur_n,cur_mean,cur_std,cur_S,next_n,next_mean,next_std,next_S
1001000.0,-0.3697854649808301,1.379695190515655,1905462.3775507617,1001000.0,-0.3697849777487772,1.3796954072210765,1905462.9761236391
1001000.0,-0.422212569141806,1.3809712924292148,1908988.7922241297,1001000.0,-0.422214743706514,1.3809723414001394,1908991.6923198954
1001000.0,-0.20426282075743601,1.0224443365358171,1046437.8137354815,1001000.0,-0.20426430278885221,1.022445115630971,1046439.4084921076
1001000.0,0.10146012980082364,0.8050961004557636,648827.9107000462,1001000.0,0.1014599623198825,0.8050961389997069,648827.9728252675
1001000.0,0.09344692656195464,0.7397070939122545,547713.751368897,1001000.0,0.09344869167136367,0.7397089790043903,547716.5429933371
1001000.0,0.08700118798123052,0.6290842968103431,396142.7995458572,1001000.0,0.08700321794974122,0.6290872945488533,396146.5749869585
