cur_n,cur_mean,cur_std,cur_S,next_n,next_mean,next_std,next_S
2701000.0,-0.30076100865628125,1.3238518349691237,4733728.522248965,2701000.0,-0.300761007612297,1.323851835207487,4733728.523953607
2701000.0,-0.35833645517390184,1.3207788187541103,4711777.514475727,2701000.0,-0.35833647053216866,1.3207788148285111,4711777.486467178
2701000.0,-0.18876150958149446,0.9841464576989202,2616038.019793799,2701000.0,-0.18876150203994713,0.9841464592234613,2616038.027898807
2701000.0,0.09688846768831756,0.8395532583976231,1903798.9686260642,2701000.0,0.09688845964631268,0.8395532594297556,1903798.9733070605
2701000.0,0.08691601633935904,0.7453281239336185,1500443.347293626,2701000.0,0.08691601967858927,0.7453281235644267,1500443.3458071633
2701000.0,0.09646474292136809,0.6523109750227012,1149301.4515728164,2701000.0,0.09646473759564489,0.65231097586897,1149301.454554885
