cur_n,cur_mean,cur_std,cur_S,next_n,next_mean,next_std,next_S
2051000.0,-0.14606523900748106,1.2459493909087747,3183951.6535318964,2051000.0,-0.1460653149089342,1.2459493867524263,3183951.6322892806
2051000.0,-0.13315143054176337,1.2039334712040424,2972833.8521281853,2051000.0,-0.1331514340321342,1.203933470828337,2972833.8502727505
2051000.0,-0.18936042086462287,1.0111699104263436,2097074.869478572,2051000.0,-0.18936042123048,1.0111699103579301,2097074.8691948052
2051000.0,0.10582096538242061,1.111440324909923,2533599.47105938,2051000.0,0.10582100016947825,1.1114403227143732,2533599.4610495875
2051000.0,0.10443874465046694,1.0112862505391742,2097557.4549661716,2051000.0,0.10443881555958914,1.0112862483149625,2097557.4457394825
2051000.0,0.09952306302452417,0.6498793809442819,866225.9232516487,2051000.0,0.09952308321431957,0.649879378495649,866225.9167240706
