cur_n,cur_mean,cur_std,cur_S,next_n,next_mean,next_std,next_S
1301000.0,-0.04165310742762047,0.12826308968276964,21403.29764763624,1301000.0,-0.04165310937420446,0.12826308906984393,21403.297443078078
1301000.0,-0.046165055136941385,0.13207478007126178,22694.315537664686,1301000.0,-0.046165038084458584,0.13207478746393486,22694.318078220283
1301000.0,-0.05369919729410047,0.18694318919449915,45467.030538059604,1301000.0,-0.05369919701216818,0.1869431892757608,45467.0305775874
1301000.0,0.0336053201000489,0.16082349706223392,33649.3205667316,1301000.0,0.033605309514579615,0.16082349972738072,33649.32168199624
1301000.0,0.032818043492806544,0.12129435533859098,19140.729148742692,1301000.0,0.032818031261418114,0.12129435945031682,19140.730446435922
1301000.0,0.05282254935781379,0.34789226308863136,157458.76375872525,1301000.0,0.05282253753568013,0.3478922651450152,157458.76562019618
