cur_n,cur_mean,cur_std,cur_S,next_n,next_mean,next_std,next_S
3321000.0,-0.3177890376900165,1.3548247621076082,6095862.00172221,3321000.0,-0.3177890343219753,1.3548247629115417,6095862.008956605
3321000.0,-0.38752905777600605,1.3670101560869004,6206008.3826913545,3321000.0,-0.3875288624678645,1.3670102577890146,6206009.306114188
3321000.0,-0.16777569356898864,0.9866849266554968,3233150.066848511,3321000.0,-0.16777571502231495,0.9866849237821066,3233150.048017572
3321000.0,0.10078380630551219,0.8552095478115712,2428924.1739886673,3321000.0,0.10078356807085363,0.8552096860853554,2428924.9594255583
3321000.0,0.09418884930032302,0.769314714035592,1965517.6741783586,3321000.0,0.09418905268812637,0.7693147784206268,1965518.0031722717
3321000.0,0.09421454172112567,0.6570050304745068,1433528.28103851,3321000.0,0.09421461170808365,0.6570050328179111,1433528.2912647221
