cur_n,cur_mean,cur_std,cur_S,next_n,next_mean,next_std,next_S
942000.0,-0.008667743812778862,0.041806055927992664,1646.3770261436925,942000.0,-0.008667737810435543,0.04180605757837599,1646.377156132192
942000.0,-0.012958687749797696,0.049654601682885956,2322.5758591254694,942000.0,-0.012958666790765308,0.049654611319508934,2322.5767606245977
942000.0,-0.02522075641674463,0.07246774268464372,4946.982453478885,942000.0,-0.025220747415509035,0.07246774634391917,4946.982953076947
942000.0,-0.00047710408919889437,0.14617320944854031,20127.3439451786,942000.0,-0.0004770872769608583,0.1461732104141719,20127.344211104195
942000.0,-0.0004884725669248698,0.14512313939931162,19839.203504943536,942000.0,-0.0004884616183524846,0.14512313982521027,19839.203621389333
942000.0,-0.00047057394121089786,0.14808565950320315,20657.459522569705,942000.0,-0.00047055747731818056,0.1480856604176475,20657.459777693624
