cur_n,cur_mean,cur_std,cur_S,next_n,next_mean,next_std,next_S
3071000.0,-0.32173582439512044,1.3561475259088036,5647987.000039736,3071000.0,-0.32173560716954747,1.3561476308714022,5647987.874321337
3071000.0,-0.3902663341793174,1.3704427748196886,5767686.248499404,3071000.0,-0.39026816741977266,1.3704460183000209,5767713.549747424
3071000.0,-0.16839517387512934,0.9887760306802831,3002449.257301766,3071000.0,-0.16839538632575093,0.9887760645903632,3002449.463239801
3071000.0,0.10142726644092456,0.8526707923737984,2232762.811593966,3071000.0,0.10142707842079265,0.8526708784007206,2232763.2621259284
3071000.0,0.09406844417873667,0.7694431415892107,1818163.279533868,3071000.0,0.09406893477853821,0.7694435619276085,1818165.2660199576
3071000.0,0.09210506722646536,0.6529928712321896,1309473.4476216612,3071000.0,0.09210508965777432,0.6529928692514115,1309473.4396773898
