cur_n,cur_mean,cur_std,cur_S,next_n,next_mean,next_std,next_S
3202000.0,-0.013852341311296585,0.02559381241314441,2097.4484347531984,3202000.0,-0.013852339389492143,0.025593813684330877,2097.4486431041923
3202000.0,-0.02326597159551856,0.040961950550977975,5372.57622019633,3202000.0,-0.023265969904804073,0.040961951623010924,5372.576501412372
3202000.0,-0.005494625531601001,0.010112995306174622,327.4771023487972,3202000.0,-0.005494623481910537,0.01011299708492053,327.4772175468348
3202000.0,-0.0004921965029353092,0.05238438501518266,8786.684386527297,3202000.0,-0.0004921938237089099,0.05238438525973849,8786.684468568346
3202000.0,-0.0007417203756612472,0.06652991387831368,14172.786668979985,3202000.0,-0.0007417179286231631,0.06652991404969041,14172.78674199634
3202000.0,-0.0005554408837325315,0.04321668271939853,5980.31669219185,3202000.0,-0.0005554377505755602,0.04321668312333331,5980.3168039846905
