cur_n,cur_mean,cur_std,cur_S,next_n,next_mean,next_std,next_S
1802000.0,-0.007312190082818693,0.036994701571745586,2466.2315157772928,1802000.0,-0.007312190266933236,0.036994701536181035,2466.23151103551
1802000.0,-0.015244353149178344,0.06277799151380088,7101.8193457493535,1802000.0,-0.0152443533182923,0.06277799147314425,7101.819336550713
1802000.0,-0.034076194474897986,0.09516599891513038,16319.934363825301,1802000.0,-0.03407619462003941,0.09516599886335536,16319.934346067597
1802000.0,-0.0004165352067675482,0.15815502442228022,45073.44717352171,1802000.0,-0.0004165351900326989,0.15815502442232884,45073.44717354944
1802000.0,-0.0004825747220458798,0.1599365373690775,46094.61216606981,1802000.0,-0.0004825747033162433,0.1599365373691401,46094.61216610589
1802000.0,-0.00044354017667267196,0.16415919822587802,48560.73273661793,1802000.0,-0.000443540151396158,0.16415919822595643,48560.732736664315
