cur_n,cur_mean,cur_std,cur_S,next_n,next_mean,next_std,next_S
3121000.0,-0.32093288180812357,1.356021916799947,5738880.564625265,3121000.0,-0.3209335526359525,1.3560222759015057,5738883.604164971
3121000.0,-0.3897149765117834,1.369925592770067,5857168.620876156,3121000.0,-0.3897149760239604,1.3699255929091574,5857168.622065527
3121000.0,-0.16871650608973832,0.9889456642141193,3052380.217042634,3121000.0,-0.168716805861623,0.9889457548712067,3052380.7766687544
3121000.0,0.10115813104584,0.8534103820753162,2273053.2636101176,3121000.0,0.10115840929766963,0.8534104906664084,2273053.842073557
3121000.0,0.09420592561543992,0.7695057584904139,1848066.1696440605,3121000.0,0.09420592739580207,0.769505758278877,1848066.1686279948
3121000.0,0.09294500857143409,0.6544343951951852,1336675.5425348168,3121000.0,0.09294564264580273,0.6544352638305587,1336679.090894861
