cur_n,cur_mean,cur_std,cur_S,next_n,next_mean,next_std,next_S
3842000.0,-0.014214643145653195,0.02492146591012113,2386.1872972660444,3842000.0,-0.014214640318551552,0.024921468138713317,2386.187724033766
3842000.0,-0.023513293205999826,0.03948394960115636,5989.609904801769,3842000.0,-0.02351329226213631,0.0394839502065873,5989.610088486291
3842000.0,-0.005708429241987546,0.009405832257599807,339.9005123200398,3842000.0,-0.005708426967280806,0.00940583469489675,339.90068847427335
3842000.0,-0.0006470444780176575,0.05511676210884993,11671.44838192678,3842000.0,-0.0006470417872733849,0.055116762392776644,11671.448502174628
3842000.0,-0.001023348012610448,0.06813584065050626,17836.457265182842,3842000.0,-0.001023339723228406,0.0681358427123004,17836.458344647133
3842000.0,-0.000731439217938545,0.0465385734984424,8321.152759003053,3842000.0,-0.0007314326404627058,0.04653857538761702,8321.153434576443
