cur_n,cur_mean,cur_std,cur_S,next_n,next_mean,next_std,next_S
571000.0,-0.3665596171761624,1.3543620388581539,1047383.3199433087,571000.0,-0.3665596276824883,1.3543620360378763,1047383.3155812378
571000.0,-0.4012184753923529,1.3076503467984404,976381.1242342686,571000.0,-0.4012184448055992,1.3076503563874207,976381.1385538448
571000.0,-0.20296753090081743,1.0136701250589353,586717.9869115255,571000.0,-0.20296759348638493,1.0136701136306074,586717.9736819644
571000.0,0.10780206656824597,0.7891163561544414,355564.34004731453,571000.0,0.10780211092040164,0.7891163508071282,355564.33522847155
571000.0,0.09341113901803638,0.7145441958243633,291537.4158459694,571000.0,0.09341117019793928,0.7145441921367184,291537.4128368161
571000.0,0.07987448043824688,0.6057730185170052,209534.7024289894,571000.0,0.07987454228593785,0.6057730121648174,209534.69803459177
