cur_n,cur_mean,cur_std,cur_S,next_n,next_mean,next_std,next_S
202000.0,-0.006374944200027991,0.015032575610167059,45.64762255402868,202000.0,-0.006374937932049296,0.015032578532223107,45.647640300145916
202000.0,-0.011270899163859958,0.019323110070431363,75.42328172438921,202000.0,-0.01127090004806744,0.019323109558772,75.42327773010176
202000.0,-0.003958180049283209,0.010040989949550433,20.36593879172851,202000.0,-0.003958176616675763,0.010040991421211395,20.365944761609846
202000.0,-0.0006345885312605738,0.05778664033422331,674.5377518256107,202000.0,-0.0006345486333576402,0.0577866435545875,674.5378270075996
202000.0,-0.0009986750252022254,0.06576049495845916,873.5374248306697,202000.0,-0.0009986320737069441,0.06576049844416276,873.5375174361961
202000.0,-0.0007324763016087149,0.05160080722321159,537.853947829583,202000.0,-0.0007324357479499929,0.05160081101788634,537.8540269361314
