cur_n,cur_mean,cur_std,cur_S,next_n,next_mean,next_std,next_S
3541000.0,-0.31342948635501017,1.3501587271432138,6454990.1318111615,3541000.0,-0.3134293644805934,1.3501587749131132,6454990.588578546
3541000.0,-0.3855728630055394,1.3633485049875707,6581724.496169579,3541000.0,-0.3855729339681511,1.3633484914580016,6581724.365538424
3541000.0,-0.16465880285619447,0.9808020239444829,3406345.0126246964,3541000.0,-0.16465889331705338,0.9808020235296064,3406345.0097429478
3541000.0,0.09963477246215868,0.8566083601261583,2598307.4824212505,3541000.0,0.09963448584769172,0.8566085632521737,2598308.7146854517
3541000.0,0.09432968527820461,0.7681959358243197,2089632.6101880046,3541000.0,0.09432958222875795,0.7681959729527335,2089632.8121800818
3541000.0,0.09359633310000084,0.6557784367944661,1522790.6132608259,3541000.0,0.09359657452429193,0.6557785596993277,1522791.184058451
