cur_n,cur_mean,cur_std,cur_S,next_n,next_mean,next_std,next_S
3551000.0,-0.3025512274379285,1.3303136565623717,6284326.942593871,3551000.0,-0.3025512470866914,1.3303136526090236,6284326.905243083
3551000.0,-0.36988319079620213,1.3382390263435013,6359427.988973878,3551000.0,-0.3698832105930893,1.3382390213917388,6359427.941911466
3551000.0,-0.20161519441977474,0.9934671968163905,3504755.57965442,3551000.0,-0.20161519961382376,0.9934671958105259,3504755.5725574377
3551000.0,0.09865469812871668,0.833120462725029,2464712.5439150524,3551000.0,0.09865517941643165,0.833120899386426,2464715.127563283
3551000.0,0.08623382930439208,0.737236467043375,1930031.027210359,3551000.0,0.08623383314046855,0.737236466630096,1930031.0250464908
3551000.0,0.09904559489243522,0.6482727325362169,1492334.5094481555,3551000.0,0.09904558292793303,0.6482727347562339,1492334.519669187
