cur_n,cur_mean,cur_std,cur_S,next_n,next_mean,next_std,next_S
2621000.0,-0.30237161941909196,1.325875287362612,4607574.572691529,2621000.0,-0.30237163707239434,1.3258752836447916,4607574.5468517905
2621000.0,-0.36014647433862973,1.3250634860871524,4601934.087705127,2621000.0,-0.3601464961356601,1.3250634806326946,4601934.049818557
2621000.0,-0.19043273253250806,0.9864920027464227,2550669.3217560207,2621000.0,-0.1904327133231216,0.9864920069448012,2550669.343466638
2621000.0,0.09666427695841015,0.8389769406043209,1844875.5262952256,2621000.0,0.09666423644580394,0.8389769478357636,1844875.5580985113
2621000.0,0.0869992807287402,0.7471352201364093,1463071.128418064,2621000.0,0.08699926585215517,0.7471352222569009,1463071.136722933
2621000.0,0.09797119443471557,0.6528451750182206,1117088.0818893209,2621000.0,0.09797119149265059,0.6528451754770832,1117088.083459647
