cur_n,cur_mean,cur_std,cur_S,next_n,next_mean,next_std,next_S
1122000.0,-0.00815983887423852,0.015744323637752685,278.12554148115436,1122000.0,-0.008159838317450051,0.01574432393736679,278.1255520665993
1122000.0,-0.01391523115524916,0.02246275623840266,566.133618800657,1122000.0,-0.01391523283589024,0.0224627552678211,566.1335698771117
1122000.0,-0.004407449187453592,0.008594944659788068,82.88558869680742,1122000.0,-0.004407449852091477,0.008594944347797924,82.88558267943618
1122000.0,-0.0006197768839659805,0.05568662861882167,3479.322680976098,1122000.0,-0.0006197693545594459,0.05568662927375102,3479.3227628165905
1122000.0,-0.0009942059832460332,0.06489007801995318,4724.430336938756,1122000.0,-0.0009941980462537232,0.06489007868618332,4724.43043395075
1122000.0,-0.000701157071759539,0.049305672216712726,2727.637328896431,1122000.0,-0.0007011498513453041,0.04930567291257577,2727.6374058880606
