cur_n,cur_mean,cur_std,cur_S,next_n,next_mean,next_std,next_S
2891000.0,-0.2996837068511986,1.3246856931373219,5073104.208577425,2891000.0,-0.2996836680300059,1.3246857035644768,5073104.288442475
2891000.0,-0.3628336297499283,1.3251914539554144,5076978.73843902,2891000.0,-0.3628336645457381,1.3251914457491285,5076978.675560349
2891000.0,-0.1912846254118014,0.9880012614090945,2822039.5099503757,2891000.0,-0.19128462378689984,0.9880012617275548,2822039.5117696193
2891000.0,0.09644794840759902,0.8367280828142059,2024029.2402916865,2891000.0,0.09644797353000076,0.8367280810087412,2024029.2315569175
2891000.0,0.08751855291064231,0.7417407329543286,1590568.399444199,2891000.0,0.08751854576349397,0.7417407338971603,1590568.4034877634
2891000.0,0.09673421568788382,0.6526672652183836,1231492.4503223782,2891000.0,0.09673423177727249,0.6526672634070129,1231492.4434867685
