cur_n,cur_mean,cur_std,cur_S,next_n,next_mean,next_std,next_S
611000.0,-0.022478088988855723,1.1385137964371914,791986.549118152,611000.0,-0.022476855934832757,1.13851422875945,791987.1505926003
611000.0,-0.09379833269721,1.1032992114650726,743751.4506618845,611000.0,-0.09379763686833763,1.1032994046888387,743751.7111723017
611000.0,-0.1077669438529704,0.814496446560993,405340.125952356,611000.0,-0.10776684383891234,0.8144964635457934,405340.142857577
611000.0,0.09365540380941703,1.3976178406257613,1193488.0689740393,611000.0,0.09365653398197392,1.3976180440895782,1193488.4164676797
611000.0,0.10715628342766596,1.270901459919964,986881.408225111,611000.0,0.10715574037654049,1.2709015765965959,986881.5894287805
611000.0,0.09486986368263468,0.7370469784805551,331918.56982575,611000.0,0.09486970695787873,0.7370470088345643,331918.5971647387
