cur_n,cur_mean,cur_std,cur_S,next_n,next_mean,next_std,next_S
4022000.0,-0.014449576898621593,0.02522545762607154,2559.293971452708,4022000.0,-0.014449573450049186,0.025225460549566214,2559.2945646695152
4022000.0,-0.023943195259581874,0.040195371497130455,6498.21625274474,4022000.0,-0.023943192678152897,0.040195373368207214,6498.216857722937
4022000.0,-0.005754979854864854,0.009456505850687186,359.66937268021366,4022000.0,-0.005754976474628717,0.009456510337634672,359.669713994013
4022000.0,-0.0006455611234450991,0.05517801327177391,12245.434083749871,4022000.0,-0.000645564865407595,0.05517801373831568,12245.43429082534
4022000.0,-0.0010244149235891316,0.06841863442947584,18827.422558595303,4022000.0,-0.0010244164031371415,0.06841863447166296,18827.42258181339
4022000.0,-0.000731738920208652,0.04653009700685415,8707.83080827331,4022000.0,-0.0007317431399868969,0.0465300977100779,8707.831071481593
