cur_n,cur_mean,cur_std,cur_S,next_n,next_mean,next_std,next_S
962000.0,0.00024437874965527493,0.013778705185867664,182.6383133682923,962000.0,0.0002443792297311806,0.013778705185398558,182.63831335585618
962000.0,-0.007359635174094105,0.019978890363553384,383.9881298728486,962000.0,-0.007359635425470219,0.019978890272474778,383.98812637184307
962000.0,-0.005931545252958771,0.01405214042781296,189.95906988006234,962000.0,-0.005931547224710133,0.01405213972859568,189.95905097580194
962000.0,-0.00020879608794068744,0.11328049326063824,12344.836287545313,962000.0,-0.00020879420534121465,0.1132804932791585,12344.836291581834
962000.0,-0.00016975901956441276,0.06862943536735192,4531.019421685555,962000.0,-0.00016975694614172865,0.06862943540261225,4531.019426341438
962000.0,-0.0007568070269891128,0.05930949704582234,3383.9470151149294,962000.0,-0.0007568048763687532,0.05930949711077395,3383.947022526653
