cur_n,cur_mean,cur_std,cur_S,next_n,next_mean,next_std,next_S
651000.0,-0.005193579882670696,0.02697733332777213,473.782510273999,651000.0,-0.005193586189649746,0.026977332593522946,473.7824844838727
651000.0,-0.0013364309885566697,0.024494785317332526,390.59642454017813,651000.0,-0.0013364364076386014,0.02449478541190533,390.59642755631387
651000.0,-0.00461524072279994,0.027065814866779923,476.89547569622613,651000.0,-0.004615249087529259,0.027065814281892153,476.8954550849621
651000.0,-0.0009894869943435816,0.0886205105132927,5112.69026924744,651000.0,-0.0009894561726582045,0.08862051434665498,5112.690711555759
651000.0,-0.0010081224130694306,0.0839890617974329,4592.259788550065,651000.0,-0.0010080896138577055,0.08398906636033814,4592.260287520915
651000.0,-0.000971645608735101,0.08955105030617565,5220.62328772142,651000.0,-0.0009716108316109418,0.08955105507961078,5220.623844282336
