cur_n,cur_mean,cur_std,cur_S,next_n,next_mean,next_std,next_S
781000.0,0.16726017722461453,1.4397662759294534,1618955.9317862417,781000.0,0.16726024969128198,1.4397662689352033,1618955.9160567687
781000.0,-0.0060790087030794466,1.4403606283173527,1620292.8556328788,781000.0,-0.006079017838339913,1.4403606283014196,1620292.855597032
781000.0,0.04639948640244707,1.2798994537157924,1279389.3796767695,781000.0,0.04639948378074446,1.279899453812879,1279389.3798708648
781000.0,0.010538239432232576,0.910783390289496,647860.1059252652,781000.0,0.010538395444443818,0.9107833989200469,647860.1182034638
781000.0,0.017219845208670054,0.7943941783414398,492859.5083651444,781000.0,0.017219832090581342,0.7943941787104005,492859.508822967
781000.0,0.002632727744171494,0.7265590474401471,412280.5665947816,781000.0,0.0026325598030497045,0.7265590632074314,412280.58448883984
