cur_n,cur_mean,cur_std,cur_S,next_n,next_mean,next_std,next_S
4101000.0,-0.3105481160881029,1.3449501777434438,7418261.911490308,4101000.0,-0.3105480927054721,1.3449501839760694,7418261.980244156
4101000.0,-0.38190365428891415,1.3616002736234587,7603070.70634419,4101000.0,-0.38190365360723155,1.3616002738153854,7603070.708487598
4101000.0,-0.15764345942519645,0.972464088417034,3878259.9397724303,4101000.0,-0.1576434637409829,0.9724640877566422,3878259.934505045
4101000.0,0.09924908323975759,0.8591706299783644,3027252.2769828374,4101000.0,0.09924913876531721,0.8591706309222341,3027252.2836342095
4101000.0,0.0947648306097389,0.7684255032785205,2421549.269518364,4101000.0,0.0947647802621147,0.7684255162517476,2421549.3512837626
4101000.0,0.09300929464787568,0.65609286167408,1765307.6147158418,4101000.0,0.09300929240643502,0.6560928620075351,1765307.6165102555
