cur_n,cur_mean,cur_std,cur_S,next_n,next_mean,next_std,next_S
2522000.0,-0.006093917272097884,0.03426368621464498,2960.8284867854754,2522000.0,-0.006093913734718341,0.034263687304296755,2960.828675105672
2522000.0,-0.01582264622703992,0.057778859105870856,8419.436123250862,2522000.0,-0.015822649441724103,0.05777885845107407,8419.435932419137
2522000.0,-0.02972851877314691,0.08544464364908541,18412.585137621,2522000.0,-0.029728513199533492,0.08544464604675354,18412.5861709747
2522000.0,-0.00037109986025043106,0.16454411936163774,68282.56292000513,2522000.0,-0.00037109256774654705,0.16454411978564382,68282.56327191347
2522000.0,-0.0005193377550995708,0.14895627307865714,55958.06359207733,2522000.0,-0.0005193243680206115,0.14895627464247999,55958.064767032854
2522000.0,-0.0004607517836615229,0.150968661668964,57480.25582502989,2522000.0,-0.0004607437681504663,0.15096866223008032,57480.25625231208
