cur_n,cur_mean,cur_std,cur_S,next_n,next_mean,next_std,next_S
1222000.0,-0.008510415740864119,0.017281139751872624,364.9353807532252,1222000.0,-0.008510422106821318,0.017281138049673378,364.935308860664
1222000.0,-0.014177586278649616,0.02469250604546897,745.0776625723473,1222000.0,-0.014177599881701804,0.02469250281383003,745.0774675478469
1222000.0,-0.004138310643117905,0.008998690341905393,98.9531948565307,1222000.0,-0.004138317260546971,0.00899869027199698,98.95319331904902
1222000.0,-0.00044006665769784586,0.05100335165599926,3178.8397775378285,1222000.0,-0.0004400592374172715,0.05100335237962569,3178.8398677394493
1222000.0,-0.0006865576393000872,0.06133756662892474,4597.5270317084105,1222000.0,-0.0006865806242421694,0.061337571634261644,4597.527782053554
1222000.0,-0.0004976457794723977,0.04380039787551457,2344.3762716532315,1222000.0,-0.0004976388366022081,0.04380039862681678,2344.3763520787616
