cur_n,cur_mean,cur_std,cur_S,next_n,next_mean,next_std,next_S
231000.0,-0.04109564949041142,1.1359778664885962,298092.9597381081,231000.0,-0.041095433250418624,1.1359778790656467,298092.9663388181
231000.0,-0.1143041341362706,1.1218554431947285,290727.27578332304,231000.0,-0.11430444633310194,1.1218554214200722,290727.26449757937
231000.0,-0.09521191897092313,0.7993803984257544,147611.08394047042,231000.0,-0.09521194589345706,0.7993803953238212,147611.08279488384
231000.0,0.08742644508400167,1.5706441993447313,569859.2594160432,231000.0,0.08742670332656734,1.5706441898743162,569859.2525439538
231000.0,0.10274711714848946,1.4281905169376938,471177.20326694485,231000.0,0.10274454598299157,1.4281912365435845,471177.67808031524
231000.0,0.09239592965821242,0.7701317690108819,137006.77951880082,231000.0,0.09239584520373302,0.7701317802129366,137006.7835045017
