cur_n,cur_mean,cur_std,cur_S,next_n,next_mean,next_std,next_S
2502000.0,-0.006125232921786936,0.03435213690917145,2952.5334141866015,2502000.0,-0.0061252359073361495,0.03435213670142986,2952.5333784762183
2502000.0,-0.01583316279957532,0.057943825682826404,8400.432310773956,2502000.0,-0.01583317222424266,0.057943825025239884,8400.43212010615
2502000.0,-0.029906080951734026,0.08574895344023128,18396.913306269573,2502000.0,-0.029906087432594475,0.08574895179270232,18396.91259933506
2502000.0,-0.00037223674945146656,0.1647035468927206,67872.40041432461,2502000.0,-0.0003722385815891129,0.16470354691407948,67872.40043192811
2502000.0,-0.0005190472595895173,0.1493522244303272,55809.82952960162,2502000.0,-0.0005190449795533446,0.14935222448179694,55809.82956806799
2502000.0,-0.0004606750952112121,0.15142992129300664,57373.41469914108,2502000.0,-0.0004606735532787954,0.15142992131734262,57373.41471758179
