cur_n,cur_mean,cur_std,cur_S,next_n,next_mean,next_std,next_S
581000.0,-0.36626305828767747,1.3563416523506278,1068844.0158606153,581000.0,-0.3662631673473556,1.3563416254478866,1068843.9734600394
581000.0,-0.40660650956132766,1.3126745215702318,1001129.4661557692,581000.0,-0.4066062916229596,1.312674599588825,1001129.5851597012
581000.0,-0.20574691617705643,1.0149864457449262,598544.7388116783,581000.0,-0.20574691779809706,1.0149864454170705,598544.7384250008
581000.0,0.10600787998927307,0.7873300107492217,360155.24512512074,581000.0,0.10600814096310188,0.787330000740531,360155.23596839514
581000.0,0.09372418492040428,0.7141156896467893,296287.4677740312,581000.0,0.09372431768340345,0.7141156793924978,296287.4592649952
581000.0,0.08042012922625469,0.6047705680148794,212499.26260342018,581000.0,0.08042015657798361,0.6047705647370926,212499.2602999771
