cur_n,cur_mean,cur_std,cur_S,next_n,next_mean,next_std,next_S
3171000.0,-0.29708393389370885,1.3232376291185823,5552287.257098828,3171000.0,-0.29708392867472083,1.3232376303230309,5552287.267206528
3171000.0,-0.36060233448855245,1.3265885568015592,5580443.7581458315,3171000.0,-0.3606023321571861,1.3265885574418215,5580443.763532502
3171000.0,-0.19403517176772953,0.9882257074384831,3096767.044878903,3171000.0,-0.19403516102731347,0.9882257097324129,3096767.0592557117
3171000.0,0.09667215612893487,0.8342807443234453,2207093.2466663048,3171000.0,0.0966721977894798,0.8342807427944609,2207093.238576435
3171000.0,0.08507751442220725,0.7382469252462925,1728222.0252775038,3171000.0,0.08507751893965763,0.7382469247695023,1728222.0230451897
3171000.0,0.09738281255529442,0.6510016193792062,1343879.6568453205,3171000.0,0.09738281883730895,0.6510016185355699,1343879.6533622395
