cur_n,cur_mean,cur_std,cur_S,next_n,next_mean,next_std,next_S
82000.0,-0.037490743226395645,0.0929247359617693,708.0705373922923,82000.0,-0.03749075963704214,0.09292472945967006,708.0704383025358
82000.0,-0.038298013485358745,0.09003446316079587,664.7087736455221,82000.0,-0.03829803767717814,0.09003445313681231,664.7086256348779
82000.0,-0.03692796075667154,0.08858951183913298,643.5443318474623,82000.0,-0.03692796447864829,0.08858951029406316,643.5443093996377
82000.0,-0.0022883718708284493,0.1728934001667556,2451.1544813401947,82000.0,-0.0022883376435659966,0.17289340089758792,2451.154502062593
82000.0,-0.0019513712478904251,0.16776269023279605,2307.8342591998967,82000.0,-0.0019513337741813293,0.16776269101187286,2307.8342806347
82000.0,-0.001992437775981566,0.16714057208092886,2290.7496085142943,82000.0,-0.0019924049586126256,0.16714057273631758,2290.74962647919
