cur_n,cur_mean,cur_std,cur_S,next_n,next_mean,next_std,next_S
901000.0,-0.01664851945940773,1.1619041120125237,1216369.070125962,901000.0,-0.01664812348428044,1.1619041784802242,1216369.209292794
901000.0,-0.08566481122955996,1.1170561181654073,1124280.7483888224,901000.0,-0.08566492686388284,1.1170561146901248,1124280.7413933042
901000.0,-0.12209063955876567,0.8412010960065999,637564.9748143571,901000.0,-0.12209067035349234,0.8412010920449672,637564.9688091385
901000.0,0.10285373990958775,1.393241257378451,1748950.2023365998,901000.0,0.10285379382252428,1.3932412543382684,1748950.1947038546
901000.0,0.10901871171025898,1.231340428578415,1366095.5251975593,901000.0,0.1090186404096734,1.2313404367511147,1366095.5433317616
901000.0,0.0988277104770432,0.7232431521843767,471295.6721206158,901000.0,0.09882773909115929,0.7232431487843892,471295.6676894659
