cur_n,cur_mean,cur_std,cur_S,next_n,next_mean,next_std,next_S
422000.0,-0.014099224623588707,0.055045078360660846,1278.6433950306057,422000.0,-0.014099227026035676,0.05504507776742365,1278.6433674699647
422000.0,-0.015050149648135383,0.05429030578114073,1243.81854136372,422000.0,-0.015050153482937579,0.05429030477522624,1243.8184952716942
422000.0,-0.021208330897861522,0.06373796946197928,1714.3871329794779,422000.0,-0.021208338889835997,0.0637379670141513,1714.3870012989503
422000.0,-0.0007549380918050187,0.14389034128011133,8737.269592384315,422000.0,-0.0007549236250594534,0.14389034166290537,8737.269638872145
422000.0,-0.0007676974059350858,0.14235762416102143,8552.122512157208,422000.0,-0.0007676825333188901,0.142357624569077,8552.122561185015
422000.0,-0.0006793158289158595,0.14700268749074752,9119.331434650003,422000.0,-0.0006792981258970284,0.1470026880223885,9119.331500610844
