cur_n,cur_mean,cur_std,cur_S,next_n,next_mean,next_std,next_S
1362000.0,-0.007951371508170284,0.038995179517130565,2071.089922830752,1362000.0,-0.007951382614206177,0.038995179406579365,2071.0899110876862
1362000.0,-0.014562981962303477,0.060030320285894063,4908.156799640007,1362000.0,-0.014562982138173067,0.060030320243579294,4908.156792720586
1362000.0,-0.03034240818272586,0.08543969157382943,9942.519500666758,1362000.0,-0.03034249522289636,0.08543972104768836,9942.526360346663
1362000.0,-0.00043534355723003396,0.1514507377013087,31240.63794426857,1362000.0,-0.0004353364603291814,0.15145073794817823,31240.63804611504
1362000.0,-0.0005074066587385876,0.15365439943993808,32156.37662439184,1362000.0,-0.0005073938600344982,0.15365440020819948,32156.376945951168
1362000.0,-0.0004591092831985864,0.15653315694004458,33372.58099984185,1362000.0,-0.0004589913740092032,0.15653321776919776,33372.60693717392
