cur_n,cur_mean,cur_std,cur_S,next_n,next_mean,next_std,next_S
3661000.0,-0.3016389742713732,1.3287679543082687,6463950.475887884,3661000.0,-0.30163897176680793,1.3287679548855214,6463950.4815041125
3661000.0,-0.37272038694961634,1.338663280174925,6560582.941718292,3661000.0,-0.3727203726636148,1.3386632844316453,6560582.983441356
3661000.0,-0.20451907552001977,0.9956741255300052,3629394.456119032,3661000.0,-0.20451907516965184,0.9956741256021974,3629394.4566453365
3661000.0,0.09788810176747506,0.8301825489748484,2523172.4195825206,3661000.0,0.09788806471754959,0.8301825563701959,2523172.4645358548
3661000.0,0.08712285917832746,0.7358893339380232,1982552.7223135196,3661000.0,0.08712286081458875,0.735889333750959,1982552.7213055834
3661000.0,0.09948811450316762,0.646743433313004,1531312.3479011145,3661000.0,0.09948811619154216,0.6467434330613278,1531312.3467093129
