cur_n,cur_mean,cur_std,cur_S,next_n,next_mean,next_std,next_S
151000.0,-0.07929723289223606,1.1467521751478098,198571.12323214117,151000.0,-0.07929781596460654,1.1467521572117698,198571.11702054698
151000.0,-0.11568992156446782,1.096060528678454,181403.65106156064,151000.0,-0.11568972038573089,1.0960605527008758,181403.65901322933
151000.0,-0.0959625430379752,0.8115660343525558,99454.55364532479,151000.0,-0.09596239829733678,0.8115660534161758,99454.5583176836
151000.0,0.09382776918281738,1.6215844175820262,397059.9395250707,151000.0,0.09382845964050215,1.621584399827116,397059.9308301629
151000.0,0.08213647393995889,1.4451930977741296,315376.04656795174,151000.0,0.08213529039305628,1.4451932382195876,315376.10786513827
151000.0,0.09591664794506914,0.7835833505757208,92714.43296222041,151000.0,0.09591668137498191,0.7835833465913215,92714.43201934351
