cur_n,cur_mean,cur_std,cur_S,next_n,next_mean,next_std,next_S
451000.0,-0.026382563421983748,0.09472574384982682,4046.8079131042546,451000.0,-0.026382620044916403,0.09472573571189728,4046.8072177782556
451000.0,-0.027531626986748835,0.10027621452863332,4534.948959286814,451000.0,-0.02753163811943557,0.10027621175077424,4534.948708031837
451000.0,-0.03128198697960888,0.12527407425524503,7077.810749909399,451000.0,-0.03128197076499721,0.12527407877742694,7077.811260903369
451000.0,0.03271380814268738,0.13521822395876987,8246.069608844386,451000.0,0.032713788754510344,0.1352182292762958,8246.07025740622
451000.0,0.033409412662796595,0.15078161079402258,10253.527463291688,451000.0,0.03340935665250655,0.1507816278962207,10253.529789276497
451000.0,0.04600519937740899,0.24970652759272485,28121.360815009735,451000.0,0.0460052587622223,0.24970651983652448,28121.359068039736
