cur_n,cur_mean,cur_std,cur_S,next_n,next_mean,next_std,next_S
3211000.0,-0.3203585218634308,1.357886395038189,5920619.8879355155,3211000.0,-0.3203583448464442,1.3578864738498178,5920620.575200241
3211000.0,-0.3889473843051495,1.3680466238979963,6009552.075724604,3211000.0,-0.38894820958521026,1.3680471885676895,6009557.036685098
3211000.0,-0.16828224530481978,0.9886915800073661,3138787.9506520308,3211000.0,-0.16828240417920098,0.9886915939538272,3138788.0392033746
3211000.0,0.10133655427290182,0.8551900660159046,2348365.007378455,3211000.0,0.10133626363713491,0.8551902590339862,2348366.0674397848
3211000.0,0.0942269427718916,0.7694455283390844,1901061.0580911317,3211000.0,0.09422798424175081,0.7694476640112974,1901071.6112719923
3211000.0,0.09345939362088075,0.6557371926488775,1380701.954557753,3211000.0,0.09345959041280927,0.6557372594198755,1380702.2357400714
