cur_n,cur_mean,cur_std,cur_S,next_n,next_mean,next_std,next_S
1722000.0,-0.009290481197476556,0.01720072849648376,509.47963471438675,1722000.0,-0.00929047896080434,0.017200729954972422,509.47972111425094
1722000.0,-0.01552039095348636,0.025081489398596484,1083.2776721981852,1722000.0,-0.015520391268795296,0.025081489206896835,1083.2776556390452
1722000.0,-0.004690180857487663,0.008682597935803716,129.81728690732513,1722000.0,-0.004690179020264251,0.008682599262954876,129.81732659295315
1722000.0,-0.0006191960539781764,0.055051959939330625,5218.896900824385,1722000.0,-0.000619191404391727,0.055051960329736596,5218.896974844948
1722000.0,-0.0009875610661090595,0.06500411861741533,7276.372022904896,1722000.0,-0.0009875528837180684,0.06500411962852037,7276.372249265216
1722000.0,-0.0007012154270568297,0.0483028234323182,4017.706258141045,1722000.0,-0.0007012087091245084,0.04830282433429593,4017.7064081894837
