cur_n,cur_mean,cur_std,cur_S,next_n,next_mean,next_std,next_S
1662000.0,-0.009291017348126979,0.01847398515770101,567.220868082763,1662000.0,-0.009291016453414423,0.018473985643682054,567.2208979256573
1662000.0,-0.015460303001625805,0.026947293094263823,1206.8722776897598,1662000.0,-0.015460302122327432,0.026947293622581307,1206.8723250126377
1662000.0,-0.004344987085864507,0.00915752906504746,139.3758827152881,1662000.0,-0.0043449861716257695,0.009157529574675348,139.3758982281712
1662000.0,-0.00045611657111200584,0.05108840971226498,4337.862558714753,1662000.0,-0.00045611642006463066,0.05108840971398322,4337.862559006541
1662000.0,-0.0007103440216381352,0.06201612457665435,6392.05151387682,1662000.0,-0.0007103438948943856,0.06201612457832104,6392.051514220394
1662000.0,-0.0005158151929175081,0.04363818504910879,3164.931965059995,1662000.0,-0.0005158150617292818,0.043638185050985316,3164.931965332192
