cur_n,cur_mean,cur_std,cur_S,next_n,next_mean,next_std,next_S
5441000.0,-0.3093772691852024,1.3429289219768017,9812615.464870337,5441000.0,-0.3093772796883593,1.342928919780668,9812615.432776581
5441000.0,-0.39262376520661973,1.3650924603930639,10139180.671721041,5441000.0,-0.39262375374924685,1.3650924639500868,10139180.72456039
5441000.0,-0.21850942553810562,1.003205597568702,5475939.223673872,5441000.0,-0.21850942539808227,1.0032055975992795,5475939.224007684
5441000.0,0.09636045648200908,0.8223859901482654,3679850.1380660497,5441000.0,0.09636044939863572,0.8223859911442513,3679850.14697933
5441000.0,0.08704427726858387,0.7290291319836358,2891801.5890029063,5441000.0,0.08704430120768156,0.7290291312639595,2891801.583293502
5441000.0,0.09651469816162715,0.6365191823338193,2204457.438634771,5441000.0,0.09651469943910729,0.6365191821470902,2204457.437341373
