cur_n,cur_mean,cur_std,cur_S,next_n,next_mean,next_std,next_S
2351000.0,-0.3116329070025422,1.3320504390256673,4171516.53282702,2351000.0,-0.3116330935357519,1.3320504260916843,4171516.4518175893
2351000.0,-0.36495954948839043,1.3253209370826606,4129474.1033199746,2351000.0,-0.36495954053375185,1.3253209396197039,4129474.1191299628
2351000.0,-0.19272289575473886,0.990790090299922,2307894.4221388767,2351000.0,-0.19272298887094955,0.9907900824745207,2307894.385682719
2351000.0,0.09858310872492848,0.8408511492962248,1662229.0705463109,2351000.0,0.09858438888892689,0.8408532902543684,1662237.5352249849
2351000.0,0.09033335666240114,0.7504124783345514,1323892.5048421186,2351000.0,0.09033334810030866,0.7504124794801111,1323892.5088841568
2351000.0,0.09946753254399493,0.6547936915951146,1008002.4843775341,2351000.0,0.09946777193512758,0.6547937581107349,1008002.6891684929
