cur_n,cur_mean,cur_std,cur_S,next_n,next_mean,next_std,next_S
1082000.0,0.00022004404371282275,0.013760502702794896,204.87825227358292,1082000.0,0.00022003731464364723,0.013760504590614621,204.8783084885688
1082000.0,-0.007346568924102835,0.01989627522049608,428.3224325970039,1082000.0,-0.007346574090707302,0.019896274038591906,428.32238170948347
1082000.0,-0.005948747773730892,0.013934529269513727,210.0931366518954,1082000.0,-0.005948753020999555,0.013934528098402243,210.0931013378249
1082000.0,-0.00019959208670923691,0.1132779125969442,13884.100091871245,1082000.0,-0.00019958806926016724,0.11327791268110587,13884.100112502085
1082000.0,-0.00016230515813744323,0.06838320483214047,5059.716244769867,1082000.0,-0.00016230154452017746,0.06838320494402554,5059.716261326761
1082000.0,-0.0007405355373272192,0.058989531409153494,3765.10553077297,1082000.0,-0.0007405359246083842,0.058989531405666686,3765.105530327867
