cur_n,cur_mean,cur_std,cur_S,next_n,next_mean,next_std,next_S
982000.0,-0.007817806662222019,0.015193965076905772,226.70115641258403,982000.0,-0.0078178032045791,0.015193967242319811,226.70122103059512
982000.0,-0.01331350993617784,0.021459703861569077,452.22954980937044,982000.0,-0.013313508333431635,0.021459704914680158,452.2295941946951
982000.0,-0.0043135470543095075,0.008556556450252712,71.89679443720676,982000.0,-0.004313544878001305,0.00855655781916065,71.89681744181176
982000.0,-0.0006111924853849371,0.05517257366881198,2989.2206533061562,982000.0,-0.0006111826687982247,0.055172574635147006,2989.220758017191
982000.0,-0.000981206326324565,0.06419812940578085,4047.214622455759,982000.0,-0.0009811957561055924,0.06419813042186698,4047.2147505691073
982000.0,-0.0006894019659269328,0.04899723718162568,2357.5161249066973,982000.0,-0.0006893923580769976,0.04899723824185357,2357.5162269330367
