cur_n,cur_mean,cur_std,cur_S,next_n,next_mean,next_std,next_S
2701000.0,-0.012051976951950275,0.16089078527686018,69917.66676969978,2701000.0,-0.012051958479686247,0.16089078952478564,69917.67046170785
2701000.0,-0.024611711785132523,0.03331221690566312,2997.309950754029,2701000.0,-0.024611730675801274,0.033312217416103025,2997.3100426090155
2701000.0,-0.0016732980658001305,0.03706127973469823,3709.9273685041685,2701000.0,-0.0016732929103708298,0.03706128093597338,3709.9276090055037
2701000.0,0.10609802343064324,0.45848722198237185,567778.6488797255,2701000.0,0.10609801645498562,0.45848722373992545,567778.6532327428
2701000.0,-0.00023427884876134445,0.0931162464526493,23419.38608961585,2701000.0,-0.00023427565639820122,0.09311624660848451,23419.386168003133
2701000.0,0.0031396104326400285,0.08663433887641132,20272.378924565313,2701000.0,0.003139617776928729,0.08663433945107943,20272.379193509238
