cur_n,cur_mean,cur_std,cur_S,next_n,next_mean,next_std,next_S
1741000.0,-0.3609141930026483,1.3814287665338103,3322429.4058294035,1741000.0,-0.36091417848326574,1.3814287704599741,3322429.4247147823
1741000.0,-0.41103360148684914,1.3861554331066914,3345204.206317018,1741000.0,-0.4110336205021182,1.3861554276952657,3345204.1801982666
1741000.0,-0.18525827360039313,1.0131162249899521,1786970.208973269,1741000.0,-0.18525826728877004,1.0131162261783315,1786970.21316548
1741000.0,0.10455897860951147,0.8306815466388393,1201345.4193836784,1741000.0,0.10455891408920476,0.8306815591224858,1201345.455491791
1741000.0,0.0922763283296125,0.7603027359647949,1006402.8957993771,1741000.0,0.09227625248519417,0.7603027517559838,1006402.9376045625
1741000.0,0.08918522452220856,0.6477817945978287,730560.6021909597,1741000.0,0.0891852245526603,0.6477817945936206,730560.6021814679
