cur_n,cur_mean,cur_std,cur_S,next_n,next_mean,next_std,next_S
1741000.0,0.18259255459272425,1.5852369309393444,4375091.437479559,1741000.0,0.18259259252360488,1.5852369273604483,4375091.417724787
1741000.0,0.03476513988359855,1.6036968643162381,4477579.764387476,1741000.0,0.03476513644636598,1.60369686439721,4477579.76483963
1741000.0,0.04086371435851724,1.4645675841993102,3734372.24132477,1741000.0,0.040863733052742525,1.4645675838853536,3734372.239723709
1741000.0,0.01117371220344118,0.8090259045794457,1139524.3937625077,1741000.0,0.011173806409576959,0.8090259128274561,1139524.4169973857
1741000.0,6.321084732309763e-05,0.7011163368954197,855813.1291971356,1741000.0,6.320658134554422e-05,0.7011163369184369,855813.1292533271
1741000.0,0.000523354525175972,0.6399562869453461,713016.1896587219,1741000.0,0.0005232536545792226,0.6399563008681711,713016.2206833402
