cur_n,cur_mean,cur_std,cur_S,next_n,next_mean,next_std,next_S
1801000.0,-0.026371515570440214,0.09141054616893352,15048.954199575808,1801000.0,-0.026371683093178794,0.09141077430063961,15049.029314494697
1801000.0,-0.023450235166502846,0.08742515090209713,13765.325775468273,1801000.0,-0.02345044458512189,0.08742554645708142,13765.450338148064
1801000.0,0.005598944561664914,0.13405685405974727,32366.20345683387,1801000.0,0.005597965040478017,0.1340633398011098,32369.335320608723
1801000.0,0.03369419317872355,0.14231473923414142,36476.5264909103,1801000.0,0.033694221136982824,0.14231473756078522,36476.5256331183
1801000.0,0.03311489063262648,0.14847538317142656,39702.93587363138,1801000.0,0.033114958666358975,0.14847539606993715,39702.9427718626
1801000.0,0.05139301999361749,0.3752100884448307,253549.48145787066,1801000.0,0.051393225378915254,0.3752101615518826,253549.58026255344
