cur_n,cur_mean,cur_std,cur_S,next_n,next_mean,next_std,next_S
2411000.0,-0.33623920767319765,1.3650388196772982,4492490.990913865,2411000.0,-0.3362392783069989,1.3650388066846204,4492490.905393239
2411000.0,-0.39854951251234055,1.374694106365601,4556268.949330004,2411000.0,-0.3985495374924956,1.3746940996706536,4556268.9049507035
2411000.0,-0.18311579843359857,1.0075579780347044,2447582.293713432,2411000.0,-0.18311578484539864,1.0075579807251425,2447582.306784776
2411000.0,0.10302697413092171,0.8450717461916125,1721806.6237255437,2411000.0,0.10302716015741514,0.8450717728775868,1721806.7324691818
2411000.0,0.09448186458336197,0.7658610250939618,1414155.4376264752,2411000.0,0.09448185703476633,0.7658610261148898,1414155.441396744
2411000.0,0.0941282216286058,0.6517816897103279,1024239.5035814187,2411000.0,0.09412819993912938,0.6517816937127328,1024239.5161605419
