cur_n,cur_mean,cur_std,cur_S,next_n,next_mean,next_std,next_S
1941000.0,-0.3527993425031385,1.3723074890313132,3655345.2460802216,1941000.0,-0.35279923219651044,1.3723075259943482,3655345.442993315
1941000.0,-0.4107672112153146,1.3831516735981193,3713343.6997760977,1941000.0,-0.4107672096333289,1.3831516740697274,3713343.702308348
1941000.0,-0.1884638021842126,1.0126240237113895,1990315.7894044407,1941000.0,-0.18846378853445833,1.0126240264303765,1990315.8000927959
1941000.0,0.103879000231038,0.8317447300183135,1342782.4333675937,1941000.0,0.10387893384758248,0.831744743451039,1342782.4767396217
1941000.0,0.09631355132431596,0.7633730386631179,1131095.2269422163,1941000.0,0.09631359929232426,0.7633730355363169,1131095.21767621
1941000.0,0.09171329392132893,0.6466502612965885,811641.8838042307,1941000.0,0.09171331537728358,0.6466502589444173,811641.8778995838
