cur_n,cur_mean,cur_std,cur_S,next_n,next_mean,next_std,next_S
171000.0,-0.27725553604013253,1.2909934360873527,284999.5528955277,171000.0,-0.27725589696075337,1.2909933672026062,284999.52248155203
171000.0,-0.36504216449694393,1.2110044570533656,250776.93694553297,171000.0,-0.36504144221848966,1.211004711607309,250777.0423725024
171000.0,-0.19395551893040366,0.9809989007638509,164563.36220428013,171000.0,-0.19395541379462444,0.980998922513845,164563.36950143854
171000.0,0.10001604101745604,0.7935917700198204,107693.73046278575,171000.0,0.10001608735005144,0.7935917644118268,107693.72894072924
171000.0,0.10300051327736529,0.7123920264900708,86782.9102985337,171000.0,0.10300084791589803,0.7123919915465928,86782.90178497226
171000.0,0.0864707827095203,0.6382371168221763,69656.27155650182,171000.0,0.08647087731388794,0.6382371052037795,69656.26902047195
