cur_n,cur_mean,cur_std,cur_S,next_n,next_mean,next_std,next_S
3822000.0,-0.004266665096406378,0.030372553002934493,3525.7643319512013,3822000.0,-0.004266666302742699,0.030372552925033942,3525.7643138652015
3822000.0,-0.014061478990315042,0.049490244706610884,9361.164675321505,3822000.0,-0.014061481416259874,0.049490244244587894,9361.164500536626
3822000.0,-0.020636412087996017,0.07107848847473769,19309.323124167764,3822000.0,-0.02063641205309256,0.07107848848489144,19309.323129684544
3822000.0,-0.00029178370939959185,0.16276391381906116,101252.7742545727,3822000.0,-0.00029178453689990714,0.16276391382561675,101252.77426272894
3822000.0,-0.00046597541678519423,0.13080661223113232,65395.83338854059,3822000.0,-0.0004659757090434074,0.13080661223133302,65395.83338874125
3822000.0,-0.0005478232466895003,0.13022762170316116,64818.19026295243,3822000.0,-0.0005478245423958782,0.13022762172234556,64818.19028204974
