cur_n,cur_mean,cur_std,cur_S,next_n,next_mean,next_std,next_S
1142000.0,0.00022777529423138247,0.013760887320285351,216.25142665909598,1142000.0,0.00022777937669711654,0.013760887944278126,216.25144627110606
1142000.0,-0.007349365727771807,0.019948476681054768,454.449446403617,1142000.0,-0.0073493618181425975,0.019948478558949,454.44953196484045
1142000.0,-0.005987738122350095,0.013885854529415561,220.1969637658075,1142000.0,-0.0059877391331423,0.013885854135563988,220.19695127469018
1142000.0,-0.00020070716016638797,0.11329196686850074,14657.649662418022,1142000.0,-0.00020070435208775932,0.11329196691321942,14657.649673989376
1142000.0,-0.00016166652937960922,0.06849015399456229,5357.009163775096,1142000.0,-0.00016166397345834476,0.06849015405505904,5357.009173238694
1142000.0,-0.0007448197509806227,0.058999898883658614,3975.288373977977,1142000.0,-0.0007448164185803764,0.05899989903319896,3975.288394129401
