cur_n,cur_mean,cur_std,cur_S,next_n,next_mean,next_std,next_S
1682000.0,-0.009354410183156898,0.01860124577365479,581.9826711662729,1682000.0,-0.009354413101062383,0.01860124469120699,581.9826034325467
1682000.0,-0.015587339252512305,0.027205969724141847,1244.9571744772122,1682000.0,-0.015587356575430929,0.027205969075455385,1244.9571151088558
1682000.0,-0.004360804847475559,0.009192979276386723,142.1472799357594,1682000.0,-0.0043608110005742134,0.009192979821182955,142.14729678368275
1682000.0,-0.0004561777624681878,0.05119681543441792,4408.713597672685,1682000.0,-0.0004561684637785098,0.051196816937623686,4408.713856563935
1682000.0,-0.0007136349293002432,0.06219966141645663,6507.31803470134,1682000.0,-0.0007136337320199863,0.06219966144957519,6507.318041631058
1682000.0,-0.0005174038813219847,0.043716479895471255,3214.5216935068215,1682000.0,-0.0005174080662316354,0.043716480182855885,3214.521735770249
