cur_n,cur_mean,cur_std,cur_S,next_n,next_mean,next_std,next_S
471000.0,-0.34498612193698436,1.3362326365095933,840978.8173293616,471000.0,-0.3449863329457358,1.3362325898788376,840978.758633778
471000.0,-0.4213406280113769,1.3096944855351877,807906.133002843,471000.0,-0.4213406842712749,1.3096944680050024,807906.1113752888
471000.0,-0.22975377145595435,1.018405378996396,488497.4220213016,471000.0,-0.2297537071686912,1.0184053944553875,488497.43685169745
471000.0,0.10493881611532938,0.7799074069219041,286488.3703480464,471000.0,0.10493879934491823,0.7799074092633351,286488.3720682321
471000.0,0.10533158358215328,0.7137556432806975,239949.59272638493,471000.0,0.10533175149421697,0.7137556278039003,239949.58232043948
471000.0,0.09632990261773913,0.6192277308691929,180601.6448410599,471000.0,0.09632993995169863,0.6192277255914359,180601.64176247822
