cur_n,cur_mean,cur_std,cur_S,next_n,next_mean,next_std,next_S
41000.0,-0.20432214654970443,1.331723742715298,72713.01320337728,41000.0,-0.204325041364507,1.331723427567381,72712.97878880436
41000.0,-0.29831150525161204,1.1095946997790183,50479.21630888527,41000.0,-0.29831259293618867,1.1095944292146742,50479.19169111378
41000.0,-0.19190936874671868,0.8597514390450656,30306.074014542504,41000.0,-0.19190984079703247,0.8597513389894573,30306.06696066075
41000.0,0.07656265895848657,0.8671286000895583,30828.39237282436,41000.0,0.07656413026214158,0.8671285213573536,30828.38677460701
41000.0,0.0872683256271694,0.7465671894572178,22851.86530333602,41000.0,0.08726729324747232,0.7465673394002712,22851.874482627187
41000.0,0.09956808121524074,0.6330635712239789,16431.548893645173,41000.0,0.09956782146861075,0.6330636142615803,16431.551127779334
