cur_n,cur_mean,cur_std,cur_S,next_n,next_mean,next_std,next_S
3401000.0,-0.05095925333014687,0.15686264874061892,83684.63382830743,3401000.0,-0.05095925353282944,0.15686264867521765,83684.63375852561
3401000.0,-0.04389330813680407,0.15311277199228204,79731.41474129302,3401000.0,-0.043893310523313946,0.15311277137138937,79731.41409465003
3401000.0,0.009630026452086245,0.2886305161234477,283329.0620229763,3401000.0,0.009630026730816005,0.2886305161146102,283329.06200562586
3401000.0,0.027960890327779212,0.16300309560235293,90364.60120740529,3401000.0,0.027960890006793516,0.16300309565847806,90364.60126963387
3401000.0,0.028782008572311404,0.17825265205732105,108063.40109055789,3401000.0,0.02878200198716865,0.17825265353428904,108063.40288134401
3401000.0,0.055694176085263516,0.44249900793617886,665934.070255333,3401000.0,0.05569417771593311,0.4424990077411611,665934.0696683532
