cur_n,cur_mean,cur_std,cur_S,next_n,next_mean,next_std,next_S
341000.0,-0.3226856027058659,1.2858371610310557,563801.6267987462,341000.0,-0.32268579002135356,1.2858371186760305,563801.589655891
341000.0,-0.3694272389585398,1.250736970455606,533440.9525191834,341000.0,-0.36942727222004124,1.2507369607820473,533440.9442676126
341000.0,-0.20861114984249413,0.9926124298544816,335980.2876424518,341000.0,-0.20861103434869024,0.9926124564182812,335980.3056251264
341000.0,0.10561290113784795,0.7818063455808874,208426.41623877478,341000.0,0.10561301760129241,0.7818063328060734,208426.40942734713
341000.0,0.09346619201552867,0.7182002734898026,175891.76679872212,341000.0,0.09346619782331977,0.7182002727419937,175891.76643243592
341000.0,0.08892675872705977,0.6194046154223335,130828.7684638127,341000.0,0.08892647456086732,0.6194046784471864,130828.79508765147
