cur_n,cur_mean,cur_std,cur_S,next_n,next_mean,next_std,next_S
141000.0,-0.6856159027124402,2.30493168682303,749092.121409841,141000.0,-0.6856192128361259,2.3049310373389837,749091.6992512875
141000.0,-0.7807089841758298,2.1053145437329914,624961.2552555653,141000.0,-0.7807112435520853,2.1053138768344968,624960.8593188578
141000.0,-0.46606711685971247,1.4373952846600044,291320.8338151569,141000.0,-0.4660667827678181,1.4373953984618266,291320.8799442119
141000.0,0.6379598507076804,2.2020687224218167,683724.0388158519,141000.0,0.6379569889352208,2.202069813699283,683724.7164811887
141000.0,0.6003195549019676,1.9569069260587015,539957.3451331689,141000.0,0.6003308974615654,1.9569080813806727,539957.9826951909
141000.0,0.6027239497337626,1.561306954988233,343712.7964849426,141000.0,0.6027235980733567,1.5613070963265332,343712.8587145822
