cur_n,cur_mean,cur_std,cur_S,next_n,next_mean,next_std,next_S
441000.0,-0.02702032346235717,1.1358519018847786,568960.3584697335,441000.0,-0.02702029710215573,1.1358519026467462,568960.3592330889
441000.0,-0.11804020667951955,1.0915648599790562,525457.6050016236,441000.0,-0.11804000008057282,1.0915648909424827,525457.6348119789
441000.0,-0.09965274491468344,0.8071686186227349,287320.83989019634,441000.0,-0.09965270427399432,0.807168624091413,287320.8437834725
441000.0,0.09469725958641893,1.4480026599975282,924649.8611817234,441000.0,0.0946970545654346,1.448002679806394,924649.8864803859
441000.0,0.10947768665938651,1.3017178016444106,747260.9326870191,441000.0,0.10947808724102608,1.3017177951359653,747260.9252145747
441000.0,0.09170991882836309,0.751345483109727,248953.33543032064,441000.0,0.09170991113933806,0.7513454840655993,248953.33606376447
