cur_n,cur_mean,cur_std,cur_S,next_n,next_mean,next_std,next_S
2851000.0,-0.04555480756573339,0.14609734437674712,60852.9814307568,2851000.0,-0.04555480264130923,0.14609734614885045,60852.98290700227
2851000.0,-0.03986747820351029,0.14201759665406663,57501.81261204129,2851000.0,-0.03986747419552077,0.1420175979404373,57501.813653724115
2851000.0,0.007116069887372985,0.2636336842826897,198152.25326161343,2851000.0,0.007116079990235476,0.26363368456189684,198152.2536813286
2851000.0,0.029449533206041212,0.1590420738848488,72114.28098820765,2851000.0,0.029449528741260295,0.15904207489024919,72114.28189996294
2851000.0,0.029609957669817857,0.17188554701895634,84231.77227219068,2851000.0,0.02960995652015325,0.17188554722796204,84231.77247703535
2851000.0,0.05443815904455115,0.4315532370752835,530965.0980223743,2851000.0,0.05443815840837945,0.4315532371568717,530965.0982231398
