cur_n,cur_mean,cur_std,cur_S,next_n,next_mean,next_std,next_S
1882000.0,-0.009776437405359398,0.019180974994260067,692.4062468566693,1882000.0,-0.009776440852362086,0.019180973820252144,692.4061620965989
1882000.0,-0.01623240830913836,0.028236607199619172,1500.5298659259915,1882000.0,-0.016232412020799513,0.02823660552499853,1500.5296879429782
1882000.0,-0.004466283295772866,0.009254106714868373,161.17164023170355,1882000.0,-0.004466286703602689,0.0092541062510503,161.17162407578056
1882000.0,-0.00045299666892643,0.0511374759047263,4921.507993667964,1882000.0,-0.0004530005485325967,0.0511374761473233,4921.508040363387
1882000.0,-0.0007112667614421039,0.06239107305546267,7325.9597663767345,1882000.0,-0.0007112712037612407,0.06239107330245635,7325.9598243807295
1882000.0,-0.0005144856790198889,0.043509545313189485,3562.7775637844406,1882000.0,-0.0005144894033599475,0.0435095455691366,3562.7776057008814
