cur_n,cur_mean,cur_std,cur_S,next_n,next_mean,next_std,next_S
3131000.0,-0.29714827641900143,1.3242523959890993,5490660.642333666,3131000.0,-0.2971486171290453,1.324252456768374,5490661.1463439
3131000.0,-0.361761686538933,1.3285000169444827,5525940.395712288,3131000.0,-0.36176212715984774,1.328500125741602,5525941.300802861
3131000.0,-0.19375725197570304,0.9888368327960804,3061486.4206106886,3131000.0,-0.19375708454160118,0.9888369099868477,3061486.8985833675
3131000.0,0.09664230932172983,0.8351318058349738,2183700.7117899046,3131000.0,0.09664279995090572,0.835132200295738,2183702.774660577
3131000.0,0.08550346945020439,0.7391152101273735,1710438.0410181482,3131000.0,0.0855042384170652,0.739116373607085,1710443.42600143
3131000.0,0.09743473371877891,0.651129024916322,1327446.9611940316,3131000.0,0.09743458197718649,0.651129102982716,1327447.2794996202
