cur_n,cur_mean,cur_std,cur_S,next_n,next_mean,next_std,next_S
1811000.0,-0.11005044301951046,1.2009207537453566,2611843.499421907,1811000.0,-0.11005044973470068,1.20092075316401,2611843.496893204
1811000.0,-0.11873290753301816,1.1723952103416981,2489238.568439432,1811000.0,-0.11873291558659552,1.1723952095761143,2489238.565188445
1811000.0,-0.16139760300021472,0.9660895885584115,1690258.9876420603,1811000.0,-0.16139758786214675,0.9660895913021682,1690258.997242949
1811000.0,0.10532984208036479,1.1525620639058023,2405731.152501348,1811000.0,0.10532981709602958,1.15256206667943,2405731.164080078
1811000.0,0.1078345752203334,1.044377801067532,1975302.9593577655,1811000.0,0.10783453966065877,1.0443778058355189,1975302.9773938025
1811000.0,0.09781933732630431,0.664674567742304,800085.8208971912,1811000.0,0.0978193194186815,0.6646745708146351,800085.8282936788
