cur_n,cur_mean,cur_std,cur_S,next_n,next_mean,next_std,next_S
2801000.0,-0.10959341324435491,0.21998418438495204,135548.90890401474,2801000.0,-0.10959342588573398,0.2199841791045496,135548.90239670346
2801000.0,-0.11108582398072606,0.20546738728318045,118249.38911077107,2801000.0,-0.11108577708279278,0.2054674276301024,118249.43555122474
2801000.0,-0.1376206033539805,0.29860984781386696,249759.1232331896,2801000.0,-0.13762060848779836,0.2986098455714534,249759.1194820525
2801000.0,0.01981958792233258,0.15942109079954894,71187.65082100219,2801000.0,0.019819604737622027,0.15942109119299458,71187.65117237944
2801000.0,0.022982348982855526,0.11995324237415174,40302.97377735765,2801000.0,0.022982349204053627,0.11995324233234683,40302.97374926567
2801000.0,0.042231875768657834,0.30859582520303375,266743.1047150086,2801000.0,0.04223188242439096,0.30859582449323913,266743.1034879484
