cur_n,cur_mean,cur_std,cur_S,next_n,next_mean,next_std,next_S
5511000.0,-0.3095023704006074,1.3429464634531232,9939117.177597594,5511000.0,-0.3095023547510246,1.3429464675623533,9939117.238422234
5511000.0,-0.3925441331705521,1.36495602320104,10267571.35339839,5511000.0,-0.3925441270364191,1.3649560250411596,10267571.381082153
5511000.0,-0.21909396875644027,1.003869789419817,5553735.3476990415,5511000.0,-0.21909396396047462,1.003869790529697,5553735.359979477
5511000.0,0.09641149151835791,0.8220504790174264,3724151.882180872,5511000.0,0.09641149966144724,0.8220504782846902,3724151.8755418127
5511000.0,0.08690267362178672,0.7284883953658521,2924662.0307689374,5511000.0,0.08690269672207075,0.7284883946286419,2924662.0248495825
5511000.0,0.0963716850165506,0.6365350719754402,2232929.8840776864,5511000.0,0.09637170187109713,0.6365350706533818,2232929.87480227
