cur_n,cur_mean,cur_std,cur_S,next_n,next_mean,next_std,next_S
3061000.0,-0.29642218198653286,1.322837046604497,5356437.324571951,3061000.0,-0.29642220044970746,1.322837042861732,5356437.294261513
3061000.0,-0.35976488335389945,1.3264980847326109,5386126.93369461,3061000.0,-0.35976486824686066,1.3264980890932003,5386126.969106178
3061000.0,-0.1924737125150911,0.9876074781381919,2985603.073006781,3061000.0,-0.19247371075860803,0.9876074784852972,2985603.0751054254
3061000.0,0.0961108921914665,0.8363995138123749,2141365.8530657715,3061000.0,0.09611089658978283,0.8363995133423792,2141365.8506591874
3061000.0,0.08509781082617413,0.7397321495401382,1674990.38202668,3061000.0,0.08509783121871205,0.7397321480545958,1674990.3752991927
3061000.0,0.09736194748981224,0.6519332005768902,1300976.7248221633,3061000.0,0.09736195427127231,0.6519331996720474,1300976.7212108136
