cur_n,cur_mean,cur_std,cur_S,next_n,next_mean,next_std,next_S
2041000.0,-0.14518955756571938,1.2444903911600111,3161011.677060469,2041000.0,-0.14518969816446592,1.2444903909669986,3161011.676079964
2041000.0,-0.1324068008431084,1.2029914776500124,2953711.718904361,2041000.0,-0.13240674048105014,1.2029914873845402,2953711.7667068434
2041000.0,-0.1877293453463081,1.0077565346650348,2072784.9688797218,2041000.0,-0.18772933469565278,1.0077565367639176,2072784.9775138174
2041000.0,0.1061154510948244,1.1133191264099553,2529777.613026892,2041000.0,0.10611569703965207,1.1133191584136104,2529777.7584697017
2041000.0,0.10453274745467062,1.0128935801040508,2093970.8988212585,2041000.0,0.10453272648618442,1.012893582711052,2093970.909600248
2041000.0,0.09943994415283212,0.6503963543141382,863374.4675361541,2041000.0,0.0994399682981982,0.6503963515372918,863374.4601638548
