cur_n,cur_mean,cur_std,cur_S,next_n,next_mean,next_std,next_S
4811000.0,-0.30618888519138204,1.337396986124508,8605102.29045905,4811000.0,-0.3061888744915276,1.3373969887801527,8605102.324633034
4811000.0,-0.3863173142672603,1.3581234551607442,8873886.225911275,4811000.0,-0.3863173290669128,1.35812345133897,8873886.175968848
4811000.0,-0.21509670346805584,1.001630546288594,4826701.907304102,4811000.0,-0.21509671490956872,1.0016305441459747,4826701.886654202
4811000.0,0.0966798687765075,0.8233542797895139,3261435.9311995287,4811000.0,0.09667988219365128,0.8233542787400024,3261435.922884969
4811000.0,0.08729394084492864,0.7306783281382871,2568548.7312239404,4811000.0,0.08729393126512816,0.7306783295849315,2568548.741394699
4811000.0,0.0981232636438099,0.6385496261579422,1961664.20219468,4811000.0,0.09812325136643746,0.6385496286123676,1961664.217274976
