cur_n,cur_mean,cur_std,cur_S,next_n,next_mean,next_std,next_S
431000.0,-0.027798681088999903,1.140478511423849,560597.9222934295,431000.0,-0.027799118372902058,1.1404785368967505,560597.9473356478
431000.0,-0.11778768132246852,1.0932909665020931,515167.8942345198,431000.0,-0.11778819012078565,1.0932909627129963,515167.89066361135
431000.0,-0.10126564936764142,0.8117307354699445,283988.8251567347,431000.0,-0.10126566887936901,0.8117307331368742,283988.82352425763
431000.0,0.09240460301342453,1.4523916605670704,909169.301880137,431000.0,0.09240290772731001,1.4523921948558391,909169.9707892878
431000.0,0.1067470753084311,1.304320992350867,733240.1512185617,431000.0,0.10674587974866859,1.3043213263556768,733240.5267484658
431000.0,0.09298866956985759,0.7550645287702671,245722.77276364525,431000.0,0.09298856854331809,0.7550645441249589,245722.7827574864
