cur_n,cur_mean,cur_std,cur_S,next_n,next_mean,next_std,next_S
1561000.0,-0.08141760569758459,1.165159580073065,2119208.67822326,1561000.0,-0.08141761472529609,1.1651595794968514,2119208.67612721
1561000.0,-0.10432915513075228,1.145815312023593,2049425.550386917,1561000.0,-0.10432918538885866,1.1458153098921422,2049425.5427622157
1561000.0,-0.14215329729908244,0.9079852173328409,1286946.3987910424,1561000.0,-0.14215329285488626,0.9079852180455589,1286946.4008114054
1561000.0,0.1062450099002284,1.207169034238605,2274778.2975475485,1561000.0,0.10624503312364238,1.207169032543369,2274778.2911585732
1561000.0,0.10695779060114828,1.084078212086259,1834527.1146453389,1561000.0,0.10695780849676106,1.0840782105512365,1834527.1094500672
1561000.0,0.0986736171145707,0.6791201398926897,719939.7006406796,1561000.0,0.098673619065145,0.6791201396136621,719939.7000490816
