cur_n,cur_mean,cur_std,cur_S,next_n,next_mean,next_std,next_S
4951000.0,-0.30695936928107864,1.3390716279664412,8877701.595707066,4951000.0,-0.3069594621311589,1.3390716226198003,8877701.524813348
4951000.0,-0.38614955242658683,1.359227985871264,9146976.052717056,4951000.0,-0.38614952660452495,1.3592279944215748,9146976.167796338
4951000.0,-0.21484567497783374,0.9999437028497302,4950442.561309575,4951000.0,-0.21484567489456408,0.9999437028676398,4950442.561486906
4951000.0,0.09654083352376215,0.8226964171369665,3350982.3335062778,4951000.0,0.0965408029949352,0.8226964235238555,3350982.385536047
4951000.0,0.08633819115930796,0.7305654489397508,2642476.8080386557,4951000.0,0.08633818423793198,0.7305654499200631,2642476.8151302934
4951000.0,0.09762084397451552,0.6378787377778762,2014508.845624137,4951000.0,0.09762084333479391,0.6378787378773415,2014508.8462523874
