cur_n,cur_mean,cur_std,cur_S,next_n,next_mean,next_std,next_S
1371000.0,-0.36463808408582477,1.3830785564033985,2622594.5279537677,1371000.0,-0.3646379926697483,1.3830785846464928,2622594.6350629195
1371000.0,-0.4225893344663531,1.394438914726951,2665854.504946586,1371000.0,-0.42258932972202723,1.3944389161758504,2665854.5104865273
1371000.0,-0.19732646181704022,1.020808840792414,1428651.4952221748,1371000.0,-0.19732642865091143,1.0208088479422428,1428651.5152349588
1371000.0,0.10233182590873618,0.8216800467156711,925641.7539629851,1371000.0,0.10233174343193574,0.8216800626623255,925641.7898915423
1371000.0,0.09410133519933563,0.7584892585496215,788744.4647644968,1371000.0,0.09410133642107175,0.7584892583993956,788744.4644520606
1371000.0,0.09030793966271786,0.6414275410805861,564069.5572161179,1371000.0,0.09030791746418271,0.6414275447325863,564069.5636392351
