cur_n,cur_mean,cur_std,cur_S,next_n,next_mean,next_std,next_S
102000.0,-0.007074661051615368,0.017172026352172385,30.07760588204968,102000.0,-0.007074624997235196,0.017172045066767894,30.077671441060975
102000.0,-0.011180206811774387,0.020575961866423038,43.18376108630648,102000.0,-0.011180173407941313,0.0205759827824612,43.18384888134225
102000.0,-0.003915041998570244,0.009261021060684082,8.74818413081628,102000.0,-0.003915006955630989,0.009261042637367593,8.748224894576333
102000.0,-0.0004772358056968029,0.05469416451756841,305.12806649203355,102000.0,-0.0004772023678264722,0.05469416585189438,305.128081379922
102000.0,-0.000699569426484047,0.06078511584899119,376.8726914950786,102000.0,-0.0006995370023126697,0.06078511710423472,376.8727070603038
102000.0,-0.000536404949979426,0.04548421587977601,211.01901720820297,102000.0,-0.0005363667863139736,0.04548421796291976,211.01903653723602
