cur_n,cur_mean,cur_std,cur_S,next_n,next_mean,next_std,next_S
2551000.0,-0.09725719921971626,0.2073688347926143,109697.677623922,2551000.0,-0.09725721575144765,0.20736882872016107,109697.6711992921
2551000.0,-0.10206176678152101,0.19810247022335262,100112.94579562407,2551000.0,-0.10206176815048464,0.19810246953012642,100112.94509496733
2551000.0,-0.12444114339088158,0.28355745195057075,205112.71764814234,2551000.0,-0.12444112379022033,0.2835574622806135,205112.73259271999
2551000.0,0.022786385955785998,0.15774355822151667,63476.60993914218,2551000.0,0.02278638989053747,0.15774355777831683,63476.609582451565
2551000.0,0.024398348206782113,0.12055051234733923,37072.21879540247,2551000.0,0.02439835000451707,0.12055051201769074,37072.21859265259
2551000.0,0.044297054098036366,0.30633766800321915,239392.89820284647,2551000.0,0.044297042458152594,0.30633767025051967,239392.90171523066
