cur_n,cur_mean,cur_std,cur_S,next_n,next_mean,next_std,next_S
1851000.0,-0.030241451797456576,0.10101435119840706,18887.41732301301,1851000.0,-0.03024145700954065,0.10101434988692035,18887.416832575833
1851000.0,-0.02918068457655006,0.10019468411802215,18582.142216919452,1851000.0,-0.02918072635568383,0.10019468807344405,18582.143684067425
1851000.0,-0.013143297061000139,0.10886973072714981,21939.196415182498,1851000.0,-0.013143268825568103,0.1088697409131941,21939.200520522623
1851000.0,0.03281312281126949,0.14354836434726576,38141.952010441186,1851000.0,0.03281314939067703,0.14354836282638797,38141.95120222233
1851000.0,0.03438387386988124,0.15058595603575184,41973.51691727776,1851000.0,0.034383901087655884,0.15058595437400432,41973.5159909047
1851000.0,0.04829375747491487,0.3479845834833794,224143.64340322904,1851000.0,0.048293726971168696,0.3479845901914278,224143.65204479816
