cur_n,cur_mean,cur_std,cur_S,next_n,next_mean,next_std,next_S
2122000.0,-0.010186357979906413,0.018597242583621165,733.9094700972192,2122000.0,-0.010186355375177472,0.018597244397392593,733.9096132522152
2122000.0,-0.016890825934310252,0.027701992161771574,1628.4235845688715,2122000.0,-0.016890824718453108,0.02770199295974073,1628.423678383916
2122000.0,-0.0049318901633784405,0.008844067392759527,165.9775945171606,2122000.0,-0.004931888682834284,0.008844068481354037,165.97763537671113
2122000.0,-0.0006302756955384691,0.055038649416182375,6428.074716520872,2122000.0,-0.000630270813238498,0.05503864993160116,6428.074836914468
2122000.0,-0.0010039711435139004,0.06555079449181897,9118.035929355428,2122000.0,-0.001003964314008937,0.06555079535136549,9118.036168479184
2122000.0,-0.0007138114919078553,0.04794490892682193,4877.871727626652,2122000.0,-0.000713803711773774,0.047944910382165085,4877.872023757251
