cur_n,cur_mean,cur_std,cur_S,next_n,next_mean,next_std,next_S
3101000.0,-0.3200562757795639,1.3546577932778205,5690638.082090725,3101000.0,-0.32005643083711455,1.3546577841620706,5690638.005503954
3101000.0,-0.3889426541036135,1.3692947387142755,5814276.020640318,3101000.0,-0.3889425370780651,1.3692947874622505,5814276.43462597
3101000.0,-0.16847519300614638,0.9888539622118937,3032257.5237632818,3101000.0,-0.16847524649416976,0.9888539575848067,3032257.495385948
3101000.0,0.10087806318495075,0.8528535756124088,2255540.945669534,3101000.0,0.10087766361061849,0.8528539131385763,2255542.7309800806
3101000.0,0.09376949093149109,0.7694682015498207,1836044.152221774,3101000.0,0.0937692552545681,0.7694683421919369,1836044.8234000197
3101000.0,0.09269359022627,0.6543408421896522,1327730.1689858935,3101000.0,0.09269372860175192,0.6543408679592368,1327730.2735645885
