cur_n,cur_mean,cur_std,cur_S,next_n,next_mean,next_std,next_S
991000.0,0.18727273988876666,1.4702666592857345,2142228.8929625694,991000.0,0.1872728006498671,1.470266652790628,2142228.874035384
991000.0,-0.0017328915773699425,1.4705806007646607,2143143.837615242,991000.0,-0.0017328881833604864,1.4705806007725586,2143143.837638262
991000.0,0.04605077776258887,1.3315207020070416,1756990.8534544653,991000.0,0.04605077012956281,1.331520702292666,1756990.8542082494
991000.0,0.0038813913726481134,0.885506329710997,777064.3668186167,991000.0,0.003881543770845901,0.8855063420390036,777064.388455175
991000.0,0.013081006602165667,0.7736746138331001,593185.2564169884,991000.0,0.013080989667579443,0.77367461430313,593185.257137743
991000.0,0.0006724102681751834,0.7089378472453505,498069.53541556007,991000.0,0.000672282706041139,0.7089378587394052,498069.5515660267
