cur_n,cur_mean,cur_std,cur_S,next_n,next_mean,next_std,next_S
4211000.0,-0.30233121572732463,1.3323227457983213,7474878.298569316,4211000.0,-0.302331245734352,1.332322740412171,7474878.23813228
4211000.0,-0.3831419718294435,1.353416337955788,7713439.385774056,4211000.0,-0.38314196079313073,1.3534163412696254,7713439.423546741
4211000.0,-0.208242463120532,0.998140591891642,4195354.6240165485,4211000.0,-0.20824246208581526,0.9981405921097964,4195354.62585043
4211000.0,0.09627162330324225,0.8251269656070939,2866994.118965367,4211000.0,0.09627157965667395,0.8251269755606911,2866994.1881350973
4211000.0,0.08875969669392433,0.7342580002444389,2270296.6887965943,4211000.0,0.08875969206677395,0.7342580008651953,2270296.6926353034
4211000.0,0.09784642638069056,0.6427430963775008,1739642.7949192873,4211000.0,0.09784643309058638,0.6427430955034923,1739642.7901881195
