cur_n,cur_mean,cur_std,cur_S,next_n,next_mean,next_std,next_S
1971000.0,-0.3520331350883808,1.3693785325433612,3696014.401384891,1971000.0,-0.35203314354289433,1.3693785304213133,3696014.3899298855
1971000.0,-0.4107803929973133,1.3822275952533094,3765700.209532181,1971000.0,-0.41078036392973916,1.382227604494268,3765700.259883772
1971000.0,-0.1888800883769786,1.0137002227336522,2025376.227034975,1971000.0,-0.1888800513279872,1.0137002309713428,2025376.2599528383
1971000.0,0.10368340762791173,0.8313755781876948,1362326.3288056469,1971000.0,0.10368346187228294,0.8313755749106306,1362326.3180657816
1971000.0,0.096969535665795,0.7629571339366968,1147326.1723912756,1971000.0,0.09696952866196601,0.7629571348902311,1147326.175259103
1971000.0,0.0919442645441656,0.6462340676037442,823126.0046295427,1971000.0,0.09194425640759428,0.6462340688623373,823126.0078357513
