cur_n,cur_mean,cur_std,cur_S,next_n,next_mean,next_std,next_S
5501000.0,-0.3095905367447105,1.3431973368371835,9924789.150361447,5501000.0,-0.3095905402546488,1.3431973360534477,9924789.138779514
5501000.0,-0.3923006442347068,1.3645076827805862,10242208.571236214,5501000.0,-0.3923006370085367,1.3645076849634585,10242208.604006177
5501000.0,-0.2189844996730806,1.003687509635122,5541644.78210354,5501000.0,-0.21898449765494846,1.0036875100866312,5541644.787089361
5501000.0,0.09642426039920891,0.8221412810274323,3718215.4891178207,5501000.0,0.09642424035442188,0.8221412847226149,3718215.5225414806
5501000.0,0.0869512918533519,0.7284117408609657,2918740.736896789,5501000.0,0.08695128219978769,0.7284117423652522,2918740.7489521196
5501000.0,0.09637559166518618,0.6365571760748135,2229032.9163062884,5501000.0,0.09637558750242868,0.6365571767799234,2229032.921244457
