cur_n,cur_mean,cur_std,cur_S,next_n,next_mean,next_std,next_S
1111000.0,-0.3700545607075171,1.3876848156537436,2139418.4229791164,1111000.0,-0.37005451512245496,1.3876848286417804,2139418.4630268924
1111000.0,-0.4304914379196629,1.3916774347928702,2151747.1176704583,1111000.0,-0.43049147136312915,1.3916774248941963,2151747.0870607174
1111000.0,-0.20877653485365238,1.0319366731048574,1183096.4532988793,1111000.0,-0.20877653566587948,1.0319366729408803,1183096.4529228862
1111000.0,0.10201583819608749,0.8115108300829108,731648.8581768009,1111000.0,0.10201581763424768,0.8115108329571723,731648.8633596033
1111000.0,0.09644283921122589,0.7459658519179895,618232.67302501,1111000.0,0.0964427400153539,0.7459658720700534,618232.7064277843
1111000.0,0.0911727048609161,0.634983804518715,447960.1239531795,1111000.0,0.09117273381173865,0.6349838010950974,447960.119122681
