cur_n,cur_mean,cur_std,cur_S,next_n,next_mean,next_std,next_S
3041000.0,-0.32148369035716046,1.3552664854847518,5585548.377148379,3041000.0,-0.32148383688062726,1.3552664748144403,5585548.289195874
3041000.0,-0.39107011575994305,1.3719332773056774,5723772.989748617,3041000.0,-0.3910700784027703,1.3719332895010667,5723773.0915081445
3041000.0,-0.16954656324085066,0.9903893994136027,2982829.2050738144,3041000.0,-0.16954658185419746,0.9903893967590128,2982829.189083764
3041000.0,0.1013344509967935,0.8518973748092051,2206942.3062459254,3041000.0,0.10133409771373154,0.8518976395964725,2206943.678172475
3041000.0,0.09431671948245038,0.7700625517438767,1803301.8504724025,3041000.0,0.09431656128203535,0.7700626205370433,1803302.1726666184
3041000.0,0.09257085627529152,0.6533862061970774,1298244.0582582226,3041000.0,0.09257086516987344,0.6533862051210085,1298244.0539820378
