cur_n,cur_mean,cur_std,cur_S,next_n,next_mean,next_std,next_S
1391000.0,0.18660673446472437,1.5574518705692766,3374087.9538333765,1391000.0,0.1866068382215007,1.5574518629450915,3374087.92079907
1391000.0,0.03342981865614155,1.575801839313952,3454063.6485682605,1391000.0,0.03342979432042096,1.5758018400916272,3454063.6519774967
1391000.0,0.03527893168805782,1.4051649973877869,2746513.7398083922,1391000.0,0.03527889385909049,1.4051649990457946,2746513.746289825
1391000.0,0.007620851136145796,0.8356643349466002,971383.8190561252,1391000.0,0.00762090262724633,0.8356643366836147,971383.8230943682
1391000.0,0.002506059773682516,0.7308777764536255,743047.6128422898,1391000.0,0.0025060719872235485,0.7308777765537335,743047.6130458397
1391000.0,0.0017035395696840356,0.6641744908817798,613608.7062842575,1391000.0,0.0017034465106624433,0.6641745001888714,613608.7234812818
