cur_n,cur_mean,cur_std,cur_S,next_n,next_mean,next_std,next_S
842000.0,-0.007631065258499561,0.01516565511247121,193.65755398193713,842000.0,-0.007631074819367909,0.01516565283917928,193.6574959244225
842000.0,-0.013248234115191,0.021495973053846325,389.06871404168066,842000.0,-0.01324824561698262,0.021495968556077546,389.06855122598233
842000.0,-0.004268471503534659,0.008664385533276777,63.21026755551348,842000.0,-0.004268480699119151,0.008664385111794163,63.210261405734464
842000.0,-0.0006287410092318669,0.05615000642898763,2654.6771529032467,842000.0,-0.0006287461969719871,0.05615000657268168,2654.677166490469
842000.0,-0.0010164987382410896,0.0652937116560927,3589.672314299997,842000.0,-0.0010165082225834785,0.06529371208843693,3589.672361838239
842000.0,-0.0007104052943024388,0.04993514169899258,2099.5424730117097,842000.0,-0.0007104094013390928,0.049935141782773904,2099.5424800569467
