cur_n,cur_mean,cur_std,cur_S,next_n,next_mean,next_std,next_S
301000.0,-0.02062358698583451,0.07777551159203898,1820.7580912244205,301000.0,-0.020623673599549478,0.0777755031414614,1820.7576955611487
301000.0,-0.01909851747530071,0.07696398046759242,1782.9597411142001,301000.0,-0.01909856298816285,0.07696397322419896,1782.9594055110197
301000.0,-0.007648484434996854,0.08191057111105435,2019.5118395814661,301000.0,-0.0076484177089852935,0.0819105855222678,2019.5125502008252
301000.0,0.032384853939925545,0.1358083149185716,5551.613418707596,301000.0,0.032384982931669075,0.13580830259799173,5551.612411418854
301000.0,0.0337509307067804,0.15225643591938803,6977.788705941288,301000.0,0.03375092162811211,0.15225643801334293,6977.788897869792
301000.0,0.04899914063594174,0.35088337059475355,37058.86106774049,301000.0,0.04899900638147657,0.35088339707363353,37058.866660921885
