cur_n,cur_mean,cur_std,cur_S,next_n,next_mean,next_std,next_S
3882000.0,-0.014259487835676038,0.024988372025796148,2423.993535091414,3882000.0,-0.01425948752976111,0.02498837220763319,2423.9935703695683
3882000.0,-0.02359941059054856,0.03965581853900729,6104.770870602854,3882000.0,-0.02359941030270168,0.03965581871436415,6104.770924593086
3882000.0,-0.005718095061929464,0.009417360821036292,344.2817105239938,3882000.0,-0.005718094743640513,0.009417361035177294,344.2817261812109
3882000.0,-0.0006487283807147638,0.05511174206572062,11790.814568678894,3882000.0,-0.0006487284465823571,0.05511174206509519,11790.814568411279
3882000.0,-0.0010256569274761402,0.0681719401564728,18041.258914676502,3882000.0,-0.0010256569933909802,0.06817194015560253,18041.258914215887
3882000.0,-0.0007333775964676534,0.046522883083042914,8402.117920691622,3882000.0,-0.0007333776710329975,0.0465228830820976,8402.11792035017
