cur_n,cur_mean,cur_std,cur_S,next_n,next_mean,next_std,next_S
3222000.0,-0.013259889287848253,0.02369038004788486,1808.2962921521985,3222000.0,-0.01325988885515749,0.023690380302800195,1808.2963310677799
3222000.0,-0.021948644538394388,0.037137432212069464,4443.746543348108,3222000.0,-0.021948644142980585,0.037137432452547456,4443.746600897764
3222000.0,-0.005540195391011039,0.009343853789104692,281.3050989028392,3222000.0,-0.005540194857305048,0.009343854154661546,281.3051209136736
3222000.0,-0.0006538200654039059,0.05542216427292856,9896.747695064832,3222000.0,-0.0006538229607703284,0.05542216448244721,9896.747769892414
3222000.0,-0.001042525217331637,0.06791233459577999,14860.138482982842,3222000.0,-0.0010425278097122936,0.06791233471540421,14860.138535333643
3222000.0,-0.0007340686299188458,0.047181229337294656,7172.392390529984,3222000.0,-0.000734071561100007,0.047181229585056,7172.3924658583155
