cur_n,cur_mean,cur_std,cur_S,next_n,next_mean,next_std,next_S
821000.0,-0.37406815507794294,1.385546541092803,1576105.8975956033,821000.0,-0.3740681362126998,1.3855465462914796,1576105.9094229431
821000.0,-0.42471642160250084,1.354470222870114,1506198.0489909311,821000.0,-0.4247162832160322,1.3544702720674733,1506198.1584078332
821000.0,-0.23497330453172163,1.0606810444566568,923661.3522951943,821000.0,-0.2349732644150839,1.0606810539665525,923661.3688579928
821000.0,0.09853463741096885,0.7921400942297481,515165.9476156639,821000.0,0.09853462043549371,0.7921400964906506,515165.95055640646
821000.0,0.09031080494171026,0.7261377646341001,432893.6397000301,821000.0,0.0903108294957976,0.726137761921111,432893.6364652839
821000.0,0.09162765472501246,0.6181287740771851,313690.2918819165,821000.0,0.09162761288404331,0.6181287814420475,313690.2993570121
