cur_n,cur_mean,cur_std,cur_S,next_n,next_mean,next_std,next_S
4331000.0,-0.30750354324584744,1.342966821942762,7811217.861237892,4331000.0,-0.30750361265300075,1.3429668138182569,7811217.766727323
4331000.0,-0.38088878277325483,1.361832408646845,8032218.502522197,4331000.0,-0.3808887439425249,1.3618324219050275,8032218.658918267
4331000.0,-0.15642814890667414,0.9718080585317711,4090243.619278794,4331000.0,-0.156428131563553,0.971808061993636,4090243.6484200857
4331000.0,0.09805311486623103,0.8589249063392392,3195203.8891750714,4331000.0,0.09805334107561797,0.8589250095257874,3195204.656883814
4331000.0,0.09484108710302214,0.7697761766275745,2566357.2732696817,4331000.0,0.09484100644132924,0.7697762048688399,2566357.461576829
4331000.0,0.09349709304199237,0.6573430909755017,1871424.8369057246,4331000.0,0.09349706397185992,0.6573430978942212,1871424.876300262
