cur_n,cur_mean,cur_std,cur_S,next_n,next_mean,next_std,next_S
2511000.0,-0.3030489099627887,1.326607550392607,4419077.745417029,2511000.0,-0.30304895365933415,1.3266075422176902,4419077.6909539085
2511000.0,-0.36143055376405864,1.3257650340232727,4413466.49577665,2511000.0,-0.36143057306651893,1.3257650291139014,4413466.463090095
2511000.0,-0.19092863388828193,0.9883854812207551,2453010.613174327,2511000.0,-0.19092864606777885,0.9883854790564277,2453010.602431316
2511000.0,0.09640867492621527,0.8384048525901242,1765038.891781983,2511000.0,0.0964087069327376,0.8384048504437387,1765038.882744693
2511000.0,0.08770798632581578,0.7491255921336133,1409145.9626545268,2511000.0,0.08770795830059235,0.7491255967311522,1409145.979950968
2511000.0,0.09835671574159535,0.6544691256218551,1075536.2191809036,2511000.0,0.09835672897411071,0.6544691239690986,1075536.213748716
