cur_n,cur_mean,cur_std,cur_S,next_n,next_mean,next_std,next_S
3401000.0,-0.3159219004318538,1.3517883339349896,6214755.110893061,3401000.0,-0.31592181046278683,1.351788365143868,6214755.397854466
3401000.0,-0.386404005692102,1.3650920357918013,6337682.781285677,3401000.0,-0.38640388171357515,1.3650920900325876,6337683.2849306995
3401000.0,-0.16623317566647683,0.9838645468690489,3292132.1078384384,3401000.0,-0.16623319695380218,0.9838645440555537,3292132.0890098345
3401000.0,0.10005744748496949,0.855494118241247,2489090.5037605986,3401000.0,0.10005822954505593,0.8554952425089988,2489097.0459587597
3401000.0,0.09393584481083357,0.7687438379166888,2009879.0674269276,3401000.0,0.0939352794110918,0.7687446141458381,2009883.126327772
3401000.0,0.09363349331051715,0.6562319562110736,1464607.9335792346,3401000.0,0.0936335433472944,0.6562319555594566,1464607.9306706185
