cur_n,cur_mean,cur_std,cur_S,next_n,next_mean,next_std,next_S
621000.0,-0.3869553928979128,1.3800592503616427,1182733.9549299271,621000.0,-0.38695524019056776,1.3800592984259947,1182734.0373138424
621000.0,-0.44225118831001775,1.3439161345104151,1121594.6680669955,621000.0,-0.44225088374198784,1.3439162561683342,1121594.8711315705
621000.0,-0.23143997297196992,1.0363059889070225,666910.593742273,621000.0,-0.23143998330698937,1.036305986630879,666910.5908126668
621000.0,0.10722156775390684,0.7790324280652993,376879.63638991304,621000.0,0.10722284499440472,0.7790329024787112,376880.0954126755
621000.0,0.10599198540870587,0.7157243414408802,318114.28775013954,621000.0,0.10599122735142591,0.7157247030001194,318114.60915094224
621000.0,0.09466583212227002,0.6146975141109059,234646.7340234131,621000.0,0.09466579283854756,0.61469752094026,234646.73923731298
