cur_n,cur_mean,cur_std,cur_S,next_n,next_mean,next_std,next_S
4051000.0,-0.3097762252599729,1.3445414044686306,7323363.724326764,4051000.0,-0.3097762580518998,1.3445413985334482,7323363.659672007
4051000.0,-0.38181396583861976,1.361629213295605,7510692.197839533,4051000.0,-0.3818139785028937,1.3616292099830323,7510692.161295497
4051000.0,-0.15847771270690666,0.9722783381021758,3829512.2504747943,4051000.0,-0.15847771328860977,0.9722783380080197,3829512.249733089
4051000.0,0.09896063882409055,0.8589886143338578,2989076.691638119,4051000.0,0.09896064834399698,0.8589886134507385,2989076.6854920285
4051000.0,0.09460143954178302,0.7684425268569944,2392131.368100651,4051000.0,0.0946014210627994,0.7684425300319763,2392131.3878678377
4051000.0,0.09329817448161486,0.6560344895562155,1743474.449774988,4051000.0,0.09329817304204738,0.6560344897673456,1743474.4508971851
