cur_n,cur_mean,cur_std,cur_S,next_n,next_mean,next_std,next_S
1762000.0,0.00021924862574997653,0.013940380172475626,342.4168592602531,1762000.0,0.00021925132395388095,0.013940380590137903,342.4168797782885
1762000.0,-0.00740552173954933,0.020140248649809716,714.7193828213976,1762000.0,-0.007405518782214721,0.02014025011978601,714.7194871518461
1762000.0,-0.006014845978990336,0.013912412213602612,341.04428636531287,1762000.0,-0.006014846304587394,0.013912412079548235,341.04427979298333
1762000.0,-0.0001935864263994297,0.11429781638665445,23018.751843794496,1762000.0,-0.00019358271691359184,0.11429781649900407,23018.751889047293
1762000.0,-0.00016062833735976524,0.0694445579792693,8497.3271672334,1762000.0,-0.00016062487120928234,0.0694445581397045,8497.327206495522
1762000.0,-0.0007312414393163979,0.05994007575230496,6330.535944260404,1762000.0,-0.0007312378115731555,0.05994007598999332,6330.535994467038
