cur_n,cur_mean,cur_std,cur_S,next_n,next_mean,next_std,next_S
951000.0,0.18984437582463176,1.4705307843277606,2056500.2090604934,951000.0,0.18984443039728027,1.4705307782454915,2056500.1920486938
951000.0,-0.008060720796385359,1.4671556840103863,2047071.0568689094,951000.0,-0.00806072846493836,1.467155683987309,2047071.0568045115
951000.0,0.048262789338946295,1.3119824496968457,1636954.348845222,951000.0,0.048262778345518995,1.3119824501450077,1636954.3499635614
951000.0,0.003017125704717784,0.8898615929796087,753052.8255818567,951000.0,0.0030172983095758913,0.889861608314004,753052.8515355777
951000.0,0.015442022254710227,0.7792895780816871,577534.9264279039,951000.0,0.015442011780180563,0.7792895783562238,577534.9268348247
951000.0,-0.0002655713421733494,0.7089852207834639,478029.7011681976,951000.0,-0.00026569497435018763,0.7089852309883622,478029.71492939984
