cur_n,cur_mean,cur_std,cur_S,next_n,next_mean,next_std,next_S
1901000.0,-0.03128400429521934,0.10331045752253581,20289.4692543133,1901000.0,-0.031284027017182275,0.10331045539203766,20289.468417482698
1901000.0,-0.029643259158688245,0.10105630562634234,19413.728499911795,1901000.0,-0.029643285973028413,0.1010563045235252,19413.72807619172
1901000.0,-0.01242490314903265,0.11313609601998878,24332.374599246476,1901000.0,-0.012424766498402113,0.11313626790950941,24332.44853645184
1901000.0,0.032848049069380277,0.14411387269314782,39481.50458327456,1901000.0,0.03284805118910169,0.14411387223964017,39481.50433478823
1901000.0,0.03433102874318853,0.15066489232625543,43152.528491175755,1901000.0,0.03433104261662635,0.15066489037925618,43152.52737588023
1901000.0,0.04860585417078377,0.35051047533993424,233552.28490707363,1901000.0,0.04860579551042526,0.35051049280571656,233552.3081826888
