cur_n,cur_mean,cur_std,cur_S,next_n,next_mean,next_std,next_S
271000.0,-0.29155391488477944,1.2424588303965967,418343.76915745984,271000.0,-0.29155392371373756,1.2424588283333136,418343.76776801876
271000.0,-0.32993867886018496,1.2025054327571771,391871.2345846526,271000.0,-0.329938567526613,1.202505464701131,391871.2554043786
271000.0,-0.20857260517065276,0.9784726444790101,259457.76203430546,271000.0,-0.20857260510857578,0.9784726444922506,259457.76204132737
271000.0,0.10133959547735275,0.7860015539108695,167423.3779853317,271000.0,0.10133890621494271,0.7860017246777462,167423.4507342221
271000.0,0.08637677079604604,0.716187158478263,139002.4164576447,271000.0,0.08637677395958718,0.716187158098623,139002.4163102785
271000.0,0.0978738906451759,0.6303979248516572,107695.81833112173,271000.0,0.09787383593239092,0.6303979339896498,107695.82145335151
