cur_n,cur_mean,cur_std,cur_S,next_n,next_mean,next_std,next_S
591000.0,-0.3794949345239251,1.3709120393592742,1110725.2934191807,591000.0,-0.37949487729117626,1.370912055908482,1110725.3202358156
591000.0,-0.44556375446436497,1.343964413715948,1067488.0440928978,591000.0,-0.44556388036883504,1.3439643754602952,1067487.9833212714
591000.0,-0.23508934171303847,1.0408338490025635,640251.0448266292,591000.0,-0.23508929813135498,1.0408338593854307,640251.0576003137
591000.0,0.10362906350667829,0.7762950858764853,356156.72967038397,591000.0,0.10362924067049116,0.7762950741741342,356156.71893253154
591000.0,0.10675226844768422,0.7159804622653824,302963.1612063387,591000.0,0.10675247836693243,0.7159804491535358,302963.1501099284
591000.0,0.09626940359287756,0.6171891824908624,225125.18980738978,591000.0,0.09626940253663299,0.6171891826561418,225125.189927964
