cur_n,cur_mean,cur_std,cur_S,next_n,next_mean,next_std,next_S
5421000.0,-0.30942378395449804,1.342813887646014,9774871.470890965,5421000.0,-0.30942381073398423,1.3428138829228575,9774871.402127532
5421000.0,-0.3930389631576756,1.3654631085832334,10107397.584388586,5421000.0,-0.3930389777982431,1.3654631047946095,10107397.52830047
5421000.0,-0.21853925175342165,1.0034107153525835,5458042.038233042,5421000.0,-0.21853926155650547,1.0034107134771215,5458042.01782993
5421000.0,0.09630078749003133,0.8219896608286892,3662790.8206027173,5421000.0,0.09630077421336707,0.8219896629654083,3662790.839645184
5421000.0,0.08720169796194588,0.7291970740318575,2882499.5088220695,5421000.0,0.0872017181599389,0.7291970731329234,2882499.501715137
5421000.0,0.09668554500302469,0.6366123847445135,2196997.555311133,5421000.0,0.09668554754000318,0.6366123843866078,2196997.552840814
