cur_n,cur_mean,cur_std,cur_S,next_n,next_mean,next_std,next_S
751000.0,-0.36843013027808413,1.3635762346980635,1396364.4510228448,751000.0,-0.36843014112990063,1.3635762317984093,1396364.4450840876
751000.0,-0.4111612041400187,1.3475366339450603,1363707.0898478115,751000.0,-0.41116113385241876,1.3475366567679414,1363707.1360413241
751000.0,-0.2144094929435392,1.0258592138816407,790342.7321560994,751000.0,-0.2144094894874004,1.0258592146083478,790342.733275839
751000.0,0.10196621721756774,0.781298380770018,458430.79700518295,751000.0,0.10196610835685471,0.7812984006728274,458430.8203613324
751000.0,0.09242338265926187,0.7232890545004437,392883.4393264695,751000.0,0.09242341117879842,0.7232890512784261,392883.43582613353
751000.0,0.08946954550066875,0.6253739445772821,293710.52048766834,751000.0,0.08946954764926528,0.625373944272657,293710.5202015304
