cur_n,cur_mean,cur_std,cur_S,next_n,next_mean,next_std,next_S
1681000.0,0.17734501581740167,1.5819613110791675,4206873.272371966,1681000.0,0.17734505114457294,1.5819613077819212,4206873.254835385
1681000.0,0.03477673024746667,1.5960319956818558,4282041.778614788,1681000.0,0.034776726499210674,1.5960319957709357,4282041.779092778
1681000.0,0.037686981480330936,1.4562375776889522,3564775.4707739637,1681000.0,0.037686985807528155,1.456237577587691,3564775.470278202
1681000.0,0.01287837191002049,0.8140847655396491,1114055.8632181762,1681000.0,0.0128784645788734,0.8140847729398103,1114055.8834720694
1681000.0,-0.00044403305414346183,0.7043505884480287,833960.4921825486,1681000.0,-0.0004440375598415879,0.7043505884694466,833960.492233267
1681000.0,0.0011463550417750454,0.6436337123711167,696378.3819327512,1681000.0,0.0011462629992092287,0.6436337235981019,696378.4062267859
