cur_n,cur_mean,cur_std,cur_S,next_n,next_mean,next_std,next_S
1322000.0,-0.007963351141748056,0.038901525207936875,2000.6204931519549,1322000.0,-0.00796335757803487,0.03890152459428625,2000.6204300345323
1322000.0,-0.014553327941750302,0.059687948299746905,4709.824849692369,1322000.0,-0.014553323025640627,0.0596879497660533,4709.8250810974205
1322000.0,-0.02979176878685474,0.08399431455114688,9326.769327284279,1322000.0,-0.02979184135001786,0.08399433025042409,9326.77281379528
1322000.0,-0.0004444546538377571,0.14983684545000045,29680.32809632648,1322000.0,-0.00044445738944380055,0.14983684547489698,29680.328106189703
1322000.0,-0.0005197752896919839,0.15271621836925137,30832.00571267244,1322000.0,-0.0005197828493795096,0.15271621859087903,30832.005802161624
1322000.0,-0.00046623456753370265,0.15522899596173678,31854.966449595922,1322000.0,-0.00046616241575405613,0.15522901834623384,31854.9756367642
