cur_n,cur_mean,cur_std,cur_S,next_n,next_mean,next_std,next_S
3361000.0,-0.3006586912091835,1.3275198355343796,5923120.259070817,3361000.0,-0.30065867464921286,1.3275198396321295,5923120.295637451
3361000.0,-0.36389223297412737,1.3316445533559402,5959984.724597823,3361000.0,-0.3638922493049284,1.3316445492298736,5959984.687664101
3361000.0,-0.19713226173135498,0.9901283151346967,3294970.0643301816,3361000.0,-0.1971322460903612,0.9901283186639881,3294970.0878198836
3361000.0,0.09797496223312886,0.8345118442142433,2340634.070947895,3361000.0,0.0979749436603235,0.8345118470894269,2340634.0870764926
3361000.0,0.08515093015919376,0.737617190260819,1828649.920196739,3361000.0,0.08515095465704571,0.7376171888000512,1828649.912953869
3361000.0,0.0980171791895297,0.6498294589338588,1419277.4526718913,3361000.0,0.09801715296548602,0.6498294646677849,1419277.4777185612
