cur_n,cur_mean,cur_std,cur_S,next_n,next_mean,next_std,next_S
3242000.0,-0.013329978230611918,0.023785405423518743,1834.146947184464,3242000.0,-0.01332997907857104,0.02378540499730271,1834.14688145148
3242000.0,-0.02205500553031708,0.03730747466057113,4512.370131710368,3242000.0,-0.022055008090185256,0.037307473431981424,4512.369834512476
3242000.0,-0.0055639240503457576,0.009362932233777621,284.2083090463995,3242000.0,-0.005563925793187058,0.009362931723973778,284.20827809659005
3242000.0,-0.0006548871654246361,0.05544033355202171,9964.710354493252,3242000.0,-0.0006548821067225532,0.055440334360004,9964.710644942788
3242000.0,-0.0010436363863101292,0.0679568833287265,14972.003369266939,3242000.0,-0.0010436324656522286,0.06795688375559994,14972.003557361224
3242000.0,-0.0007358440663041718,0.04717684989178552,7215.57404723851,3242000.0,-0.0007358399230638002,0.047176850546248934,7215.5742474353965
