cur_n,cur_mean,cur_std,cur_S,next_n,next_mean,next_std,next_S
3351000.0,-0.05072306016965391,0.15631225264151402,81876.72661197196,3351000.0,-0.05072303147304586,0.1563122707804978,81876.74561445804
3351000.0,-0.04372387149596555,0.15295386798363333,78396.26208509952,3351000.0,-0.04372388783248957,0.15295386623712615,78396.26029476056
3351000.0,0.009619452129476756,0.2874790454255625,276940.7194235141,3351000.0,0.009619569641585637,0.28747912197628517,276940.8669126294
3351000.0,0.027921733793228005,0.16248415236446093,88470.08532792074,3351000.0,0.027921749968517397,0.16248415228281549,88470.08523901139
3351000.0,0.028773174911902104,0.17792933476104214,106088.80021266695,3351000.0,0.02877321357957329,0.17792934258771823,106088.80954584066
3351000.0,0.05562102460260877,0.44206604634236346,654860.4266407037,3351000.0,0.05562094409566297,0.4420660810372006,654860.5294320261
