cur_n,cur_mean,cur_std,cur_S,next_n,next_mean,next_std,next_S
401000.0,0.15172262773543824,1.3953890184132691,780791.3155960471,401000.0,0.1517227833238753,1.3953890049742659,780791.3005564319
401000.0,-0.02420122450253182,1.3678996131551404,750330.8900196631,401000.0,-0.02420123225494434,1.3678996130267913,750330.8898788571
401000.0,0.034728725507808436,1.2191170663000803,595984.8149589899,401000.0,0.03472870957061012,1.219117066795816,595984.8154436864
401000.0,0.012462599207604515,0.9396107174446386,354030.18843506824,401000.0,0.012462911279652987,0.9396107340868618,354030.20097611175
401000.0,0.02146411888869718,0.8338631042784443,278826.3983474304,401000.0,0.021464093549782924,0.8338631050850659,278826.3988868652
401000.0,0.019496783221642628,0.7917948356069621,251402.56373923633,401000.0,0.019496478978235633,0.7917948665377172,251402.58338086808
