cur_n,cur_mean,cur_std,cur_S,next_n,next_mean,next_std,next_S
5311000.0,-0.3089503732177727,1.3421132647163838,9566534.429405257,5311000.0,-0.308950372327855,1.3421132649228684,9566534.432348885
5311000.0,-0.39300716093289767,1.3665306947244218,9917794.00754312,5311000.0,-0.3930071553488726,1.366530696391016,9917794.031734217
5311000.0,-0.21724543071336655,1.0029244246047413,5342108.659200539,5311000.0,-0.21724543338816707,1.0029244240442892,5342108.653230006
5311000.0,0.09588891646735859,0.8219602271151997,3588210.464048686,5311000.0,0.09588894606748445,0.8219602264927344,3588210.4586140276
5311000.0,0.08744968226210824,0.7299551198082987,2829883.9069983205,5311000.0,0.08744968588042627,0.7299551194224799,2829883.904006843
5311000.0,0.09662010904962123,0.6372040314795319,2156419.9007440433,5311000.0,0.0966201056550668,0.6372040320422778,2156419.9045529226
