cur_n,cur_mean,cur_std,cur_S,next_n,next_mean,next_std,next_S
162000.0,-0.007131897671719852,0.016219255335321158,42.6164074684397,162000.0,-0.007131858811566039,0.016219279964356657,42.616536895073374
162000.0,-0.011388143168634407,0.02026437666328604,66.52448377134817,162000.0,-0.011388107581522972,0.020264401724605315,66.52464831550226
162000.0,-0.003924264466079047,0.009007120757775365,13.142772343913954,162000.0,-0.003924224455168661,0.009007152586236848,13.142865229304011
162000.0,-0.0004886529447218595,0.05241512101320368,445.0698755542634,162000.0,-0.000488649242648403,0.052415121068896765,445.0698765000711
162000.0,-0.0006937420082335561,0.05968186535764507,577.031858516028,162000.0,-0.0006937392518775167,0.059681865399996266,577.0318593349699
162000.0,-0.0005407762907534365,0.04451767780260315,321.0554291836944,162000.0,-0.000540772226667768,0.04451767788202351,321.05543032923197
