cur_n,cur_mean,cur_std,cur_S,next_n,next_mean,next_std,next_S
521000.0,-0.028538929724988223,1.140630629693228,677840.9195984667,521000.0,-0.028538856674034493,1.140630632739747,677840.9232193676
521000.0,-0.10608151628533215,1.0989983349560315,629262.4142630235,521000.0,-0.10608133080087329,1.098998361015041,629262.4441046617
521000.0,-0.10187975130189969,0.8116846174188959,343251.42935847334,521000.0,-0.10187962942259772,0.8116846374841307,343251.446329155
521000.0,0.0979310920024683,1.4203631497565699,1051081.7996141168,521000.0,0.09793118716490438,1.4203631448561822,1051081.7923614527
521000.0,0.10846129700517032,1.2760199652557964,848306.2418520615,521000.0,0.1084609885511982,1.2760200108979016,848306.30253839
521000.0,0.09324367556593108,0.7484291912595801,291836.19850565336,521000.0,0.09324360264440525,0.748429202195399,291836.2070340964
