cur_n,cur_mean,cur_std,cur_S,next_n,next_mean,next_std,next_S
2331000.0,-0.31174417670181004,1.3321545129502101,4136675.691696889,2331000.0,-0.3117450484032051,1.332154973761986,4136678.553570917
2331000.0,-0.36522125444694775,1.3262109043132293,4099845.23049872,2331000.0,-0.3652221612769724,1.3262113772727282,4099848.154710978
2331000.0,-0.19222728398848757,0.9900878381555885,2285018.5244514677,2331000.0,-0.1922277939194791,0.9900880452500289,2285019.4803559114
2331000.0,0.09822771452743949,0.8405205213418641,1646792.6347833383,2331000.0,0.09822770836998075,0.8405205221140574,1646792.6378091828
2331000.0,0.09037266416590195,0.751186696130895,1315340.0656470794,2331000.0,0.0903734789790679,0.7511876282051277,1315343.3298032458
2331000.0,0.09916777216217426,0.6541365021458645,997422.2273777695,2331000.0,0.09916824938126378,0.6541368355683005,997423.2441778792
