cur_n,cur_mean,cur_std,cur_S,next_n,next_mean,next_std,next_S
1251000.0,-0.026788017765987018,0.14806971987900847,27427.727073255097,1251000.0,-0.026788018107673086,0.14806971981769004,27427.727050538426
1251000.0,-0.01702703879549758,0.03542342697767741,1569.7787927323973,1251000.0,-0.017027032833605113,0.035423430471021596,1569.7791023454618
1251000.0,-0.004996850169390271,0.03195441034568291,1277.3765100158987,1251000.0,-0.004996813567569014,0.03195444229341217,1277.3790642360436
1251000.0,0.10589910984332966,0.45338627772583295,257154.45515443778,1251000.0,0.10589910469063549,0.45338627896599937,257154.45656124837
1251000.0,0.000974614334711284,0.0976245528996559,11922.722214400997,1251000.0,0.0009746319762213964,0.09762455471760224,11922.722658446453
1251000.0,0.002032147270880994,0.07647397244319046,7316.183845013559,1251000.0,0.0020321701833707637,0.07647397612829253,7316.184550113191
