cur_n,cur_mean,cur_std,cur_S,next_n,next_mean,next_std,next_S
311000.0,0.1418200746427576,1.3855144114589173,597011.2073360687,311000.0,0.14182031210620377,1.3855143934810088,597011.1918428879
311000.0,-0.033288639903544505,1.3613661845270566,576381.8632842381,311000.0,-0.033288650535270393,1.361366184279997,576381.8630750355
311000.0,0.046137659386211304,1.2285836591987034,469428.9381791735,311000.0,0.046137632617172124,1.228583660294663,469428.9390166829
311000.0,0.015277337071439308,0.9406956801644513,275206.50079349853,311000.0,0.015277864733097479,0.9406957176196786,275206.5227090287
311000.0,0.03077245475333733,0.8361223513311967,217420.28236903442,311000.0,0.030772420080742456,0.8361223528308659,217420.28314896455
311000.0,0.016149472496260968,0.8145790574061043,206360.641677796,311000.0,0.016149058217106906,0.814579098382273,206360.6624391171
