cur_n,cur_mean,cur_std,cur_S,next_n,next_mean,next_std,next_S
3162000.0,-0.013103176712055208,0.02345575271295097,1739.6449243169598,3162000.0,-0.013103175745234594,0.02345575331605425,1739.6450137777917
3162000.0,-0.02169831185517266,0.036730308681748,4265.90345085823,3162000.0,-0.021698310757812204,0.03673030938184567,4265.903613478648
3162000.0,-0.005507797632498275,0.00931425676930282,274.3205089181597,3162000.0,-0.005507796522297339,0.009314257635008968,274.3205599111629
3162000.0,-0.0006503131455074443,0.05541461050076713,9709.803378081373,3162000.0,-0.0006503172366239418,0.055414610930271994,9709.803528597917
3162000.0,-0.0010397212935993165,0.06785454883493508,14558.606239987768,3162000.0,-0.0010397247188621908,0.06785454905581365,14558.606334769449
3162000.0,-0.000730422289347837,0.04722040146514814,7050.521086543115,3162000.0,-0.000730426328812168,0.04722040194898646,7050.521231027797
