cur_n,cur_mean,cur_std,cur_S,next_n,next_mean,next_std,next_S
1831000.0,-0.11324792868568358,1.2056661635088008,2661598.1739267856,1831000.0,-0.11324801722092163,1.2056661611447375,2661598.163489092
1831000.0,-0.11940162752247734,1.1716787883803184,2513653.896330019,1831000.0,-0.11940182266913106,1.1716787982493542,2513653.93867497
1831000.0,-0.16519666884106857,0.9704888856220458,1724524.9277992502,1831000.0,-0.16519664893520297,0.9704888893841757,1724524.9411695972
1831000.0,0.10516198777645297,1.1488150249178408,2416509.7854643487,1831000.0,0.10516209422299297,1.1488150242033894,2416509.78245868
1831000.0,0.1072020682132681,1.0409117828760028,1983883.6290458112,1831000.0,0.10720226968585897,1.0409117978272933,1983883.686037424
1831000.0,0.0982467380829195,0.6634202066263313,805871.3844955871,1831000.0,0.09824674496326306,0.6634202056727542,805871.3821789243
