cur_n,cur_mean,cur_std,cur_S,next_n,next_mean,next_std,next_S
61000.0,-0.16579622977757683,1.1541475611467398,81255.45216695902,61000.0,-0.16577187662946669,1.1541667319990505,81258.15156045544
61000.0,-0.14343934932864424,1.096326537475274,73317.84448312392,61000.0,-0.14344726510312744,1.096327244973598,73317.93911235535
61000.0,-0.06347746107540968,0.8352112990251214,42552.25275517307,61000.0,-0.06347759960599886,0.835211289197357,42552.251753765384
61000.0,0.1364257391205085,1.469981622984581,131811.60428665538,61000.0,0.13642693283409646,1.469981541763882,131811.58972071766
61000.0,0.09550055259524655,1.2548137051522454,96048.00351291227,61000.0,0.09549929953565135,1.2548138386835554,96048.02395485736
61000.0,0.047893320179007264,0.7148024002337878,31167.490754179038,61000.0,0.04789359337726827,0.7148023851135575,31167.48943560587
