cur_n,cur_mean,cur_std,cur_S,next_n,next_mean,next_std,next_S
2462000.0,-0.011299541142976632,0.021591149654837036,1147.729604294056,2462000.0,-0.011299539360699955,0.02159115076868136,1147.7297227122192
2462000.0,-0.018869911618345305,0.03301650551291796,2683.8006845325426,2462000.0,-0.01886991033630531,0.03301650630692226,2683.8008136164226
2462000.0,-0.004812729583763142,0.009540651242558245,224.1011523372996,2462000.0,-0.0048127277375021,0.009540652613705186,224.10121675127377
2462000.0,-0.00045786325750384857,0.05166945377798929,6572.88130104823,2462000.0,-0.00045785707032220107,0.051669454744845446,6572.881547036153
2462000.0,-0.0007138349247234443,0.06408772230732229,10112.0154026306,2462000.0,-0.0007138289535362796,0.06408772305869538,10112.015639739864
2462000.0,-0.0005239022989986916,0.043424976869801894,4642.663852943646,2462000.0,-0.0005238940882168271,0.04342497887997839,4642.664282768814
