cur_n,cur_mean,cur_std,cur_S,next_n,next_mean,next_std,next_S
1862000.0,-0.007226655092919176,0.03674377975253375,2513.8961626360438,1862000.0,-0.007226660458715747,0.036743779426720684,2513.896118053793
1862000.0,-0.015439783297821807,0.0628889563907382,7364.248796475909,1862000.0,-0.015439792914944761,0.06288895539884569,7364.248564176199
1862000.0,-0.03445677423306497,0.0959343305009704,17136.72292126246,1862000.0,-0.03445678985462205,0.0959343272583955,17136.721762821966
1862000.0,-0.0004190363147491464,0.15911375245370546,47140.60074145205,1862000.0,-0.00041903802154594834,0.15911375246626014,47140.60074889119
1862000.0,-0.0004878757006698682,0.16024319373965623,47812.21468246587,1862000.0,-0.00048787589912537157,0.16024319373928333,47812.21468224336
1862000.0,-0.0004501488833865286,0.1648516013779884,50601.80598796394,1862000.0,-0.0004501027693567424,0.1648516135133469,50601.813437950164
