cur_n,cur_mean,cur_std,cur_S,next_n,next_mean,next_std,next_S
3451000.0,-0.3023486216024394,1.3306146951464703,6110117.896409023,3451000.0,-0.30234860536676683,1.3306146991775143,6110117.933429738
3451000.0,-0.3674577590608018,1.336858518978922,6167595.104894249,3451000.0,-0.3674577572337686,1.33685851948543,6167595.109567799
3451000.0,-0.1997366192705611,0.9920672356241862,3396465.2273965995,3451000.0,-0.1997366121123608,0.9920672371544891,3396465.2378749624
3451000.0,0.09849570488804951,0.8341107397303084,2401001.2458865093,3451000.0,0.09849568872693841,0.8341107421790095,2401001.259983761
3451000.0,0.0858277760809726,0.7377421777181501,1878253.4102266836,3451000.0,0.08582778982952126,0.7377421765607487,1878253.404333315
3451000.0,0.09906974031075781,0.6495082936232478,1455842.3920480567,3451000.0,0.09906974471800907,0.6495082930025918,1455842.3892657147
