cur_n,cur_mean,cur_std,cur_S,next_n,next_mean,next_std,next_S
4231000.0,-0.3085336376730485,1.342630273180788,7627037.749502679,4231000.0,-0.3085335729075606,1.3426302946729087,7627037.993681916
4231000.0,-0.3817637157958366,1.36324913082861,7863094.30333469,4231000.0,-0.38176368164466823,1.3632491422021888,7863094.434538181
4231000.0,-0.1567487160310647,0.9723687363462905,4000414.5593215977,4231000.0,-0.15674872241623658,0.9723687354056555,4000414.551581879
4231000.0,0.09865229008792763,0.8585882322400026,3118982.1470010243,4231000.0,0.09865236730492594,0.8585882380587488,3118982.1892763902
4231000.0,0.09482312466495839,0.7696761351801474,2506450.1248216056,4231000.0,0.09482300369379278,0.769676190306093,2506450.483856872
4231000.0,0.0932495977724818,0.6574577911638368,1828852.9112425542,4231000.0,0.09324957707031269,0.6574577954791394,1828852.9352503428
