cur_n,cur_mean,cur_std,cur_S,next_n,next_mean,next_std,next_S
2401000.0,-0.038698764867720156,0.12380888323925718,36804.063605053794,2401000.0,-0.03869877107573014,0.12380888167252428,36804.062673583685
2401000.0,-0.035794283240631226,0.11973205841025644,34420.173712588105,2401000.0,-0.035794271529973755,0.1197320632862344,34420.17651604799
2401000.0,-0.005946511407174348,0.1752509508669896,73741.6627672614,2401000.0,-0.005946495639625281,0.17525095310506425,73741.66465072446
2401000.0,0.03113219402710769,0.14785442607119936,52488.09607253387,2401000.0,0.031132202919576815,0.147854424840866,52488.095199000934
2401000.0,0.032549702881279355,0.15360231847691916,56648.407051805254,2401000.0,0.0325496972280645,0.15360231992466475,56648.40811965998
2401000.0,0.04889368342440554,0.37187050554419593,332028.7026177638,2401000.0,0.048893699945361004,0.3718705042531352,332028.70031228807
