cur_n,cur_mean,cur_std,cur_S,next_n,next_mean,next_std,next_S
3271000.0,-0.2995267840040368,1.3246486261607011,5739604.017704235,3271000.0,-0.2995267685866191,1.3246486299403966,5739604.050458513
3271000.0,-0.36064575425112066,1.3281689033436967,5770150.7517318865,3271000.0,-0.360645734858811,1.328168909072513,5770150.80150889
3271000.0,-0.19545245287624408,0.9893095868977606,3201437.1434986917,3271000.0,-0.19545244006694185,0.9893095896996692,3201437.161632822
3271000.0,0.09776805682000736,0.8347659744839466,2279344.773382711,3271000.0,0.09776808092302523,0.8347659727992407,2279344.7641824665
3271000.0,0.0841949430932036,0.7378397028481919,1780756.6940411823,3271000.0,0.08419494964855903,0.7378397021953933,1780756.690890158
3271000.0,0.09758972003474624,0.6507894202579013,1385356.3901986615,3271000.0,0.09758972421387664,0.6507894196750842,1385356.3877173383
