cur_n,cur_mean,cur_std,cur_S,next_n,next_mean,next_std,next_S
1751000.0,-0.02585929383778059,0.08992090726466914,14158.18250534045,1751000.0,-0.025859405234023726,0.08992099604878606,14158.21046374055
1751000.0,-0.023034361427712924,0.08614242684710462,12993.326498143457,1751000.0,-0.02303464853330662,0.0861431878369178,12993.556067547084
1751000.0,0.004730283164557809,0.12871280994345294,29008.79501363755,1751000.0,0.004730156308372749,0.12871292406595283,29008.846454635146
1751000.0,0.033696233591865896,0.14131093281442814,34965.333312279574,1751000.0,0.033696436420418065,0.14131113933039507,34965.435511093936
1751000.0,0.03318338351765514,0.1479151467334989,38309.937498720086,1751000.0,0.033183379139292236,0.14791514782920606,38309.93806629514
1751000.0,0.05132252597678075,0.3742233152618646,245215.45003945212,1751000.0,0.05132294551680698,0.3742236695105123,245215.9142931699
