cur_n,cur_mean,cur_std,cur_S,next_n,next_mean,next_std,next_S
1551000.0,-0.026652720523834068,0.14760274006810623,33790.96832607566,1551000.0,-0.02665272193104904,0.14760273982441574,33790.96821449863
1551000.0,-0.017311934828763618,0.03338135029824517,1728.301863535671,1551000.0,-0.017311962051339346,0.03338135339646906,1728.3021843535123
1551000.0,-0.0036110842598192573,0.03203793980714036,1591.992289570307,1551000.0,-0.0036110845550424682,0.032037939775975716,1591.9922864731118
1551000.0,0.10598791014958486,0.4567308769888004,323543.39878618094,1551000.0,0.10598784993580483,0.45673089711807247,323543.4273049152
1551000.0,0.000752639726597036,0.09547872583060286,14139.206170751151,1551000.0,0.0007526847082900196,0.09547874191014326,14139.210933109553
1551000.0,0.002245766439208389,0.07701042480145283,9198.369174083444,1551000.0,0.002245663660757698,0.07701053417274309,9198.39530140898
