cur_n,cur_mean,cur_std,cur_S,next_n,next_mean,next_std,next_S
622000.0,-0.010964293916835668,0.047683197766999884,1414.233531256404,622000.0,-0.010964288041572363,0.04768319934309792,1414.2336247472279
622000.0,-0.012559930364126847,0.04856782224489529,1467.1943484345059,622000.0,-0.012559924487879313,0.04856782398564091,1467.1944536075223
622000.0,-0.02369308204177432,0.0706919608315667,3108.3537689037153,622000.0,-0.02369305589940238,0.0706919726000573,3108.3548038342706
622000.0,-0.0006174783927756253,0.1432859925010693,12770.204652444256,622000.0,-0.0006174403484157926,0.14328599580651166,12770.205241632006
622000.0,-0.0006098517012773978,0.14240964157332264,12614.474740112264,622000.0,-0.0006098198855299002,0.1424096439201396,12614.475155868713
622000.0,-0.0005950001243352635,0.15183477471997064,14339.462862472352,622000.0,-0.0005949915801351101,0.1518347749029833,14339.462897040235
