cur_n,cur_mean,cur_std,cur_S,next_n,next_mean,next_std,next_S
3751000.0,-0.0530116869648614,0.16072726403043444,96900.53351356142,3751000.0,-0.05301168941033686,0.1607272632936418,96900.53262515453
3751000.0,-0.04502998319316423,0.1567109489005038,92118.26396636647,3751000.0,-0.045029983591259794,0.15671094878801362,92118.2638341179
3751000.0,0.01130491513452008,0.3021912187941848,342539.5672188971,3751000.0,0.01130490600164952,0.30219121965350954,342539.56916701933
3751000.0,0.027830467857171113,0.16590795147942128,103247.95681373164,3751000.0,0.02783046811531832,0.16590795143686263,103247.95676076137
3751000.0,0.028530549528039854,0.18059580153057664,122338.27808279834,3751000.0,0.02853055074789895,0.1805958013533157,122338.27784263995
3751000.0,0.056968493187372835,0.45040707843594746,760952.3776808267,3751000.0,0.05696849252473447,0.4504070785215787,760952.3779701706
