cur_n,cur_mean,cur_std,cur_S,next_n,next_mean,next_std,next_S
3511000.0,-0.30303968262380626,1.3300672091874293,6211235.599935241,3511000.0,-0.3030396752814622,1.330067210931515,6211235.616224534
3511000.0,-0.3681978170047154,1.3370087193187263,6276236.619840929,3511000.0,-0.3681978072429257,1.3370087221321647,6276236.646254827
3511000.0,-0.19951698975034243,0.9914694450449605,3451353.939867202,3511000.0,-0.19951697590391249,0.991469448170795,3451353.9616295695
3511000.0,0.09896705271806995,0.833725764394077,2440491.3609030675,3511000.0,0.09896708222922804,0.8337257627247829,2440491.351130315
3511000.0,0.08597769230350412,0.7374809431352934,1909556.1547633912,3511000.0,0.08597770583250457,0.7374809419937177,1909556.1488516375
3511000.0,0.09838025350423624,0.6487707482793422,1477792.131702334,3511000.0,0.09838026207338667,0.6487707471785756,1477792.1266876066
