cur_n,cur_mean,cur_std,cur_S,next_n,next_mean,next_std,next_S
291000.0,-0.2992600695662184,1.3005965212842925,492241.4315524496,291000.0,-0.2992602553440265,1.3005964823988994,492241.40211826155
291000.0,-0.38362580210218217,1.2519261012442606,456089.8182262065,291000.0,-0.3836255286387442,1.251926193732479,456089.8856150664
291000.0,-0.20780994022146843,0.9725282424901077,275231.0540903012,291000.0,-0.2078099448380747,0.9725282415068022,275231.05353373906
291000.0,0.10234522620110396,0.7831009075224493,178454.88612648277,291000.0,0.10234571979989329,0.7831008882809715,178454.87735689597
291000.0,0.10530727063365813,0.7114259474812326,147282.92171612472,291000.0,0.10530738781473034,0.711425932944089,147282.9156970219
291000.0,0.09049885194611751,0.6145988483325799,109919.93761217447,291000.0,0.090498847522201,0.614598848988624,109919.93784683917
