cur_n,cur_mean,cur_std,cur_S,next_n,next_mean,next_std,next_S
151000.0,-0.04978281630757417,0.18201814158131233,5002.721183571913,151000.0,-0.04978279210642886,0.18201814844337863,5002.721560776129
151000.0,-0.013648058959209187,0.033391275275051556,168.36156693863467,151000.0,-0.013647890447852303,0.033391408355734724,168.36290894889405
151000.0,-0.012273395550588482,0.044835586424024534,303.5447013079122,151000.0,-0.012273147173471171,0.044835758297990067,303.5470285455235
151000.0,0.10509098584546542,0.3263625117404571,16083.385849500537,151000.0,0.10509078278853677,0.32636258666466816,16083.39323414241
151000.0,0.0011429721626221557,0.10638588405335582,1709.0114051979242,151000.0,0.0011430262790754911,0.10638588555029722,1709.011453292462
151000.0,0.0022511794180480656,0.14132776646805456,3016.004173802194,151000.0,0.0022512076972990157,0.14132776644482017,3016.0041728105275
