cur_n,cur_mean,cur_std,cur_S,next_n,next_mean,next_std,next_S
3491000.0,-0.3143661917225573,1.3514346032119124,6375876.82427406,3491000.0,-0.31436613399486985,1.351434620944554,6375876.991594238
3491000.0,-0.38590266302788195,1.3638038702973228,6493123.839263106,3491000.0,-0.3859025721842976,1.363803906564763,6493124.184604527
3491000.0,-0.16503998595958538,0.9815112602912962,3363104.9600884225,3491000.0,-0.16503999299476502,0.9815112591963312,3363104.9525847244
3491000.0,0.09983482404596065,0.8568823818080264,2563257.730139211,3491000.0,0.09983446109378007,0.8568826924426154,2563259.588589501
3491000.0,0.0943835788088505,0.7682478169067853,2060404.6362635072,3491000.0,0.094383644549383,0.7682478186495978,2060404.6456117898
3491000.0,0.09369364691382988,0.6559621411534007,1502129.5802172998,3491000.0,0.09369367132001528,0.65596213925242,1502129.571510946
