cur_n,cur_mean,cur_std,cur_S,next_n,next_mean,next_std,next_S
4201000.0,-0.0549293260221792,0.16421643073501624,113288.51875418656,4201000.0,-0.05492933594580414,0.16421642867526748,113288.51591225553
4201000.0,-0.046603260953341025,0.1606258603918068,108388.60217878108,4201000.0,-0.04660326613314894,0.16062585923982686,108388.60062409376
4201000.0,0.012958751184085697,0.3143925836202357,415238.16856534436,4201000.0,0.012958732573798256,0.31439258670128023,415238.1767040051
4201000.0,0.02769837392209776,0.1686553606466478,119495.89346504836,4201000.0,0.027698404257923002,0.16865536712586807,119495.90264637797
4201000.0,0.028256795504769516,0.18321033913356957,141010.88516320326,4201000.0,0.028256810527481992,0.18321033940402703,141010.8855795274
4201000.0,0.058826117889649636,0.45777390831586934,880348.7517172357,4201000.0,0.05882624853472626,0.4577739698446143,880348.9883701183
