cur_n,cur_mean,cur_std,cur_S,next_n,next_mean,next_std,next_S
1021000.0,0.18196092237748895,1.4709124265945268,2209018.6174111133,1021000.0,0.18196098060834295,1.4709124205678628,2209018.5993094062
1021000.0,0.0005152649400794346,1.4783681607821768,2231469.4396095807,1021000.0,0.0005152645280536598,1.4783681607823944,2231469.4396102373
1021000.0,0.04691777933437962,1.339125358408598,1830915.116769148,1021000.0,0.04691777272309053,1.3391253586568512,1830915.1174479949
1021000.0,0.00638717756615995,0.8830282893498651,796113.4779477841,1021000.0,0.006387331640347032,0.8830283019593553,796113.5006845081
1021000.0,0.012888112268419932,0.771526357101788,607753.2310165135,1021000.0,0.012888101621867886,0.771526357354677,607753.2314149293
1021000.0,-0.0004624712454086192,0.705980079861915,508874.43849823443,1021000.0,-0.0004625971396187247,0.705980091240204,508874.45490130485
