cur_n,cur_mean,cur_std,cur_S,next_n,next_mean,next_std,next_S
901000.0,-0.022731152428030435,0.08196393940114302,6052.996713300975,901000.0,-0.022731135053824923,0.0819639458786848,6052.997670027577
901000.0,-0.020918831854637828,0.07936813177870437,5675.669608179646,901000.0,-0.020918833203363203,0.07936813143354908,5675.669558815062
901000.0,-0.0055410480610357405,0.08675203372589911,6780.849735377163,901000.0,-0.005541103499956129,0.08675204614530449,6780.851676867732
901000.0,0.032937678414657494,0.13659701642749061,16811.529152099818,901000.0,0.032937674443614166,0.136597017437038,16811.529400597716
901000.0,0.03332155485659074,0.14149795236832885,18039.525142511306,901000.0,0.03332162328012587,0.1414979511609675,18039.52483465914
901000.0,0.04879614060844891,0.34489277694566023,107174.87585794932,901000.0,0.048796165440753575,0.3448927742377976,107174.87417502142
