cur_n,cur_mean,cur_std,cur_S,next_n,next_mean,next_std,next_S
4171000.0,-0.3094025061278392,1.3441569419263046,7535987.1363691045,4171000.0,-0.30940249277213816,1.3441569452773492,7535987.173944222
4171000.0,-0.382121633113514,1.3618054651318674,7735178.414803663,4171000.0,-0.3821216091719424,1.3618054727276925,7735178.501093612
4171000.0,-0.15790307573294435,0.9727762468750001,3946990.7160656443,4171000.0,-0.15790307421598043,0.972776247126136,3946990.718103587
4171000.0,0.09894511922461441,0.8587392919324502,3075833.758362563,4171000.0,0.09894511489575673,0.8587392924766707,3075833.7622611416
4171000.0,0.09526485946863833,0.769050098046651,2466888.120337506,4171000.0,0.09526489267294866,0.7690500969233313,2466888.113130942
4171000.0,0.09363885799393525,0.6567405513612687,1798986.3011674066,4171000.0,0.09363885847597982,0.6567405512932826,1798986.3007949425
