cur_n,cur_mean,cur_std,cur_S,next_n,next_mean,next_std,next_S
681000.0,0.1609962935446706,1.4301677019140937,1392903.5454624014,681000.0,0.16099637438778314,1.4301676943694883,1392903.530766352
681000.0,-0.008205509669913848,1.4162677348955326,1365959.5361930695,681000.0,-0.00820550761760372,1.4162677349084203,1365959.536217929
681000.0,0.03433891749931053,1.2562953096494094,1074807.253337079,681000.0,0.03433890418603478,1.2562953100613123,1074807.2540418752
681000.0,0.012490938631277133,0.9260827200540074,584045.4881845703,681000.0,0.012491156527788847,0.9260827345719195,584045.5064963711
681000.0,0.01540418697372457,0.8010515618644924,436986.53484533465,681000.0,0.01540416317966503,0.8010515625627074,436986.5356071096
681000.0,0.009856231252709544,0.7402178240889961,373135.17285445164,681000.0,0.009856039790174687,0.7402178435009599,373135.192425141
