cur_n,cur_mean,cur_std,cur_S,next_n,next_mean,next_std,next_S
831000.0,-0.011422742229975877,1.1593794377108027,1116997.5255674787,831000.0,-0.01142278017010663,1.1593794378528923,1116997.5258412694
831000.0,-0.09166627729526941,1.1188445573817702,1040256.7223173145,831000.0,-0.09166630812140675,1.1188445552090613,1040256.7182771196
831000.0,-0.11630260060113189,0.8323146940632093,575673.3802113866,831000.0,-0.11630260554494037,0.8323146933845817,575673.3792726363
831000.0,0.10129962742803844,1.4084324178119065,1648439.6385766426,831000.0,0.10129961533544518,1.4084324187247799,1648439.64071351
831000.0,0.11014085805741901,1.246286555643327,1290734.2785639423,831000.0,0.11014083219273157,1.2462865581521758,1290734.2837605919
831000.0,0.09586198433359415,0.7228376333667471,434192.7169395404,831000.0,0.09586197771716798,0.7228376342693721,434192.71802391444
