cur_n,cur_mean,cur_std,cur_S,next_n,next_mean,next_std,next_S
131000.0,-0.09461951197073774,1.1630640507221772,177206.05617677857,131000.0,-0.09461552170572096,1.163065272024915,177206.42833574105
131000.0,-0.11743953629998444,1.0966266256552646,157539.28424858282,131000.0,-0.11744057000259789,1.0966265787763605,157539.27077951562
131000.0,-0.09717021319244946,0.8072232691580536,85360.83222139823,131000.0,-0.09717008367795343,0.8072232861095553,85360.83580651369
131000.0,0.1095746225878692,1.678419555876993,369039.0789270922,131000.0,0.10956516427436583,1.678423664473029,369040.88566766237
131000.0,0.0804969335138248,1.4691402998161858,282746.89189126296,131000.0,0.08048975780611042,1.4691429886262828,282747.9268548994
131000.0,0.09751321398623801,0.7769029127208219,79068.73578902672,131000.0,0.09751343551902553,0.7769028890526561,79068.73097140565
