cur_n,cur_mean,cur_std,cur_S,next_n,next_mean,next_std,next_S
241000.0,-0.2694144549287735,1.2636396356275175,384825.21602365165,241000.0,-0.2694146777677901,1.2636395928523618,384825.18997040397
241000.0,-0.34871156518867236,1.2082359638275906,351820.02877301926,241000.0,-0.34871156763327305,1.2082359631226547,351820.02836248593
241000.0,-0.1943679608018488,0.9522767777993866,218546.28583017172,241000.0,-0.19436799546762634,0.9522767708758388,218546.28265228128
241000.0,0.098405724458721,0.7943599437262806,152072.86056743356,241000.0,0.09840565285815285,0.7943599533738758,152072.86426131922
241000.0,0.09509147011220333,0.7134948678483161,122687.05727345854,241000.0,0.0950917596696946,0.7134948434173884,122687.04887155209
241000.0,0.08374725258325189,0.6151044887633796,91183.20123534292,241000.0,0.08374718327923197,0.6151044991401274,91183.20431184491
