cur_n,cur_mean,cur_std,cur_S,next_n,next_mean,next_std,next_S
1111000.0,-0.03800295770887141,1.1497607512218102,1468686.2111907068,1111000.0,-0.038003039958939874,1.1497607517717312,1468686.2125956276
1111000.0,-0.0886672409250715,1.1172423108337999,1386783.9534212637,1111000.0,-0.08866725194180486,1.1172423100197801,1386783.9514004497
1111000.0,-0.13013894314144106,0.8560295882348051,814125.974742063,1111000.0,-0.1301389846519483,0.8560295830423086,814125.964865427
1111000.0,0.10231398947143322,1.3205210007186932,1937334.8175197386,1111000.0,0.10231394892118889,1.3205210045522555,1937334.8287681686
1111000.0,0.10580336748738223,1.1730630094657066,1528821.351660359,1111000.0,0.10580327649333925,1.173063021593817,1528821.3832728365
1111000.0,0.10084568337775415,0.7086767216835862,557969.4150962327,1111000.0,0.10084566139979712,0.708676725189688,557969.4206172201
