cur_n,cur_mean,cur_std,cur_S,next_n,next_mean,next_std,next_S
582000.0,-0.00719802866593952,0.015149644240886497,133.5758214039976,582000.0,-0.007198029943044788,0.015149643665426014,133.57581125622065
582000.0,-0.012840348405032787,0.021265980416241854,263.20479922323756,582000.0,-0.012840349628813155,0.02126597969781933,263.2047814396932
582000.0,-0.0042384661356018325,0.009046843725094513,47.63401196681611,582000.0,-0.004238467366702296,0.009046843197072031,47.63400640646175
582000.0,-0.0006326798460519401,0.05788116162318413,1949.833202834213,582000.0,-0.0006326777752481542,0.05788116166737749,1949.8332058116819
582000.0,-0.0010441982284986955,0.06711103786776944,2621.2647969471045,582000.0,-0.0010441961268807946,0.06711103791962142,2621.2648009976388
582000.0,-0.0007247506660772293,0.051740914811346295,1558.0851585297266,582000.0,-0.0007247486504419115,0.051740914862429835,1558.0851616063055
