cur_n,cur_mean,cur_std,cur_S,next_n,next_mean,next_std,next_S
1481000.0,-0.33773318008507813,1.3538408237567268,2714502.6495601037,1481000.0,-0.3377332783914036,1.3538408045188797,2714502.5724148643
1481000.0,-0.3804211385840896,1.3343162733728071,2636772.277650881,1481000.0,-0.38042120165842697,1.3343162575978533,2636772.215304402
1481000.0,-0.20471612393147523,1.0124701712279545,1518166.9503346444,1481000.0,-0.20471613193806035,1.0124701696559661,1518166.9456203508
1481000.0,0.09746899553273752,0.8159564457072142,986027.4684321932,1481000.0,0.09746886065874504,0.8159564783271426,986027.5472700925
1481000.0,0.09382988065342768,0.7530515402371416,839855.2875574799,1481000.0,0.09382967668343442,0.7530516065620091,839855.4354976675
1481000.0,0.09866511012498312,0.6431416286299572,612587.7397801315,1481000.0,0.09866511410135476,0.6431416280381254,612587.7386527004
