cur_n,cur_mean,cur_std,cur_S,next_n,next_mean,next_std,next_S
201000.0,0.12467875295234297,1.39084414698113,388823.935679525,201000.0,0.12467906821237597,1.3908441259020783,388823.9238938195
201000.0,-0.006086960744101269,1.3785899964126114,382002.58601999364,201000.0,-0.006086974345386534,1.3785899963660357,382002.5859941818
201000.0,0.03562675494976984,1.2610863957837342,319658.11842379265,201000.0,0.03562672004944188,1.261086396866749,319658.11897283426
201000.0,0.017617995523561487,0.9245473168407919,171812.33595657905,201000.0,0.01761888854561065,0.9245473865115558,171812.36185097496
201000.0,0.022163469177074336,0.827523978870452,137643.98305672244,201000.0,0.022163412732988587,0.8275239807691024,137643.98368833627
201000.0,0.022419850094550754,0.8105193592823432,132045.2679860635,201000.0,0.022419299132132097,0.8105194121621118,132045.28521581466
