cur_n,cur_mean,cur_std,cur_S,next_n,next_mean,next_std,next_S
3242000.0,-0.00498186087647211,0.03202504295763403,3325.0061464129844,3242000.0,-0.004981861683080319,0.03202504286509046,3325.0061271962772
3242000.0,-0.015053494174365073,0.052844614495176065,9053.457737468108,3242000.0,-0.015053497468073749,0.05284461388969753,9053.457530004234
3242000.0,-0.0240926147972783,0.07648398130996306,18965.049645147847,3242000.0,-0.024092618887213722,0.07648398037613909,18965.049182043876
3242000.0,-0.0003264714553765554,0.16523265638425108,88512.5352454506,3242000.0,-0.0003264711261089795,0.16523265638596638,88512.53524728831
3242000.0,-0.0005085382766248456,0.13816783430772728,61890.91611768633,3242000.0,-0.0005085368466875151,0.1381678343369749,61890.916143888695
3242000.0,-0.0005031919057610248,0.13823635158760753,61952.31461461906,3242000.0,-0.0005031905491234417,0.13823635161412662,61952.31463838878
