cur_n,cur_mean,cur_std,cur_S,next_n,next_mean,next_std,next_S
1801000.0,-0.36051286748891376,1.3750842782509047,3405433.0468993536,1801000.0,-0.3605128573444134,1.375084280977909,3405433.0604063515
1801000.0,-0.41171535640711643,1.3878684048474965,3469047.8552222564,1801000.0,-0.41171533407910954,1.3878684117946933,3469047.889952002
1801000.0,-0.1861294571690838,1.0132903931428265,1849190.1149248148,1801000.0,-0.18612947014144376,1.0132903909095157,1849190.1067735157
1801000.0,0.10503963474267068,0.8286849657607085,1236780.5092325658,1801000.0,0.10503963378932187,0.8286849658825318,1236780.509596199
1801000.0,0.09335311197671883,0.7622107394795062,1046318.3456915903,1801000.0,0.09335310632251287,0.7622107402097829,1046318.3476965523
1801000.0,0.09020500270551031,0.6475024308181337,755086.1756456211,1801000.0,0.09020501472100433,0.6475024293449945,755086.1722098129
