cur_n,cur_mean,cur_std,cur_S,next_n,next_mean,next_std,next_S
1911000.0,-0.3530204471959466,1.3728102878759372,3601486.0532977036,1911000.0,-0.35302055389126463,1.3728102683624086,3601485.9509125436
1911000.0,-0.4112964338503151,1.3859870818914783,3670954.925325976,1911000.0,-0.4112966563319525,1.3859870499932976,3670954.756353575
1911000.0,-0.18809784808728378,1.0113196823334725,1954508.6922612695,1911000.0,-0.18809797943419143,1.011319674203722,1954508.6608376391
1911000.0,0.10337290638944162,0.8314171668697898,1320987.3597540208,1911000.0,0.10337338782989268,0.8314173733875819,1320988.016000819
1911000.0,0.09571387809807524,0.7635875228250186,1114238.9444818466,1911000.0,0.09571489240565732,0.7635886830756162,1114242.3305963252
1911000.0,0.0910403749467244,0.6460237204901361,797549.4432500383,1911000.0,0.09104063449670688,0.6460237835510116,797549.5989538213
