cur_n,cur_mean,cur_std,cur_S,next_n,next_mean,next_std,next_S
3711000.0,-0.3019145825365505,1.328374554513937,6548352.509724253,3711000.0,-0.3019145943469696,1.3283745520245562,6548352.48518096
3711000.0,-0.3745144464361756,1.3408282530835942,6671711.520235591,3711000.0,-0.37451445972491126,1.3408282496162554,6671711.485729926
3711000.0,-0.203926816677685,0.9948219138872991,3672667.7463402925,3711000.0,-0.20392679958771961,0.994821917935289,3672667.7762289024
3711000.0,0.097957596317977,0.8295102752651324,2553491.958315087,3711000.0,0.09795758987108262,0.8295102761194505,2553491.963574803
3711000.0,0.0875644519189705,0.7359250960043509,2009824.706853567,3711000.0,0.0875644590429208,0.7359250952846512,2009824.702922542
3711000.0,0.09892010062643579,0.6458487672861768,1547934.65869103,3711000.0,0.09892010924501125,0.6458487661795109,1547934.6533862387
