cur_n,cur_mean,cur_std,cur_S,next_n,next_mean,next_std,next_S
1541000.0,-0.07943661007268313,1.162718219598746,2083298.9472659787,1541000.0,-0.07943660883737982,1.162718219684176,2083298.9475721172
1541000.0,-0.102467038799971,1.1411244528385587,2006636.2909906602,1541000.0,-0.10246703447685597,1.141124453239341,2006636.2924001894
1541000.0,-0.14041089057248243,0.9048123972901738,1261594.3158808767,1541000.0,-0.1404108868049021,0.9048123978868851,1261594.3175448845
1541000.0,0.10675067861729753,1.2126859502197946,2266205.7165590096,1541000.0,0.10675064140002977,1.2126859543760147,2266205.7320928737
1541000.0,0.10677591252878496,1.0875692146589355,1822705.2736744082,1541000.0,0.10677587422945525,1.0875692194583317,1822705.2897614487
1541000.0,0.09816018121021852,0.6806481166856643,713917.3443302698,1541000.0,0.09816016823935368,0.6806481187467253,713917.3486538761
