cur_n,cur_mean,cur_std,cur_S,next_n,next_mean,next_std,next_S
1451000.0,-0.02708762382028312,0.09443887623589246,12941.035651157112,1451000.0,-0.027087626884524617,0.09443887542912084,12941.035430051974
1451000.0,-0.026823623055122026,0.0961414980676653,13411.865281158287,1451000.0,-0.02682362847588808,0.09614149677700796,13411.864921061502
1451000.0,-0.018725883674526014,0.09762870048661551,13830.007943281362,1451000.0,-0.01872589129976166,0.09762869945612512,13830.007651324384
1451000.0,0.03319745531766709,0.14410280123197122,30130.910735529364,1451000.0,0.03319748789509215,0.14410279907015822,30130.909831488723
1451000.0,0.03438895293748214,0.15180304757082982,33437.08378034965,1451000.0,0.03438895605638909,0.1518030469107739,33437.0834895736
1451000.0,0.047538496823020054,0.33077490648036867,158756.86823654725,1451000.0,0.047538515119493904,0.33077490458506104,158756.86641722478
