cur_n,cur_mean,cur_std,cur_S,next_n,next_mean,next_std,next_S
371000.0,-0.30214983854291244,1.3009677638739092,627923.8524990985,371000.0,-0.30215007046556264,1.3009677176792849,627923.8079065932
371000.0,-0.40725546656076334,1.275142620847936,603241.8089995919,371000.0,-0.40725571489307305,1.2751425505066842,603241.7424458086
371000.0,-0.21591637139514935,0.9887561788389806,362703.9878223293,371000.0,-0.2159164635472083,0.9887561603087599,362703.9742275017
371000.0,0.09651210115570029,0.7802180359854947,225842.60814419022,371000.0,0.09651193654691004,0.7802180627895884,225842.6236616642
371000.0,0.10629357790889757,0.7097547548865265,186891.92228317636,371000.0,0.10629381989171796,0.7097547339508976,186891.91125767824
371000.0,0.09128184687934866,0.6119447806105871,138930.7497856362,371000.0,0.09128184073128971,0.6119447815391337,138930.75020725487
