cur_n,cur_mean,cur_std,cur_S,next_n,next_mean,next_std,next_S
3281000.0,-0.31810369265921756,1.3547510605097837,6021784.780359771,3281000.0,-0.3181050159678053,1.3547528702906884,6021800.8690991765
3281000.0,-0.3881645858971319,1.366861755308528,6129928.581708487,3281000.0,-0.3881646389417827,1.366861743621845,6129928.476886574
3281000.0,-0.16745205006012026,0.9869417448785865,3195871.1995392684,3281000.0,-0.16745199244285167,0.9869417601724675,3195871.298587209
3281000.0,0.10091058054599113,0.8546070157746494,2396288.6897803172,3281000.0,0.10091119050320392,0.8546076579327914,2396292.290960374
3281000.0,0.09435652091480577,0.7691558868696873,1941042.1536229542,3281000.0,0.09435657522694545,0.7691558864984483,1941042.1517492367
3281000.0,0.0938602520864697,0.6565979400985525,1414507.525063594,3281000.0,0.09386016749923415,0.6565979700668984,1414507.6541850825
