cur_n,cur_mean,cur_std,cur_S,next_n,next_mean,next_std,next_S
1091000.0,-0.03606961198166958,1.1506750372353418,1444541.8680763617,1091000.0,-0.036069547931009596,1.1506750411879951,1444541.8780005765
1091000.0,-0.08740474233357723,1.1156434738943004,1357924.4536796503,1091000.0,-0.08740461471609835,1.1156434918556233,1357924.4974035106
1091000.0,-0.13025225865411022,0.8542796090624479,796204.8726517387,1091000.0,-0.13025223010174206,0.8542796139364178,796204.8817370044
1091000.0,0.10226805714166888,1.3274143135225829,1922373.3768813913,1091000.0,0.10226808640269804,1.3274143116200938,1922373.3713709875
1091000.0,0.10629845683239252,1.1790268850543193,1516603.8956878523,1091000.0,0.1062984448326832,1.1790268862028725,1516603.8986426624
1091000.0,0.10104977330682115,0.7096612864283264,549448.4833275218,1091000.0,0.1010497610643354,0.7096612882867342,549448.4862052309
