cur_n,cur_mean,cur_std,cur_S,next_n,next_mean,next_std,next_S
3141000.0,-0.32079365728958054,1.3555928514275088,5772002.045540725,3141000.0,-0.32079379598034535,1.35559284089163,5772001.955818926
3141000.0,-0.38884050266663855,1.3686751173070149,5883946.0225258,3141000.0,-0.38884079224076123,1.3686751312571983,5883946.142469716
3141000.0,-0.16848362683351523,0.9882415544987987,3067567.7232899927,3141000.0,-0.1684837075993532,0.9882415510955861,3067567.7021623948
3141000.0,0.10135776115170601,0.8537408518327805,2289391.4815989155,3141000.0,0.1013578027499937,0.8537408500773113,2289391.4721839833
3141000.0,0.09413672311342884,0.769549267211916,1860119.2805271524,3141000.0,0.09413758802487802,0.7695506880767097,1860126.1494322387
3141000.0,0.09301240317859487,0.6546751166731012,1346231.0558559385,3141000.0,0.09301256998389772,0.6546751597213641,1346231.2328992044
