cur_n,cur_mean,cur_std,cur_S,next_n,next_mean,next_std,next_S
3421000.0,-0.3159738253045129,1.352496818120343,6257856.186790755,3421000.0,-0.3159738424128011,1.3524968144936498,6257856.153230123
3421000.0,-0.38635723655437537,1.365018874066924,6374268.997358109,3421000.0,-0.3863572316304658,1.3650188754910086,6374269.01065829
3421000.0,-0.16540877222143982,0.9827056891077766,3303695.5226757866,3421000.0,-0.16540879267689854,0.982705686393007,3303695.504422566
3421000.0,0.10013333765474175,0.8566483671414497,2510488.619672229,3421000.0,0.10013332594956299,0.8566483687831941,2510488.629294802
3421000.0,0.09391098640049902,0.7688208954439909,2022103.732477117,3421000.0,0.09391093790431428,0.768820906600328,2022103.7911624915
3421000.0,0.09326662608469946,0.655523090108149,1470039.6946157478,3421000.0,0.0932666385528079,0.6555230887398397,1470039.6884787583
