cur_n,cur_mean,cur_std,cur_S,next_n,next_mean,next_std,next_S
1802000.0,-0.009458271529999942,0.017426109285060824,547.2120512364194,1802000.0,-0.0094582669775295,0.017426112827542386,547.2122737173835
1802000.0,-0.015805700678169974,0.02564537727164675,1185.1490464799826,1802000.0,-0.01580569073403817,0.025645386874545803,1185.1499340371174
1802000.0,-0.0047526463763078374,0.00871920124400268,136.996095540819,1802000.0,-0.004752644924181035,0.008719202253425316,136.99612726091905
1802000.0,-0.0006198605845291776,0.05504885727421835,5460.7387903294675,1802000.0,-0.0006198593895190506,0.05504885731104744,5460.738797636213
1802000.0,-0.0009860866626498184,0.06515045493805911,7648.7363651022,1802000.0,-0.0009860889441925071,0.06515045497551747,7648.736373897506
1802000.0,-0.0007016524783673063,0.048244420428259764,4194.198432630556,1802000.0,-0.0007016405300482342,0.04824442326822078,4194.198926422803
