cur_n,cur_mean,cur_std,cur_S,next_n,next_mean,next_std,next_S
1441000.0,0.18523389465551302,1.5676346795534892,3541226.501984369,1441000.0,0.18523393386260034,1.5676346756272497,3541226.4842459206
1441000.0,0.040845800064574625,1.5824106160351934,3608297.6585046086,1441000.0,0.040845809876942064,1.5824106158257627,3608297.6575494986
1441000.0,0.03839063028715302,1.4179301122468495,2897167.68243478,1441000.0,0.03839064138957319,1.4179301120088257,2897167.681462101
1441000.0,0.008974242918954127,0.8341149090153224,1002572.4089574025,1441000.0,0.00897433253645198,0.8341149149884319,1002572.4233162752
1441000.0,-0.00038926706989453254,0.7255240776218256,758521.05476817,1441000.0,-0.0003892891942819699,0.7255240780960825,758521.0557598227
1441000.0,0.000675448268057459,0.6606471945943073,628931.2453601985,1441000.0,0.0006753363741757655,0.6606472083632091,628931.2715759842
