cur_n,cur_mean,cur_std,cur_S,next_n,next_mean,next_std,next_S
971000.0,-0.36414035110695636,1.3722013956296115,1828331.5067329858,971000.0,-0.364141830492889,1.372201777389623,1828332.5240529743
971000.0,-0.41464148888869506,1.3530233130095382,1777582.5950664345,971000.0,-0.4146424528788913,1.3530233510378669,1777582.6949885804
971000.0,-0.22627858598919176,1.0555492533453674,1081872.8836770616,971000.0,-0.22627976845207332,1.0555496429702567,1081873.6823601718
971000.0,0.09873270336419171,0.7992367509092729,620254.7818678948,971000.0,0.0987350860111236,0.7992399050855731,620259.6775306411
971000.0,0.09525182688377178,0.7429533954373122,535972.335105868,971000.0,0.09525408127960526,0.742956427544697,535976.7098863093
971000.0,0.09225095676245264,0.6302732302780724,385724.25880580646,971000.0,0.09225319520014749,0.6302767623036291,385728.58198404685
