cur_n,cur_mean,cur_std,cur_S,next_n,next_mean,next_std,next_S
1251000.0,-0.36374999649206774,1.3787053240633296,2377936.291621314,1251000.0,-0.3637498743082429,1.3787053630726591,2377936.426184806
1251000.0,-0.420825732830292,1.389371606376719,2414872.1792178866,1251000.0,-0.42082567598647386,1.3893716250488815,2414872.244126203
1251000.0,-0.2040095489796577,1.02223535371229,1307251.3630924923,1251000.0,-0.2040095323403434,1.022235357202449,1307251.3720190376
1251000.0,0.10076181721545652,0.8144487004041585,829821.6836731186,1251000.0,0.10076181235427414,0.8144487010237168,829821.6849356238
1251000.0,0.09316729849918337,0.7527622590720693,708880.4243727897,1251000.0,0.09316728278068592,0.7527622612228142,708880.4284235267
1251000.0,0.09110065444544437,0.6377045719320135,508740.5684498037,1251000.0,0.09110062354271461,0.6377045772833795,508740.57698810525
