cur_n,cur_mean,cur_std,cur_S,next_n,next_mean,next_std,next_S
1701000.0,-0.3585968718368249,1.3797674094326515,3238292.5351293655,1701000.0,-0.35859683801339676,1.3797674189283924,3238292.579702076
1701000.0,-0.4099023645188266,1.3848857613536736,3262362.4809722453,1701000.0,-0.4099023093720991,1.3848857795438898,3262362.566673291
1701000.0,-0.18756503836160462,1.012956758963567,1745364.453796486,1701000.0,-0.1875650436929085,1.012956758000257,1745364.4504768436
1701000.0,0.10344432545277932,0.8300302953220364,1171904.4452502104,1701000.0,0.10344429698997057,0.8300302996993493,1171904.4576107047
1701000.0,0.09160282807442326,0.7605030179142933,983798.5932767282,1701000.0,0.09160282073101526,0.7605030188591144,983798.595721199
1701000.0,0.09028543763305333,0.6482049938211757,714708.6835390226,1701000.0,0.0902854039133398,0.6482050000096797,714708.6971858706
