cur_n,cur_mean,cur_std,cur_S,next_n,next_mean,next_std,next_S
941000.0,-0.3740540671137952,1.3764172380316666,1782747.4727748292,941000.0,-0.3740540290750865,1.3764172488636395,1782747.5008341586
941000.0,-0.4216137090548349,1.3769743916788775,1784191.0252943893,941000.0,-0.4216137956781268,1.3769743677197739,1784190.963205192
941000.0,-0.20417072295770214,1.021196022958096,981313.679584412,941000.0,-0.20417070903371806,1.021196025831272,981313.6851063424
941000.0,0.10296508014426063,0.7984310882022178,599880.1626539187,941000.0,0.10296503176332306,0.7984310958207264,599880.1741018501
941000.0,0.09298657593793791,0.7352869210973337,508748.6918129256,941000.0,0.09298647003399743,0.7352869416669983,508748.7202774332
941000.0,0.08640986346824349,0.6265994252289412,369461.8561551023,941000.0,0.08640986129426413,0.6265994255322762,369461.8565128132
