cur_n,cur_mean,cur_std,cur_S,next_n,next_mean,next_std,next_S
771000.0,-0.3850597230409821,1.391496174762775,1492857.6969765443,771000.0,-0.3850595499146919,1.3914962309745627,1492857.8175894548
771000.0,-0.43202001301851134,1.3567096816874618,1419149.7546564445,771000.0,-0.43202028997112707,1.3567096152913487,1419149.6157527035
771000.0,-0.23708324819490592,1.0623207174796825,870093.0115324281,771000.0,-0.23708322154264036,1.06232072368555,870093.0216982508
771000.0,0.1022101551909888,0.7897748518190032,480906.8680721767,771000.0,0.10220966100654652,0.7897750349808911,480907.0911327612
771000.0,0.09169676523185494,0.7230829036867701,403116.49080075405,771000.0,0.0916968225396106,0.7230828981702839,403116.484649906
771000.0,0.0899741421422769,0.6135448188086292,290233.1156536104,771000.0,0.08997409498337418,0.6135448271216547,290233.1235184484
