cur_n,cur_mean,cur_std,cur_S,next_n,next_mean,next_std,next_S
81000.0,-0.15098252930461448,1.1844850489915055,113643.39133403717,81000.0,-0.15099162390932086,1.1844867177843197,113643.71155320512
81000.0,-0.13351405383890758,1.109908629773779,99783.67048215092,81000.0,-0.13348566832131603,1.109941444454582,99789.57081955187
81000.0,-0.08587919956569541,0.8302764313433294,55838.075147981355,81000.0,-0.08587892782603672,0.8302764630524849,55838.079413014486
81000.0,0.14122045997095625,1.6760672607078433,227545.3184557522,81000.0,0.1412634853236481,1.6761083658595195,227556.47958244578
81000.0,0.07899887259552202,1.3983797963633995,158392.75044506474,81000.0,0.07900976379089557,1.3983826164692894,158393.38930552313
81000.0,0.07525168158084354,0.7496568194529067,45520.81310313209,81000.0,0.0752513189844725,0.7496568629537453,45520.818386065686
