cur_n,cur_mean,cur_std,cur_S,next_n,next_mean,next_std,next_S
2691000.0,-0.30102640003590436,1.3234869768365891,4713603.440210641,2691000.0,-0.301026243727984,1.3234870372273286,4713603.870374307
2691000.0,-0.3589772787129203,1.3214799878525134,4699318.4831709815,2691000.0,-0.3589772367352206,1.3214800010498404,4699318.577033081
2691000.0,-0.189009285322143,0.9851005156985531,2611408.3630455327,2691000.0,-0.18900927983958266,0.9851005167915383,2611408.368840334
2691000.0,0.09696966134199927,0.8389087223797025,1893839.2695084484,2691000.0,0.09696951271381159,0.8389087749896853,1893839.507042883
2691000.0,0.08706634581514455,0.7454839096474091,1495513.1844307145,2691000.0,0.08706633238739461,0.7454839115410985,1495513.1920285649
2691000.0,0.09655495662429246,0.6525976198114486,1146052.9112551813,2691000.0,0.0965549749728542,0.6525976177907976,1146052.9041580888
