cur_n,cur_mean,cur_std,cur_S,next_n,next_mean,next_std,next_S
4262000.0,-0.015398575756499708,0.027786555374108148,3290.658915037809,4262000.0,-0.015398573511531077,0.027786557004728426,3290.659301254469
4262000.0,-0.026133228209097657,0.04583349836586462,8953.22419779773,4262000.0,-0.026133226273609485,0.04583349964360766,8953.224696992445
4262000.0,-0.005806399429188125,0.010316691487939718,453.6222333227311,4262000.0,-0.005806397233893147,0.010316693718958266,453.62242951735954
4262000.0,-0.0005109850184116778,0.05250545787421982,11749.580080250234,4262000.0,-0.0005109906725228465,0.052505459116691945,11749.580636326744
4262000.0,-0.0007438798594822727,0.06805525832358598,19739.530506558458,4262000.0,-0.0007438837294375983,0.06805525875023732,19739.530754060193
4262000.0,-0.0005802130772871721,0.042770944830550654,7796.705561876909,4262000.0,-0.0005802187295304384,0.042770946345627704,7796.706114243003
