cur_n,cur_mean,cur_std,cur_S,next_n,next_mean,next_std,next_S
851000.0,-0.3713728836854304,1.3834645482605412,1628792.0070059758,851000.0,-0.37137283235743784,1.3834645628491586,1628792.041357161
851000.0,-0.42319729506701403,1.3546324251888662,1561609.6852744818,851000.0,-0.42319728889527236,1.3546324271288954,1561609.689747383
851000.0,-0.23244877876748352,1.0588820196360764,954167.6929137983,851000.0,-0.2324487575617995,1.0588820244718986,954167.701629
851000.0,0.09716606021988028,0.7938256370651702,536265.4298946968,851000.0,0.09716599353799613,0.7938256476105287,536265.4441424382
851000.0,0.09108674046299875,0.7285159406151429,451655.88984654186,851000.0,0.09108668541292543,0.7285159492680998,451655.9005756385
851000.0,0.09098737289273484,0.6194167052121954,326509.17354623793,851000.0,0.0909873880000704,0.6194167031498217,326509.1713719861
