cur_n,cur_mean,cur_std,cur_S,next_n,next_mean,next_std,next_S
1511000.0,-0.3365245180403645,1.351391046160105,2759475.4748186134,1511000.0,-0.3365245783172885,1.3513910331811327,2759475.42181374
1511000.0,-0.3780070573256197,1.3309818371406623,2676755.61535628,1511000.0,-0.3780070564740106,1.3309818373829758,2676755.6163309207
1511000.0,-0.20553783600685027,1.0116862629028915,1546522.2418596386,1511000.0,-0.20553783816207924,1.0116862624685115,1546522.2405316012
1511000.0,0.09786936600671654,0.8167588105536215,1007980.4764262367,1511000.0,0.09786935468943733,0.8167588120281993,1007980.4800658562
1511000.0,0.09330723578565298,0.7516887434432453,853769.3461661398,1511000.0,0.0933071968995268,0.7516887497899867,853769.3605834191
1511000.0,0.10060008798898182,0.6451668509688767,628939.0413051251,1511000.0,0.10060008808500881,0.6451668509538943,628939.041275914
