cur_n,cur_mean,cur_std,cur_S,next_n,next_mean,next_std,next_S
401000.0,-0.020818074555032904,0.07829693896654444,2458.294671263845,401000.0,-0.020818076546974287,0.0782969384470752,2458.2946386442186
401000.0,-0.019527180666898916,0.07781960056134055,2428.4119828421644,401000.0,-0.019527191028360202,0.07781959823796109,2428.4118378369885
401000.0,-0.007395640334200687,0.08243963981533912,2725.3139793660216,401000.0,-0.00739557490205831,0.08243965609784434,2725.315055909869
401000.0,0.03263936572600899,0.13683833941634532,7508.617184823394,401000.0,0.03263936368140574,0.13683833991016078,7508.6172390168485
401000.0,0.033950884978236034,0.1485981384096733,8854.644102266991,401000.0,0.033950862283078566,0.14859814428990875,8854.64480304822
401000.0,0.049194457454555425,0.3498687334196282,49085.66038048661,401000.0,0.049194437233034544,0.3498687364972828,49085.66124406025
