cur_n,cur_mean,cur_std,cur_S,next_n,next_mean,next_std,next_S
2511000.0,-0.3372890187441091,1.3689304955819297,4705540.432054546,2511000.0,-0.33729009453134173,1.3689312919414387,4705545.906843762
2511000.0,-0.3975344800595462,1.3760624413940155,4754698.632806913,2511000.0,-0.3975347654427928,1.3760624332568654,4754698.576574441
2511000.0,-0.17882361735998076,1.0050132231209055,2536239.513984804,2511000.0,-0.1788237241206906,1.0050132183633835,2536239.4899727516
2511000.0,0.10356303540596502,0.847531707589294,1803676.398372123,2511000.0,0.1035650545649165,0.8475375003495622,1803701.054206447
2511000.0,0.09442925325600816,0.7675692715463331,1479387.2550082651,2511000.0,0.09442953937997452,0.7675693702545751,1479387.6355021952
2511000.0,0.09240997279970474,0.6516903225437646,1066422.3942844588,2511000.0,0.09241019291808675,0.6516903846751994,1066422.5976275324
