cur_n,cur_mean,cur_std,cur_S,next_n,next_mean,next_std,next_S
851000.0,-0.03016278680630002,0.11018405487997382,10331.587583273913,851000.0,-0.030162769019693746,0.11018406097074752,10331.588725496604
851000.0,-0.03802649167294009,0.11890443579287696,12031.663388390261,851000.0,-0.0380264743720733,0.1189044423969358,12031.664724889017
851000.0,-0.035939358359095855,0.15878718425881486,21456.577772001237,851000.0,-0.03593946702250598,0.15878719130530836,21456.579676356934
851000.0,0.03428222347078567,0.17609376948128483,26388.67231825883,851000.0,0.03428226007210587,0.17609376559272305,26388.67115281178
851000.0,0.03330078062269171,0.12320212648396181,12917.128138614777,851000.0,0.03330079643595589,0.12320212307335571,12917.127423444726
851000.0,0.05356744821521876,0.3991689524620588,135594.81057081843,851000.0,0.05356750791732665,0.39916894824966176,135594.80770897673
