cur_n,cur_mean,cur_std,cur_S,next_n,next_mean,next_std,next_S
3622000.0,-0.014704468574688337,0.02683129665399182,2607.544735047205,3622000.0,-0.014704466867634247,0.02683129778619999,2607.544955109884
3622000.0,-0.02483100733278608,0.04364074465048622,6898.151858196468,3622000.0,-0.024831005756298957,0.04364074565061995,6898.1521743723
3622000.0,-0.005700232817807106,0.010288265946696327,383.38296344000344,3622000.0,-0.005700231055486299,0.010288267469810014,383.3830769549311
3622000.0,-0.000502129359085983,0.05260327228233503,10022.451610919927,3622000.0,-0.000502127443228473,0.052603272426987216,10022.451666040814
3622000.0,-0.0007460873643314034,0.06748581384518115,16495.801624794818,3622000.0,-0.0007460857698176256,0.06748581393103585,16495.801666766372
3622000.0,-0.0005698667998128117,0.043109520715857906,6731.236271943256,3622000.0,-0.0005698642276621055,0.043109521027789054,6731.2363693547895
