cur_n,cur_mean,cur_std,cur_S,next_n,next_mean,next_std,next_S
451000.0,-0.3517289422214004,1.3262136141295793,793237.9901864909,451000.0,-0.35172882799438077,1.3262136466426164,793238.0290800392
451000.0,-0.3857611535266049,1.274823854474278,732954.3128314315,451000.0,-0.3857612019681815,1.274823840230964,732954.2964531713
451000.0,-0.18899766540300178,0.9921799102544001,443973.8594149057,451000.0,-0.18899758844952722,0.9921799262589519,443973.8737381199
451000.0,0.11138836297660185,0.7845473773009551,277597.07884064305,451000.0,0.11138850809857839,0.7845473627501486,277597.06854359416
451000.0,0.0946416193334823,0.7187742070525923,233002.99868656136,451000.0,0.09464154901639622,0.7187742178625365,233003.0056950194
451000.0,0.07545830577072533,0.60833013270559,166899.5632112779,451000.0,0.0754581968041854,0.6083301506233889,166899.57304302126
