cur_n,cur_mean,cur_std,cur_S,next_n,next_mean,next_std,next_S
2682000.0,-0.005815468791103891,0.033720490266530054,3049.6256659522273,2682000.0,-0.00581547026196648,0.033720490098900234,3049.6256356318963
2682000.0,-0.015786650787642915,0.05662962354385664,8600.944052612149,2682000.0,-0.015786657150586064,0.056629622728798616,8600.943805029066
2682000.0,-0.028505775296352082,0.08315502738921318,18545.382511830332,2682000.0,-0.028505781319139886,0.08315502590955019,18545.38185183618
2682000.0,-0.00035889620702461684,0.16475668574970248,72802.26106892472,2682000.0,-0.00035889309131719544,0.1647566858355046,72802.26114475275
2682000.0,-0.0005205057702532509,0.14642891946032333,57505.91111448048,2682000.0,-0.0005204999454329848,0.1464289197917456,57505.91137479438
2682000.0,-0.0004656768538976337,0.14785826405719946,58634.061682522864,2682000.0,-0.00046567246075120985,0.14785826424607754,58634.061832324274
