cur_n,cur_mean,cur_std,cur_S,next_n,next_mean,next_std,next_S
241000.0,0.11402543243109993,1.3933563414627255,467887.4965249482,241000.0,0.11402572392600806,1.393356324956491,467887.4854393984
241000.0,-0.015233741654387704,1.382320889734842,460505.4611695554,241000.0,-0.01523374974302941,1.3823208896514043,460505.4611139626
241000.0,0.052811295595332756,1.2460885624209541,374209.5460005131,241000.0,0.052811267646301764,1.2460885636809986,374209.54675731435
241000.0,0.030297231231636808,0.9619079376249565,222989.31819228127,241000.0,0.030297769797239194,0.9619079569970629,222989.32717395746
241000.0,0.026299072741226528,0.8430111377333802,171270.93458054928,241000.0,0.026299033391863912,0.843011139182268,171270.93516927783
241000.0,0.007595197283032524,0.8141507078055037,159744.77137986885,241000.0,0.007594690094248828,0.8141507506102724,159744.78817734407
