cur_n,cur_mean,cur_std,cur_S,next_n,next_mean,next_std,next_S
1961000.0,-0.35249087738635365,1.370250194160418,3681945.351004056,1961000.0,-0.35249087059979634,1.3702501959391475,3681945.3605631646
1961000.0,-0.4105747900408439,1.382790098924925,3749644.685519901,1961000.0,-0.4105748915953,1.3827900760845433,3749644.561649596
1961000.0,-0.18838568451402582,1.0121420979499045,2008910.4194536135,1961000.0,-0.1883856888557556,1.0121420971600674,2008910.416318259
1961000.0,0.10371108064362781,0.8318957715110153,1357111.1769041566,1961000.0,0.10371114594116242,0.8318957683958803,1357111.1667404203
1961000.0,0.09658429754476984,0.7632457235194425,1142368.8515970765,1961000.0,0.09658431209046404,0.7632457219505742,1142368.846900748
1961000.0,0.09182154189136611,0.645923649860298,818163.2458011927,1961000.0,0.09182155463003976,0.6459236482957378,818163.2418376725
