cur_n,cur_mean,cur_std,cur_S,next_n,next_mean,next_std,next_S
1442000.0,0.0002401392924190446,0.01387557954837949,277.63072265251316,1442000.0,0.00024014413422069917,0.01387558068272598,277.63076804585296
1442000.0,-0.0073643560100659245,0.02008861975405289,581.9229121042564,1442000.0,-0.007364351375346208,0.02008862222407079,581.9230552061832
1442000.0,-0.005950719184699826,0.013713855593508163,271.1967024154962,1442000.0,-0.005950718272360274,0.013713856033151898,271.1967198037401
1442000.0,-0.0001931963014954154,0.11399369587223965,18738.159411399465,1442000.0,-0.00019319275534361815,0.11399369595778815,18738.159439524203
1442000.0,-0.00015928039007857733,0.06912365314989082,6889.990530542003,1442000.0,-0.00015927735736018697,0.06912365325281487,6889.990551060186
1442000.0,-0.0007491464332221828,0.059550089929932784,5113.639449776165,1442000.0,-0.0007491412628179734,0.05955009031864403,5113.639516534389
