cur_n,cur_mean,cur_std,cur_S,next_n,next_mean,next_std,next_S
2731000.0,-0.30057357957038033,1.3235069451386086,4783812.500990089,2731000.0,-0.3005735961441785,1.3235069416581162,4783812.475829628
2731000.0,-0.359227798935847,1.3206327188254188,4763057.294805987,2731000.0,-0.3592278102818511,1.320632715872318,4763057.273504397
2731000.0,-0.18878669924970087,0.9848401073316971,2648824.311071876,2731000.0,-0.1887867062758731,0.9848401060532816,2648824.304195028
2731000.0,0.09679087112996165,0.8385440223041449,1920319.2472210408,2731000.0,0.09679090054941292,0.8385440203177511,1920319.2381231042
2731000.0,0.08747334351905961,0.7443823240381074,1513260.8760935613,2731000.0,0.08747337800800657,0.7443823221672778,1513260.868487112
2731000.0,0.09620580212847783,0.6524360852282611,1162512.5405360903,2731000.0,0.0962057988147746,0.6524360857398441,1162512.5423591703
