cur_n,cur_mean,cur_std,cur_S,next_n,next_mean,next_std,next_S
2071000.0,-0.31972129372418256,1.3382906345455068,3709206.1944227978,2071000.0,-0.3197212712576326,1.3382906403034174,3709206.226340047
2071000.0,-0.3682281953928562,1.3270299433672421,3647048.542598654,2071000.0,-0.36822819953382074,1.3270299422316367,3647048.5363567322
2071000.0,-0.19399595227638358,0.992914083875521,2041754.1207517744,2071000.0,-0.19399594913466273,0.992914084499648,2041754.1233185905
2071000.0,0.09776881192701511,0.8323992934574556,1434972.256943084,2071000.0,0.09776870608827234,0.8323993198237033,1434972.3478485781
2071000.0,0.09169105130604434,0.7504933661690121,1166470.6461065118,2071000.0,0.09169102738454715,0.7504933698811866,1166470.6576459683
2071000.0,0.10005278351004165,0.6528414329321992,882664.2106011949,2071000.0,0.10005279071956649,0.6528414319097207,882664.207836342
