cur_n,cur_mean,cur_std,cur_S,next_n,next_mean,next_std,next_S
101000.0,-0.026324853809289218,0.09389010827498141,890.3505956206612,101000.0,-0.026325119937599648,0.09389007175144269,890.3499029225968
101000.0,-0.03343940690768947,0.10598668381617567,1134.5508917813493,101000.0,-0.03343940126499259,0.10598668561164919,1134.550930221199
101000.0,-0.016900436018233184,0.0990645306244385,991.1919040118717,101000.0,-0.016900458304530595,0.09906452707557857,991.1918329955121
101000.0,0.0326946040274649,0.14760480439593593,2200.5050063570134,101000.0,0.03269492078376001,0.14760476856121063,2200.503937902864
101000.0,0.03086002774797324,0.1261158694926606,1606.42646632687,101000.0,0.030860183579795124,0.12611584108491655,1606.4257426281488
101000.0,0.0455487665515974,0.27265836510957503,7508.600990486859,101000.0,0.045548727517167896,0.27265837191265135,7508.601365179828
