cur_n,cur_mean,cur_std,cur_S,next_n,next_mean,next_std,next_S
1082000.0,-0.008274937359240678,0.0405036059871623,1775.0665499962795,1082000.0,-0.008274943244205218,0.040503605247440545,1775.0664851598135
1082000.0,-0.01451090489360739,0.057854965026771024,3621.6671304653078,1082000.0,-0.014510895333570258,0.05785496827919848,3621.6675376632015
1082000.0,-0.02698703947962854,0.07847232912294431,6662.854765894029,1082000.0,-0.026987091478228007,0.07847232988111874,6662.854894642754
1082000.0,-0.000472540517570266,0.14924007122694402,24098.951966328834,1082000.0,-0.0004725286984689478,0.14924007177074916,24098.9521419537
1082000.0,-0.0005605518600633484,0.1512407462836673,24749.41193002875,1082000.0,-0.0005605335647176579,0.15124074754879588,24749.412344086333
1082000.0,-0.0005165470309932075,0.15302822858950735,25337.8851223524,1082000.0,-0.0005164710521548688,0.15302824925444844,25337.891965611892
