cur_n,cur_mean,cur_std,cur_S,next_n,next_mean,next_std,next_S
5561000.0,-0.3096646852312816,1.342618886391131,10024400.261437627,5561000.0,-0.30966466150674554,1.3426188930286915,10024400.360553712
5561000.0,-0.3926990795672933,1.3646116677400726,10355499.585755555,5561000.0,-0.39269907342907623,1.3646116695833066,10355499.613730708
5561000.0,-0.21935878693175848,1.0042312544647627,5608159.573600366,5561000.0,-0.21935878711017534,1.0042312544259069,5608159.5731663825
5561000.0,0.09649794693239323,0.8213680667006342,3751703.6310361843,5561000.0,0.09649795919848463,0.821368065768923,3751703.6225247635
5561000.0,0.08706465567715665,0.7283919070795541,2950415.0776326824,5561000.0,0.08706465291470664,0.7283919074389199,2950415.080543967
5561000.0,0.09629235781993811,0.6363701348659389,2252021.2008826197,5561000.0,0.09629235635438287,0.6363701350970752,2252021.202518535
