cur_n,cur_mean,cur_std,cur_S,next_n,next_mean,next_std,next_S
871000.0,-0.3711995689914533,1.3838773274725218,1668066.434475958,871000.0,-0.37119965636332775,1.3838773064389664,1668066.3837700658
871000.0,-0.4228711281429518,1.3562058652059554,1602025.3778213786,871000.0,-0.4228711120178032,1.3562058703173112,1602025.3898970108
871000.0,-0.2311313539596689,1.0584375335986123,975772.6009139032,871000.0,-0.2311313118399877,1.0584375435262465,975772.6192184573
871000.0,0.09824923829800378,0.7966620290245316,552797.9083743404,871000.0,0.09824904553784604,0.7966620731086639,552797.9695536507
871000.0,0.09164341485891145,0.7314981873263704,466063.03991179797,871000.0,0.09164372058870474,0.7314982046720403,466063.06201486225
871000.0,0.09066003901494894,0.6209063878694945,335792.05071501166,871000.0,0.09065999675470633,0.6209063952926477,335792.05874403473
