cur_n,cur_mean,cur_std,cur_S,next_n,next_mean,next_std,next_S
1701000.0,0.1765773335995641,1.5788808462514587,4240362.900048188,1701000.0,0.17657743037403337,1.578880840473341,4240362.86901188
1701000.0,0.03366871794363525,1.5970325706835693,4338422.667132912,1701000.0,0.03366872845579163,1.5970325705208273,4338422.666248718
1701000.0,0.03996059061919706,1.4573885616668991,3612892.3948714505,1701000.0,0.0399605762231861,1.4573885621824834,3612892.397427735
1701000.0,0.013081601852549807,0.8119074602496872,1121288.5245394746,1701000.0,0.013081619719169817,0.8119074602961822,1121288.524667899
1701000.0,0.00011041629038523073,0.7029852168084899,840614.1538022266,1701000.0,0.00011039473813962634,0.702985217373881,840614.1551543908
1701000.0,0.0004381732960554484,0.6419793988679524,701045.9701190286,1701000.0,0.00043809370281955334,0.6419794073150189,701045.9885675396
