cur_n,cur_mean,cur_std,cur_S,next_n,next_mean,next_std,next_S
3211000.0,-0.2976480912855983,1.32410084911562,5629663.461256775,3211000.0,-0.29764812207255864,1.324100843344283,5629663.412180928
3211000.0,-0.3607123687287848,1.327157774678506,5655687.653794518,3211000.0,-0.3607123814803792,1.327157771409454,5655687.625932365
3211000.0,-0.19453963086263928,0.9891197593972423,3141507.2118589175,3211000.0,-0.19453962211611803,0.9891197612416709,3141507.2235749625
3211000.0,0.09698967614294246,0.8346043547409867,2236668.3813668587,3211000.0,0.09698975027435766,0.8346043566976097,2236668.391854024
3211000.0,0.0847892873136334,0.7380826730352028,1749243.729505911,3211000.0,0.08478930627490429,0.7380826716390115,1749243.7228880103
3211000.0,0.09743303659336516,0.6508322732864211,1360123.8825712095,3211000.0,0.09743304126903313,0.6508322726403528,1360123.8798708734
