cur_n,cur_mean,cur_std,cur_S,next_n,next_mean,next_std,next_S
3302000.0,-0.013467394763654406,0.023969919185368446,1897.1872990367174,3302000.0,-0.013467396158123814,0.02396991853582812,1897.187196216209
3302000.0,-0.022306497920645645,0.037750714801421,4705.734577396184,3302000.0,-0.02230649957155673,0.03775071394511398,4705.734363913948
3302000.0,-0.0055930418089462815,0.009377675701114497,290.3805267355123,3302000.0,-0.0055930429949898625,0.00937767524139154,290.38049826479204
3302000.0,-0.0006551711242342468,0.055432986321606155,10146.4383412986,3302000.0,-0.000655174030026062,0.05543298653874174,10146.438420787474
3302000.0,-0.0010428260763326958,0.06805985554961451,15295.339281408364,3302000.0,-0.0010428288385111919,0.06805985569237082,15295.339345572656
3302000.0,-0.0007369323820081977,0.047125563829417065,7333.143566126006,3302000.0,-0.0007369355513677843,0.04712556413176625,7333.14366022228
