cur_n,cur_mean,cur_std,cur_S,next_n,next_mean,next_std,next_S
4061000.0,-0.3031448879845898,1.333088895555017,7216908.700018959,4061000.0,-0.30314488283496915,1.3330888967665218,7216908.713136342
4061000.0,-0.376972431991228,1.3457990989379622,7355182.546905761,4061000.0,-0.37697242713558643,1.3457991003337035,7355182.562162023
4061000.0,-0.20637578370008355,0.9952656984387196,4022639.0243946607,4061000.0,-0.20637577100422844,0.9952657014001637,4022639.048333636
4061000.0,0.09703289699072637,0.8270701732364267,2777907.0351882293,4061000.0,0.0970328868280953,0.827070174682297,2777907.0449008103
4061000.0,0.08704901966864158,0.7342876886449139,2189603.521773385,4061000.0,0.08704902721071621,0.7342876879081154,2189603.5173792033
4061000.0,0.0980408326409798,0.643643808806259,1682380.3289680048,4061000.0,0.09804081670701989,0.6436438120342631,1682380.3458429615
