cur_n,cur_mean,cur_std,cur_S,next_n,next_mean,next_std,next_S
401000.0,-0.02102060771202328,0.09020922705101865,3263.219562702036,401000.0,-0.021020568656972275,0.09020923954178182,3263.2204663813363
401000.0,-0.034571899270142155,0.11241008091819409,5067.046543106012,401000.0,-0.03457182116046679,0.11241011582317027,5067.049689890801
401000.0,-0.019235656635815463,0.12841728418012177,6612.89054935546,401000.0,-0.019235611253560814,0.1284172941935409,6612.891580644163
401000.0,0.03418934107028006,0.18976075393971759,14439.666638043787,401000.0,0.03418943568223217,0.18976074635139895,14439.665483191828
401000.0,0.03259752075747799,0.12877600063630154,6649.886594292177,401000.0,0.032597567808760684,0.1287759921728878,6649.885720204777
401000.0,0.054699353655576294,0.453920764264943,82623.66815257886,401000.0,0.05469942571401903,0.45392075787512376,82623.66582640063
