cur_n,cur_mean,cur_std,cur_S,next_n,next_mean,next_std,next_S
1381000.0,-0.36522954574481226,1.3843896871982515,2646734.567114825,1381000.0,-0.3652295746658207,1.3843896799854911,2646734.539535506
1381000.0,-0.42170507991979794,1.3932900340423202,2680876.0812860383,1381000.0,-0.4217050122456888,1.3932900567948832,2680876.1688439776
1381000.0,-0.19718737585993895,1.0198957119739709,1436498.610621295,1381000.0,-0.197187339122704,1.0198957199905165,1436498.633203519
1381000.0,0.10285515013800928,0.8231701668457769,935778.1996707527,1381000.0,0.10285500812669356,0.823170201506939,935778.2784762337
1381000.0,0.0939861115822164,0.7583469607310066,794199.4458457875,1381000.0,0.09398603504605176,0.7583469755502574,794199.4768855135
1381000.0,0.09041005905758287,0.6413732443924565,568087.6609376804,1381000.0,0.09041007486770383,0.6413732424329057,568087.6574663892
