cur_n,cur_mean,cur_std,cur_S,next_n,next_mean,next_std,next_S
81000.0,-0.688852018387494,2.3600853805557622,451170.243284556,81000.0,-0.6888404537605013,2.3600910509980335,451172.4112890811
81000.0,-0.781537043044524,2.162755609275468,378878.45786165266,81000.0,-0.7815245416556023,2.1627630533546713,378881.0660214377
81000.0,-0.4870618969653223,1.4668145944814388,174275.14942128357,81000.0,-0.48706180153490164,1.4668146264209518,174275.15701087736
81000.0,0.6664650034384555,2.2747139032348573,419120.19066716667,81000.0,0.6664843031077584,2.274714880319114,419120.5507263612
81000.0,0.6169145149723028,2.023808479995579,331759.86185986333,81000.0,0.6169110649967674,2.02380976982989,331760.28474117187
81000.0,0.6138665948182064,1.5521814275302634,195150.6419015608,81000.0,0.6138662672453643,1.5521815598806263,195150.6751815098
