cur_n,cur_mean,cur_std,cur_S,next_n,next_mean,next_std,next_S
2451000.0,-0.33828716202457326,1.3693048912667487,4595614.914740502,2451000.0,-0.3382873325710294,1.3693048751646215,4595614.806657669
2451000.0,-0.3987442002557632,1.3760540034375235,4641028.844542645,2451000.0,-0.3987439166828805,1.3760541572250158,4641029.881903426
2451000.0,-0.1821104838241127,1.007881891131934,2489789.2967620967,2451000.0,-0.18211053593768764,1.0078818850179043,2489789.266554895
2451000.0,0.10373804652612147,0.8472714174717559,1759496.5632731311,2451000.0,0.10373967696835396,0.8472750628809957,1759511.7038731687
2451000.0,0.0946842573515126,0.7665511308112494,1440209.1591987603,2451000.0,0.09468413514985086,0.7665511697796289,1440209.3056276583
2451000.0,0.09337664095080436,0.6516655059662656,1040861.1005140253,2451000.0,0.0933767833710908,0.6516655237034858,1040861.157174943
