cur_n,cur_mean,cur_std,cur_S,next_n,next_mean,next_std,next_S
1201000.0,0.1945019386290745,1.5293627799407088,2809079.565714235,1201000.0,0.19450198410291122,1.529362774969346,2809079.5474517876
1201000.0,0.02511520830455818,1.5354196095681965,2831373.5663133096,1201000.0,0.025115206261111675,1.5354196096032635,2831373.56644264
1201000.0,0.046559243166165255,1.3681606043773802,2248107.990683704,1201000.0,0.046559241404274615,1.3681606044386572,2248107.9908850803
1201000.0,0.004235860511805937,0.8589055616585692,886000.2353814748,1201000.0,0.004235981445469816,0.858905571287087,886000.2552459848
1201000.0,0.006091663704761124,0.7470745481204097,670302.5769196267,1201000.0,0.00609165533464573,0.747074548245015,670302.5771432273
1201000.0,-0.0013850580325321731,0.6824320424366208,559321.9045456055,1201000.0,-0.0013851763498668184,0.6824320545147496,559321.9243440959
