cur_n,cur_mean,cur_std,cur_S,next_n,next_mean,next_std,next_S
3001000.0,-0.04736610703085976,0.1436220102192619,61902.47274008473,3001000.0,-0.0473661781884189,0.14362203965187326,61902.49811156652
3001000.0,-0.04331247912029586,0.1390892061904127,58056.7676433161,3001000.0,-0.043312565144594896,0.13908925923579402,58056.81192632049
3001000.0,-0.009504778046217428,0.2260263840782321,153314.86682474098,3001000.0,-0.009504789365016437,0.22602638445276116,153314.86733283097
3001000.0,0.028685852176154856,0.15237163937499112,69674.56657395286,3001000.0,0.028685876897662,0.1523716407392762,69674.56782163873
3001000.0,0.030408926559998623,0.15896082167979744,75830.89703017821,3001000.0,0.030408942216638094,0.15896082099860062,75830.89638026
3001000.0,0.047947802432682984,0.3925432309497908,462424.6546816669,3001000.0,0.04794780402264821,0.39254323076522984,462424.65424683306
