cur_n,cur_mean,cur_std,cur_S,next_n,next_mean,next_std,next_S
111000.0,0.10589107824876579,1.4178696647588407,223149.33687301158,111000.0,0.10589169387402346,1.4178696336169005,223149.32707055457
111000.0,0.0038572016083109383,1.4372095254364268,229278.40542057707,111000.0,0.0038571676133433456,1.437209525572291,229278.405463926
111000.0,0.014854421646593006,1.3347307339397998,197747.18066570588,111000.0,0.014854378491215492,1.334730734497535,197747.18083096851
111000.0,0.0023517122615873986,0.8364691489411915,77664.55072147453,111000.0,0.0023530175241698644,0.8364692583121989,77664.57103125098
111000.0,0.027647164883406475,0.7959431465944358,70321.3296797823,111000.0,0.027647059828466602,0.7959431510130774,70321.33046055357
111000.0,0.01537445382642973,0.7589842639027079,63942.33952656483,111000.0,0.015373207149282529,0.7589844028048108,63942.36293080825
