cur_n,cur_mean,cur_std,cur_S,next_n,next_mean,next_std,next_S
281000.0,-0.03208199794813949,1.1335340756359857,361056.7596764479,281000.0,-0.032078253863500994,1.1335359191287468,361057.9340673699
281000.0,-0.1196004939582458,1.1223201799824898,353948.3267772558,281000.0,-0.11960003021430643,1.1223202563239894,353948.37492919574
281000.0,-0.09969774238639308,0.8043280900363337,181791.1730744405,281000.0,-0.0996980007667005,0.8043280696713521,181791.16386880938
281000.0,0.08906331138400286,1.5314765479338313,659063.1371408422,281000.0,0.0890506119227886,1.5314920820777085,659076.5072881468
281000.0,0.10704154393704443,1.3977611523362203,548999.8831534582,281000.0,0.10703534410304111,1.39776549080418,549003.2912065372
281000.0,0.09548492668382766,0.770204148498827,166693.2549325097,281000.0,0.09548503387225177,0.7702041373061671,166693.25008771394
