cur_n,cur_mean,cur_std,cur_S,next_n,next_mean,next_std,next_S
501000.0,0.16401362270079048,1.4038614563268217,987384.3212685925,501000.0,0.16401375811881697,1.4038614437780617,987384.3036166385
501000.0,-0.02874654966520542,1.365368186845828,933979.3731109826,501000.0,-0.028746555117157943,1.3653681867364955,933979.372961405
501000.0,0.052753176220111025,1.2110896445205859,734835.8016595646,501000.0,0.05275316436158189,1.2110896450661706,734835.802321638
501000.0,0.01012633153514392,0.9519208586670088,453982.813903833,501000.0,0.010126682215799543,0.95192088729811,453982.84121288493
501000.0,0.024472099025022166,0.8168239598037073,334267.89203601354,501000.0,0.024472078298119686,0.8168239605564372,334267.8926520912
501000.0,0.003393920828433091,0.7670699847574317,294786.57711939904,501000.0,0.0033936582046244328,0.7670700084431192,294786.59532431647
