cur_n,cur_mean,cur_std,cur_S,next_n,next_mean,next_std,next_S
2651000.0,-0.10200346742118552,0.21225458225582944,119432.87238246978,2651000.0,-0.10200351102501619,0.2122545731743906,119432.86216245667
2651000.0,-0.10575259658056305,0.20129850383471562,107421.40334979788,2651000.0,-0.10575258852404788,0.20129850849461875,107421.40832324112
2651000.0,-0.12873458955262532,0.2875275280020221,219163.682380586,2651000.0,-0.12873468755725412,0.2875275284009845,219163.6829887926
2651000.0,0.021492150450475103,0.1584268791794787,66537.65059940178,2651000.0,0.021492187069657775,0.15842688543108385,66537.65585062088
2651000.0,0.023839495292554278,0.1202414746177773,38328.19039060085,2651000.0,0.023839506521081,0.12024147378143311,38328.18985741446
2651000.0,0.043711696161374464,0.3062027790910592,248558.13623810624,2651000.0,0.04371173665267558,0.3062027804080896,248558.13837628826
