cur_n,cur_mean,cur_std,cur_S,next_n,next_mean,next_std,next_S
1101000.0,-0.023140992473048454,0.08271799882364135,7533.336329656112,1101000.0,-0.023141009317059508,0.08271799599959906,7533.335815270844
1101000.0,-0.021097470428714297,0.0796486071514512,6984.63458390399,1101000.0,-0.02109747409337551,0.07964860627356861,6984.63442993547
1101000.0,-0.003202424581630881,0.09366988490012648,9660.22611826044,1101000.0,-0.003202412709699954,0.09366988613433333,9660.226372829287
1101000.0,0.03325022192748382,0.1368012739232524,20604.761990274237,1101000.0,0.03325019633377305,0.13680128277985404,20604.764658205157
1101000.0,0.03323851304298054,0.14246423212143666,22345.95923477959,1101000.0,0.033238527196063114,0.14246422959338095,22345.95844171275
1101000.0,0.04925788135474125,0.3520794551001779,136479.89691670565,1101000.0,0.04925787464483401,0.3520794561093245,136479.89769907575
