cur_n,cur_mean,cur_std,cur_S,next_n,next_mean,next_std,next_S
1801000.0,-0.029697270108703145,0.09980166319524464,17938.629929743223,1801000.0,-0.02969726869293281,0.09980166363461207,17938.630087689486
1801000.0,-0.028924312032528016,0.09945978754707599,17815.941059375997,1801000.0,-0.02892431040365332,0.09945978804479985,17815.94123768764
1801000.0,-0.013881707922963796,0.10501743515405174,19862.619697090166,1801000.0,-0.013881708086900063,0.10501743513261436,19862.619688980987
1801000.0,0.03298448196717401,0.14391260083044352,37300.21685668642,1801000.0,0.03298448160966472,0.14391260091318853,37300.21689957921
1801000.0,0.03440056282246821,0.15066337793985216,40881.71566749636,1801000.0,0.03440056503536728,0.15066337746385533,40881.71540917789
1801000.0,0.04814004465124256,0.34632549697031295,216014.3710829734,1801000.0,0.04814004261805145,0.34632549726367395,216014.37144893076
