cur_n,cur_mean,cur_std,cur_S,next_n,next_mean,next_std,next_S
4801000.0,-0.0569356657782856,0.16816253577167423,135765.7431368033,4801000.0,-0.056935667354181305,0.16816253527356462,135765.7423325074
4801000.0,-0.048232940088750884,0.1643605083315453,129696.02253191809,4801000.0,-0.048232941988371976,0.16436050782679093,129696.02173531998
4801000.0,0.015505165489792389,0.3288654888228384,519240.199255424,4801000.0,0.015505164492547012,0.32886548887710726,519240.19942679245
4801000.0,0.02727535395425878,0.17153018826394992,141257.92893764316,4801000.0,0.027275352748464158,0.17153018847602022,141257.9292869299
4801000.0,0.028035603259855105,0.18722568214475432,168291.64251798377,4801000.0,0.02803560268798354,0.18722568223457797,168291.64267946337
4801000.0,0.06018101373153167,0.46842519603616284,1053445.810715566,4801000.0,0.06018101317001221,0.46842519610990546,1053445.811047247
