cur_n,cur_mean,cur_std,cur_S,next_n,next_mean,next_std,next_S
3702000.0,-0.014850681391617868,0.027054121692288442,2709.588203003345,3702000.0,-0.01485068178997702,0.027054121484476154,2709.5881613767324
3702000.0,-0.025093249714814865,0.04415580527305379,7217.919485732448,3702000.0,-0.025093250134504152,0.04415580504193087,7217.91941017153
3702000.0,-0.005735908962540566,0.010316189641894718,393.9807918293378,3702000.0,-0.005735909362708958,0.010316189448129981,393.98077702938036
3702000.0,-0.0005062134560000887,0.052673408294291575,10271.154358830108,3702000.0,-0.0005062144806183662,0.052673408321335054,10271.1543693769
3702000.0,-0.0007485291092347023,0.06772351942813197,16979.130759977972,3702000.0,-0.0007485301571515065,0.0677235194465616,16979.13076921905
3702000.0,-0.0005745259697442608,0.04312441505035592,6884.665572057719,3702000.0,-0.000574526991327871,0.043124415081539434,6884.665582014401
