cur_n,cur_mean,cur_std,cur_S,next_n,next_mean,next_std,next_S
761000.0,0.16311198096812257,1.4362106682281732,1569715.5245681684,761000.0,0.16311204785604735,1.4362106618169663,1569715.5105538305
761000.0,-0.004594688663730606,1.4360026690004275,1569260.8893514033,761000.0,-0.004594700226227533,1.4360026689988536,1569260.8893479637
761000.0,0.03820354594731821,1.2665948433653975,1220843.7603994997,761000.0,0.03820353495964155,1.2665948437330201,1220843.761108187
761000.0,0.011754813021751038,0.9152306524848769,637449.4790556469,761000.0,0.011754999830333011,0.9152306645938789,637449.4959232575
761000.0,0.016445401500311038,0.7992530320014405,486130.91637342016,761000.0,0.0164453900949687,0.7992530322980532,486130.9167342387
761000.0,0.005909733443809901,0.72839688728311,403757.7013322338,761000.0,0.005909559019990273,0.7283969045909491,403757.72052005166
