cur_n,cur_mean,cur_std,cur_S,next_n,next_mean,next_std,next_S
2361000.0,-0.33803070494657894,1.3667515593902797,4410371.197051092,2361000.0,-0.3380306457335597,1.3667515770634504,4410371.311110217
2361000.0,-0.39937158483382446,1.3752525449026614,4465405.486498803,2361000.0,-0.39937157415931773,1.375252548100383,4465405.507264623
2361000.0,-0.18401538604432724,1.0063257884702201,2390964.849987437,2361000.0,-0.18401538038111365,1.006325789543378,2390964.855086943
2361000.0,0.10380838182518987,0.8458102705979385,1689047.6276973896,2361000.0,0.1038083512328374,0.8458102756588081,1689047.6479100783
2361000.0,0.09439617299360821,0.7663922458169453,1386750.0527725331,2361000.0,0.09439619779322049,0.7663922437097155,1386750.0451466704
2361000.0,0.09420418989358181,0.6506685478756125,999575.5292583518,2361000.0,0.09420419138616495,0.6506685476635453,999575.5286067849
