cur_n,cur_mean,cur_std,cur_S,next_n,next_mean,next_std,next_S
3582000.0,-0.004535252294271554,0.031022068758463722,3447.2048626964756,3582000.0,-0.004535254415749116,0.031022068708154285,3447.204851515601
3582000.0,-0.01446886780767373,0.050790434014050985,9240.37144703636,3582000.0,-0.014468871414294114,0.05079043344530534,9240.371240091052
3582000.0,-0.02195155442751119,0.07316037577665013,19172.44217110231,3582000.0,-0.021951554641564838,0.07316037571353438,19172.442138022023
3582000.0,-0.00030828417244826447,0.16393448042344266,96264.5086884441,3582000.0,-0.0003082852861652994,0.1639344804348986,96264.50870189826
3582000.0,-0.0004903047981859903,0.13363065545140115,63964.31873756124,3582000.0,-0.000490305877050643,0.13363065546303624,63964.31874869984
3582000.0,-0.000528009494334898,0.1333200149028192,63667.27887055017,3582000.0,-0.0005280111744169516,0.1333200149340831,63667.27890041046
