cur_n,cur_mean,cur_std,cur_S,next_n,next_mean,next_std,next_S
601000.0,-0.383127424778054,1.3740863615565222,1134756.1107384006,601000.0,-0.38312735047037655,1.3740863834827883,1134756.1469529578
601000.0,-0.44386587352047674,1.341558038925795,1081666.5610556614,601000.0,-0.4438657351770392,1.3415580889848704,1081666.6417785631
601000.0,-0.23500102397679037,1.0392013872618517,649043.6534954612,601000.0,-0.23500104279936218,1.039201383107821,649043.6483065782
601000.0,0.10578120515270795,0.7777387051244646,363531.3735626561,601000.0,0.10578093419168423,0.7777387703458758,363531.43453436805
601000.0,0.10652018274886857,0.7144930007615211,306810.649130459,601000.0,0.10651998824797425,0.7144930456694035,306810.6876982742
601000.0,0.09607445429898516,0.6160077219314218,228058.77360096312,601000.0,0.09607426986859594,0.616007767288653,228058.80718533078
