cur_n,cur_mean,cur_std,cur_S,next_n,next_mean,next_std,next_S
382000.0,0.00029442012389013295,0.013727810788973638,71.98896542010291,382000.0,0.0002944056361023407,0.013727814020043635,71.98899930772231
382000.0,-0.007404866688678049,0.020328952260410895,157.8677266023169,382000.0,-0.0074048789398002066,0.02032894920807337,157.86767919549106
382000.0,-0.005892575413577251,0.015444644762507684,91.1211538029014,382000.0,-0.005892589760276443,0.015444641834242967,91.12111925023432
382000.0,-0.00012967024598835265,0.11283849467393009,4863.824886266405,382000.0,-0.0001296776319614775,0.11283849475778032,4863.824893495017
382000.0,-0.00010336652380504763,0.06950301526827667,1845.3156081880386,382000.0,-0.00010337250104206917,0.06950301535756954,1845.3156129295173
382000.0,-0.00073143478453235,0.06003661164861837,1376.8787900103612,382000.0,-0.0007314354679219994,0.06003661164177814,1376.878789696614
