cur_n,cur_mean,cur_std,cur_S,next_n,next_mean,next_std,next_S
2802000.0,-0.0125821943184161,0.023606399899071,1561.4484495779957,2802000.0,-0.012582190647968972,0.023606402654967103,1561.4488141562429
2802000.0,-0.021099840458650838,0.03708919060890989,3854.4537841873866,2802000.0,-0.021099837397688437,0.03708919270419494,3854.4542196878374
2802000.0,-0.005143132303079855,0.009790660169269987,268.5913883934637,2802000.0,-0.00514312874188834,0.00979066385474839,268.5915906041279
2802000.0,-0.0004655980951381081,0.051912386195632765,7551.098145149713,2802000.0,-0.0004656094071515844,0.05191238954757238,7551.099120286004
2802000.0,-0.0007181437352795885,0.06517503641145322,11902.29461019838,2802000.0,-0.0007181514012353048,0.06517503759023487,11902.295040737656
2802000.0,-0.0005312386303943349,0.0432224995391811,5234.652874893458,2802000.0,-0.0005312500760029004,0.04322250364475767,5234.653869341694
