cur_n,cur_mean,cur_std,cur_S,next_n,next_mean,next_std,next_S
2022000.0,-0.006960193433184247,0.03600537550134016,2621.2946454148478,2022000.0,-0.006960194740396377,0.03600537529662595,2621.2946156072844
2022000.0,-0.01559572805976657,0.06170469993893282,7698.704328987655,2022000.0,-0.015595738884734062,0.061704699122877585,7698.704125354287
2022000.0,-0.03357575000190523,0.09342794718534862,17649.595819472488,2022000.0,-0.03357575163449938,0.09342794662747053,17649.595608693522
2022000.0,-0.00040829427115880284,0.16021565369474702,51902.830602824586,2022000.0,-0.0004082772265491064,0.16021565557143116,51902.831818750965
2022000.0,-0.000491022195443931,0.15784964321288691,50381.18294184498,2022000.0,-0.0004909978151993019,0.15784964709573343,50381.18542043662
2022000.0,-0.00045315790619331785,0.16128141142086952,52595.64460055353,2022000.0,-0.00045312085649678175,0.16128142012967972,52595.650280631526
