cur_n,cur_mean,cur_std,cur_S,next_n,next_mean,next_std,next_S
391000.0,-0.31713492141737903,1.3086737313245065,669637.1316079935,391000.0,-0.3171361265638556,1.308673656244789,669637.0547726996
391000.0,-0.41214234655788806,1.2873772174773996,648019.9791312221,391000.0,-0.412143275997176,1.2873770511099873,648019.8116443369
391000.0,-0.2251696882021669,0.9951323484522374,387202.7608560015,391000.0,-0.22516973377811816,0.9951323385477961,387202.7531484298
391000.0,0.10041012200570924,0.7800230642408019,237898.46847231558,391000.0,0.10041204813292225,0.7800237461355131,237898.88441329423
391000.0,0.10560214396222037,0.7119184241734121,198169.68648692375,391000.0,0.10560088970344123,0.7119190422290829,198170.03057115446
391000.0,0.09580883824367802,0.6146233720377471,147704.89877692488,391000.0,0.0958088194927265,0.6146233750725305,147704.90023554946
