cur_n,cur_mean,cur_std,cur_S,next_n,next_mean,next_std,next_S
1982000.0,-0.007029228459264337,0.03612367444875491,2586.3511539570236,1982000.0,-0.0070292303699653405,0.03612367417711054,2586.3511150591135
1982000.0,-0.015555899945999558,0.06196837319235289,7611.03712524352,1982000.0,-0.01555590529384805,0.06196837230724767,7611.036907823946
1982000.0,-0.03389068032691477,0.09417029854968824,17576.465445553957,1982000.0,-0.03389068468799462,0.09417029718033243,17576.464934385673
1982000.0,-0.00040905589536970787,0.15928164213796386,50284.61149693379,1982000.0,-0.00040905520056760334,0.15928164214275548,50284.611499959174
1982000.0,-0.0004879307286350237,0.15828254843372425,49655.76970485239,1982000.0,-0.00048792746363434563,0.1582825485105348,49655.769753045795
1982000.0,-0.00044826676602248536,0.1621728537874766,52126.66839004817,1982000.0,-0.0004482638538909147,0.16217285384735555,52126.66842854157
