cur_n,cur_mean,cur_std,cur_S,next_n,next_mean,next_std,next_S
691000.0,-0.3789949673600798,1.3732340686218936,1303068.3187916728,691000.0,-0.3789949635725849,1.3732340696708272,1303068.3207823494
691000.0,-0.42121222242853124,1.3478539920319526,1255346.8752310015,691000.0,-0.4212120948816251,1.3478540360612052,1255346.9572457983
691000.0,-0.2235979168734062,1.0319501401594655,735860.474416622,691000.0,-0.22359790653988454,1.0319501424342272,735860.477660785
691000.0,0.10472846519706591,0.7803833563153332,420817.7443244631,691000.0,0.10472846359442323,0.7803833565315428,420817.744557643
691000.0,0.09631631891513974,0.7212835063569574,359492.67851092765,691000.0,0.09631631007966256,0.7212835075742164,359492.6797243083
691000.0,0.09408496756807809,0.6223684041475606,267653.6194624963,691000.0,0.09408499506692093,0.622368400410275,267653.61624800786
