cur_n,cur_mean,cur_std,cur_S,next_n,next_mean,next_std,next_S
961000.0,0.18825554847019552,1.467699483793683,2070130.245513842,961000.0,0.18825560821557435,1.467699477299014,2070130.2271929106
961000.0,-0.008818730285185875,1.4666615712179933,2067203.4140726149,961000.0,-0.008818731929309428,1.4666615712089919,2067203.414047241
961000.0,0.04569215558485615,1.3200182962761169,1674492.818706058,961000.0,0.045692156957047377,1.3200182962292606,1674492.81858718
961000.0,0.0033960254343049813,0.8870945395140832,756246.1898763109,961000.0,0.003396193529691898,0.8870945541755795,756246.2148740992
961000.0,0.015813669313462213,0.7774275538645513,580822.2510490149,961000.0,0.015813657075306242,0.7774275542060944,580822.2515593539
961000.0,0.000686382681788217,0.7095062303891779,483766.5264135798,961000.0,0.000686246675490368,0.7095062430479543,483766.5436759859
