cur_n,cur_mean,cur_std,cur_S,next_n,next_mean,next_std,next_S
1031000.0,-0.35896562616088395,1.3695247937026367,1933741.703543803,1031000.0,-0.35896627565651257,1.3695247822490793,1933741.671199414
1031000.0,-0.40439200537700004,1.3454671157644038,1866400.4941510886,1031000.0,-0.4043923974582651,1.3454670568198361,1866400.3306180425
1031000.0,-0.2203235091957284,1.046374695970754,1128841.9045032926,1031000.0,-0.22032361925457192,1.0463746787643748,1128841.8673783855
1031000.0,0.09883150271732115,0.8047590099427828,667713.8130706947,1031000.0,0.09883268115218799,0.8047597547767882,667715.0490585564
1031000.0,0.09515639143430048,0.7464094353037501,574397.9835088876,1031000.0,0.09515666018529799,0.7464094509247555,574398.0075511187
1031000.0,0.09200059516958764,0.6311499581460742,410699.1280274928,1031000.0,0.0920006708847447,0.6311499517916535,410699.11975765135
