cur_n,cur_mean,cur_std,cur_S,next_n,next_mean,next_std,next_S
2662000.0,-0.012063642631887002,0.022803421281181818,1384.2294109022228,2662000.0,-0.012063640092475498,0.022803423000995006,1384.229619696864
2662000.0,-0.0201522889096329,0.03534683927865837,3325.900263090857,2662000.0,-0.020152286557444315,0.035346840828049814,3325.9005546655276
2662000.0,-0.005008085109229098,0.009686588725844854,249.7754630444352,2662000.0,-0.005008082525640868,0.009686590978769222,249.77557923090882
2662000.0,-0.00046532638335619104,0.051811033072692844,7145.827940134846,2662000.0,-0.00046532522663537745,0.051811033117451104,7145.827952481051
2662000.0,-0.0007232861999483975,0.06467745704712802,11135.607724121182,2662000.0,-0.0007232851929243706,0.06467745707925929,11135.607735185353
2662000.0,-0.0005310751308587247,0.04330443386779072,4991.9793683274465,2662000.0,-0.0005310735895708627,0.043304433959706394,4991.979389518864
