cur_n,cur_mean,cur_std,cur_S,next_n,next_mean,next_std,next_S
1471000.0,-0.07502003003206638,1.16045324326434,1980924.6945398094,1471000.0,-0.07502000072976175,1.1604532457028713,1980924.7028650853
1471000.0,-0.0964573848095179,1.1343578898955653,1892835.4667037975,1471000.0,-0.0964573447018934,1.1343578943489965,1892835.4815661488
1471000.0,-0.1353317214005768,0.8953521983282815,1179235.3273644422,1471000.0,-0.13533170405765058,0.8953522011967002,1179235.3349202191
1471000.0,0.10768641866597442,1.2294877048841526,2223622.4642145736,1471000.0,0.10768639305310806,1.2294877075199255,2223622.4737485675
1471000.0,0.10587173310573458,1.1001735493536182,1780471.684723785,1471000.0,0.10587169266443718,1.1001735543387747,1780471.7008592936
1471000.0,0.09759865646962941,0.6858350801176986,691913.9127235935,1471000.0,0.09759864158202278,0.6858350824739886,691913.9174779431
