cur_n,cur_mean,cur_std,cur_S,next_n,next_mean,next_std,next_S
2861000.0,-0.3240971540981671,1.357486532458329,5272164.071090216,2861000.0,-0.32409775121673984,1.3574867656252838,5272165.882223539
2861000.0,-0.389837255800144,1.3704990837921396,5373724.000349443,2861000.0,-0.38983737383352296,1.3704990647594926,5373723.851095509
2861000.0,-0.17354788475944657,0.9941583469804683,2827671.6927897516,2861000.0,-0.17354830497592438,0.9941585277087652,2827672.7208761466
2861000.0,0.10128093380171208,0.84932618432155,2063796.5616575964,2861000.0,0.10128158192682196,0.8493268145405257,2063799.6244249092
2861000.0,0.09276850539151434,0.7691879594757928,1692710.9847442496,2861000.0,0.09276872890495053,0.7691880254287827,1692711.275022728
2861000.0,0.09332942026514326,0.6527731982946807,1219108.8593063504,2861000.0,0.09333017990377208,0.6527743542453889,1219113.176980546
