cur_n,cur_mean,cur_std,cur_S,next_n,next_mean,next_std,next_S
151000.0,-0.27478851083682526,1.29318275723927,252520.56818676504,151000.0,-0.2747889061581051,1.2931826823613983,252520.53894387264
151000.0,-0.36209528254066153,1.21573175676921,223178.55936698962,151000.0,-0.3620956946765301,1.2157316445664803,223178.51817164817
151000.0,-0.2023326483447122,0.9811644592374106,145365.2381066667,151000.0,-0.20233219617409257,0.9811645682154374,145365.27039812924
151000.0,0.10113705029923492,0.8021260491173483,97154.3359995636,151000.0,0.10113669118024746,0.8021261065361751,97154.34990881938
151000.0,0.10077568044793137,0.7167728818554435,77578.267988667,151000.0,0.10077645985287063,0.7167728362604877,77578.25811893649
151000.0,0.09124067944532148,0.6350266166220184,60892.079376579604,151000.0,0.09124057413322602,0.6350266330718557,60892.08253129716
