cur_n,cur_mean,cur_std,cur_S,next_n,next_mean,next_std,next_S
882000.0,-0.008910638639356698,0.04262473523904536,1602.4776238032669,882000.0,-0.008910643504721535,0.042624734466858376,1602.4775657425023
882000.0,-0.012332633218456407,0.04795449003596523,2028.276407085569,882000.0,-0.01233263197384241,0.047954490370293396,2028.2764353669636
882000.0,-0.024932197411508622,0.07214561356736386,4590.8007892840515,882000.0,-0.024932197004623895,0.0721456137089883,4590.800807307866
882000.0,-0.0004920496032112756,0.14617350214290104,18845.422986731654,882000.0,-0.0004920560279937224,0.14617350224580355,18845.423013265074
882000.0,-0.0004993081895967616,0.14464204406664782,18452.60504418828,882000.0,-0.0004993224610980732,0.14464204463837077,18452.605190062568
882000.0,-0.00048483297445683964,0.148484619283332,19446.055668397556,882000.0,-0.0004848347199275053,0.14848461928667708,19446.055669273723
