cur_n,cur_mean,cur_std,cur_S,next_n,next_mean,next_std,next_S
2931000.0,-0.2989276145093057,1.3248852969232294,5144845.997559831,2931000.0,-0.29892761999227935,1.3248852957194694,5144845.988210854
2931000.0,-0.36207243311460213,1.3255804811566383,5150246.546840775,2931000.0,-0.36207245400232335,1.325580475933694,5150246.506255611
2931000.0,-0.19053635346492256,0.9878602692052219,2860268.8485309193,2931000.0,-0.19053636436402213,0.9878602672792471,2860268.8373779138
2931000.0,0.09659381331382695,0.8367019085036749,2051905.415306211,2931000.0,0.09659381771520346,0.8367019080295026,2051905.4129805164
2931000.0,0.08710131743901553,0.7414392680936923,1611265.0438232098,2931000.0,0.08710127521896605,0.7414392765768061,1611265.0806935115
2931000.0,0.09613446469921737,0.6524383524233676,1247655.7806825638,2931000.0,0.0961344604572044,0.6524383530887983,1247655.783227566
