cur_n,cur_mean,cur_std,cur_S,next_n,next_mean,next_std,next_S
1051000.0,-0.029860764679084748,0.14989104975535178,23613.16046339617,1051000.0,-0.029860739869273442,0.149891056855839,23613.16270055374
1051000.0,-0.015341421735994145,0.03401450223849446,1215.9926670217044,1051000.0,-0.015341446854370262,0.03401450065691251,1215.9925539409955
1051000.0,-0.005727922002982888,0.03243686637238922,1105.8099653633064,1051000.0,-0.005727952558391763,0.03243687610220196,1105.81062876435
1051000.0,0.10541727751793559,0.44118042062590784,204566.8118843793,1051000.0,0.10541727988735489,0.4411804200664436,204566.8113655538
1051000.0,0.0011084932958715023,0.09628338451755643,9743.285130997561,1051000.0,0.0011085112483821965,0.09628338606989523,9743.285445171803
1051000.0,0.0020328136310478495,0.08090321581060078,6879.142175249974,1051000.0,0.0020328435838174396,0.08090322088546707,6879.143038274451
