cur_n,cur_mean,cur_std,cur_S,next_n,next_mean,next_std,next_S
921000.0,0.18375575452994755,1.4606846841357315,1965045.3664976743,921000.0,0.1837558127989694,1.4606846778758518,1965045.3496549595
921000.0,-0.00934030794317037,1.4630946272932865,1971534.8632297372,921000.0,-0.009340309653266331,1.4630946272832914,1971534.8632028
921000.0,0.051015411070426626,1.3064855311435932,1572058.99208364,921000.0,0.05101540181036281,1.306485531535353,1572058.9930264277
921000.0,0.004551671879820263,0.8906116704908946,730527.20495303,921000.0,0.004551792997136213,0.8906116774568175,730527.216380673
921000.0,0.015806103661690996,0.7828619951222558,564455.9440376618,921000.0,0.01580609223084481,0.7828619954299408,564455.9444813534
921000.0,-0.0011602942555146833,0.7111586524647762,465792.6452864505,921000.0,-0.0011604185551331663,0.7111586622666164,465792.6581264127
