cur_n,cur_mean,cur_std,cur_S,next_n,next_mean,next_std,next_S
1962000.0,0.00024321327863368887,0.014062575255301175,387.9973167551995,1962000.0,0.00024321279424096385,0.014062575280047042,387.9973181207147
1962000.0,-0.007416929291187348,0.020268559512203063,806.0180582208452,1962000.0,-0.0074169289468391485,0.02026855964395122,806.0180686992804
1962000.0,-0.00599851643568261,0.01386462710637737,377.1511099754302,1962000.0,-0.005998517586872493,0.013864626702084548,377.15108797996174
1962000.0,-0.00019317899313991364,0.11534004452967776,26101.125361075996,1962000.0,-0.0001931731596063206,0.11534004482888709,26101.12549649644
1962000.0,-0.00015941135594362503,0.06988442667955441,9582.080527151493,1962000.0,-0.00015940553303117865,0.06988442716879621,9582.080661314554
1962000.0,-0.000738742529603518,0.060283099283146846,7130.010140114573,1962000.0,-0.0007387374800430971,0.06028309975996045,7130.010252905252
