cur_n,cur_mean,cur_std,cur_S,next_n,next_mean,next_std,next_S
1751000.0,-0.09996105340925603,1.1870605432865833,2467356.3962321444,1751000.0,-0.09996109894362287,1.1870605409814106,2467356.3866493437
1751000.0,-0.11399262781013286,1.165740638357634,2379523.614093231,1751000.0,-0.11399268899548239,1.1657406351861153,2379523.6011457476
1751000.0,-0.1532696493590093,0.9470806291816573,1570579.9685176378,1751000.0,-0.15326966572362835,0.9470806267808358,1570579.96055489
1751000.0,0.10484967289260069,1.164696044631438,2375261.050541585,1751000.0,0.10484962457454904,1.1646960507360922,2375261.0754410373
1751000.0,0.10719339681763479,1.0534414074048213,1943152.6367601738,1751000.0,0.10719336461111052,1.0534414115440867,1943152.6520305525
1751000.0,0.09714713078071491,0.6686726020369652,782912.4582997648,1751000.0,0.09714711479262893,0.6686726046944721,782912.4645228259
