cur_n,cur_mean,cur_std,cur_S,next_n,next_mean,next_std,next_S
222000.0,-0.007335711009766491,0.01633766521397093,59.25608563092266,222000.0,-0.007335722296195699,0.01633766101174915,59.25605514833188
222000.0,-0.011826242088492011,0.020872464106852617,96.71646625199087,222000.0,-0.011826251890493024,0.020872459064031217,96.71641951828427
222000.0,-0.003849386742727042,0.008891656733407556,17.551666201174932,222000.0,-0.0038493974456346104,0.008891653529910561,17.55165355410555
222000.0,-0.0004658442823396396,0.05272777954493619,617.2085593341448,222000.0,-0.00046596553406674714,0.052727809423450824,617.2092588242564
222000.0,-0.0006739094356282584,0.06066161638923034,816.9226380558188,222000.0,-0.0006740315143330482,0.06066164230312213,816.92333601445
222000.0,-0.000522571998172733,0.044971464742197334,448.980046315031,222000.0,-0.0005226914467962567,0.04497149857069032,448.98072177997943
