cur_n,cur_mean,cur_std,cur_S,next_n,next_mean,next_std,next_S
641000.0,-0.38701691400687294,1.3818436970078953,1223984.373897647,641000.0,-0.3870203285450126,1.381845444847281,1223987.4702383603
641000.0,-0.4378266362506593,1.3474906233163417,1163883.558132222,641000.0,-0.4378276441219766,1.347490537447076,1163883.4097945315
641000.0,-0.23050455918411583,1.0378844224102632,690487.8116146886,641000.0,-0.23050436353016746,1.0378844776842324,690487.8851604561
641000.0,0.10745013870322599,0.7786774628043975,388663.0368819555,641000.0,0.10745593411437983,0.7786904871276542,388676.0387103292
641000.0,0.10322109002319942,0.7177694543420363,330238.7063249238,641000.0,0.10322562514992283,0.7177779858782772,330246.5569243564
641000.0,0.09635029317089634,0.6182960405515305,245047.8860012496,641000.0,0.09635014880653833,0.6182960738512638,245047.91239646784
