cur_n,cur_mean,cur_std,cur_S,next_n,next_mean,next_std,next_S
282000.0,0.0004122530551163833,0.014285084687731826,57.545947759059025,282000.0,0.000412319006142839,0.014285125716071843,57.54627831616153
282000.0,-0.007473280011313284,0.02110892462648999,125.65544908608761,282000.0,-0.007473224050510351,0.02110896535644601,125.65593399433787
282000.0,-0.006024003930778843,0.016674355701273354,78.4056269308296,282000.0,-0.006023955698925027,0.016674392797578003,78.40597579735378
282000.0,-0.0001320271300655966,0.11676471736463272,3844.7877803904025,282000.0,-0.00013200229440387036,0.11676471813754404,3844.787831290709
282000.0,-0.00011388749089768696,0.07237996421670571,1477.3583000432711,282000.0,-0.00011388088482739443,0.07237996431211405,1477.3583039380585
282000.0,-0.0007651619862001945,0.06281920184365239,1112.843097917138,282000.0,-0.0007651410320414773,0.06281920308440278,1112.8431418769621
