cur_n,cur_mean,cur_std,cur_S,next_n,next_mean,next_std,next_S
1781000.0,-0.104005772830753,1.19479102324649,2542423.0744193327,1781000.0,-0.10400572647558082,1.194791028883248,2542423.0984085044
1781000.0,-0.11682365961489355,1.1703812811066612,2439600.1631766325,1781000.0,-0.11682361540742046,1.170381287006212,2439600.187771259
1781000.0,-0.15805253600465405,0.9573329293022615,1632262.1671346056,1781000.0,-0.15805251821457353,0.957332932533702,1632262.1781538818
1781000.0,0.10488222104967496,1.1593498323378535,2393827.912094162,1781000.0,0.10488220551696033,1.1593498339283195,2393827.918662157
1781000.0,0.10790408064033859,1.0500032976914182,1963564.8337150414,1781000.0,0.10790403797456423,1.0500033036198453,1963564.855888021
1781000.0,0.09751428319430057,0.6667604733500545,791778.330831962,1781000.0,0.09751428057930318,0.66676047374165,791778.3317620016
