cur_n,cur_mean,cur_std,cur_S,next_n,next_mean,next_std,next_S
1531000.0,0.18099543479514682,1.574269378935303,3794314.162581071,1531000.0,0.18099546979532588,1.5742693755070023,3794314.1460552453
1531000.0,0.038130275544663375,1.5838346693723984,3840562.8899160475,1531000.0,0.038130272207024675,1.583834669458154,3840562.8903319356
1531000.0,0.03907290029665227,1.4426280863725134,3186280.143049545,1531000.0,0.03907290373858497,1.4426280862855247,3186280.142665288
1531000.0,0.011192742961704085,0.826562032210775,1045986.5382244737,1531000.0,0.011192832331570932,0.82656203839749,1045986.5538826347
1531000.0,-0.00035529382857505824,0.7159291539774596,784721.0214312827,1531000.0,-0.00035530017881692895,0.7159291540174625,784721.0215189762
1531000.0,0.00030409204692981827,0.6552053675309552,657249.2267449436,1531000.0,0.00030398599170857696,0.6552053807212476,657249.2532078208
