cur_n,cur_mean,cur_std,cur_S,next_n,next_mean,next_std,next_S
4342000.0,-0.014776054438287688,0.02560262852363016,2846.157498139101,4342000.0,-0.014776054938151779,0.02560262825633019,2846.157438709436
4342000.0,-0.02449210565379324,0.04084717392802313,7244.590604948602,4342000.0,-0.024492106182596177,0.04084717362581586,7244.590497750588
4342000.0,-0.005806900552260891,0.009457592881537247,388.3748060362292,4342000.0,-0.0058069010487600825,0.009457592633276685,388.3747856466549
4342000.0,-0.0006496014003246753,0.05516560002356429,13213.762955517786,4342000.0,-0.000649602249407976,0.05516560004193652,13213.762964319149
4342000.0,-0.0010229573761193628,0.06854979538987864,20403.38125319093,4342000.0,-0.0010229582415736736,0.06854979540068344,20403.38125962288
4342000.0,-0.0007372453145368501,0.04641576590690857,9354.50607595567,4342000.0,-0.0007372461546775342,0.046415765926576424,9354.506083883283
