cur_n,cur_mean,cur_std,cur_S,next_n,next_mean,next_std,next_S
902000.0,0.0002626940690124616,0.013899736189199074,174.26880484865603,902000.0,0.00026268972799381663,0.013899736882679441,174.2688222377627
902000.0,-0.0073774492541327065,0.020126854718337632,365.39143332946895,902000.0,-0.007377452473520905,0.020126853770523673,365.39139891543874
902000.0,-0.0058440874347663735,0.01421405935257106,182.23961391712837,902000.0,-0.00584409343145842,0.014214058028029936,182.23957995303044
902000.0,-0.0002005892104372136,0.11425533509295648,11774.9620006778,902000.0,-0.00020058389344742002,0.11425533521388365,11774.962025602903
902000.0,-0.00016443758582749575,0.06913991142626508,4311.855271532666,902000.0,-0.0001644325851372364,0.06913991160128019,4311.855293362021
902000.0,-0.0007535664529809516,0.0597517906873818,3220.389394294515,902000.0,-0.0007535641704876554,0.05975179075548904,3220.389401635947
