cur_n,cur_mean,cur_std,cur_S,next_n,next_mean,next_std,next_S
1361000.0,-0.365372064999862,1.3841125173866171,2607359.51413018,1361000.0,-0.3653720732210596,1.3841125152496387,2607359.5060789976
1361000.0,-0.42242114641979644,1.3950406863222076,2648694.520948791,1361000.0,-0.4224211192627253,1.3950406949052327,2648694.553541119
1361000.0,-0.19918587771323257,1.0202164276307593,1416585.3620816367,1361000.0,-0.19918586333109078,1.0202164305766879,1416585.370262566
1361000.0,0.10255942486410485,0.8210010417053341,917372.1289649727,1361000.0,0.10255909301732956,0.821001174436171,917372.4255872036
1361000.0,0.09400669094595165,0.7591329876114565,784321.0172095383,1361000.0,0.09400665593611855,0.7591329930456059,784321.028438447
1361000.0,0.09099004823135529,0.6405005511333022,558337.9411188088,1361000.0,0.09099001872709296,0.6405005562495528,558337.9500386978
