cur_n,cur_mean,cur_std,cur_S,next_n,next_mean,next_std,next_S
301000.0,-0.02713726766865472,0.09634710524147164,2794.112171211775,301000.0,-0.027137265769377784,0.09634710578206104,2794.1122025664777
301000.0,-0.02760149380893868,0.09932678751121947,2969.609025906982,301000.0,-0.027601470956459297,0.0993267946528865,2969.6094529410216
301000.0,-0.03419851104002965,0.13253936533913988,5287.571692715099,301000.0,-0.03419841510173571,0.1325394005450366,5287.574501748133
301000.0,0.0330658522029711,0.13587586122942738,5557.137149116421,301000.0,0.03306584428973423,0.13587586322449793,5557.137312307743
301000.0,0.03313307902704622,0.1487256083900833,6657.911283891126,301000.0,0.03313320110690796,0.14872559627439225,6657.910199139229
301000.0,0.0462355973239533,0.2329779009511161,16337.889401808005,301000.0,0.04623560373442054,0.2329778997054732,16337.889227103233
