cur_n,cur_mean,cur_std,cur_S,next_n,next_mean,next_std,next_S
2301000.0,-0.036911190875130735,0.12001377362734313,33142.00678449315,2301000.0,-0.03691119140815806,0.12001377346613126,33142.00669545529
2301000.0,-0.03459567612977037,0.11630929716218762,31127.58884723911,2301000.0,-0.034595673856377095,0.11630929788952596,31127.589236550877
2301000.0,-0.007553061384697973,0.16277710856876867,60968.18665729402,2301000.0,-0.007553048502580444,0.16277711033943337,60968.18798369942
2301000.0,0.031609197951538257,0.14730846628425706,49931.20353398525,2301000.0,0.03160919868828619,0.1473084661304136,49931.20342969269
2301000.0,0.03283179529673379,0.15272952344312804,53673.833169010664,2301000.0,0.03283179792143399,0.15272952293080055,53673.832808915526
2301000.0,0.048681894348955396,0.3671704917461077,310207.4051908897,2301000.0,0.04868188343186891,0.36717049356700204,310207.40826768876
