cur_n,cur_mean,cur_std,cur_S,next_n,next_mean,next_std,next_S
1551000.0,0.18015387353012022,1.5748019658193373,3846481.910131645,1551000.0,0.18015391501862585,1.5748019619208091,3846481.8910871954
1551000.0,0.034776663230453156,1.5880432855582078,3911438.1705268933,1551000.0,0.03477665951808058,1.588043285646246,3911438.17096058
1551000.0,0.044174373630374644,1.4451174187334899,3239053.112940692,1551000.0,0.04417438805135232,1.4451174184042184,3239053.1114646485
1551000.0,0.011401276560711007,0.8248096001235731,1055162.1693832693,1551000.0,0.01140137440424335,0.8248096077720793,1055162.1889524267
1551000.0,0.0006515167553037009,0.714174016858353,791079.060377528,1551000.0,0.0006515121295161717,0.7141740168858454,791079.0604384337
1551000.0,-0.0013939420281520404,0.6536447369685414,662666.986800511,1551000.0,-0.0013940518470552726,0.6536447510428162,662667.0153375947
