cur_n,cur_mean,cur_std,cur_S,next_n,next_mean,next_std,next_S
4381000.0,-0.30266926631716123,1.3336416483049867,7792046.801936245,4381000.0,-0.3026692754823097,1.3336416463630199,7792046.779243647
4381000.0,-0.3846352089345697,1.35657804439326,8062371.782511237,4381000.0,-0.38463521594914823,1.3565780424839153,8062371.759816121
4381000.0,-0.20978168889923413,0.9987417778623221,4369982.3932913,4381000.0,-0.20978169144487793,0.9987417773418596,4369982.388736746
4381000.0,0.09629556757240715,0.825033663664657,2982061.4728142573,4381000.0,0.0962955716431689,0.8250336632335595,2982061.4696978778
4381000.0,0.08834277148714093,0.7337010423345992,2358367.7387297256,4381000.0,0.08834277005964139,0.7337010425125666,2358367.739873823
4381000.0,0.0976356525178821,0.6412028004382239,1801208.8580807047,4381000.0,0.09763564339232671,0.6412028021122236,1801208.8674856017
