cur_n,cur_mean,cur_std,cur_S,next_n,next_mean,next_std,next_S
2061000.0,-0.3205847829377628,1.3394559773604566,3697727.3118057987,2061000.0,-0.32058475333069403,1.3394559851210253,3697727.3546537412
2061000.0,-0.36879230241845734,1.327092038226709,3629778.125802851,2061000.0,-0.36879220231921633,1.327092073824366,3629778.320531767
2061000.0,-0.19416721827648253,0.9929032673533501,2031851.067439495,2061000.0,-0.19416722397651331,0.9929032662724036,2031851.0630154538
2061000.0,0.09801553360741025,0.832818597946515,1429482.4300134198,2061000.0,0.09801537790005434,0.8328186462715526,1429482.595907395
2061000.0,0.09198829714888143,0.7503299703491416,1160332.8277369402,2061000.0,0.09198831650945102,0.7503299684904113,1160332.8219881475
2061000.0,0.09999214367239934,0.6525453636988306,877605.6459224535,2061000.0,0.09999214218014864,0.6525453639310012,877605.6465469439
