cur_n,cur_mean,cur_std,cur_S,next_n,next_mean,next_std,next_S
2222000.0,-0.006608950610795624,0.035295439836006325,2768.0966586884906,2222000.0,-0.006608952206751363,0.035295439617343986,2768.09662439066
2222000.0,-0.015751641120951818,0.0600751877639224,8019.260626782322,2222000.0,-0.015751645448575796,0.060075186975575214,8019.260416314014
2222000.0,-0.03243342630338569,0.09018402630782581,18071.878411623355,2222000.0,-0.03243342926631911,0.09018402535039172,18071.878027905015
2222000.0,-0.0003892649801437744,0.16264547195335577,58779.78709327809,2222000.0,-0.00038926518727181234,0.16264547195315485,58779.78709313289
2222000.0,-0.0004987830474778882,0.1539635250008019,52671.99234215441,2222000.0,-0.0004987813008988579,0.15396352502847352,52671.99236108771
2222000.0,-0.0004569377885746051,0.15689150917332081,54694.409235815874,2222000.0,-0.00045693720373482787,0.15689150917745295,54694.409238696906
