cur_n,cur_mean,cur_std,cur_S,next_n,next_mean,next_std,next_S
3082000.0,-0.012899726850589805,0.023181174106264402,1656.164579136315,3082000.0,-0.01289972723908573,0.023181173900109195,1656.1645496790536
3082000.0,-0.021375709515050714,0.03630890839096075,4063.114105570081,3082000.0,-0.021375710037615257,0.036308908094909845,4063.1140393114874
3082000.0,-0.005461802149343632,0.009288186850278107,265.8854189242231,3082000.0,-0.005461801824545572,0.009288187058773345,265.8854308610726
3082000.0,-0.0006503149680064187,0.055448213031024256,9475.62233992492,3082000.0,-0.0006503111664483493,0.05544821347724824,9475.622492436594
3082000.0,-0.0010402252020675683,0.06782051868739686,14176.037330994895,3082000.0,-0.0010402218423904972,0.06782051899539647,14176.037459752803
3082000.0,-0.0007290937532391402,0.04731803717538577,6900.587651048326,3082000.0,-0.0007290913723009318,0.04731803739668789,6900.5877155951575
