cur_n,cur_mean,cur_std,cur_S,next_n,next_mean,next_std,next_S
1982000.0,0.00025248995325637553,0.014126808825142988,395.5412540677971,1982000.0,0.00025248877689842335,0.01412680894324356,395.54126068127215
1982000.0,-0.007420029939011369,0.02033863586114724,819.874335428227,1982000.0,-0.007420027982797234,0.020338636761282117,819.8744079992199
1982000.0,-0.005996628814018498,0.01386037617634372,380.7620750000175,1982000.0,-0.005996635338205744,0.01386037639702973,380.7620871250656
1982000.0,-0.00018993985977257483,0.11589289661079441,26620.56602695344,1982000.0,-0.00018992149905897127,0.11589289952356452,26620.567365078423
1982000.0,-0.0001566849474113868,0.07013779004676654,9750.07161262101,1982000.0,-0.00015666839171987377,0.07013779395647186,9750.07269962155
1982000.0,-0.0007390510731918493,0.060486465132396125,7251.369904069318,1982000.0,-0.0007390420789051475,0.06048646656769566,7251.37024820872
