cur_n,cur_mean,cur_std,cur_S,next_n,next_mean,next_std,next_S
2701000.0,-0.3290317221332411,1.3641711451716994,5026460.828874796,2701000.0,-0.3290315302255225,1.3641712279183902,5026461.438656075
2701000.0,-0.39370031498002184,1.3718621277254515,5083297.388913476,2701000.0,-0.3937002321227486,1.3718621582624788,5083297.615217255
2701000.0,-0.17613791925454408,1.0004239603386604,2703290.7192335813,2701000.0,-0.17613792159179648,1.000423959934494,2703290.717049348
2701000.0,0.10188892242587871,0.8486469283281813,1945264.5458032754,2701000.0,0.10188822234235388,0.8486477923306525,1945268.5067301914
2701000.0,0.0945169453889469,0.7689313522335263,1596980.901433182,2701000.0,0.09451725843882217,0.7689314858745023,1596981.4565467278
2701000.0,0.09299317154578493,0.6528897949485676,1151341.9928239011,2701000.0,0.09299319628726055,0.6528897926907686,1151341.984860846
