cur_n,cur_mean,cur_std,cur_S,next_n,next_mean,next_std,next_S
4001000.0,-0.05431091194474106,0.16271060422488542,105925.43764963643,4001000.0,-0.05431091194547382,0.16271060422463782,105925.43764931406
4001000.0,-0.04600215805232075,0.15901025894808918,101162.33406540424,4001000.0,-0.04600215522543736,0.15901025986645811,101162.33523393694
4001000.0,0.012021394482689279,0.308341951797697,380394.11171289167,4001000.0,0.012021393801491845,0.30834195182726276,380394.11178584077
4001000.0,0.027738407851489302,0.16807857818487063,113029.8841870353,4001000.0,0.027738407847187115,0.16807857818557126,113029.88418797764
4001000.0,0.02836841729746863,0.18214256039828533,132736.82514608055,4001000.0,0.028368420460491005,0.18214256001553333,132736.82458821769
4001000.0,0.05829270453059725,0.455047293825938,828479.2265128565,4001000.0,0.0582926968549537,0.4550472950681959,828479.231036276
