cur_n,cur_mean,cur_std,cur_S,next_n,next_mean,next_std,next_S
642000.0,-0.007759600243601611,0.016217701230986648,168.8548809256644,642000.0,-0.007759606764290597,0.016217698952658417,168.85483348283515
642000.0,-0.012980720402002422,0.022586733965743972,327.52307389562577,642000.0,-0.012980725693869072,0.022586731322465872,327.52299723695353
642000.0,-0.004008233112815794,0.008954822866217484,51.48124334694283,642000.0,-0.004008239420749453,0.008954821469083102,51.48122728270336
642000.0,-0.00045692751340773585,0.05181490932267389,1723.6318596510607,642000.0,-0.0004569556330124107,0.05181491397325784,1723.6321690560233
642000.0,-0.000700790595378852,0.06146488954247259,2425.4327590326848,642000.0,-0.0007008231325935516,0.061464894700391605,2425.433166100406
642000.0,-0.0005148011002709149,0.044763695226476476,1286.4321594311364,642000.0,-0.0005148296790560772,0.04476370075468425,1286.432477173658
