cur_n,cur_mean,cur_std,cur_S,next_n,next_mean,next_std,next_S
1191000.0,-0.34721170882779245,1.3671580572959352,2226123.293972372,1191000.0,-0.3472120312956574,1.3671580206935343,2226123.174774075
1191000.0,-0.3899151257692825,1.338410060816412,2133487.715655459,1191000.0,-0.3899154323162573,1.3384100133215642,2133487.5642374805
1191000.0,-0.21211550660079243,1.0301752745163943,1263961.9656038897,1191000.0,-0.21211555762934708,1.0301752655147127,1263961.9435148656
1191000.0,0.09632864706765912,0.8137195234972979,788608.1003385175,1191000.0,0.09632879752517372,0.8137195222526571,788608.0979260552
1191000.0,0.09382571432840837,0.7522909931551871,674036.6104134596,1191000.0,0.09382562163098797,0.7522910115183318,674036.6433194283
1191000.0,0.0937570289122514,0.6340791584170868,478849.147554455,1191000.0,0.09375709330452318,0.6340791527899129,478849.1390553034
