cur_n,cur_mean,cur_std,cur_S,next_n,next_mean,next_std,next_S
4911000.0,-0.3073407892446837,1.3389500389380318,8804377.972458063,4911000.0,-0.3073407915706443,1.3389500384141002,8804377.96556775
4911000.0,-0.3858562653062676,1.3587443119364324,9066619.9627335,4911000.0,-0.38585625919889804,1.3587443137382438,9066619.986779729
4911000.0,-0.21469636578486614,1.000701644251005,4917893.967541533,4911000.0,-0.21469636971903816,1.0007016434449358,4917893.959618766
4911000.0,0.09672458410616984,0.8230842450101479,3327043.7488994566,4911000.0,0.0967246025811447,0.8230842438573377,3327043.7395797544
4911000.0,0.08644875647817529,0.7305377199673312,2620928.804409073,4911000.0,0.08644876818833677,0.7305377190425356,2620928.797773349
4911000.0,0.09762989101968093,0.6382644564159882,2000650.6266671487,4911000.0,0.09762989064881492,0.6382644564732154,2000650.6270259083
