cur_n,cur_mean,cur_std,cur_S,next_n,next_mean,next_std,next_S
161000.0,-0.2731089895722583,1.2934904059894063,269371.9062922489,161000.0,-0.2731075470953437,1.2934908400489291,269372.08707976795
161000.0,-0.3615403114077467,1.2113052285815047,236228.91744301145,161000.0,-0.3615398796258356,1.211305369846086,236228.9725418921
161000.0,-0.2014369459916915,0.9796820888106467,154524.09621695906,161000.0,-0.20143727413107362,0.9796820301879734,154524.0777239899
161000.0,0.09847163504725914,0.7997277812983324,102969.88839303689,161000.0,0.09847141783253735,0.7997278127935952,102969.89650345605
161000.0,0.10195488246694857,0.7131783512512357,81888.3610716424,161000.0,0.10195503412065528,0.7131783321670312,81888.35668908028
161000.0,0.09118777651976157,0.6368202116662548,65291.93709985122,161000.0,0.09118777200449395,0.6368202123153844,65291.93723295923
