cur_n,cur_mean,cur_std,cur_S,next_n,next_mean,next_std,next_S
3491000.0,-0.30212836126016424,1.3297315574592476,6172737.378026361,3491000.0,-0.30212835350029127,1.329731559301481,6172737.395129997
3491000.0,-0.3669905272722081,1.336062694615973,6231656.762090232,3491000.0,-0.3669905045362818,1.3360627015364406,6231656.826647051
3491000.0,-0.19947511173324953,0.9916028004930076,3432616.913784004,3491000.0,-0.1994751038958498,0.9916028021777388,3432616.9254480223
3491000.0,0.0986612254666055,0.8340376596114553,2428405.2924166867,3491000.0,0.09866124510520013,0.8340376580955214,2428405.283589023
3491000.0,0.08555087645111799,0.7373613342469495,1898062.764713364,3491000.0,0.0855508514541513,0.7373613386263066,1898062.7872594185
3491000.0,0.09860570441094865,0.6490185511018367,1470496.7531430768,3491000.0,0.0986057041740671,0.649018551137955,1470496.7533067456
