cur_n,cur_mean,cur_std,cur_S,next_n,next_mean,next_std,next_S
5041000.0,-0.30838084154560236,1.3404129750623663,9057199.703270057,5041000.0,-0.3083809068130987,1.340412968056876,9057199.608597554
5041000.0,-0.3880599245847093,1.3608924909464082,9336075.022820085,5041000.0,-0.3880598913790683,1.3608925024572291,9336075.180754513
5041000.0,-0.21541501141917033,1.0009844283257525,5050929.891608943,5041000.0,-0.21541500233159655,1.0009844304893858,5050929.913444169
5041000.0,0.09667149249084335,0.8225814594447833,3410943.537665863,5041000.0,0.09667149495207251,0.8225814591741011,3410943.5354210236
5041000.0,0.0865652256795657,0.7303789296031411,2689138.492654288,5041000.0,0.08656520748720295,0.7303789329014642,2689138.5169420848
5041000.0,0.09712553733066102,0.6379174709105183,2051377.9851517675,5041000.0,0.09712552813876639,0.6379174726438355,2051377.9962995693
