cur_n,cur_mean,cur_std,cur_S,next_n,next_mean,next_std,next_S
1321000.0,-0.0601266055035067,1.156354671296521,1766383.2422204851,1321000.0,-0.060126572457270884,1.156354673638589,1766383.2493757117
1321000.0,-0.09113456958370997,1.124937103998,1671703.6875838086,1321000.0,-0.09113457722385879,1.124937103413284,1671703.6858459837
1321000.0,-0.1310968890715321,0.879363621419156,1021503.3802302203,1321000.0,-0.1310968718445285,0.8793636242102963,1021503.3867148169
1321000.0,0.10485428601678387,1.2661725144295553,2117817.736748155,1321000.0,0.10485421664576863,1.2661725226846687,2117817.7643633904
1321000.0,0.10607303415998258,1.131300384000496,1690669.3782272039,1321000.0,0.10607295805925682,1.13130039451712,1690669.4096602954
1321000.0,0.09841976985778078,0.6952625755822914,638558.2547360297,1321000.0,0.09841973292344872,0.6952625821065532,638558.2667203401
