cur_n,cur_mean,cur_std,cur_S,next_n,next_mean,next_std,next_S
3231000.0,-0.2986549492438747,1.3255453401791386,5677094.620301,3231000.0,-0.29865496523893714,1.3255453368872023,5677094.592103348
3231000.0,-0.3603848144472664,1.3273604541619008,5692652.9399067005,3231000.0,-0.3603848194523365,1.3273604528335157,5692652.928512605
3231000.0,-0.19482027655399975,0.9890313141225907,3160509.0801579547,3231000.0,-0.19482026878409806,0.989031315751716,3160509.0905698906
3231000.0,0.09745118108447129,0.8353499733472148,2254622.746424923,3231000.0,0.09745117295876679,0.835349974422864,2254622.752231311
3231000.0,0.08455411451444841,0.737789518357983,1758741.1294518604,3231000.0,0.08455411767575279,0.7377895180175433,1758741.127828782
3231000.0,0.09735991080028489,0.6507824949624289,1368386.1919267115,3231000.0,0.09735991106648981,0.6507824949227539,1368386.1917598636
