cur_n,cur_mean,cur_std,cur_S,next_n,next_mean,next_std,next_S
2601000.0,-0.013246435165295854,0.1603442914464149,66872.46897037685,2601000.0,-0.013246140673651948,0.1603450191738988,66873.0759772566
2601000.0,-0.023999367759494586,0.03355213881334812,2928.0653952894213,2601000.0,-0.023999403750211687,0.03355216327746011,2928.069665213689
2601000.0,-0.0012035406224905035,0.03571906288758001,3318.4896307274953,2601000.0,-0.0012035578412390076,0.03571907310216664,3318.491528705881
2601000.0,0.10606452428194572,0.4561540182927531,541206.9463404304,2601000.0,0.10606468424584688,0.4561540540510019,541207.0311916545
2601000.0,-0.00013661077992986143,0.09358844159354168,22781.629436160092,2601000.0,-0.00013660433165900847,0.09358844218074674,22781.629722039157
2601000.0,0.0030323688557154296,0.08618770136189553,19321.059971589,2601000.0,0.003032356478933714,0.08618770410878011,19321.061203150388
