cur_n,cur_mean,cur_std,cur_S,next_n,next_mean,next_std,next_S
901000.0,0.17854805557519968,1.452641952287142,1901261.946031684,901000.0,0.1785481212703566,1.4526419455508406,1901261.9283983319
901000.0,-0.011844576372500287,1.4593869448190206,1918959.0394920835,901000.0,-0.01184457817779582,1.4593869448053771,1918959.0394562043
901000.0,0.05238570537844037,1.309790545227175,1545711.6964022168,901000.0,0.05238569520935939,1.3097905456694003,1545711.6974459758
901000.0,0.0061621803122529585,0.8909629713842894,715227.3297565077,901000.0,0.00616232549287494,0.8909629810375499,715227.345254965
901000.0,0.01641319882287869,0.7850601957142175,555303.8793162558,901000.0,0.016413189072540486,0.7850601959726542,555303.8796818607
901000.0,-0.0014885797232794449,0.7150007430145292,460614.68232270726,901000.0,-0.0014887079644334744,0.7150007531094978,460614.6953293813
