cur_n,cur_mean,cur_std,cur_S,next_n,next_mean,next_std,next_S
3261000.0,-0.29927949039139556,1.3245587268539938,5721280.431906222,3261000.0,-0.2992794830093533,1.3245587285890934,5721280.446895353
3261000.0,-0.3604965460432404,1.328030558405401,5751312.099994969,3261000.0,-0.3604964762075792,1.3280305833502566,5751312.316052724
3261000.0,-0.19500192016320547,0.9894663907486689,3192661.630991525,3261000.0,-0.1950019257724854,0.9894663896950465,3192661.6241921843
3261000.0,0.09775479786967632,0.8347350690971294,2272208.1746283015,3261000.0,0.097754824484312,0.8347350673639544,2272208.165192651
3261000.0,0.08429227890777286,0.7378328397979882,1775279.59361851,3261000.0,0.08429222955385839,0.7378328508190805,1775279.6466536128
3261000.0,0.09730899239482826,0.6507476607371844,1380943.8810509865,3261000.0,0.0973090338539839,0.6507476588443453,1380943.8730174433
