cur_n,cur_mean,cur_std,cur_S,next_n,next_mean,next_std,next_S
4711000.0,-0.3056238377558126,1.3371397035985535,8422997.527072586,4711000.0,-0.3056238394439388,1.337139703217799,8422997.522275638
4711000.0,-0.3871609715426552,1.3576962345002792,8683970.336045254,4711000.0,-0.3871609787955188,1.3576962325233748,8683970.310756268
4711000.0,-0.21460105677738206,1.0015286833245256,4725414.263291001,4711000.0,-0.21460105102324167,1.001528684635399,4725414.275660931
4711000.0,0.09645102644816082,0.8231325290470434,3191924.672528423,4711000.0,0.09645103829690459,0.8231325280604332,3191924.664876715
4711000.0,0.08805050318465546,0.7314459794854202,2520447.2836852726,4711000.0,0.08805046952706429,0.7314459871851844,2520447.3367496147
4711000.0,0.0980470130832047,0.6389766657239899,1923459.7458695509,4711000.0,0.09804702095276473,0.6389766647447295,1923459.739973974
