cur_n,cur_mean,cur_std,cur_S,next_n,next_mean,next_std,next_S
631000.0,-0.01985631523605743,1.1416387852736474,822406.9822219273,631000.0,-0.019856447800482322,1.1416387878245018,822406.985897066
631000.0,-0.09533845429152574,1.1068383454953719,773032.4986501861,631000.0,-0.0953386011232676,1.1068383389933316,773032.4895679414
631000.0,-0.10828091383472593,0.8161228979016831,420281.7048065273,631000.0,-0.10828097411528681,0.8161228913085701,420281.6980159697
631000.0,0.0925204616512171,1.4035396424349087,1243021.7460962627,631000.0,0.09252046718350986,1.403539642077101,1243021.7454624893
631000.0,0.11004186501086217,1.2767864237896427,1028645.8339153068,631000.0,0.11004183269168251,1.2767864268332136,1028645.8388194265
631000.0,0.09426870283886304,0.736399369087749,342181.2234302787,631000.0,0.09426867495843443,0.7363993729898325,342181.2270566254
