cur_n,cur_mean,cur_std,cur_S,next_n,next_mean,next_std,next_S
2951000.0,-0.04690364152673096,0.14877176814955714,65314.59808411782,2951000.0,-0.046903645547248504,0.1487717670423166,65314.597111904186
2951000.0,-0.040780573799211475,0.14469628820984018,61785.133689851864,2951000.0,-0.04078056748327643,0.14469629039667256,61785.13555740123
2951000.0,0.007649358408875446,0.27043758679200414,215825.77712050403,2951000.0,0.007649358934350058,0.2704375867786605,215825.77709920594
2951000.0,0.029096192094412266,0.16042868456896292,75950.95771878953,2951000.0,0.029096208367757503,0.16042868405316366,75950.95723040495
2951000.0,0.02941228592599426,0.1729633486654068,88283.06026555724,2951000.0,0.029412285464112863,0.17296334874576494,88283.0603475892
2951000.0,0.055021592266186276,0.43602033762807707,561025.6314694671,2951000.0,0.05502158330481473,0.4360203390306646,561025.6350788748
