cur_n,cur_mean,cur_std,cur_S,next_n,next_mean,next_std,next_S
2121000.0,-0.34436706307888787,1.3663522220147828,3959733.914956641,2121000.0,-0.34436673388707695,1.3663523890918987,3959734.8833467127
2121000.0,-0.40235935433731435,1.3784894980885267,4030394.8215379003,2121000.0,-0.40235920829757427,1.3784895571229996,4030395.1667450834
2121000.0,-0.18811331733961828,1.0109605394565735,2167749.4113695896,2121000.0,-0.1881133090116074,1.0109605410789708,2167749.4183272314
2121000.0,0.10374440417837028,0.8380640258428718,1489687.1315047706,2121000.0,0.10374422531552568,0.838064088467461,1489687.3541394272
2121000.0,0.09421449656028458,0.7634649339362172,1236285.7340478431,2121000.0,0.09421435446607912,0.763464979517398,1236285.8816678918
2121000.0,0.09320175463955196,0.648510537984625,892020.3118173453,2121000.0,0.09320175678835199,0.6485105376833455,892020.3109885313
