cur_n,cur_mean,cur_std,cur_S,next_n,next_mean,next_std,next_S
251000.0,-0.0235577044312046,0.0939803425405752,2216.908500795006,251000.0,-0.02355774228037079,0.09398033496607652,2216.9081434443224
251000.0,-0.03239743237263538,0.10547590208336369,2792.4166459951302,251000.0,-0.03239734342728213,0.10547593881650734,2792.418590975123
251000.0,-0.017849477492389337,0.11485874827236323,3311.3255457282194,251000.0,-0.017849330443935617,0.11485879475070133,3311.328225627518
251000.0,0.03523022263890629,0.17694031386955367,7858.276542736297,251000.0,0.0352304203553435,0.17694030222950138,7858.275508819891
251000.0,0.031233426863741667,0.1264494371371113,4013.354498225357,251000.0,0.031233463279677492,0.12644942945841495,4013.354010800024
251000.0,0.05132161363606219,0.38359942694531707,36934.27860854669,251000.0,0.05132090225689558,0.3835996876845276,36934.32881830845
