cur_n,cur_mean,cur_std,cur_S,next_n,next_mean,next_std,next_S
381000.0,-0.31157874260263135,1.3062440841666665,650090.2444271775,381000.0,-0.31157862298918837,1.3062441147846477,650090.2749030301
381000.0,-0.41133890612080837,1.2814683542391105,625663.3954511083,381000.0,-0.41133865552244914,1.2814684440143598,625663.4831147467
381000.0,-0.22295396655035934,0.9924249814030149,375249.6979545671,381000.0,-0.22295405839517224,0.9924249623887758,375249.68357547023
381000.0,0.09837577419639221,0.7809505127493371,232365.69098147546,381000.0,0.09837549522333489,0.7809505668756749,232365.7231912099
381000.0,0.10677793827746497,0.7106212707682228,192398.3669684009,381000.0,0.10677817652790549,0.7106212501855178,192398.355823002
381000.0,0.09566763437295309,0.6132493456245715,143284.4835253157,381000.0,0.09566771934797737,0.6132493346114206,143284.47837891438
