cur_n,cur_mean,cur_std,cur_S,next_n,next_mean,next_std,next_S
1781000.0,-0.3612962158224315,1.3781852758953872,3382821.880011518,1781000.0,-0.361296189735578,1.3781852831738328,3382821.9157421063
1781000.0,-0.4113090360469043,1.3878929664591613,3430645.704583669,1781000.0,-0.4113089019287391,1.3878930177470568,3430645.9581343485
1781000.0,-0.18645760434932143,1.0136959277585351,1830118.9718724964,1781000.0,-0.18645762934591958,1.013695923709598,1830118.9572526554
1781000.0,0.10516587061538944,0.829701013519953,1226047.1176399821,1781000.0,0.10516591239140023,0.8297010100978892,1226047.107526432
1781000.0,0.09278961289984061,0.7614833649490262,1032725.1657825777,1781000.0,0.09278965957666077,0.7614833618091413,1032725.157265942
1781000.0,0.09017056638034411,0.6471524523025353,745894.0141042309,1781000.0,0.09017057815228459,0.6471524508529732,745894.0107627627
