cur_n,cur_mean,cur_std,cur_S,next_n,next_mean,next_std,next_S
321000.0,-0.02922826664925082,1.1368664795408365,414881.39092944766,321000.0,-0.02922675430163546,1.13686684132205,414881.6549821216
321000.0,-0.12890516101495403,1.1104904964762874,395853.71482729266,321000.0,-0.12890455441718385,1.1104906200713278,395853.8029425151
321000.0,-0.09823509897581845,0.8064166174996203,208748.79127442883,321000.0,-0.09823493500493032,0.806416642825185,208748.80438596688
321000.0,0.08708466334222605,1.5032201055825403,725354.2901506543,321000.0,0.08708749717202374,1.5032207988426365,725354.9591934633
321000.0,0.11007689662624255,1.3661112046370278,599069.4033225809,321000.0,0.11007592322761978,1.36611139438933,599069.5697435954
321000.0,0.09369705209952983,0.7628358094662336,186795.82957748524,321000.0,0.09369673532774356,0.7628358694867476,186795.85897196835
