cur_n,cur_mean,cur_std,cur_S,next_n,next_mean,next_std,next_S
2062000.0,-0.01000912949287866,0.018265657917028888,687.9538423506392,2062000.0,-0.01000913348069993,0.018265656629424854,687.9537453585556
2062000.0,-0.016581969570083444,0.027014343901976583,1504.7955890486828,2062000.0,-0.016581975029418723,0.0270143416884019,1504.7953424406367
2062000.0,-0.00488911703894302,0.008794906981441373,159.49650173076918,2062000.0,-0.004889120846515605,0.008794906564309242,159.49648660130524
2062000.0,-0.000626809517431613,0.05493507274286057,6222.831891997095,2062000.0,-0.0006268095165693227,0.05493507274286845,6222.831891998879
2062000.0,-0.0009971878298965957,0.0652989395099827,8792.267995326718,2062000.0,-0.0009971884250068147,0.06529893950648702,8792.267994385356
2062000.0,-0.0007099267257009442,0.047905970409440335,4732.252885794297,2062000.0,-0.0007099274158293383,0.04790597040946178,4732.252885798534
