cur_n,cur_mean,cur_std,cur_S,next_n,next_mean,next_std,next_S
1871000.0,0.18548474839220108,1.594759781373183,4758437.1404940635,1871000.0,0.185484786296951,1.5947597778074274,4758437.119215092
1871000.0,0.036876741252030304,1.6110245908080718,4855993.834424337,1871000.0,0.036876739778646285,1.6110245908430618,4855993.834635274
1871000.0,0.0576049136042372,1.4942726754533024,4177663.9003225192,1871000.0,0.057604910926240295,1.4942726755609723,4177663.9009245634
1871000.0,0.009857911862962691,0.8016297959086084,1202323.9268471408,1871000.0,0.009857990609870788,0.8016298021768584,1202323.9456500022
1871000.0,0.0003714105874626583,0.6947453700056698,903077.6826290136,1871000.0,0.00037140583882029073,0.6947453700386259,903077.6827146906
1871000.0,-0.00457183863892158,0.6377805612588685,761055.5269221164,1871000.0,-0.0045719164058072885,0.63778056957217,761055.5467624328
