cur_n,cur_mean,cur_std,cur_S,next_n,next_mean,next_std,next_S
801000.0,-0.37628196120429996,1.3855288040683484,1537671.7435893572,801000.0,-0.376280953911661,1.3855293709191683,1537673.0017814126
801000.0,-0.4291276695304221,1.356683995799917,1474313.7630321628,801000.0,-0.42912772461222976,1.3566839792728107,1474313.7271120222
801000.0,-0.23638022015412755,1.0626875864979115,904573.2301039016,801000.0,-0.23638025731167447,1.0626875787530572,904573.2169188639
801000.0,0.09873979569049925,0.7905109651692181,500550.9764282678,801000.0,0.09874311500348461,0.7905161325576969,500557.5204230165
801000.0,0.0915237791066085,0.7264935304931041,422762.0727285161,801000.0,0.09152343767679581,0.7264936377712804,422762.1975834408
801000.0,0.09130495562379645,0.6174681938741556,305394.8433274157,801000.0,0.09130528490361374,0.617468215509854,305394.8647291037
