cur_n,cur_mean,cur_std,cur_S,next_n,next_mean,next_std,next_S
3621000.0,-0.3012800413841561,1.3289845721678157,6395410.174870523,3621000.0,-0.30128002146400273,1.3289845772243492,6395410.223537159
3621000.0,-0.3723076913075058,1.3388477012987217,6490690.178695066,3621000.0,-0.37230765119623654,1.3388477146286268,6490690.307940962
3621000.0,-0.20470712430787968,0.9962623217105854,3593982.3200634606,3621000.0,-0.20470711339343203,0.996262324169719,3593982.337805942
3621000.0,0.09797495332532681,0.8310406127581521,2500765.798693524,3621000.0,0.09797500922808737,0.8310406129759105,2500765.8000040804
3621000.0,0.08703827206797271,0.7366062007879299,1964713.664737045,3621000.0,0.08703826268731732,0.7366062021126363,1964713.671803694
3621000.0,0.10018515557850798,0.6473809346677667,1517568.6120227177,3621000.0,0.1001851608424993,0.6473809339306132,1517568.608566697
