cur_n,cur_mean,cur_std,cur_S,next_n,next_mean,next_std,next_S
3271000.0,-0.3179970610306013,1.354612466755395,6002203.012676564,3271000.0,-0.3179984690792864,1.354614529917951,6002221.296178664
3271000.0,-0.38817472983679074,1.36691473699204,6111719.2430318855,3271000.0,-0.38817486221356107,1.3669147203667031,6111719.0943622
3271000.0,-0.16767721808942423,0.9869636575259461,3186272.141637044,3271000.0,-0.16767682001988352,0.9869639877380626,3186274.2737233383
3271000.0,0.10092086562122748,0.8547987430114193,2390057.1946373153,3271000.0,0.1009210865077855,0.8547988102849751,2390057.570837335
3271000.0,0.094251506897574,0.7691570828525358,1935132.16381237,3271000.0,0.09425157382568222,0.7691570841759838,1935132.17047173
3271000.0,0.09401312146166145,0.6564346741057075,1409495.1005556,3271000.0,0.09401283757238091,0.6564349155605016,1409496.1374582045
