cur_n,cur_mean,cur_std,cur_S,next_n,next_mean,next_std,next_S
1482000.0,-0.00869512940801059,0.016366370041930214,396.96565729379716,1482000.0,-0.008695127477454967,0.01636637123634082,396.9657152345631
1482000.0,-0.014666793337688845,0.02355704820250881,822.4129586627093,1482000.0,-0.014666791561656829,0.023557049407499597,822.413042798893
1482000.0,-0.00454854617066893,0.00859209420410188,109.40729072762275,1482000.0,-0.004548544261189313,0.008592095529404526,109.40732447906444
1482000.0,-0.000621129791668165,0.055101792288692136,4499.659534897587,1482000.0,-0.0006211304529226907,0.0551017922871186,4499.659534640595
1482000.0,-0.0009887547557897757,0.06468342903354737,6200.607959459255,1482000.0,-0.0009887553991807512,0.06468342902845725,6200.60795848337
1482000.0,-0.0007004479396198944,0.04857837607185021,3497.3104774751578,1482000.0,-0.0007004486150887883,0.048578376069069604,3497.310477074788
