cur_n,cur_mean,cur_std,cur_S,next_n,next_mean,next_std,next_S
4561000.0,-0.3034089296670677,1.3340353070262,8116984.5639901385,4561000.0,-0.30340891217837934,1.3340353115267067,8116984.6187571185
4561000.0,-0.385900251033666,1.3568872976484774,8397453.85478875,4561000.0,-0.3859002585427238,1.3568872956077465,8397453.829529552
4561000.0,-0.21294476194816517,1.000964189762021,4569799.579197069,4561000.0,-0.21294476411769656,1.0009641893112338,4569799.575081022
4561000.0,0.09608203710166571,0.8240488252651643,3097176.543345712,4561000.0,0.09608204254798772,0.8240488247122512,3097176.5391894793
4561000.0,0.08824794337901716,0.732092884892095,2444513.5240120236,4561000.0,0.08824793063095723,0.732092886935011,2444513.5376549256
4561000.0,0.09800859915364642,0.640210574105106,1869415.1507129078,4561000.0,0.09800859440117227,0.6402105749130738,1869415.1554314399
