cur_n,cur_mean,cur_std,cur_S,next_n,next_mean,next_std,next_S
1341000.0,-0.06253251004014376,1.158226315598121,1798935.6737111013,1341000.0,-0.06253253447106553,1.1582263146246297,1798935.6706870839
1341000.0,-0.09194956706236196,1.1251050689677273,1697520.1591468286,1341000.0,-0.09194957981756331,1.1251050680222248,1697520.156293745
1341000.0,-0.13117651756868026,0.8833980142805961,1046505.7412424012,1341000.0,-0.1311765151606061,0.8833980146425784,1046505.7421000362
1341000.0,0.10485444935281939,1.2606174339658203,2131058.6181717017,1341000.0,0.10485445179538544,1.2606174337658418,2131058.6174955787
1341000.0,0.10582996468132948,1.1259823435677787,1700168.3951933857,1341000.0,0.10582994935191017,1.1259823451485595,1700168.3999671615
1341000.0,0.0981881500191418,0.69424387022249,646327.8733489536,1341000.0,0.09818814646958406,0.6942438707366597,646327.874306318
