cur_n,cur_mean,cur_std,cur_S,next_n,next_mean,next_std,next_S
3301000.0,-0.3003532707022029,1.32595960651548,5803715.466643376,3301000.0,-0.30035325325775764,1.3259596108458085,5803715.504551008
3301000.0,-0.36154719074213215,1.3295547657184146,5835230.103522054,3301000.0,-0.36154718694786125,1.3295547667680798,5835230.112735721
3301000.0,-0.1960903112301426,0.9897529176492021,3233695.3762218524,3301000.0,-0.1960902965350793,0.9897529209206899,3233695.397598895
3301000.0,0.09784058809595514,0.8345497578176665,2299058.3576009087,3301000.0,0.09784061834809045,0.8345497560809808,2299058.348032296
3301000.0,0.08425795997729288,0.7378285441258141,1797034.5606990277,3301000.0,0.08425797423704041,0.7378285429522371,1797034.554982365
3301000.0,0.0975828098361072,0.6505778534233018,1397153.3446474397,3301000.0,0.09758281439988604,0.6505778527915814,1397153.341934128
