cur_n,cur_mean,cur_std,cur_S,next_n,next_mean,next_std,next_S
322000.0,0.000354510044403425,0.013962109390764362,62.77084056197387,322000.0,0.00035454286239407196,0.013962120976792208,62.77094473892708
322000.0,-0.007437880633153245,0.02068438933366754,137.76575579837012,322000.0,-0.007437846498864847,0.020684410677060294,137.76604010844605
322000.0,-0.005948242450592208,0.016095637213360065,83.42039101192063,322000.0,-0.005948225969503109,0.016095646021037014,83.42048230871694
322000.0,-0.00014111447028513429,0.11451944247444087,4222.934270899481,322000.0,-0.00014109534176043665,0.11451944301241937,4222.934310575675
322000.0,-0.00011449453365830216,0.07079995931129057,1614.068224790689,322000.0,-0.00011448111233241329,0.07079995974261691,1614.0682444570882
322000.0,-0.0007575372348244178,0.06135506669250297,1212.1510352469588,322000.0,-0.0007575093443541815,0.061355069078061646,1212.1511295067367
