cur_n,cur_mean,cur_std,cur_S,next_n,next_mean,next_std,next_S
2251000.0,-0.31445681759381316,1.3340449533252963,4006050.53529605,2251000.0,-0.31445692752290505,1.3340449376085217,4006050.4409031393
2251000.0,-0.3671733087565763,1.3289013759780357,3975218.4297887892,2251000.0,-0.3671732095661683,1.3289014117170646,3975218.64360518
2251000.0,-0.1924321532275696,0.9903981261910062,2207979.897264339,2251000.0,-0.19243207597120324,0.9903981479844425,2207979.9944363115
2251000.0,0.09842487309597676,0.8380568763322659,1580965.8272555063,2251000.0,0.09842544909297586,0.8380572542509607,1580967.2531173863
2251000.0,0.09091552626974136,0.7518682763014117,1272503.5919489344,2251000.0,0.09091537900674025,0.7518683265715699,1272503.7621089504
2251000.0,0.09864496534010221,0.653777668381526,962134.2145070396,2251000.0,0.09864482074505337,0.6537777261920006,962134.3846610254
