cur_n,cur_mean,cur_std,cur_S,next_n,next_mean,next_std,next_S
2741000.0,-0.32770215329325353,1.3640813033713264,5100227.49584998,2741000.0,-0.3277025169340049,1.3640813488683157,5100227.8360716365
2741000.0,-0.39148941903959017,1.3693891001796732,5139995.857580743,2741000.0,-0.39148934155652276,1.3693891283395392,5139996.068976607
2741000.0,-0.17499453231115292,0.9984183171271515,2732336.0717075113,2741000.0,-0.1749946142479877,0.9984183119815206,2732336.0435437798
2741000.0,0.10176133361002357,0.8499741553021453,1980252.0732922526,2741000.0,0.10176281385306922,0.8499775110406014,1980267.70958216
2741000.0,0.09348711143098316,0.768085518588667,1617067.6523556686,2741000.0,0.09348686497232297,0.7680856569683139,1617068.2350232631
2741000.0,0.09289268027076644,0.6529706549405055,1168682.0235010192,2741000.0,0.09289286533018526,0.652970700493568,1168682.1865620897
