cur_n,cur_mean,cur_std,cur_S,next_n,next_mean,next_std,next_S
3002000.0,-0.013281232433433786,0.02470332319191233,1831.9830385256687,3002000.0,-0.013281233145646979,0.024703322839826333,1831.9829863047137
3002000.0,-0.02232693903287856,0.03931822503350653,4640.860304995949,3002000.0,-0.022326939422047366,0.03931822481829723,4640.860254192217
3002000.0,-0.005342541391494423,0.009976405206435477,298.7850398506647,3002000.0,-0.005342541966981953,0.00997640494808042,298.7850243756266
3002000.0,-0.0004743360017095955,0.052197369589383855,8179.145306936305,3002000.0,-0.00047434212039845064,0.052197370610363905,8179.145626904316
3002000.0,-0.0007227154489552173,0.06598932564398387,13072.482479041137,3002000.0,-0.0007227217785418311,0.06598932648595338,13072.482812629381
3002000.0,-0.0005404941682427657,0.043242464838893276,5613.47211755945,3002000.0,-0.000540500328691111,0.043242466079221775,5613.472439583162
