cur_n,cur_mean,cur_std,cur_S,next_n,next_mean,next_std,next_S
661000.0,-0.021851483978805333,1.1485306959565182,871940.1440654347,661000.0,-0.021851072624791124,1.1485307524750215,871940.2298807347
661000.0,-0.09753668983421704,1.1107213638226785,815476.9876624452,661000.0,-0.09753657517138634,1.110721377803744,815477.0081918734
661000.0,-0.10805592243171618,0.8167363713828208,440925.5365244604,661000.0,-0.10805586891707596,0.8167363796217862,440925.54542028136
661000.0,0.09670209404148987,1.412829695006029,1319414.000827038,661000.0,0.09670356477117349,1.412830100336442,1319414.757887426
661000.0,0.1113334427179518,1.2769247685793998,1077784.8675082373,661000.0,0.11133390741819228,1.2769247839549713,1077784.8934636556
661000.0,0.09325873729530686,0.7335880334173808,355718.0772330721,661000.0,0.09325870702460272,0.7335880376784157,355718.08136543824
