cur_n,cur_mean,cur_std,cur_S,next_n,next_mean,next_std,next_S
3431000.0,-0.30271414173864286,1.3307881178690675,6076290.757303589,3431000.0,-0.3027142477415476,1.3307881082416253,6076290.669387057
3431000.0,-0.3668910014704415,1.3362674462356676,6126430.2700792,3431000.0,-0.36689101278640696,1.3362674432931059,6126430.243097477
3431000.0,-0.19877322410808712,0.9910054196270546,3369556.765876297,3431000.0,-0.19877321776057838,0.991005420969955,3369556.775008396
3431000.0,0.0987095724279272,0.8347906986997918,2390979.876991041,3431000.0,0.09870978985814687,0.834790770142083,2390980.286236348
3431000.0,0.08563271984571005,0.7376963455709015,1867136.1269597823,3431000.0,0.08563264254048188,0.7376963684418777,1867136.2427343198
3431000.0,0.09868033875682929,0.64951336013557,1447427.752736468,3431000.0,0.09868034259094802,0.6495133595918637,1447427.7503131905
