cur_n,cur_mean,cur_std,cur_S,next_n,next_mean,next_std,next_S
2201000.0,-0.31795219800270225,1.3376256044522794,3938122.2091676025,2201000.0,-0.31795176364623207,1.337625862918446,3938123.7310754466
2201000.0,-0.37069428873714294,1.3316625658332513,3903088.741520758,2201000.0,-0.37069406561652074,1.331662669084309,3903089.3467762736
2201000.0,-0.19456935055834493,0.9931195593750695,2170816.496728544,2201000.0,-0.1945693697863924,0.9931195560176334,2170816.4820507993
2201000.0,0.09855857711624025,0.8360468017655834,1538442.3346881561,2201000.0,0.09855817507417385,0.8360470619268908,1538443.2921542467
2201000.0,0.09205891541987485,0.7524182002633255,1246059.0589405915,2201000.0,0.092058939493835,0.752418198165551,1246059.0519924585
2201000.0,0.0998687163309482,0.654074660904399,941617.8701438872,2201000.0,0.09986877201100713,0.6540746576190586,941617.8606846146
