cur_n,cur_mean,cur_std,cur_S,next_n,next_mean,next_std,next_S
2162000.0,-0.006707860937302537,0.03556059176773501,2733.96939501619,2162000.0,-0.006707863313067035,0.035560591491169094,2733.969352490309
2162000.0,-0.015756493598249575,0.06061992572744551,7944.864404424584,2162000.0,-0.01575650240960383,0.06061992482168076,7944.864167005023
2162000.0,-0.03289565266989251,0.09119516624759431,17980.399146054802,2162000.0,-0.03289566485599285,0.0911951636121388,17980.39810682118
2162000.0,-0.0003957008396152591,0.16251868339838346,57103.44114456214,2162000.0,-0.0003957002569249639,0.16251868340206252,57103.441147147525
2162000.0,-0.0004987577644042793,0.15526610637266178,52120.55290992998,2162000.0,-0.000498753398415349,0.15526610651940043,52120.553008446
2162000.0,-0.00046218966380370135,0.15828014049526465,54163.727416183945,2162000.0,-0.0004621774718072475,0.15828014154606648,54163.72813535622
