cur_n,cur_mean,cur_std,cur_S,next_n,next_mean,next_std,next_S
2322000.0,-0.010968660471796472,0.021085394503721627,1032.3469461187271,2322000.0,-0.010968659638289368,0.02108539497556696,1032.346992322093
2322000.0,-0.018302173234811873,0.03204800602606611,2384.8674307529996,2322000.0,-0.018302174080797148,0.03204800556886157,2384.8673627068183
2322000.0,-0.004731814047214326,0.009457956360816599,207.70972325066413,2322000.0,-0.004731814960458463,0.009457956006298875,207.7097076792713
2322000.0,-0.0004526949513629268,0.0515600115508487,6172.88558498912,2322000.0,-0.0004526880283501861,0.05156001269084865,6172.885857956061
2322000.0,-0.0007078311856999576,0.06374196505086284,9434.374488042466,2322000.0,-0.0007078233843413214,0.06374196624602137,9434.374841830531
2322000.0,-0.0005181965890852409,0.04345364908980817,4384.445955829273,2322000.0,-0.0005181892262555633,0.04345365062603353,4384.44626583763
