cur_n,cur_mean,cur_std,cur_S,next_n,next_mean,next_std,next_S
1422000.0,-0.00861878629000231,0.016271801611999787,376.5051123897965,1422000.0,-0.00861878459834741,0.01627180263307154,376.5051596419395
1422000.0,-0.014524927317335814,0.02337132667751543,776.7232909686794,1422000.0,-0.014524925811134924,0.023371327682613147,776.7233577755692
1422000.0,-0.00452123921000814,0.00859362897745507,105.0153527010651,1422000.0,-0.004521237489713747,0.008593630127377395,105.0153808054915
1422000.0,-0.0006242487132602125,0.055174025378703265,4328.814114768484,1422000.0,-0.0006242542414772914,0.05517402570998262,4328.814166751161
1422000.0,-0.000990940412668452,0.06469363879596485,5951.4495327424565,1422000.0,-0.0009909454757493132,0.06469363900014685,5951.449570309641
1422000.0,-0.000703651658598636,0.04869413468980069,3371.730867033977,1422000.0,-0.0007036572860961732,0.048694135070886206,3371.730919809031
