cur_n,cur_mean,cur_std,cur_S,next_n,next_mean,next_std,next_S
3562000.0,-0.013856957839969633,0.02453695165606796,2144.544831790234,3562000.0,-0.013856959929347124,0.024536950792982997,2144.544680921912
3562000.0,-0.022969371996385567,0.03884947633314877,5376.061812063916,3562000.0,-0.02296937429426181,0.03884947521661782,5376.061503048717
3562000.0,-0.005666449999548427,0.009425575586071249,316.45333440858036,3562000.0,-0.00566645193330813,0.009425575130116652,316.4533037922327
3562000.0,-0.0006547191421589392,0.05544053265145814,10948.350777332884,3562000.0,-0.0006547252740549767,0.05544053378692875,10948.351225796494
3562000.0,-0.0010368182354461865,0.06835995359634517,16645.522556783682,3562000.0,-0.0010368250539061362,0.0683599547041802,16645.523096295256
3562000.0,-0.0007381118279490423,0.04697046678891697,7858.572560813494,3562000.0,-0.000738118166844624,0.04697046821288632,7858.573037298717
