cur_n,cur_mean,cur_std,cur_S,next_n,next_mean,next_std,next_S
3122000.0,-0.013644860899998137,0.025299462507632133,1998.2760715126121,3122000.0,-0.013644861492167974,0.025299462209890856,1998.2760244784697
3122000.0,-0.022906466442502035,0.040363187309147716,5086.321469809938,3122000.0,-0.02290646661613429,0.04036318721177501,5086.321445269314
3122000.0,-0.005444170701382749,0.010073166462603988,316.7852270251554,3122000.0,-0.00544417111331913,0.010073166266264347,316.78521467601036
3122000.0,-0.0004832100048847462,0.05232841399316292,8548.856808266408,3122000.0,-0.00048321643949916684,0.05232841516886375,8548.857192413278
3122000.0,-0.0007301579172832282,0.06633877658389474,13739.401495938748,3122000.0,-0.0007301644299110377,0.06633877751025208,13739.40187965386
3122000.0,-0.0005503857009029798,0.04323535997895951,5835.943212536888,3122000.0,-0.0005503921612135569,0.04323536140356979,5835.943597126946
