cur_n,cur_mean,cur_std,cur_S,next_n,next_mean,next_std,next_S
251000.0,-0.02057592716406525,0.07774842052371617,1517.249040377085,251000.0,-0.020575905458402096,0.07774842702856125,1517.249294259294
251000.0,-0.019346410277494303,0.07808383250714314,1530.3683096498996,251000.0,-0.01934648049090306,0.07808382303431714,1530.3679383332938
251000.0,-0.008611333551514387,0.082794695118971,1720.5953465006835,251000.0,-0.008611369280492545,0.08279469333785994,1720.5952724724775
251000.0,0.032124522654596276,0.1343452482123763,4530.210075028494,251000.0,0.03212440713480506,0.1343452883015184,4530.212778693342
251000.0,0.03368012370382198,0.15136964893685007,5751.105425435573,251000.0,0.03368029213360608,0.15136963498100114,5751.104364964663
251000.0,0.049416750878094724,0.3514642777941642,31005.311779908734,251000.0,0.049416743673835944,0.351464278825637,31005.31196189671
