cur_n,cur_mean,cur_std,cur_S,next_n,next_mean,next_std,next_S
1722000.0,0.00021807724369745694,0.013900296113172977,332.72179556236165,1722000.0,0.00021807762461864544,0.013900296116184822,332.7217957065466
1722000.0,-0.007402003811300657,0.020096983790178154,695.4964403507411,1722000.0,-0.007402003741945849,0.020096983815929087,695.4964421330664
1722000.0,-0.006023538820856026,0.013881753624292241,331.83471010651846,1722000.0,-0.006023539500761615,0.01388175335794085,331.83469737258895
1722000.0,-0.00019058712972052318,0.11399115852500569,22375.640830065266,1722000.0,-0.0001905873095601908,0.11399115852495166,22375.640830044053
1722000.0,-0.00015825022974191549,0.06925983426873303,8260.304235129533,1722000.0,-0.00015825036270402363,0.06925983426865064,8260.304235109881
1722000.0,-0.0007343696813975132,0.05977585637545767,6152.969475332108,1722000.0,-0.0007343697683735112,0.05977585637449565,6152.96947513406
