cur_n,cur_mean,cur_std,cur_S,next_n,next_mean,next_std,next_S
3182000.0,-0.013163908874171704,0.023577771979206043,1768.9098568439258,3182000.0,-0.013163909441892146,0.023577771683985952,1768.909812546464
3182000.0,-0.021814515950353386,0.03697013947678033,4349.1296395515055,3182000.0,-0.021814516540247565,0.036970139143685764,4349.129561181694
3182000.0,-0.005523651787730093,0.009340020838902317,277.58491786073415,3182000.0,-0.005523652342692626,0.009340020563161704,277.584901470742
3182000.0,-0.0006534279737359183,0.05550895639853784,9804.519173127095,3182000.0,-0.000653427887371082,0.05550895639976431,9804.519173560355
3182000.0,-0.0010434078577670487,0.06799402501490312,14710.982426848175,3182000.0,-0.0010434077462127386,0.06799402501690596,14710.982427714835
3182000.0,-0.0007337377284615564,0.04728517389546083,7114.5945669708735,3182000.0,-0.0007337376371624833,0.04728517389715715,7114.594567481333
