cur_n,cur_mean,cur_std,cur_S,next_n,next_mean,next_std,next_S
1131000.0,0.19267262082512457,1.5053261107529103,2562853.5773770805,1131000.0,0.19267266381011916,1.5053261059452117,2562853.5610066373
1131000.0,0.011106807814414203,1.5194272719722688,2611093.594573606,1131000.0,0.011106805374429592,1.5194272719923247,2611093.594642537
1131000.0,0.03885478479333926,1.3590275777925966,2088907.1875941185,1131000.0,0.038854778962691724,1.3590275779733916,2088907.1881499041
1131000.0,0.0037588235098294344,0.8656071756191309,847430.9099886451,1131000.0,0.0037589468060892015,0.8656071850150987,847430.9283859823
1131000.0,0.010378640523974502,0.7557067709269074,645905.8704196187,1131000.0,0.010378632693585885,0.7557067710803752,645905.8706819578
1131000.0,0.002104246923453317,0.6908557674373801,539805.5929750868,1131000.0,0.0021041281370993517,0.6908557793490617,539805.6115896595
