cur_n,cur_mean,cur_std,cur_S,next_n,next_mean,next_std,next_S
5141000.0,-0.30875055886127606,1.3406473578512408,9240100.973241571,5141000.0,-0.30875056901450876,1.3406473557106593,9240100.943734648
5141000.0,-0.3898753999595646,1.363488183526258,9557633.236831494,5141000.0,-0.3898753975625406,1.3634881842225741,9557633.246593416
5141000.0,-0.2156228951605886,1.0013361036580948,5154746.995386847,5141000.0,-0.21562289530985237,1.0013361036260184,5154746.995056597
5141000.0,0.09658981990457761,0.8226806504981913,3479446.5503519177,5141000.0,0.09658981636729155,0.8226806509526033,3479446.5541956997
5141000.0,0.08674458211097542,0.730429157057551,2742861.039639675,5141000.0,0.08674458107997476,0.7304291571837402,2742861.0405873903
5141000.0,0.09657409924416026,0.638067341242959,2093054.980210775,5141000.0,0.09657410184003308,0.6380673408771952,2093054.9778111412
