cur_n,cur_mean,cur_std,cur_S,next_n,next_mean,next_std,next_S
511000.0,-0.35782776855866955,1.3505927082878906,932115.4391406942,511000.0,-0.35782773550695923,1.3505927172513095,932115.4515129527
511000.0,-0.4263926784792172,1.3147407483320408,883285.593250919,511000.0,-0.42639249061867124,1.314740816116764,883285.6843308844
511000.0,-0.22876129701517806,1.0256597247926114,537560.6921125059,511000.0,-0.22876124032174816,1.0256597382380723,537560.706206364
511000.0,0.10455798459228258,0.7780101746508201,309308.214080562,511000.0,0.10455807749876483,0.7780101649996071,309308.2064066278
511000.0,0.10544081961005393,0.713271800174435,259974.65373220443,511000.0,0.10544083091930462,0.7132717985484532,259974.65254692262
511000.0,0.09518046923773214,0.6190369891090002,195818.67167530468,511000.0,0.09518050366716731,0.6190369843045235,195818.66863572467
