cur_n,cur_mean,cur_std,cur_S,next_n,next_mean,next_std,next_S
1922000.0,-0.009834192241642645,0.019253221220434102,712.459505591636,1922000.0,-0.009834194325762933,0.019253220372706575,712.4594428518467
1922000.0,-0.01630478483878657,0.02835508557280989,1545.3089072111159,1922000.0,-0.016304787006232953,0.028355084485697835,1545.3087887192214
1922000.0,-0.004481916608014343,0.00926335257996244,164.92624536177925,1922000.0,-0.004481918755781448,0.009263352019353598,164.9262253994367
1922000.0,-0.0004523140696284748,0.051091752311164515,5017.125670421189,1922000.0,-0.0004523123229363269,0.05109175238401217,5017.125684728228
1922000.0,-0.0007104410471018762,0.06236281189106034,7474.889229976692,1922000.0,-0.0007104392006635799,0.062362811964632364,7474.889247613572
1922000.0,-0.0005135116264527472,0.04345171420741485,3628.8349206558128,1922000.0,-0.0005135099855880238,0.04345171428635241,3628.8349338406256
