cur_n,cur_mean,cur_std,cur_S,next_n,next_mean,next_std,next_S
1501000.0,-0.026861925601790283,0.14749781115608934,32655.162048051927,1501000.0,-0.026861920545236777,0.14749781220708233,32655.162513419466
1501000.0,-0.017225039248330937,0.0336649850222646,1701.1301560404988,1501000.0,-0.01722506548660238,0.033664986944849484,1701.130350341326
1501000.0,-0.003852778198568505,0.03192123240924982,1529.4665828665372,1501000.0,-0.003852796175816698,0.03192123783777359,1529.4671030686584
1501000.0,0.10594245547322327,0.4553202751848021,311182.1460445402,1501000.0,0.1059424828695349,0.45532027004745507,311182.13902244717
1501000.0,0.0007960165125046949,0.09574017931932453,13758.43908608072,1501000.0,0.0007960099427017376,0.09574017971229688,13758.439199025695
1501000.0,0.0022039035580068604,0.07576297259173445,8615.782051919794,1501000.0,0.002203890084630239,0.0757629747819004,8615.782550052118
