cur_n,cur_mean,cur_std,cur_S,next_n,next_mean,next_std,next_S
2851000.0,-0.2994895028784713,1.3225268641235413,4986619.400342405,2851000.0,-0.2994894667202573,1.3225268737209752,4986619.4727171175
2851000.0,-0.3602595857965574,1.3228033493243607,4988704.606504662,2851000.0,-0.3602596246996598,1.3228033403602573,4988704.538891794
2851000.0,-0.19100562916487215,0.9872740549756244,2778898.379999463,2851000.0,-0.19100565676228523,0.9872740507361037,2778898.3561333497
2851000.0,0.0966607289750775,0.8374353090791399,1999400.3040404448,2851000.0,0.0966610788902909,0.8374354771112619,1999401.10640334
2851000.0,0.08665158709601813,0.7420790272840989,1569992.337077241,2851000.0,0.08665161328149336,0.7420790255436003,1569992.3297126088
2851000.0,0.0969905276999331,0.6526532056655225,1214401.1457734916,2851000.0,0.09699058471857107,0.6526532042929516,1214401.1406655668
