cur_n,cur_mean,cur_std,cur_S,next_n,next_mean,next_std,next_S
4301000.0,-0.30759994571703425,1.3424470996617888,7751108.29039389,4301000.0,-0.3075999174934542,1.3424471074048347,7751108.379808493
4301000.0,-0.3812084221436258,1.3620581584132236,7979225.638096996,4301000.0,-0.3812084138392083,1.3620581608463525,7979225.666604564
4301000.0,-0.15698724148121693,0.9726802869086321,4069205.951265373,4301000.0,-0.15698724462620242,0.9726802864228785,4069205.9472010755
4301000.0,0.09813049240029305,0.8589921679899538,3173568.3096174165,4301000.0,0.09813048218719488,0.8589921694177657,3173568.3201675904
4301000.0,0.09507739007714623,0.7696079054105907,2547466.5070311204,4301000.0,0.09507740157087907,0.7696079043597981,2547466.5000746977
4301000.0,0.09378804518612725,0.6578544354216466,1861354.3427351175,4301000.0,0.09378804180043339,0.6578544359418022,1861354.3456786068
