cur_n,cur_mean,cur_std,cur_S,next_n,next_mean,next_std,next_S
3871000.0,-0.3088147387300915,1.3428852498161539,6980732.214246757,3871000.0,-0.3088147896303325,1.3428852418451334,6980732.131375104
3871000.0,-0.3813232446238058,1.3620850081972538,7181771.729750164,3871000.0,-0.3813248726782967,1.3620883188129858,7181806.641103309
3871000.0,-0.15958492040432964,0.974012146000524,3672416.38601439,3871000.0,-0.1595845625176591,0.9740124591563595,3672418.7474609306
3871000.0,0.09824909665703344,0.8578334119793447,2848584.3678431488,3871000.0,0.09824900150830475,0.8578334433034301,2848584.5758772506
3871000.0,0.09362220082815757,0.7686171417178891,2286879.614110318,3871000.0,0.09362243789571154,0.7686172543646819,2286880.2844301923
3871000.0,0.09255639351988762,0.6557555067828951,1664589.1669811502,3871000.0,0.09255625289264129,0.6557555850017271,1664589.5640871662
