cur_n,cur_mean,cur_std,cur_S,next_n,next_mean,next_std,next_S
1201000.0,-0.023446843584853924,0.0835242259482209,8378.5318806196,1201000.0,-0.023446862419287333,0.08352422321141822,8378.531331548049
1201000.0,-0.021386825740273462,0.0802880684384429,7741.854894224885,1201000.0,-0.02138688438571195,0.08028807854019884,7741.856842368244
1201000.0,-0.0024663659904424376,0.09733794308187173,11379.08487125505,1201000.0,-0.0024664540351752046,0.09733798867401713,11379.095530962808
1201000.0,0.033631986394997586,0.1389550581671368,23189.518336469075,1201000.0,0.03363200976683014,0.1389550548709415,23189.517236297823
1201000.0,0.03327744231311906,0.14362700395681166,24775.088234997602,1201000.0,0.033277465514258066,0.14362700083184127,24775.087156907633
1201000.0,0.049680271893105,0.35430121341459553,150760.74914229277,1201000.0,0.04968032512411925,0.35430121075303794,150760.74687722337
