cur_n,cur_mean,cur_std,cur_S,next_n,next_mean,next_std,next_S
1111000.0,0.19380563276625054,1.4980724000581978,2493329.437471719,1111000.0,0.1938056819032653,1.4980723945966452,2493329.419291757
1111000.0,0.010097451296003512,1.5159555750616542,2553212.7704777275,1111000.0,0.010097446465802682,1.515955575102378,2553212.770614904
1111000.0,0.039962718572525695,1.355456393178985,2041198.119562669,1111000.0,0.03996271284281588,1.3554563933613226,2041198.1201118378
1111000.0,0.003526589548150117,0.8685245715981926,838066.1088629744,1111000.0,0.0035267262378428296,0.8685245829932716,838066.1308539
1111000.0,0.01040615821194101,0.7592475304173614,640443.5186262418,1111000.0,0.010406149691882713,0.7592475305872891,640443.518912918
1111000.0,0.001807232442273684,0.6934467404237948,534244.7721846726,1111000.0,0.0018071193960516397,0.6934467509556218,534244.788412519
