cur_n,cur_mean,cur_std,cur_S,next_n,next_mean,next_std,next_S
2642000.0,-0.011492510282650623,0.02079537507090188,1142.5266235049257,2642000.0,-0.011492512757587751,0.02079537409223666,1142.526515966491
2642000.0,-0.019036791530945684,0.03173667855293868,2661.0666946426977,2642000.0,-0.0190367943836205,0.03173667718052703,2661.066464493922
2642000.0,-0.005172947367109951,0.00901764559988104,214.84197678007237,2642000.0,-0.005172949711354181,0.009017645060147511,214.84195106218104
2642000.0,-0.0006261319269990182,0.055023218520874634,7998.799190838024,2642000.0,-0.0006261478905446248,0.05502322445730053,7998.800916810534
2642000.0,-0.0010058017422584337,0.06645780953749247,11668.764064994135,2642000.0,-0.001005817787335412,0.0664578144119514,11668.765776724134
2642000.0,-0.0007137900410579655,0.04740479803401429,5937.1417040978995,2642000.0,-0.000713805699011759,0.04740480463028394,5937.143356377498
