cur_n,cur_mean,cur_std,cur_S,next_n,next_mean,next_std,next_S
3042000.0,-0.013380315276791831,0.02484971776812342,1878.4607753386927,3042000.0,-0.013380316227790056,0.02484971731141529,1878.4607062909627
3042000.0,-0.022469705704686236,0.03955162421266854,4758.6948346505715,3042000.0,-0.022469706686309026,0.03955162369205301,4758.694709373774
3042000.0,-0.005370527009408688,0.009998531849241352,304.11068426477345,3042000.0,-0.005370527957823695,0.009998531476650533,304.11066159967646
3042000.0,-0.00047569666274895067,0.05218293636494452,8283.545014605597,3042000.0,-0.00047569710104450937,0.05218293636654505,8283.545015113736
3042000.0,-0.000722911488550722,0.0660129017118685,13256.133111344105,3042000.0,-0.0007229119324806414,0.06601290171154676,13256.133111214893
3042000.0,-0.0005422069891995712,0.04319815474124121,5676.617103212686,3042000.0,-0.0005422074194916608,0.04319815474235781,5676.617103506149
