cur_n,cur_mean,cur_std,cur_S,next_n,next_mean,next_std,next_S
2321000.0,-0.3125380022782141,1.3319021352076266,4117368.814125644,2321000.0,-0.31253947257459785,1.3319036737667111,4117378.32656456
2321000.0,-0.3657430230962486,1.3269147588441197,4086591.145970206,2321000.0,-0.365744136581019,1.3269155362820655,4086595.93463042
2321000.0,-0.1919932980963226,0.9899609367287663,2274632.5851536887,2321000.0,-0.19199313161115267,0.9899610015090369,2274632.8828448677
2321000.0,0.09827776270386067,0.8392916363916239,1634936.6565781941,2321000.0,0.09827876734198984,0.8392929143206935,1634941.63538313
2321000.0,0.09053446419332786,0.750719622019835,1308069.0660054865,2321000.0,0.09053568859181563,0.7507217918208018,1308076.6274266683
2321000.0,0.0989924241736448,0.6544060197786956,993961.841075142,2321000.0,0.09899229960521597,0.6544060661400167,993961.9819093774
