cur_n,cur_mean,cur_std,cur_S,next_n,next_mean,next_std,next_S
3601000.0,-0.05237558396530177,0.15965407353990943,91787.41293559042,3601000.0,-0.05237590223135105,0.15965511146260533,91788.6063727091
3601000.0,-0.04473555552111216,0.15577499208937565,87381.31922576259,3601000.0,-0.04473565831069958,0.15577508469206225,87381.42311595981
3601000.0,0.010873311636555428,0.29843069525103194,320708.2284047195,3601000.0,0.010872823098212438,0.29843215299540016,320711.36153923324
3601000.0,0.02789710153655318,0.16469763209294475,97678.24137129977,3601000.0,0.027897028061632523,0.16469770355629917,97678.32613774367
3601000.0,0.028551445686906235,0.17981573653889657,116433.65048440015,3601000.0,0.028551440154815422,0.17981573772372722,116433.65201879485
3601000.0,0.05655927627603867,0.4483214401231544,723772.6013404309,3601000.0,0.0565591979316717,0.44832147465702393,723772.7128437734
