cur_n,cur_mean,cur_std,cur_S,next_n,next_mean,next_std,next_S
1162000.0,0.0002365625374198247,0.013802417860524005,221.368830481547,1162000.0,0.00023655900291728033,0.01380241844697115,221.3688492929064
1162000.0,-0.007345374093131745,0.02002688855514099,466.05062016244307,1162000.0,-0.007345372700328067,0.020026889122265662,466.0506465578373
1162000.0,-0.005982570622190846,0.013858777582985995,223.18036210201257,1162000.0,-0.005982575246001708,0.013858776483269941,223.18032668258016
1162000.0,-0.00019868505122796776,0.11361872883041622,15000.50845868808,1162000.0,-0.00019861588260983797,0.11361875341630334,15000.51495059045
1162000.0,-0.00015958792131500193,0.06874534594057667,5491.522047824871,1162000.0,-0.00015952156489240657,0.0687453833079265,5491.528017790644
1162000.0,-0.0007447660224151532,0.059227180414825026,4076.1320416724507,1162000.0,-0.0007447085843941894,0.05922721350044495,4076.136595709709
