cur_n,cur_mean,cur_std,cur_S,next_n,next_mean,next_std,next_S
402000.0,-0.007581363055895087,0.016427161190335104,108.48035315884727,402000.0,-0.00758135582217203,0.016427165169057893,108.48040570758654
402000.0,-0.012528355044152381,0.02192014277588768,193.15804904475098,402000.0,-0.012528348023268137,0.021920147240637046,193.15812773058556
402000.0,-0.003934562983250568,0.00905419026403593,32.955301257619944,402000.0,-0.00393455558426416,0.009054194694634848,32.95533351047823
402000.0,-0.00043961684828782463,0.05320725472764294,1138.0668061722174,402000.0,-0.0004396157612032402,0.05320725474108942,1138.0668067474394
402000.0,-0.0006719299577238982,0.062194454008728715,1554.996343996436,402000.0,-0.0006719290892716672,0.06219445402054886,1554.9963445874948
402000.0,-0.0004982990027579774,0.045694475305820124,839.3699995366304,402000.0,-0.0004982980297533983,0.045694475320595236,839.3700000794438
