cur_n,cur_mean,cur_std,cur_S,next_n,next_mean,next_std,next_S
381000.0,0.15396446868982178,1.3872583894446364,733229.1046912047,381000.0,0.15396460887097382,1.3872583765851223,733229.0910975295
381000.0,-0.02062658739927724,1.3790354551564643,724562.4776864452,381000.0,-0.020626593379439468,1.3790354550719606,724562.4775976468
381000.0,0.04555244139273277,1.2274182767920587,573997.6935834142,381000.0,0.04555242151881096,1.2274182775908977,573997.6943305625
381000.0,0.010181667775522043,0.9350396327271132,333107.96272754326,381000.0,0.01018203615740395,0.9350396563635869,333107.97956853575
381000.0,0.019404018861270106,0.8405463765747135,269183.4384568673,381000.0,0.019403990658994893,0.8405463774060309,269183.43898932304
381000.0,0.014846297054122824,0.7993352802309146,243434.95517451904,381000.0,0.014845952124343172,0.7993353149921733,243434.97634737563
