cur_n,cur_mean,cur_std,cur_S,next_n,next_mean,next_std,next_S
1601000.0,-0.027631284856330613,0.09537372198671658,14562.931099804806,1601000.0,-0.02763127480449992,0.09537372574694783,14562.932248129284
1601000.0,-0.02740382773199621,0.09671731408612146,14976.136389297584,1601000.0,-0.02740381512535411,0.0967173189734762,14976.137902856839
1601000.0,-0.016613135136339986,0.09881460839146557,15632.687257325475,1601000.0,-0.0166131127088372,0.0988146162368353,15632.689739634887
1601000.0,0.03315242874711961,0.1445923686659738,33472.03187537545,1601000.0,0.033152424527526946,0.14459236973202433,33472.03236894061
1601000.0,0.03433341483938647,0.1512989455741792,36649.08486190536,1601000.0,0.03433340723726247,0.15129894760505852,36649.08584578359
1601000.0,0.04790245761373535,0.33865047643865315,183609.31645259497,1601000.0,0.04790245358706219,0.33865047704655127,183609.31711177467
