cur_n,cur_mean,cur_std,cur_S,next_n,next_mean,next_std,next_S
2671000.0,-0.3298619187796308,1.3653801987426781,4979446.705693767,2671000.0,-0.3298623209239436,1.365380259769592,4979447.150815607
2671000.0,-0.3939932058046276,1.371756450995492,5026062.7972243335,2671000.0,-0.39399388900670196,1.3717567091955205,5026064.6892944295
2671000.0,-0.17591956695586297,1.0010251366379526,2676479.0868875356,2671000.0,-0.17592041036359765,1.0010259374344055,2676483.3691292857
2671000.0,0.10218261966990361,0.8484138529458424,1922602.0019398634,2671000.0,0.10218277786895205,0.8484138732876074,1922602.0941333573
2671000.0,0.09441262138918426,0.7683362005708118,1576799.5211943747,2671000.0,0.09441344368027837,0.7683372748136296,1576803.9303755213
2671000.0,0.09271616126766213,0.6527993685792627,1138238.6787142998,2671000.0,0.09271698361043211,0.6528006352519216,1138243.095928169
