cur_n,cur_mean,cur_std,cur_S,next_n,next_mean,next_std,next_S
581000.0,0.16933990173898375,1.4203199103193245,1172056.324284356,581000.0,0.16933998910545892,1.4203199014641208,1172056.3096696238
581000.0,-0.015457758577027109,1.4142054415502774,1161986.654958951,581000.0,-0.015457766046111689,1.4142054414800738,1161986.6548435849
581000.0,0.05052358080981273,1.240264724000219,893727.076233216,581000.0,0.05052357692954161,1.240264724161784,893727.0764660615
581000.0,0.008886288404761184,0.9472331769486603,521302.6517686183,581000.0,0.008886548882090808,0.9472331953129408,521302.6719819058
581000.0,0.019653276962961243,0.8147744955371438,385701.1950537059,581000.0,0.01965326595106006,0.8147744958459997,385701.1953461208
581000.0,0.003608865719864783,0.7556990532927158,331798.09536470147,581000.0,0.003608635238571478,0.7556990748139377,331798.1142629667
