cur_n,cur_mean,cur_std,cur_S,next_n,next_mean,next_std,next_S
2541000.0,-0.3362485681876615,1.3675335203352024,4752045.888199835,2541000.0,-0.3362486060322941,1.3675335123605379,4752045.8327774685
2541000.0,-0.39596638148865115,1.3748084383702457,4802739.633465859,2541000.0,-0.395966465311121,1.374808420721196,4802739.510155894
2541000.0,-0.17844020901853264,1.0054374309587868,2568708.150463006,2541000.0,-0.17844020387603893,1.0054374319048542,2568708.1552970633
2541000.0,0.10360382222830637,0.8484594746680111,1829223.923071104,2541000.0,0.10360385091776966,0.8484594723972505,1829223.913279877
2541000.0,0.09390005556860509,0.7678124028352957,1498010.6861931323,2541000.0,0.09390003593061999,0.7678124058750779,1498010.6980544315
2541000.0,0.09277829755436685,0.6528865608149426,1083128.8485449124,2541000.0,0.09277825900082816,0.6528865691860218,1083128.8763198985
