cur_n,cur_mean,cur_std,cur_S,next_n,next_mean,next_std,next_S
2051000.0,-0.06961824535494025,0.17073567582117205,59788.02621712844,2051000.0,-0.06961827469878623,0.17073566902793202,59788.02145943028
2051000.0,-0.07510339106169454,0.17267315073152406,61152.650833264386,2051000.0,-0.07510343607166614,0.17267314318637467,61152.64548899547
2051000.0,-0.09249094999385675,0.24314453171069575,121253.60902996856,2051000.0,-0.0924910000456826,0.2431445232372436,121253.60057872657
2051000.0,0.030124549474384994,0.15342894587576356,48281.44537815592,2051000.0,0.030124575402994964,0.1534289452784046,48281.44500219876
2051000.0,0.029715727007466695,0.1202270255851594,29646.256783842924,2051000.0,0.029715741637384382,0.12022702379483012,29646.25590090399
2051000.0,0.04910751684952226,0.3090311783287603,195871.0520866665,2051000.0,0.04910754994930425,0.30903117670462843,195871.05002784237
