cur_n,cur_mean,cur_std,cur_S,next_n,next_mean,next_std,next_S
1061000.0,-0.37309536886560923,1.3821803726964716,2026958.3602100664,1061000.0,-0.3730945611981607,1.3821808410838718,2026959.7339843377
1061000.0,-0.43023975420662985,1.3907021844004672,2052029.772203701,1061000.0,-0.4302421111228089,1.3907035742834537,2052033.8738477852
1061000.0,-0.208974982528447,1.0299219299767433,1125444.271939688,1061000.0,-0.20897453781906064,1.0299221220768482,1125444.6917734179
1061000.0,0.10296627071268653,0.809112714257867,694597.8508205306,1061000.0,0.10296644698432342,0.809112712198175,694597.8472841688
1061000.0,0.09599318752503483,0.7439591976890529,587237.2803835338,1061000.0,0.09599506529791295,0.7439614697245159,587240.8672091762
1061000.0,0.09011326716337578,0.6324070012379162,424334.8707428325,1061000.0,0.09011274696796251,0.632407302359434,424335.2748382663
