cur_n,cur_mean,cur_std,cur_S,next_n,next_mean,next_std,next_S
4202000.0,-0.015323378957881688,0.027691747857591473,3222.231843314189,4202000.0,-0.015323378696268083,0.027691748007550046,3222.231878212766
4202000.0,-0.026000406450601678,0.045680391091490136,8768.305543400807,4202000.0,-0.0260004062054386,0.04568039123379442,8768.30559803114
4202000.0,-0.005794281788143094,0.010313602842432866,446.96843589122795,4202000.0,-0.005794281522024375,0.010313603006368246,446.9684501004121
4202000.0,-0.0005095527357176006,0.052493776609381704,11579.016840571245,4202000.0,-0.0005095530528372873,0.052493776610326434,11579.01684098802
4202000.0,-0.0007412530554242651,0.06800288978742329,19431.699467688726,4202000.0,-0.0007412533670852014,0.06800288978702126,19431.699467458966
4202000.0,-0.0005784499127497298,0.042779325283876186,7689.956962666978,4202000.0,-0.0005784502375217101,0.042779325284662946,7689.956962949834
