cur_n,cur_mean,cur_std,cur_S,next_n,next_mean,next_std,next_S
2542000.0,-0.006057478593948981,0.034207072951724656,2974.4548010883655,2542000.0,-0.006057479606905776,0.034207072810473416,2974.454776523537
2542000.0,-0.015813798615263726,0.05765001506965526,8448.39861180502,2542000.0,-0.015813802608739373,0.057650014325816526,8448.398393791334
2542000.0,-0.02954561071698338,0.08515091380545195,18431.223785878716,2542000.0,-0.029545615345740378,0.08515091251916661,18431.223229036474
2542000.0,-0.000368457035857823,0.1646660768905938,68926.118705246,2542000.0,-0.00036845715235346837,0.16466607689044227,68926.11870511915
2542000.0,-0.000518929988413098,0.14868066643052222,56193.300929509955,2542000.0,-0.0005189285784599711,0.148680666452438,56193.30094607592
2542000.0,-0.00046053089224729705,0.15059913329771507,57652.811530958345,2542000.0,-0.00046052881107739544,0.15059913334063663,57652.81156382107
