cur_n,cur_mean,cur_std,cur_S,next_n,next_mean,next_std,next_S
1711000.0,-0.3301367485116269,1.3462493123287609,3100994.5179280266,1711000.0,-0.330136785714715,1.3462493040851047,3100994.4799506147
1711000.0,-0.3767235423498516,1.3290136696359724,3022100.5186096374,1711000.0,-0.37672355333016283,1.3290136666011496,3022100.5048076133
1711000.0,-0.19632914855579098,1.0008321856898943,1713848.9243548193,1711000.0,-0.1963291354329522,1.0008321884113645,1713848.9336754405
1711000.0,0.09702259873493264,0.821756868626772,1155411.5247924605,1711000.0,0.0970225424478906,0.8217568785707571,1155411.5527554636
1711000.0,0.094051568884659,0.751235307821433,965610.5284847505,1711000.0,0.09405159784258464,0.7512353051509931,965610.5216197781
1711000.0,0.09901311254441066,0.6501302545672059,723187.2542630937,1711000.0,0.09901312199785717,0.6501302532450581,723187.2513216513
