cur_n,cur_mean,cur_std,cur_S,next_n,next_mean,next_std,next_S
1862000.0,0.00023810197820703981,0.014069106958994791,368.5638529012096,1862000.0,0.00023811006048625444,0.014069111144867391,368.5640722131485
1862000.0,-0.007412950580633238,0.020253136572131583,763.7729253595286,1862000.0,-0.00741294230837831,0.02025314274551098,763.7733909724221
1862000.0,-0.005967290542289847,0.01388189761436739,358.82058552170054,1862000.0,-0.005967287327186682,0.013881899689666573,358.8206928067627
1862000.0,-0.00018299416797337026,0.11543205516991273,24810.32952971608,1862000.0,-0.00018299404748668504,0.115432055170223,24810.329529849452
1862000.0,-0.0001516663943576132,0.06991449682490249,9101.524645012056,1862000.0,-0.00015166872304234828,0.06991449689206283,9101.524662498032
1862000.0,-0.0007318280558266883,0.06027287533326857,6764.309910749786,1862000.0,-0.0007318295281733543,0.06027287534887528,6764.309914252809
