cur_n,cur_mean,cur_std,cur_S,next_n,next_mean,next_std,next_S
802000.0,-0.007907004028903344,0.016474987633146976,217.6830244449013,802000.0,-0.007907007639183469,0.0164749862176785,217.68298703990263
802000.0,-0.01327043641213317,0.02311536424330539,428.5246914087465,802000.0,-0.013270440151152122,0.0231153623392761,428.5246208129712
802000.0,-0.0040095225326834735,0.00898457868610967,64.73956864185074,802000.0,-0.004009526066459585,0.00898457766644653,64.73955394721663
802000.0,-0.00044686264396230207,0.051532726371303766,2129.808753582253,802000.0,-0.00044686316163292003,0.05153272636890057,2129.8087533836083
802000.0,-0.0006877328148004877,0.06139885954738386,3023.3956028829352,802000.0,-0.0006877332819667024,0.061398859543576684,3023.39560250799
802000.0,-0.0005023388855253517,0.044460644150039134,1585.3526003456004,802000.0,-0.0005023394069783318,0.04446064414659964,1585.352600100313
