cur_n,cur_mean,cur_std,cur_S,next_n,next_mean,next_std,next_S
2602000.0,-0.0059596676074882395,0.033974989811530874,3003.488424868817,2602000.0,-0.005959670025941374,0.03397498961127462,3003.48838946234
2602000.0,-0.015804507941435807,0.05719598136468231,8512.131499668163,2602000.0,-0.015804516006819563,0.05719598061569804,8512.131276734579
2602000.0,-0.029094221850578323,0.08426903291522661,18477.504301832556,2602000.0,-0.029094229515139233,0.08426903117594962,18477.50353909691
2602000.0,-0.0003655077426678832,0.1644749756696614,70389.34985123592,2602000.0,-0.00036550919233457283,0.16447497568306677,70389.34986270993
2602000.0,-0.0005190294358571962,0.1476306741979674,56710.111138708926,2602000.0,-0.0005190266174187617,0.14763067427787915,56710.111200102736
2602000.0,-0.00046327461961517136,0.14933002930913997,58023.188814325295,2602000.0,-0.0004632717727009253,0.1493300293885868,58023.1888760645
