cur_n,cur_mean,cur_std,cur_S,next_n,next_mean,next_std,next_S
1531000.0,-0.07832137223304422,1.1639664348341259,2074226.1458347326,1531000.0,-0.0783213667406691,1.1639664352235572,2074226.1472226912
1531000.0,-0.10199954948383441,1.139673890823563,1988549.4200375502,1531000.0,-0.10199957038841298,1.1396738892461207,1988549.4145327795
1531000.0,-0.13887419754583555,0.9022152580366605,1246222.3212780957,1531000.0,-0.13887419259753223,0.9022152588190718,1246222.3234395722
1531000.0,0.10697724594825556,1.215537517102023,2262100.658343786,1531000.0,0.10697725989515923,1.2155375159970632,2262100.6542311516
1531000.0,0.10677346280111,1.0893356095619282,1816764.3195675362,1531000.0,0.10677347763050689,1.0893356082629604,1816764.3152347696
1531000.0,0.09782762564529462,0.6813239459699443,710693.750927997,1531000.0,0.09782762777302861,0.6813239456695246,710693.7503012572
