cur_n,cur_mean,cur_std,cur_S,next_n,next_mean,next_std,next_S
791000.0,-0.3719232392465396,1.3678907911026907,1480060.046159384,791000.0,-0.37192310486250013,1.3678908328625339,1480060.1365278212
791000.0,-0.4112265069041465,1.3517519003174168,1445341.4612092923,791000.0,-0.41122645988089657,1.3517519152696946,1445341.4931843127
791000.0,-0.20760096756857704,1.0254266370812293,831736.332336254,791000.0,-0.20760091840879855,1.025426647965866,831736.3499935832
791000.0,0.10344030528877005,0.7837559604426836,485890.2637737818,791000.0,0.10344039533625485,0.7837559526499358,485890.2541115388
791000.0,0.09149362113671225,0.7257118396156805,416586.2202592749,791000.0,0.0914939186861291,0.7257118503526415,416586.2325861235
791000.0,0.08577296519537264,0.6261548759484789,310127.3135811775,791000.0,0.0857729927776179,0.6261548726506806,310127.3103144544
