cur_n,cur_mean,cur_std,cur_S,next_n,next_mean,next_std,next_S
762000.0,-0.009650028864028715,0.04446157914275704,1506.345999139148,762000.0,-0.009650037458408482,0.04446157791036448,1506.345915632911
762000.0,-0.011865024184946213,0.04664257596147904,1657.753777949625,762000.0,-0.01186503509582043,0.04664257415838762,1657.7536497799651
762000.0,-0.024264385359768433,0.07058599400665497,3796.575503029538,762000.0,-0.024264404669622677,0.07058598938139934,3796.5750054766777
762000.0,-0.0005276458048365025,0.14361218801924344,15715.83893732799,762000.0,-0.0005276407653953463,0.14361218810513154,15715.838956125886
762000.0,-0.0005249592068107568,0.14213423116190593,15394.030427005417,762000.0,-0.0005249538337859986,0.14213423125913477,15394.030448066405
762000.0,-0.0005218839870882675,0.14856108958958017,16817.64277311297,762000.0,-0.0005218756108450381,0.14856108979893995,16817.64282051351
