cur_n,cur_mean,cur_std,cur_S,next_n,next_mean,next_std,next_S
1651000.0,-0.3313697469881668,1.3468582560725522,2994958.844380765,1651000.0,-0.33136975949037156,1.3468582530924391,2994958.831127231
1651000.0,-0.37579707268098517,1.3298474325607896,2919783.914109953,1651000.0,-0.37579710096552216,1.3298474250646233,2919783.8811931154
1651000.0,-0.1993051464381994,1.003635131276638,1663025.0200856458,1651000.0,-0.19930516107662213,1.0036351285459622,1663025.0110361765
1651000.0,0.09709347220937059,0.8200489968620465,1110265.069827095,1651000.0,0.09709352042274888,0.8200489934935865,1110265.0607059728
1651000.0,0.09341620284387908,0.7518903550027016,933374.8639169926,1651000.0,0.09341622876203305,0.7518903525201196,933374.8577533821
1651000.0,0.10054257047877747,0.6504315658442306,698474.0772686996,1651000.0,0.10054257327084817,0.6504315654225173,698474.0763629755
