cur_n,cur_mean,cur_std,cur_S,next_n,next_mean,next_std,next_S
2291000.0,-0.34054855374304555,1.3663461196855706,4277071.837724558,2291000.0,-0.3405485329776754,1.366346125222612,4277071.872389747
2291000.0,-0.4023246078476289,1.3792182059431604,4358038.391355215,2291000.0,-0.4023246272677552,1.3792182005914893,4358038.357534912
2291000.0,-0.1846784060334037,1.0088177151508826,2331580.900883549,2291000.0,-0.1846783990033895,1.0088177164939183,2331580.9070916004
2291000.0,0.1041284701810525,0.8430215009498221,1628179.9101869157,2291000.0,0.1041284660839626,0.8430215014786715,1628179.9122297154
2291000.0,0.09483070198053539,0.7660605752900789,1344470.6122865395,2291000.0,0.09483073095530446,0.7660605729586581,1344470.6041030437
2291000.0,0.09368071398459982,0.6503661578745167,969038.3351556836,2291000.0,0.0936807266037025,0.650366156337281,969038.3305747553
