cur_n,cur_mean,cur_std,cur_S,next_n,next_mean,next_std,next_S
1511000.0,0.17929765729995248,1.572495811240132,3736314.788391686,1511000.0,0.17929769054103548,1.5724958079808575,3736314.7729033455
1511000.0,0.03925007801461541,1.5843146822653573,3792690.1017992278,1511000.0,0.039250066080333615,1.5843146826289496,3792690.1035400345
1511000.0,0.03906934797297589,1.4363032956343995,3117143.374302909,1511000.0,0.03906936886771871,1.4363032952956294,3117143.3728324743
1511000.0,0.011783446080220394,0.8283565076409029,1036809.6751678109,1511000.0,0.01178354149371051,0.8283565145866264,1036809.6925549948
1511000.0,-0.0006257042637080611,0.7182146711737067,779422.6262865142,1511000.0,-0.0006257056850769786,0.7182146711746276,779422.6262885127
1511000.0,0.00021046563197896012,0.6561327601724712,650500.9106460054,1511000.0,0.00021035043232535747,0.6561327754901539,650500.9410184155
