cur_n,cur_mean,cur_std,cur_S,next_n,next_mean,next_std,next_S
1721000.0,-0.3299925187453528,1.3463180511064774,3119436.9192391825,1721000.0,-0.3299924986646055,1.34631805628616,3119436.9432419706
1721000.0,-0.3763504413062214,1.32820765520206,3036077.325155587,1721000.0,-0.3763504082922664,1.3282076652628085,3036077.371150218
1721000.0,-0.19592098322660803,1.000810754678851,1723791.7488577452,1721000.0,-0.19592097886230056,1.000810755549612,1723791.7518573347
1721000.0,0.09713800487362623,0.8221786024038746,1163357.542965607,1721000.0,0.09713796836647404,0.822178608111987,1163357.5591192155
1721000.0,0.09417330639182776,0.7510121173755682,970677.0439657317,1721000.0,0.09417327304611414,0.7510121228310334,970677.0580680206
1721000.0,0.09888240303375516,0.6506440695410717,728564.1906990521,1721000.0,0.09888239852616189,0.6506440702529787,728564.1922933797
