cur_n,cur_mean,cur_std,cur_S,next_n,next_mean,next_std,next_S
601000.0,0.16725196819004282,1.4286793090941952,1226715.8655085538,601000.0,0.16725207799640382,1.4286792987755526,1226715.8477886326
601000.0,-0.017680607926337667,1.4087984125662827,1192812.4933168162,601000.0,-0.017680613799842634,1.408798412499909,1192812.4932044202
601000.0,0.048739095011280785,1.2471064758067945,934720.011761545,601000.0,0.048739081566939534,1.2471064763757438,934720.0126144125
601000.0,0.010136202045386643,0.9447060316177148,536374.1611911093,601000.0,0.01013640299604537,0.9447060423063696,536374.1733284687
601000.0,0.02073036628644732,0.8109156345723628,395208.08400273265,601000.0,0.02073035017162494,0.8109156350805578,395208.08449808066
601000.0,0.004061389934069263,0.7525040973615336,340323.7123440837,601000.0,0.00406119046920955,0.7525041143260007,340323.7276886128
