cur_n,cur_mean,cur_std,cur_S,next_n,next_mean,next_std,next_S
262000.0,0.00043278632614418224,0.014406846311075236,54.379991805306844,262000.0,0.00043283061553095806,0.014406862816704233,54.38011640946578
262000.0,-0.007462772807439533,0.02117965712191171,117.52740346005729,262000.0,-0.0074627324429408625,0.02117968142198996,117.52767314589047
262000.0,-0.005835333370834039,0.0166576113188422,72.69871589060038,262000.0,-0.00583531222483975,0.016657622243019143,72.69881124327503
262000.0,-0.0001327033985675353,0.11814867592830587,3657.2867213863024,262000.0,-0.00013270966693152455,0.11814867596483053,3657.2867236475413
262000.0,-0.00011367372204084832,0.07251348681824796,1377.6499118815377,262000.0,-0.00011368465557445615,0.07251348701706836,1377.64991943613
262000.0,-0.000778085532852125,0.06282239979008879,1034.023325831066,262000.0,-0.0007781047958847816,0.06282240032526384,1034.02334344846
