cur_n,cur_mean,cur_std,cur_S,next_n,next_mean,next_std,next_S
151000.0,-0.0309701345686221,0.1026748539039589,1591.860969254095,151000.0,-0.03097016077463176,0.10267484650434906,1591.8607398084378
151000.0,-0.031047666348027338,0.10320887723140966,1608.4629232445966,151000.0,-0.031047652392763327,0.10320888157194513,1608.463058535101
151000.0,-0.04240484865749526,0.14849230897959723,3329.5448397399173,151000.0,-0.042405042955884466,0.14849227268850942,3329.5432122779953
151000.0,0.03319733780293933,0.129932505150223,2549.250840086522,151000.0,0.033197438898819744,0.1299324852592739,2549.2500595733654
151000.0,0.03238452798728566,0.13601863275949788,2793.6613371222356,151000.0,0.03238458117554345,0.13601862166624415,2793.6608814377146
151000.0,0.04729431405841705,0.2006174917343452,6077.354076456791,151000.0,0.04729428270437921,0.20061749949582927,6077.3545466978185
