cur_n,cur_mean,cur_std,cur_S,next_n,next_mean,next_std,next_S
3881000.0,-0.30292285206511416,1.3331747629406079,6897914.5552905165,3881000.0,-0.30292283867272657,1.3331747662447544,6897914.589482163
3881000.0,-0.3767255637894749,1.3446843215857918,7017530.763833045,3881000.0,-0.3767255713487014,1.3446843195505238,7017530.7425900595
3881000.0,-0.20511710966625082,0.9950121911886148,3842381.180442812,3881000.0,-0.20511711143801065,0.9950121908295085,3842381.177669332
3881000.0,0.09741911822216681,0.8294067204601575,2669800.0863325032,3881000.0,0.09741916431343897,0.8294067200167837,2669800.083478127
3881000.0,0.0874565024221932,0.735321177123126,2098445.9633133956,3881000.0,0.08745651920622144,0.7353211758703013,2098445.95616282
3881000.0,0.0984777508404475,0.6444557564571826,1611869.4247015326,3881000.0,0.09847774363934468,0.6444557577136734,1611869.430986833
