cur_n,cur_mean,cur_std,cur_S,next_n,next_mean,next_std,next_S
1762000.0,-0.009570713915295322,0.018890617857291757,628.7792906192656,1762000.0,-0.009570720263669896,0.018890616520513652,628.779201629232
1762000.0,-0.015902088903692897,0.027670865674803383,1349.1225342740875,1762000.0,-0.015902099203890997,0.02767086313329099,1349.1222864458102
1762000.0,-0.004418946776149511,0.009230795346067468,150.13576075436822,1762000.0,-0.004418952651201595,0.009230795827850762,150.1357764264529
1762000.0,-0.0004517978960973896,0.05123501451032517,4625.297066320632,1762000.0,-0.00045179806387065405,0.05123501450932795,4625.297066140582
1762000.0,-0.0007100585334683255,0.06237722156701156,6855.797111480131,1762000.0,-0.000710062615699343,0.06237722175590821,6855.797153002888
1762000.0,-0.000513547915487789,0.04368604599583908,3362.7252231904995,1762000.0,-0.0005135483917161434,0.04368604599481216,3362.725223032407
