cur_n,cur_mean,cur_std,cur_S,next_n,next_mean,next_std,next_S
2051000.0,-0.34868960625983303,1.3691991887132535,3845022.864083088,2051000.0,-0.34868980966135027,1.3691991679004314,3845022.747188808
2051000.0,-0.405254578069312,1.380002405131222,3905938.0148824807,2051000.0,-0.40525490529766073,1.3800023886081423,3905937.9213491296
2051000.0,-0.18816756537613408,1.0131134066328198,2105143.8869079715,2051000.0,-0.1881678260353215,1.013113426993946,2105143.971524561
2051000.0,0.10403898094271202,0.8350865843532919,1430305.0565054044,2051000.0,0.1040389887883496,0.835086583451415,1430305.0534160025
2051000.0,0.09514692684266379,0.7633830753186241,1195227.8790696692,2051000.0,0.09514741448535857,0.7633833339847405,1195228.6890562042
2051000.0,0.09209663748561661,0.6476077259999403,860180.7176551429,2051000.0,0.09209724602575904,0.6476082258696287,860182.0455529304
