cur_n,cur_mean,cur_std,cur_S,next_n,next_mean,next_std,next_S
4201000.0,-0.30882828173261095,1.3428767955755863,7575739.288088585,4201000.0,-0.3088283069182454,1.3428767907757302,7575739.233932526
4201000.0,-0.3818303076808606,1.3624565090644183,7798264.791925498,4201000.0,-0.38183031120323735,1.3624565080964228,7798264.780844506
4201000.0,-0.1567672660052922,0.9726476346234557,3974328.412203273,4201000.0,-0.1567672609385062,0.9726476354955069,3974328.4193298374
4201000.0,0.09874541198839197,0.8581728624537138,3093871.2404402555,4201000.0,0.09874540072660784,0.8581728640599159,3093871.2520215637
4201000.0,0.09496973280741379,0.7693004491356109,2486249.1835501012,4201000.0,0.0949697334385574,0.7693004490587739,2486249.183053453
4201000.0,0.09320150045943569,0.6572509008671044,1814742.714847296,4201000.0,0.0932015133561393,0.6572508995698503,1814742.7076835707
