cur_n,cur_mean,cur_std,cur_S,next_n,next_mean,next_std,next_S
821000.0,0.1700423409505788,1.4451574215559562,1714642.0578972513,821000.0,0.17004240378647287,1.445157415284014,1714642.0430142554
821000.0,-0.006560369381052678,1.4547809062485246,1737554.1253371139,821000.0,-0.006560372758733396,1.4547809062365082,1737554.1253084098
821000.0,0.046222726710799744,1.290085347658504,1366406.8876836365,821000.0,0.04622271758220926,1.2900853480120362,1366406.8884325314
821000.0,0.009293090652190169,0.9026712193408118,668963.3861157333,821000.0,0.009293240072066913,0.902671227955618,668963.3988844797
821000.0,0.01653530057313322,0.7926411922023707,515817.92891189235,821000.0,0.01653529022754433,0.7926411924736382,515817.9292649516
821000.0,0.0021442294604999304,0.7220376407591764,428018.78918659664,821000.0,0.0021440827126064143,0.7220376534381957,428018.804218662
