cur_n,cur_mean,cur_std,cur_S,next_n,next_mean,next_std,next_S
3421000.0,-0.3023442572608175,1.3300983985833608,6052302.3464558665,3421000.0,-0.3023441485762278,1.330098438479096,6052302.709528334
3421000.0,-0.36630914869549536,1.3352282693963677,6099076.931903045,3421000.0,-0.3663090932525545,1.3352282885445559,6099077.106833843
3421000.0,-0.198370351530565,0.9902567494857043,3354661.4386947174,3421000.0,-0.19837037540177666,0.9902567456880568,3354661.412964377
3421000.0,0.09870657205071727,0.8349133237284065,2384711.563094254,3421000.0,0.09870656812099468,0.8349133242246555,2384711.5659290655
3421000.0,0.08556548692080819,0.7376723878887523,1861573.2478908026,3421000.0,0.0855656781451775,0.7376724504981143,1861573.5638899375
3421000.0,0.09858702900342887,0.6493688924306399,1442567.137880015,3421000.0,0.09858710525369405,0.6493688961692324,1442567.1544905142
