cur_n,cur_mean,cur_std,cur_S,next_n,next_mean,next_std,next_S
2682000.0,-0.012111322566494755,0.022861721825701613,1401.7696272095125,2682000.0,-0.012111324603416405,0.022861720989983333,1401.769524725151
2682000.0,-0.020279635479753144,0.03560928045559011,3400.831931942986,2682000.0,-0.02027963757626969,0.03560927942713823,3400.831735500266
2682000.0,-0.005022059954286147,0.009691904933827053,251.928362982687,2682000.0,-0.005022061952247347,0.009691904450865917,251.9283378748045
2682000.0,-0.00046488883568150647,0.05180008166459025,7196.472370948943,2682000.0,-0.0004648933823088407,0.05180008215893438,7196.472508305246
2682000.0,-0.0007206373359632788,0.0647566022390904,11246.745824985841,2682000.0,-0.0007206426717284291,0.06475660276928598,11246.746009151619
2682000.0,-0.0005300366481170337,0.04328517647117508,5025.012638741541,2682000.0,-0.0005300412689474115,0.04328517707609044,5025.012779191811
