cur_n,cur_mean,cur_std,cur_S,next_n,next_mean,next_std,next_S
3042000.0,-0.01280730370037981,0.023043199619974118,1615.2686862244166,3042000.0,-0.012807302238915257,0.023043200573230692,1615.2688198660596
3042000.0,-0.021223558865646554,0.036018189847058846,3946.4170195703873,3042000.0,-0.021223557556483766,0.0360181906908562,3946.4172044756406
3042000.0,-0.005444868018292652,0.009276476878455975,261.7732968071991,3042000.0,-0.005444866530341486,0.009276478114828398,261.77336658569607
3042000.0,-0.0006431845679316708,0.055447521111692266,9352.408751386803,3042000.0,-0.0006431857719706362,0.0554475211374895,9352.408760089313
3042000.0,-0.0010297506163084017,0.06775648786252453,13965.644491586805,3042000.0,-0.0010297517430099532,0.06775648787389735,13965.644496275028
3042000.0,-0.0007276062616982699,0.04734935249317103,6820.045914191633,3042000.0,-0.0007276075078078081,0.047349352523901066,6820.045923044141
