cur_n,cur_mean,cur_std,cur_S,next_n,next_mean,next_std,next_S
51000.0,-0.05636052374843779,0.19706933750071942,1980.6525129315953,51000.0,-0.05636041964996718,0.197069368674361,1980.6531395552722
51000.0,-0.01654036843629529,0.03827413277866416,74.71037123789955,51000.0,-0.01653986781198277,0.038274516098693916,74.71186771204817
51000.0,-0.013894897791861833,0.051124520666217504,133.29954728087554,51000.0,-0.013894136324984539,0.051125016823485026,133.302134605283
51000.0,0.10517246333934714,0.3086435080388251,4858.301567780127,51000.0,0.10517191431736046,0.308643720025019,4858.308241454999
51000.0,0.0010294601352236303,0.12601737202780783,809.8992806925412,51000.0,0.0010296143295013419,0.1260173755791925,809.8993263412302
51000.0,0.0024276939397139046,0.16418499003125683,1374.7922585297592,51000.0,0.0024277345863234078,0.16418498968683734,1374.7922527618111
