cur_n,cur_mean,cur_std,cur_S,next_n,next_mean,next_std,next_S
722000.0,-0.009952518643474182,0.045234861112259876,1477.351100408408,722000.0,-0.009952518508209612,0.04523486114216619,1477.351102361863
722000.0,-0.01199360836088207,0.04709334383336055,1601.2393501199392,722000.0,-0.011993601092404672,0.047093346089458483,1601.2395035408938
722000.0,-0.024070497604966892,0.07050057723017472,3588.579263426814,722000.0,-0.02407047380842993,0.07050058825447471,3588.580385731878
722000.0,-0.0005398245532205795,0.14297469163582122,14758.952487714596,722000.0,-0.000539861518631802,0.14297469494640525,14758.953171202733
722000.0,-0.0005381950377692365,0.1420585661826277,14570.419355073816,722000.0,-0.0005382289329582147,0.1420585689737569,14570.419927625328
722000.0,-0.0005275798950805378,0.1492509786020295,16083.167031065019,722000.0,-0.0005276250766313616,0.1492509833798703,16083.168060777709
