cur_n,cur_mean,cur_std,cur_S,next_n,next_mean,next_std,next_S
1191000.0,-0.36894876074728095,1.3867018730399765,2290224.0228688614,1191000.0,-0.3689488091772186,1.3867018611618378,2290223.9836338987
1191000.0,-0.4294015080376701,1.3934110582557606,2312438.9033279014,1191000.0,-0.42940150236299546,1.3934110600183203,2312438.9091780223
1191000.0,-0.20684603061802334,1.0269085400206894,1255958.509134802,1191000.0,-0.20684603534397522,1.0269085390817194,1255958.5068379908
1191000.0,0.10189348545473471,0.8126921715423888,786618.0617323637,1191000.0,0.10189339737702208,0.8126921882698012,786618.0941138366
1191000.0,0.096157120148906,0.7513041888326574,672269.4591315793,1191000.0,0.0961572487264693,0.7513041854801694,672269.4531319448
1191000.0,0.09187139005345625,0.6365806835719924,482634.8453361092,1191000.0,0.0918713847750337,0.6365806843598257,482634.8465307287
