cur_n,cur_mean,cur_std,cur_S,next_n,next_mean,next_std,next_S
2801000.0,-0.0068731822552979644,0.018202696964482786,928.0782331629952,2801000.0,-0.006873181929873912,0.018202697095508244,928.0782465238588
2801000.0,-0.009254116784919825,0.02043098260958407,1169.207566151148,2801000.0,-0.009254117387365179,0.020430982361588728,1169.2075377669987
2801000.0,-0.007772409750100568,0.019025787705547133,1013.9076544841522,2801000.0,-0.0077724091492329395,0.019025787977589907,1013.9076834791413
2801000.0,-0.0014152087949589308,0.06995608954241052,13707.686353848187,2801000.0,-0.0014152094166394907,0.06995608953757053,13707.686351951423
2801000.0,-0.0017749596738710057,0.07421868028263501,15429.06342061168,2801000.0,-0.0017749580783238753,0.07421868036883195,15429.063456450047
2801000.0,-0.0016144134222076869,0.06792106338990755,12921.77165649637,2801000.0,-0.0016144148459840233,0.067921063397863,12921.771659523367
