cur_n,cur_mean,cur_std,cur_S,next_n,next_mean,next_std,next_S
881000.0,-0.3701218862897338,1.3812009452439984,1680697.8410569078,881000.0,-0.3701218945109647,1.3812009430625103,1680697.8357478725
881000.0,-0.4211056039859755,1.3543042633769657,1615877.3733027037,881000.0,-0.421105568266122,1.3543042748986127,1615877.4007966267
881000.0,-0.22866850313732004,1.0561862970598344,982781.4842994257,881000.0,-0.22866842836651255,1.0561863155796873,982781.5187648773
881000.0,0.09819132267552576,0.7960457332739027,558279.8411374189,881000.0,0.09819134859263023,0.7960457304487368,558279.837174749
881000.0,0.0913897421615704,0.7316631704691786,471626.6066135101,881000.0,0.09138981101500324,0.7316631647231248,471626.5992057521
881000.0,0.08954275580675274,0.6208405715894199,339575.2965070317,881000.0,0.08954276758637253,0.6208405699889138,339575.29475620436
