cur_n,cur_mean,cur_std,cur_S,next_n,next_mean,next_std,next_S
3201000.0,-0.049557108558022867,0.15436864497518382,76278.80104326937,3201000.0,-0.04955715304218276,0.15436865121107518,76278.80720600179
3201000.0,-0.04290505437436423,0.15081003504748644,72802.47701394811,3201000.0,-0.04290508794797911,0.15081003745837185,72802.47934162387
3201000.0,0.0092069689254063,0.28229061281548373,255081.256258056,3201000.0,0.009207134125856553,0.282290762159906,255081.5261570268
3201000.0,0.02816855099351774,0.16155542367802903,83546.59589823967,3201000.0,0.028168559405380926,0.1615554229123395,83546.595106304
3201000.0,0.028758476291962286,0.1762674772324945,99455.7855192354,3201000.0,0.028758491670775804,0.17626747687087574,99455.7851111615
3201000.0,0.05541773358538429,0.440081662622072,619943.6551536391,3201000.0,0.05541769857825391,0.44008167148730537,619943.6801305729
