cur_n,cur_mean,cur_std,cur_S,next_n,next_mean,next_std,next_S
5081000.0,-0.3080405406552446,1.3405021666656232,9130282.924941804,5081000.0,-0.30804055360347987,1.3405021640079768,9130282.88873886
5081000.0,-0.3890602017839942,1.3620164271287427,9425705.92741198,5081000.0,-0.38906018002200266,1.3620164342284635,9425706.025677875
5081000.0,-0.21554946437705985,1.0013769595935498,5095002.2970557,5081000.0,-0.21554945281608667,1.0013769624211815,5095002.32582966
5081000.0,0.09632014176870438,0.8228149685832641,3439961.344897888,5081000.0,0.09632013738742454,0.8228149691554196,3439961.3496819353
5081000.0,0.08674378860370854,0.7307185807343487,2712998.1423347685,5081000.0,0.0867437849663736,0.7307185812121477,2712998.145882695
5081000.0,0.09667711994813244,0.6379250803732213,2067704.8619076079,5081000.0,0.09667711657217845,0.6379250809302139,2067704.8655183653
