cur_n,cur_mean,cur_std,cur_S,next_n,next_mean,next_std,next_S
2521000.0,-0.3376075710615464,1.368786744769178,4723288.001845279,2521000.0,-0.33760749039665233,1.368786770656985,4723288.180507981
2521000.0,-0.3976558145742888,1.377195091366822,4781495.791925555,2521000.0,-0.39765561256137855,1.3771951870479835,4781496.456318117
2521000.0,-0.17889328578834324,1.0058351060681239,2550506.440970265,2521000.0,-0.1788933286245402,1.00583510074897,2550506.4139946
2521000.0,0.10379378129556478,0.8479261839308206,1812545.588570015,2521000.0,0.10379489540663905,0.8479278927440496,1812552.8941705718
2521000.0,0.09452930776554348,0.7681767669219881,1487630.8695468092,2521000.0,0.09452935596228822,0.7681767648027441,1487630.8613386652
2521000.0,0.09261896343298007,0.6522623909175778,1072549.9372725033,2521000.0,0.09261909220617816,0.6522624046780485,1072549.98252666
