cur_n,cur_mean,cur_std,cur_S,next_n,next_mean,next_std,next_S
3142000.0,-0.0051125576207548635,0.03232802846309373,3283.7086751839006,3142000.0,-0.005112560222498254,0.03232802838058569,3283.708658422446
3142000.0,-0.015227619947981039,0.053502821584936744,8994.138124940759,3142000.0,-0.015227625316485718,0.053502820903254526,8994.137895751202
3142000.0,-0.024812856030360098,0.07755507586339587,18898.469527020414,3142000.0,-0.024812856502195748,0.0775550757169382,18898.469455643375
3142000.0,-0.0003314176117631454,0.16545289217405784,86011.1802393652,3142000.0,-0.00033141409166961643,0.16545289229876475,86011.18036902373
3142000.0,-0.0005129005071976725,0.13961992571715415,61249.27973112236,3142000.0,-0.0005128956323055638,0.1396199260024555,61249.279981437685
3142000.0,-0.0004976830876825133,0.13984908654328237,61450.5039359641,3142000.0,-0.0004976835080298579,0.13984908654377018,61450.50393639279
