cur_n,cur_mean,cur_std,cur_S,next_n,next_mean,next_std,next_S
1851000.0,-0.025701011426021006,0.15028870928698687,41807.97455356379,1851000.0,-0.025700971717422402,0.15028872578759161,41807.98373398599
1851000.0,-0.018266137181207356,0.03206189517755543,1902.7634415189978,1851000.0,-0.01826616193132252,0.032061898759455636,1902.7638666659896
1851000.0,-0.0015936299638777385,0.03281576600086499,1993.2946962117483,1851000.0,-0.0015936394890963144,0.03281576809713474,1993.2949508749184
1851000.0,0.10660459203202245,0.4601692897201588,391959.93989807914,1851000.0,0.10660457833450271,0.46016929327072015,391959.9459466263
1851000.0,0.0004688785554364011,0.0942479877465854,16441.846592613227,1851000.0,0.0004688909169366872,0.09424798918562463,16441.847094702727
1851000.0,0.002499768093116015,0.08372745003218689,12976.039180339743,1851000.0,0.002499759488022241,0.08372745110760257,12976.03951367454
