cur_n,cur_mean,cur_std,cur_S,next_n,next_mean,next_std,next_S
4191000.0,-0.30206593985383723,1.3323812386481033,7440029.855540195,4191000.0,-0.30206596213745324,1.332381234377215,7440029.807842828
4191000.0,-0.38257216795896287,1.3524158861310975,7665459.403489462,4191000.0,-0.38257215818051066,1.3524158890454532,7665459.436526452
4191000.0,-0.20809239616263495,0.9978313078122241,4172841.733301412,4191000.0,-0.20809240559419978,0.997831306032158,4172841.7184132566
4191000.0,0.09614800233781712,0.8253801067627928,2855128.475801231,4191000.0,0.09614800209710288,0.8253801067910167,2855128.475996494
4191000.0,0.08866620603147612,0.7340371830895519,2258155.1665883637,4191000.0,0.0886662020455289,0.7340371836163939,2258155.1698298645
4191000.0,0.09789918446633915,0.6429299875051669,1732387.4383807548,4191000.0,0.09789918171848302,0.6429299879481635,1732387.4407680805
