cur_n,cur_mean,cur_std,cur_S,next_n,next_mean,next_std,next_S
3921000.0,-0.3078296354355669,1.342139905290565,7063052.2789889695,3921000.0,-0.3078294385331467,1.3421400070847913,7063053.350379468
3921000.0,-0.38081369430899625,1.3605879261644644,7258553.258416936,3921000.0,-0.38081353543450824,1.3605880070021266,7258554.120933032
3921000.0,-0.1598473127166983,0.9746642636817457,3724834.0438681548,3921000.0,-0.15984732809935603,0.9746642616348756,3724834.028223277
3921000.0,0.09782014108305302,0.8576768117970998,2884324.9024116904,3921000.0,0.09781995009533437,0.8576769169581361,2884325.609714512
3921000.0,0.09370435325367203,0.7680968135959225,2313283.0157353966,3921000.0,0.09370472399845092,0.768097119200001,2313284.8565160185
3921000.0,0.0931272744155442,0.6564201364073377,1689509.4776811101,3921000.0,0.09312731498570084,0.656420135567446,1689509.4733576449
