cur_n,cur_mean,cur_std,cur_S,next_n,next_mean,next_std,next_S
762000.0,-0.007908280429252542,0.01647336709510401,206.78532946894228,762000.0,-0.007908283100919566,0.0164733659776157,206.7853014139395
762000.0,-0.013249706993379925,0.023094103292134592,406.4032564332498,762000.0,-0.013249707805953003,0.023094102836832674,406.40324040871064
762000.0,-0.0040132497319799315,0.009000418477564455,61.72773997171816,762000.0,-0.004013251775332827,0.009000417743187255,61.72772989853252
762000.0,-0.0004506275263101432,0.05168532600835965,2035.586168537899,762000.0,-0.00045065449966152134,0.051685331136424435,2035.586572467566
762000.0,-0.0006960855464358587,0.061557684571633034,2887.4835797233486,762000.0,-0.0006961131764113801,0.06155768898421239,2887.4839936846915
762000.0,-0.0005074271074341502,0.044637208583024814,1518.2700572443619,762000.0,-0.0005074542744956499,0.04463721457379086,1518.2704647788648
