cur_n,cur_mean,cur_std,cur_S,next_n,next_mean,next_std,next_S
911000.0,-0.37780611153870064,1.3761593711612807,1725265.1141146955,911000.0,-0.3778061112794448,1.3761593712324667,1725265.1142931848
911000.0,-0.4235406582535676,1.3806260603517673,1736482.8981739443,911000.0,-0.42354045036700205,1.380626138384275,1736483.0944647763
911000.0,-0.20663581318293414,1.0228624716143988,953131.5962476132,911000.0,-0.2066358299912187,1.0228624683446303,953131.5901538918
911000.0,0.10483439290647939,0.7951919796981228,576052.8892489362,911000.0,0.10483432709695475,0.7951919908549516,576052.9054133937
911000.0,0.09378385929425752,0.7361309481780823,493660.6720805275,911000.0,0.09378402328290966,0.7361309439260344,493660.66637755075
911000.0,0.08697009737139044,0.6262326796471566,357264.473211891,911000.0,0.08697010530767177,0.626232678590777,357264.47200656624
