cur_n,cur_mean,cur_std,cur_S,next_n,next_mean,next_std,next_S
1871000.0,-0.33060929769991265,1.3426626537168862,3372932.1561546386,1871000.0,-0.3306093542378719,1.3426626420225218,3372932.0973993037
1871000.0,-0.37337526434854235,1.3286645395478853,3302968.8371378807,1871000.0,-0.37337527951643623,1.3286645354475057,3302968.8167513562
1871000.0,-0.19359104912699115,0.996719753076703,1858745.448010214,1871000.0,-0.19359103931737487,0.9967197550723311,1858745.4554533588
1871000.0,0.10010815709768316,0.8282159875038272,1283396.961781434,1871000.0,0.10010812249963183,0.8282159930378439,1283396.9789323714
1871000.0,0.09390784107660144,0.7512265732687574,1055882.692764559,1871000.0,0.09390786189713564,0.7512265712059268,1055882.686965757
1871000.0,0.09879005505373081,0.6532981822462472,798540.0214270153,1871000.0,0.09879002232803008,0.6532981887285253,798540.0372738633
