cur_n,cur_mean,cur_std,cur_S,next_n,next_mean,next_std,next_S
2651000.0,-0.012684479538750869,0.16081492622288643,68558.67875508795,2651000.0,-0.012684484406071153,0.16081492603424585,68558.67859424531
2651000.0,-0.02430574640683476,0.033436759403265646,2963.862747267857,2651000.0,-0.024305756643363322,0.03343675611610295,2963.8621645141
2651000.0,-0.001458635702761534,0.0364522929258862,3522.56836747928,2651000.0,-0.0014586077820123112,0.036452322390236894,3522.574062058322
2651000.0,0.10606511059347298,0.4568511373933933,553298.061566476,2651000.0,0.10606510031942663,0.4568511400849294,553298.0680859813
2651000.0,-0.00018129466838734845,0.09334489009508692,23098.87481169609,2651000.0,-0.00018129008332782686,0.09334489040251191,23098.874963845203
2651000.0,0.0030899057700275816,0.08642699229875232,19801.97586919058,2651000.0,0.0030899183297106022,0.08642699426901176,19801.976772034224
