cur_n,cur_mean,cur_std,cur_S,next_n,next_mean,next_std,next_S
1462000.0,-0.008906098997980576,0.01786635921450511,466.6803292924917,1462000.0,-0.008906095845828032,0.01786636119233594,466.6804326168213
1462000.0,-0.014853986117533528,0.025872332590609178,978.6300419588408,1462000.0,-0.014853994186554744,0.025872329797570745,978.6298306635384
1462000.0,-0.004256935136095625,0.009100387670978781,121.07853552419401,1462000.0,-0.004256932783134712,0.009100389216355252,121.07857664594452
1462000.0,-0.00045637845093255254,0.05129812469517732,3847.249487167747,1462000.0,-0.000456361453833152,0.0512981289632447,3847.2501273595985
1462000.0,-0.0007068369997993094,0.062026138613316385,5624.66761580893,1462000.0,-0.0007068025751429106,0.06202615297191761,5624.670219948748
1462000.0,-0.0005138819932078762,0.043931515717330186,2821.627943050606,1462000.0,-0.0005138619551561984,0.04393152263288016,2821.6288313928485
