cur_n,cur_mean,cur_std,cur_S,next_n,next_mean,next_std,next_S
251000.0,0.12109727015782376,1.4057494997530173,496009.0456700205,251000.0,0.12109748628601516,1.405749485305023,496009.03547426965
251000.0,-0.011876495351480845,1.3799491107352726,477969.1466029865,251000.0,-0.011876506059447166,1.3799491106535429,477969.1465463695
251000.0,0.04502503180706195,1.2353905571714896,383073.6470158693,251000.0,0.045025005016385906,1.235390558220791,383073.6476666104
251000.0,0.027678587168887315,0.9672617648159082,234834.42574037108,251000.0,0.027679172347603843,0.9672617925006499,234834.43918312417
251000.0,0.02353721759084818,0.8434018380176737,178542.99175326916,251000.0,0.02353717713393784,0.8434018393902813,178542.9923344144
251000.0,0.01353839587714496,0.8142235190115018,166402.94466677983,251000.0,0.013537877014040842,0.8142235691345983,166402.96515410524
