cur_n,cur_mean,cur_std,cur_S,next_n,next_mean,next_std,next_S
371000.0,-0.026001201024462135,1.1311342383023422,474681.39073719323,371000.0,-0.02600099255187913,1.1311342502217852,474681.4007412007
371000.0,-0.11949178651971229,1.0893729962815701,440278.1377851973,371000.0,-0.11949144315060461,1.0893730540217705,440278.18445745495
371000.0,-0.1004092279212412,0.8068505899319299,241523.92142966975,371000.0,-0.10040913792725209,0.8068506029932989,241523.9292492912
371000.0,0.08909531152836667,1.4743889995306843,806488.3040386611,371000.0,0.08909527244293765,1.474389002084744,806488.306832794
371000.0,0.10320759374476522,1.3268901649199931,653196.5161214819,371000.0,0.10320739809173761,1.326890185489759,653196.5363734964
371000.0,0.09492634469029447,0.7582887958581163,213325.70412978617,371000.0,0.09492622511789515,0.7582888143243737,213325.71451983132
