cur_n,cur_mean,cur_std,cur_S,next_n,next_mean,next_std,next_S
3602000.0,-0.01468093664999352,0.026800752150893576,2587.245697704763,3602000.0,-0.014680938471551707,0.02680075137605181,2587.245548104036
3602000.0,-0.024782545615837075,0.043547203979012655,6830.685025751828,3602000.0,-0.02478254754096945,0.04354720303670112,6830.684730135457
3602000.0,-0.005695567579264932,0.010286343660528692,381.1235349808007,3602000.0,-0.005695569440082417,0.01028634323645305,381.1235035556005
3602000.0,-0.0005022761658736028,0.05262035123087558,9973.582711905874,3602000.0,-0.0005022749706944428,0.05262035129117194,9973.58273476284
3602000.0,-0.0007467127029326471,0.0674759453075397,16399.91750891621,3602000.0,-0.0007467114014916236,0.06747594536714857,16399.91753789189
3602000.0,-0.0005701217263192769,0.0431340713720298,6701.694303484752,3602000.0,-0.0005701208048344209,0.04313407141966173,6701.6943182857985
