cur_n,cur_mean,cur_std,cur_S,next_n,next_mean,next_std,next_S
3301000.0,-0.31804484933542715,1.3553531843512512,6063878.421546884,3301000.0,-0.31804600421353885,1.355354537532862,6063890.52987844
3301000.0,-0.3878128323730767,1.3668724655409639,6167391.4526153635,3301000.0,-0.3878138255208594,1.366873374771394,6167399.65759716
3301000.0,-0.16771479366667083,0.9872539186892256,3217386.6601918335,3301000.0,-0.1677153195163996,0.9872542916427332,3217389.0910474495
3301000.0,0.10085126643440732,0.8549857916053414,2413033.3233989878,3301000.0,0.1008519965047311,0.8549867344182712,2413038.6452190555
3301000.0,0.0942104118440003,0.7689999608082859,1952082.4620261027,3301000.0,0.09421096111085937,0.7690005410412253,1952085.4078337222
3301000.0,0.09404941925655352,0.6567772528003897,1423907.343686685,3301000.0,0.09404996196407454,0.6567779152509773,1423910.216102647
