cur_n,cur_mean,cur_std,cur_S,next_n,next_mean,next_std,next_S
2322000.0,-0.01064334850008034,0.019352970743295738,869.6760206439789,2322000.0,-0.010643350976047891,0.019352969749382134,869.675931315801
2322000.0,-0.017651641959267227,0.02911689343657435,1968.5764684474311,2322000.0,-0.017651644725443384,0.02911689206472896,1968.576282948075
2322000.0,-0.005016680584622131,0.008884862921632913,183.30051237427347,2322000.0,-0.00501668337153106,0.008884862362962655,183.3004893228112
2322000.0,-0.0006293994128910135,0.05497400323947738,7017.411476708191,2322000.0,-0.0006293981754762022,0.05497400328598098,7017.411488580526
2322000.0,-0.0010051953830191764,0.06581613395181318,10058.354819978922,2322000.0,-0.0010051941376168182,0.06581613399819579,10058.354834155774
2322000.0,-0.0007140866431412704,0.04769326554467186,5281.731676846465,2322000.0,-0.0007140861083078908,0.04769326555964081,5281.731680161901
