cur_n,cur_mean,cur_std,cur_S,next_n,next_mean,next_std,next_S
1601000.0,-0.3308558258967455,1.348454808215656,2911146.922049674,1601000.0,-0.3308558406004165,1.3484548047363516,2911146.9070269
1601000.0,-0.3756734585211794,1.3297204040190378,2830818.3209361495,1601000.0,-0.37567345437929145,1.3297204051995881,2830818.325962655
1601000.0,-0.20098154770873825,1.0041560924021566,1614335.462111298,1601000.0,-0.20098154813985164,1.0041560923160355,1614335.4618343918
1601000.0,0.09585238714363015,0.8187600387980879,1073259.1698133668,1601000.0,0.09585241228714662,0.8187600364726286,1073259.163716781
1601000.0,0.09299645531245286,0.7519774781397449,905317.6743346862,1601000.0,0.09299650655832711,0.75197747459782,905317.6658063268
1601000.0,0.10011702988138475,0.6482684851115001,672823.4980908035,1601000.0,0.10011704680116944,0.6482684828519422,672823.4934005132
