cur_n,cur_mean,cur_std,cur_S,next_n,next_mean,next_std,next_S
2211000.0,-0.3168419241220982,1.3362243319403535,3947730.4737107405,2211000.0,-0.3168419072235993,1.336224336183583,3947730.4987830673
2211000.0,-0.36969901610619493,1.3312129952238165,3918175.093461264,2211000.0,-0.36970026408574413,1.3312139420191973,3918180.666891529
2211000.0,-0.1943591100885449,0.9925544708353046,2178198.43881866,2211000.0,-0.19435890413531043,0.992554558407873,2178198.8231813237
2211000.0,0.09849250863758821,0.8366436246431711,1547639.318344556,2211000.0,0.09849212822665585,0.8366438606423329,1547640.1914561715
2211000.0,0.09162051247317553,0.7524736408573074,1251904.8587891501,2211000.0,0.09162136924947255,0.7524746149916829,1251908.1001634148
2211000.0,0.09987385954022632,0.6539666336486163,945583.5833737307,2211000.0,0.0998736650978646,0.6539667272561936,945583.854071929
