cur_n,cur_mean,cur_std,cur_S,next_n,next_mean,next_std,next_S
211000.0,-0.05250561222782227,1.1375742349426028,273049.8545411074,211000.0,-0.05250561635573546,1.137574234753668,273049.85445040796
211000.0,-0.115674277961988,1.1148413659731227,262245.83824109664,211000.0,-0.11567410468289674,1.114841386793674,262245.8480363969
211000.0,-0.09911508674525818,0.8097100544813821,138338.00856125922,211000.0,-0.09911500158537741,0.8097100658505638,138338.01244608185
211000.0,0.09043370586767066,1.587366229251229,531663.356156893,211000.0,0.09043333363760357,1.5873662596661693,531663.3765309051
211000.0,0.09798993848395776,1.4293556639569647,431085.15657211555,211000.0,0.09798995117811207,1.4293556630986068,431085.1560543642
211000.0,0.09490094965392687,0.7781116317788086,127751.57712850033,211000.0,0.09490090298493747,0.7781116377660086,127751.5790944759
