cur_n,cur_mean,cur_std,cur_S,next_n,next_mean,next_std,next_S
2822000.0,-0.012158630498382702,0.02205184406151427,1372.2929584206515,2822000.0,-0.012158624806584896,0.022051849272686698,1372.2936070064166
2822000.0,-0.020127226364725623,0.03388856342019731,3240.8828099923226,2822000.0,-0.02012722267900733,0.03388856617484652,3240.8833368659775
2822000.0,-0.0053167104579274985,0.009179560486973484,237.7939413313617,2822000.0,-0.00531670490870873,0.009179568434372747,237.79435308184037
2822000.0,-0.0006289969115061624,0.055322447085972434,8636.93743375938,2822000.0,-0.0006289960012527857,0.05532244711745226,8636.937443588638
2822000.0,-0.001013474156693123,0.06713393677451922,12718.656547436996,2822000.0,-0.0010134678626312183,0.06713393770215591,12718.65689892219
2822000.0,-0.0007177770464052877,0.04745807549692789,6355.902920099088,2822000.0,-0.0007177736167055274,0.047458075898523744,6355.903027667893
