cur_n,cur_mean,cur_std,cur_S,next_n,next_mean,next_std,next_S
3842000.0,-0.0042492835707692725,0.030324255062044975,3532.9512299511034,3842000.0,-0.004249285363634306,0.030324255014440044,3532.951218858603
3842000.0,-0.014026484793052628,0.04938684064935787,9370.868632666905,3842000.0,-0.014026489378944042,0.049386840164928385,9370.868448831498
3842000.0,-0.020537795053263447,0.07091129650169613,19319.158794700714,3842000.0,-0.020537798858164424,0.07091129579187481,19319.158407931573
3842000.0,-0.0002897294011095287,0.16273502073586016,101746.48335372703,3842000.0,-0.00028972248272318224,0.16273502131318668,101746.48407564835
3842000.0,-0.00046322370257261404,0.13058636168356888,65516.849369482676,3842000.0,-0.00046321463801151963,0.13058636292442935,65516.850614593845
3842000.0,-0.0005495008454428712,0.1299800928721601,64909.915894418715,3842000.0,-0.0005494991819916937,0.12998009292008683,64909.91594228635
