cur_n,cur_mean,cur_std,cur_S,next_n,next_mean,next_std,next_S
1101000.0,-0.35758279107587215,1.371494295822754,2070977.2604252617,1101000.0,-0.357583692982358,1.371494387175303,2070977.5363127487
1101000.0,-0.3934916202847899,1.3368913062732786,1967793.4796327695,1101000.0,-0.39349195576516155,1.3368912538743891,1967793.325379106
1101000.0,-0.2144076412503025,1.0355776436632358,1180735.5827166648,1101000.0,-0.2144079267905685,1.0355776278865494,1180735.5467404248
1101000.0,0.09977318977037278,0.8119698904675691,725883.9084315336,1101000.0,0.09977566452579698,0.8119737385972172,725890.7887408679
1101000.0,0.09314760155145416,0.7488507674620737,617415.996593319,1101000.0,0.09314847579297934,0.7488512205726578,617416.7437590286
1101000.0,0.09113212726709068,0.6311024327873225,438517.59901775466,1101000.0,0.09113294687851187,0.631102900400938,438518.24885481835
