cur_n,cur_mean,cur_std,cur_S,next_n,next_mean,next_std,next_S
1022000.0,-0.007899276835660227,0.01530907240417736,239.5237872296244,1022000.0,-0.007899273215439512,0.015309074709626225,239.52385937114545
1022000.0,-0.013444701191012867,0.02168667503466583,480.6587352885006,1022000.0,-0.013444698503405385,0.02168667687105352,480.6588166910964
1022000.0,-0.004332796451158472,0.008558417538541564,74.8579340008242,1022000.0,-0.00433279272752249,0.008558420251543113,74.8579814604678
1022000.0,-0.0006176437240096482,0.055283322564718664,3123.483160378216,1022000.0,-0.0006176575300217326,0.055283324172299794,3123.4833420334576
1022000.0,-0.0009900942266289489,0.06435023348008088,4232.053505017622,1022000.0,-0.0009901055823882563,0.06435023432936994,4232.053616726207
1022000.0,-0.000695777561791488,0.04906469752254631,2460.306122924499,1022000.0,-0.0006957913003399573,0.04906469929349437,2460.30630052977
