cur_n,cur_mean,cur_std,cur_S,next_n,next_mean,next_std,next_S
891000.0,0.17612765171692857,1.450448426350391,1874486.368014572,891000.0,0.17612771145812608,1.4504484201922478,1874486.3520976251
891000.0,-0.013408739592431166,1.460059712750092,1899410.95903313,891000.0,-0.013408745603184708,1.4600597127059172,1899410.958918195
891000.0,0.04990935506505075,1.3071867546933473,1522484.8555763415,891000.0,0.049909346375098106,1.3071867550508172,1522484.8564090338
891000.0,0.0068211691197867415,0.8918841743904221,708752.5260505235,891000.0,0.0068212955909995945,0.8918841814126692,708752.537211245
891000.0,0.017409846789120907,0.7864976471281079,551153.4871038023,891000.0,0.017409838469576732,0.7864976473515073,551153.4874169052
891000.0,-0.00011894526700264133,0.715355416112643,455954.4338832681,891000.0,-0.00011908088385479008,0.7153554275439521,455954.4484554821
