cur_n,cur_mean,cur_std,cur_S,next_n,next_mean,next_std,next_S
3201000.0,-0.007104093634228098,0.01782940043711362,1017.5579513501783,3201000.0,-0.007104095516781436,0.017829400005150254,1017.5579020442296
3201000.0,-0.009835798004263008,0.020224762187115903,1309.340258686784,3201000.0,-0.009835800729528827,0.020224761449499428,1309.3401631809954
3201000.0,-0.008098320077852113,0.018705635418319252,1120.032449286258,3201000.0,-0.008098322598230488,0.018705634870678906,1120.032383704423
3201000.0,-0.0014372344886881808,0.06889139077980254,15192.021939165055,3201000.0,-0.0014372315674252372,0.06889139103900412,15192.02205348401
3201000.0,-0.0018459171407244348,0.07363253208932893,17355.02105181726,3201000.0,-0.001845913923236912,0.07363253239501023,17355.02119591404
3201000.0,-0.0016481765552456464,0.06671885505058317,14248.94938725359,3201000.0,-0.0016481741618767263,0.06671885524711875,14248.94947120064
