cur_n,cur_mean,cur_std,cur_S,next_n,next_mean,next_std,next_S
971000.0,-0.3740321333272928,1.3824273255150261,1855683.2563310396,971000.0,-0.374032232185056,1.3824273022000475,1855683.1937379267
971000.0,-0.421684441997933,1.3810239273196518,1851917.5022823424,971000.0,-0.4216845180527452,1.3810239061304594,1851917.4454540208
971000.0,-0.20510527880617585,1.0216233640548815,1013446.5833413114,971000.0,-0.2051053055933405,1.0216233590179675,1013446.5733481116
971000.0,0.103786776483871,0.8058061988740196,630493.244869626,971000.0,0.10378697180778225,0.8058061967028637,630493.241472037
971000.0,0.09299377354696395,0.7393612573283603,530802.0718418668,971000.0,0.0929935173404247,0.7393613326564518,530802.1800009261
971000.0,0.0871004734012752,0.6276382875064213,382505.8551656173,971000.0,0.08710045577907623,0.6276382901921445,382505.85843917425
