cur_n,cur_mean,cur_std,cur_S,next_n,next_mean,next_std,next_S
1701000.0,-0.32907474711916573,1.3450031725756926,3077166.0417399914,1701000.0,-0.32907467776047744,1.3450031925872816,3077166.1333070365
1701000.0,-0.37656165467490993,1.3289707382139682,3004243.6423722943,1701000.0,-0.37656163856552377,1.328970742944679,3004243.663760588
1701000.0,-0.1979487358960718,1.0023782446421703,1709100.4092095937,1701000.0,-0.1979487335603202,1.0023782451080825,1709100.4107983967
1701000.0,0.09641608345979676,0.8206950681409964,1145692.2116754937,1701000.0,0.096416072253397,0.8206950695876829,1145692.2157146493
1701000.0,0.09389661719445258,0.7511565653855781,959765.751912881,1701000.0,0.09389657324964329,0.7511565730653748,959765.7715380994
1701000.0,0.10004109948452822,0.6506364035715878,720080.4681390217,1701000.0,0.10004109398377105,0.6506364044569143,720080.4700986609
