cur_n,cur_mean,cur_std,cur_S,next_n,next_mean,next_std,next_S
1191000.0,-0.04748027648963172,1.1521245871775954,1580922.7576755614,1191000.0,-0.04748028742241447,1.152124586788844,1580922.7566086876
1191000.0,-0.09604266115079353,1.120422499146477,1495117.7727230224,1191000.0,-0.09604265646750199,1.1204224995595509,1495117.7738254527
1191000.0,-0.1309528270260438,0.8601821983969632,881236.8765968877,1191000.0,-0.1309528200622635,0.8601821994906973,881236.8788378986
1191000.0,0.10243919873620064,1.2984788170043273,2008082.2607068678,1191000.0,0.10243912057025946,1.2984788259730717,2008082.2884469847
1191000.0,0.107669627422196,1.1565213792412297,1593012.1654646648,1191000.0,0.10766955876218766,1.1565213880607526,1593012.1897609858
1191000.0,0.09995030464089617,0.7013349084167345,585817.9486328161,1191000.0,0.0999502729029463,0.7013349137951231,585817.9576178433
