cur_n,cur_mean,cur_std,cur_S,next_n,next_mean,next_std,next_S
1291000.0,0.1922220107942999,1.5479465130233276,3093414.6836707727,1291000.0,0.19222205458111064,1.54794650838547,3093414.6651341934
1291000.0,0.029158350890957425,1.5623962779782137,3151437.029107266,1291000.0,0.02915834854250307,1.562396278024337,3151437.0292933327
1291000.0,0.040365382095611135,1.385091419591135,2476755.4086468564,1291000.0,0.04036537974412903,1.3850914196621995,2476755.408901005
1291000.0,0.005360159465969528,0.8479973298003063,928357.4175108481,1291000.0,0.0053602916026866815,0.847997342255753,928357.4447824114
1291000.0,0.004963527785011978,0.7409197559936906,708710.0515048794,1291000.0,0.004963520723861339,0.7409197560844784,708710.0516785611
1291000.0,0.00018072531700291875,0.6733923082517005,585413.2462490062,1291000.0,0.00018061720565535575,0.6733923194846321,585413.2657796927
