cur_n,cur_mean,cur_std,cur_S,next_n,next_mean,next_std,next_S
1721000.0,0.1783765699872328,1.5824020784267485,4309377.697369793,1721000.0,0.1783766072040222,1.5824020749847125,4309377.678622305
1721000.0,0.034703686052465516,1.5977582125836083,4393422.677416669,1721000.0,0.034703684206858584,1.5977582126255707,4393422.677647441
1721000.0,0.0374062914365429,1.4590757712707547,3663840.524958387,1721000.0,0.03740628471908195,1.4590757714695064,3663840.525956546
1721000.0,0.012546080973846487,0.8102970374724848,1129976.3982600358,1721000.0,0.01254617389737041,0.8102970452034532,1129976.4198220347
1721000.0,-1.604296738407837e-05,0.7014224544980969,846720.744099186,1721000.0,-1.6047637893980036e-05,0.7014224545247879,846720.7441636259
1721000.0,0.001407486788901032,0.6407364249197119,706544.789062716,1721000.0,0.0014074043916580967,0.6407364342186198,706544.8095706649
