cur_n,cur_mean,cur_std,cur_S,next_n,next_mean,next_std,next_S
951000.0,-0.37133856683855365,1.377473682049724,1804459.4912473822,951000.0,-0.37133833339366196,1.3774737637936827,1804459.7054128775
951000.0,-0.4212230915652967,1.3782427411851867,1806474.9540018043,951000.0,-0.42122321299221976,1.3782427091612464,1806474.8700536815
951000.0,-0.20468430362391665,1.0202879771958018,989979.1661461961,951000.0,-0.20468433296228858,1.0202879717112365,989979.1555029162
951000.0,0.1021390663119851,0.8007200301569725,609736.0909265483,951000.0,0.10213901117059211,0.8007200389963763,609736.1043886909
951000.0,0.09286176213311086,0.737150753583554,516765.0630668702,951000.0,0.09286171647603862,0.7371507606798131,516765.0730162565
951000.0,0.08693342343670264,0.6265790160733123,373363.80147761357,951000.0,0.08693341201915249,0.6265790177563328,373363.8034833589
