cur_n,cur_mean,cur_std,cur_S,next_n,next_mean,next_std,next_S
1862000.0,-0.009756994999896773,0.019177594465884167,684.8066011251103,1862000.0,-0.00975700021953671,0.01917759313290897,684.8065059275415
1862000.0,-0.016194518299948762,0.028199734489340822,1480.7089970514708,1862000.0,-0.016194524614840302,0.02819973217937648,1480.7087544687013
1862000.0,-0.004456120619083162,0.00924729647885947,159.2242604166796,1862000.0,-0.004456125675342244,0.00924729661624064,159.2242651476657
1862000.0,-0.0004538914337195549,0.05120688507244021,4882.434136766749,1862000.0,-0.0004538942933289523,0.05120688519576531,4882.4341602841605
1862000.0,-0.0007133657889364276,0.062447295261531414,7261.175644365406,1862000.0,-0.0007133716556917509,0.06244729570764759,7261.175748111387
1862000.0,-0.0005159322970931439,0.04356694708811699,3534.222871913698,1862000.0,-0.0005159344197717687,0.04356694715926344,3534.2228834567336
