cur_n,cur_mean,cur_std,cur_S,next_n,next_mean,next_std,next_S
1651000.0,0.1750028941043424,1.5796615425885498,4119790.802658974,1651000.0,0.17500292815346985,1.579661539422291,4119790.786143634
1651000.0,0.03477972759772486,1.593387172696868,4191695.308171731,1651000.0,0.03477972422704251,1.5933871727763491,4191695.3085899106
1651000.0,0.04116911069508564,1.4585251178010201,3512164.902292448,1651000.0,0.04116911283208145,1.458525117743213,3512164.9020140455
1651000.0,0.01380023422247647,0.8173510123691025,1102971.4804217354,1651000.0,0.01380033437738135,0.8173510208090563,1102971.5032002681
1651000.0,-0.0001088783537445287,0.706010554308859,822942.4405153742,1651000.0,-0.00010888277988750992,0.7060105543311177,822942.4405672649
1651000.0,-1.3384585283253506e-05,0.6463530600551104,689742.031378541,1651000.0,-1.3479344410193914e-05,0.6463530715211594,689742.0558500459
