cur_n,cur_mean,cur_std,cur_S,next_n,next_mean,next_std,next_S
282000.0,-0.007343482492009272,0.016228854716872094,74.27195456881834,282000.0,-0.007343513543991374,0.016228849043373687,74.2719026388763
282000.0,-0.012031387319014186,0.02119403628788236,126.67078311652496,282000.0,-0.012031474278333636,0.021194037230890063,126.67079438870788
282000.0,-0.003852326318100302,0.008883360857552208,22.25377623538838,282000.0,-0.0038523700119260946,0.008883372212074034,22.253833124026254
282000.0,-0.0004493350554954583,0.05286031669246768,787.9680887934896,282000.0,-0.000449312254832763,0.052860318272983924,787.9681359137666
282000.0,-0.000675512065340297,0.06100685430795229,1049.557828859584,282000.0,-0.0006755048721763029,0.06100685450718564,1049.5578357147785
282000.0,-0.0005020863520504608,0.04506325376023162,572.6565087274462,282000.0,-0.0005021112496337229,0.04506325542241554,572.6565509729735
