cur_n,cur_mean,cur_std,cur_S,next_n,next_mean,next_std,next_S
1402000.0,-0.008577465946368143,0.016213787997345658,368.56746355446387,1402000.0,-0.008577468327464607,0.016213786982815982,368.56741743043443
1402000.0,-0.014466174027864171,0.023307446651479234,761.6183713149939,1402000.0,-0.014466176509530845,0.023307445296419,761.6182827562809
1402000.0,-0.004502727068001274,0.008573540260768812,103.05484082943931,1402000.0,-0.004502729436932153,0.008573539475474377,103.05482195079945
1402000.0,-0.0006257910816969577,0.05504956196618046,4248.696890281016,1402000.0,-0.0006257908165850428,0.055049561970089526,4248.696890884416
1402000.0,-0.000992069679460861,0.06454658090239847,5841.098070878199,1402000.0,-0.0009920693836887146,0.06454658090789714,5841.098071873397
1402000.0,-0.0007033053830463656,0.0485854953374214,3309.4916007700012,1402000.0,-0.000703305194396795,0.04858549534066554,3309.4916012119616
