cur_n,cur_mean,cur_std,cur_S,next_n,next_mean,next_std,next_S
1501000.0,-0.005569142235921008,0.02068356758004845,642.1427617254855,1501000.0,-0.005569143452778546,0.020683567306132716,642.1427447174906
1501000.0,-0.005215329794675055,0.021071999679759746,666.4877849261961,1501000.0,-0.005215331126711416,0.021071999413274874,666.487768068858
1501000.0,-0.005942865566196813,0.02118407473159466,673.5962983729148,1501000.0,-0.005942866733692587,0.021184074452361316,673.5962806151844
1501000.0,-0.001233385279571303,0.07521192322587518,8490.906926397747,1501000.0,-0.0012333861329090407,0.07521192321915059,8490.906924879428
1501000.0,-0.0013347846029485597,0.0770351813028743,8907.56315670844,1501000.0,-0.0013347854335191642,0.07703518129520572,8907.563154935004
1501000.0,-0.0013454914228420108,0.07445226928877419,8320.25374377447,1501000.0,-0.0013454922518399152,0.07445226928072159,8320.253741974668
