cur_n,cur_mean,cur_std,cur_S,next_n,next_mean,next_std,next_S
3041000.0,-0.2974941527332238,1.3240301193652042,5331042.556995147,3041000.0,-0.29749404257083056,1.3240301580540292,5331042.868546632
3041000.0,-0.3619725349895821,1.3285290543383617,5367332.912040614,3041000.0,-0.3619729290128248,1.3285291246706799,5367333.480333757
3041000.0,-0.19259092967806163,0.9882707298927702,2970080.9471464404,3041000.0,-0.19259086398879366,0.9882707493330349,2970081.0639953134
3041000.0,0.09629562532119576,0.8363191070939994,2126965.5622760234,3041000.0,0.09629537623320872,0.8363192485773273,2126966.281930015
3041000.0,0.08601579388452,0.7404834181693504,1667428.0211472295,3041000.0,0.08601655901209528,0.7404845313846404,1667433.0346498084
3041000.0,0.09712011894468978,0.6516949281323123,1291531.7955136278,3041000.0,0.09712007156828927,0.6516949404294317,1291531.8442545957
