cur_n,cur_mean,cur_std,cur_S,next_n,next_mean,next_std,next_S
231000.0,-0.2731056716223707,1.2694811355212505,372275.5236456388,231000.0,-0.2731055727995747,1.2694811576696892,372275.53663570445
231000.0,-0.3551648456364921,1.2069762884846247,336518.8967827117,231000.0,-0.3551644011499763,1.2069764381851806,336518.9802591968
231000.0,-0.1979632282378708,0.9538120935576929,210153.984767706,231000.0,-0.19796319014832256,0.9538121016388199,210153.98832874506
231000.0,0.09818394327206782,0.7912942105128821,144639.84787356845,231000.0,0.09818383264739897,0.7912942260254777,144639.853544631
231000.0,0.09681205394611017,0.714185264948418,117823.9969066411,231000.0,0.09681220477357332,0.7141852481818626,117823.99137445597
231000.0,0.08581195830462361,0.6158513544983913,87612.03778346325,231000.0,0.08581167580461131,0.6158514088288068,87612.05324173445
