cur_n,cur_mean,cur_std,cur_S,next_n,next_mean,next_std,next_S
481000.0,-0.3614068319430984,1.3344322739604468,856521.2665116667,481000.0,-0.36140687066240146,1.3344322637442134,856521.2533968444
481000.0,-0.38221733790174317,1.2751700066413634,782134.1605479503,481000.0,-0.38221748515522963,1.2751699665934197,782134.1114205961
481000.0,-0.18934818610368076,0.9885975456152094,470093.37656147615,481000.0,-0.18934823165218095,0.9885975373959207,470093.36874467914
481000.0,0.11485801698396068,0.7873366270983178,298171.4018622372,481000.0,0.11485819656738563,0.7873366107515024,298171.38948086783
481000.0,0.09296595305411666,0.7180748909373577,248018.77506644977,481000.0,0.09296583210191138,0.7180749114962325,248018.78926827494
481000.0,0.07647240866113558,0.6068191729427991,177118.3936611227,481000.0,0.07647239027299463,0.6068191753940981,177118.39509209312
