cur_n,cur_mean,cur_std,cur_S,next_n,next_mean,next_std,next_S
1841000.0,0.18331193275662858,1.5910517995355913,4660391.770830821,1841000.0,0.18331196668306807,1.591051796292745,4660391.751833408
1841000.0,0.03878027722599591,1.6117925810405125,4782688.472031213,1841000.0,0.03878027552663051,1.6117925810830669,4782688.472283758
1841000.0,0.0530764777628623,1.4856812641417516,4063545.0750827948,1841000.0,0.053076476463219224,1.4856812641891677,4063545.075342174
1841000.0,0.010608625885675899,0.8031520475737112,1187542.9624117163,1841000.0,0.01060870233789313,0.8031520532628005,1187542.9792355245
1841000.0,-0.0005173023322333076,0.6967466862726192,893724.394435483,1841000.0,-0.0005173071812507103,0.696746686300133,893724.3945060675
1841000.0,-0.0027941333034997547,0.6375219694623641,748245.4755083427,1841000.0,-0.0027942106213122066,0.6375219777549942,748245.494974097
