cur_n,cur_mean,cur_std,cur_S,next_n,next_mean,next_std,next_S
1042000.0,-0.008164892648385007,0.016840251866807415,295.5050344208861,1042000.0,-0.008164891693780067,0.016840252357834613,295.5050516535275
1042000.0,-0.013655169213253169,0.02385828158944313,593.1247396180096,1042000.0,-0.013655173321982605,0.023858279606481122,593.1246410238364
1042000.0,-0.004056840306670841,0.008983521254414942,84.09320760192305,1042000.0,-0.004056842218982545,0.008983520602924242,84.09319540493723
1042000.0,-0.0004365410048693644,0.05116532599102481,2727.8419882860885,1042000.0,-0.000436523806913191,0.051165329149481485,2727.8423250677206
1042000.0,-0.0006825339161175224,0.06132821669251572,3919.1184695168986,1042000.0,-0.0006825138528045621,0.06132822033545903,3919.1189351142243
1042000.0,-0.0004932843482785208,0.044059852531848555,2022.8039705436279,1042000.0,-0.0004932691751767429,0.044059855424066575,2022.804236109214
