cur_n,cur_mean,cur_std,cur_S,next_n,next_mean,next_std,next_S
3351000.0,-0.30101167561438036,1.3275409530771423,5905685.055006937,3351000.0,-0.3010116771594959,1.327540952729882,5905685.0519173
3351000.0,-0.3638616688273872,1.3316926951861168,5942681.610714825,3351000.0,-0.3638616631251614,1.3316926967850664,5942681.624985457
3351000.0,-0.1966588682426905,0.9897433156278214,3282612.225111173,3351000.0,-0.1966588621605573,0.9897433168989342,3282612.233542795
3351000.0,0.09800662065739482,0.8343176580691826,2332584.033750818,3351000.0,0.09800663936525658,0.8343176565744526,2332584.0253928904
3351000.0,0.0850668213133119,0.7377974220392614,1824100.2155280306,3351000.0,0.08506680963219379,0.737797423695923,1824100.2237197561
3351000.0,0.09778899179965486,0.6498773578937774,1415263.2845953424,3351000.0,0.09778900041233266,0.6498773567890269,1415263.279783626
