cur_n,cur_mean,cur_std,cur_S,next_n,next_mean,next_std,next_S
881000.0,-0.3783930052608035,1.3750501280203105,1665762.0748750004,881000.0,-0.37839324001814917,1.375050081073537,1665761.9611305604
881000.0,-0.4185064492497083,1.3732873322900065,1661493.8434818469,881000.0,-0.4185068134489963,1.3732872638474178,1661493.6778691094
881000.0,-0.20776850613049463,1.0241745941894869,924110.5010565992,881000.0,-0.20776852834749154,1.0241745898947334,924110.4933063061
881000.0,0.10602005609703283,0.7929034895371536,553881.1264174918,881000.0,0.1060205647051375,0.7929035652421009,553881.232184572
881000.0,0.09192983669819613,0.7331309100796384,473520.7004878092,881000.0,0.09193049368222923,0.7331310870404999,473520.929081748
881000.0,0.08738323962641764,0.6279364872730369,347382.0284349934,881000.0,0.08738327961772825,0.6279364828297697,347382.0235188556
