cur_n,cur_mean,cur_std,cur_S,next_n,next_mean,next_std,next_S
851000.0,-0.004989297589253729,0.02467771378191815,518.2501134344343,851000.0,-0.004989315426197772,0.024677715661412903,518.2501923759777
851000.0,-0.0020777620884142385,0.022845081163913032,444.1349711112936,851000.0,-0.0020777786771276337,0.022845084780615667,444.1351117371234
851000.0,-0.005025660155424373,0.0249428285130953,529.4451347928615,851000.0,-0.005025689910451295,0.0249428376212137,529.4455214570968
851000.0,-0.0010494060940747691,0.08280012490493008,5834.337442315491,851000.0,-0.0010493896950046512,0.08280012649476819,5834.337666364721
851000.0,-0.0010610294733240002,0.07947752978565974,5375.4927574466965,851000.0,-0.0010609954530105908,0.07947753643611796,5375.493657059244
851000.0,-0.001061801056144448,0.08363999108068462,5953.29653988843,851000.0,-0.001061758867372245,0.08364000067106982,5953.297905130332
