cur_n,cur_mean,cur_std,cur_S,next_n,next_mean,next_std,next_S
1302000.0,-0.008690721736109852,0.017541376272774474,400.62524576905804,1302000.0,-0.008690724341504938,0.01754137523387486,400.62519831446883
1302000.0,-0.014494810035464092,0.02524147189472456,829.5457382426453,1302000.0,-0.014494812721812774,0.02524147053821878,829.5456490811601
1302000.0,-0.004205752567408558,0.009066378782381538,107.02338994175481,1302000.0,-0.004205755158683795,0.009066378062469812,107.02337294546729
1302000.0,-0.0004428148921694819,0.05120251006500304,3413.4495421176716,1302000.0,-0.0004428147069336134,0.05120251006704103,3413.4495423894
1302000.0,-0.0006889912195465591,0.06172978248593559,4961.356991580718,1302000.0,-0.0006889909786219229,0.061729782489237495,4961.35699211148
1302000.0,-0.0005006812502347851,0.04394572950346199,2514.4577383520677,1302000.0,-0.000500681086988216,0.04394572950571495,2514.4577386098845
