cur_n,cur_mean,cur_std,cur_S,next_n,next_mean,next_std,next_S
901000.0,-0.37958613711358913,1.378196312714629,1711381.99381856,901000.0,-0.3795857494629797,1.3781964686029278,1711382.3809686925
901000.0,-0.4233594362796029,1.3795276902599487,1714690.080022748,901000.0,-0.42336065099461495,1.3795277993303667,1714690.3511618813
901000.0,-0.20795151224529315,1.0242291317731689,945189.8282499104,901000.0,-0.20795098965029435,1.0242293580001678,945190.2457882818
901000.0,0.10604007534643599,0.796006086011471,570896.7457595386,901000.0,0.10603952125707303,0.7960063335796209,570897.1008720826
901000.0,0.09343978490834967,0.735706353650299,487678.71876007837,901000.0,0.09344126330877696,0.7357075042454686,487680.24415458966
901000.0,0.08737240549022475,0.627080656645005,354300.36509443587,901000.0,0.08737175546336004,0.6270810507667063,354300.81045183947
