cur_n,cur_mean,cur_std,cur_S,next_n,next_mean,next_std,next_S
2151000.0,-0.3438681567076445,1.3661436668837366,4014515.663436632,2151000.0,-0.3438679394826804,1.3661437587086047,4014516.203105178
2151000.0,-0.4017850979022512,1.3775310240716985,4081719.7946243277,2151000.0,-0.40178534048219433,1.377530999261262,4081719.647594248
2151000.0,-0.18893930410257995,1.0125380190338396,2205276.699216279,2151000.0,-0.18893933838704935,1.0125380138848898,2205276.676787771
2151000.0,0.10406307444097014,0.8395220411688572,1516018.9011155057,2151000.0,0.10406290636623045,0.8395220981920961,1516019.1070620005
2151000.0,0.09435827294666027,0.7629358998314695,1252035.1237783078,2151000.0,0.09435843510614812,0.762935916844595,1252035.1796179428
2151000.0,0.09409528001594963,0.6495750895149609,907609.7111714128,2151000.0,0.09409534038429022,0.6495750868041097,907609.703596015
