cur_n,cur_mean,cur_std,cur_S,next_n,next_mean,next_std,next_S
1062000.0,0.0002154943261470437,0.013689126830382531,199.01050936775343,1062000.0,0.00021549381289038367,0.013689126848680686,199.01050989978518
1062000.0,-0.007323298072174543,0.019818528290491855,417.1260555442896,1062000.0,-0.007323298994964418,0.019818527972319804,417.126042150979
1062000.0,-0.005991802345479077,0.013926971818074977,205.98609775078484,1062000.0,-0.005991804121321102,0.013926971174293739,205.9860787071645
1062000.0,-0.00019818994739945553,0.11268106347726498,13484.237434482198,1062000.0,-0.00019818988920823857,0.11268106347738477,13484.23743451087
1062000.0,-0.0001608556572815322,0.06809686718565588,4924.688686371911,1062000.0,-0.00016085548430396252,0.06809686718629888,4924.688686464912
1062000.0,-0.00074061701215763,0.05874022437589728,3664.339625234064,1062000.0,-0.0007406166415509798,0.05874022438181107,3664.3396259718934
