cur_n,cur_mean,cur_std,cur_S,next_n,next_mean,next_std,next_S
1581000.0,-0.3314316605459079,1.3487874929615917,2876198.995549163,1581000.0,-0.331431695598733,1.3487874850683708,2876198.9618856325
1581000.0,-0.37551529800200406,1.3269085477122242,2783645.0308009787,1581000.0,-0.37551524752835963,1.32690856351404,2783645.097100418
1581000.0,-0.20189858380266215,1.0057688123397779,1599293.5990269561,1581000.0,-0.20189859200168417,1.0057688107467557,1599293.593960761
1581000.0,0.09576701140681787,0.8183831293953462,1058876.2463831722,1581000.0,0.09576694589487943,0.8183831412071154,1058876.2769488122
1581000.0,0.09291729356007378,0.7504848733003837,890462.7487283077,1581000.0,0.09291723656698953,0.7504848837780886,890462.773592249
1581000.0,0.099781580345137,0.6462208223231862,660227.736253611,1581000.0,0.09978157547684982,0.6462208231038649,660227.7378488109
