cur_n,cur_mean,cur_std,cur_S,next_n,next_mean,next_std,next_S
3621000.0,-0.31172690910463297,1.3475248911893063,6575096.286528976,3621000.0,-0.31172688463760606,1.3475248976536556,6575096.349613109
3621000.0,-0.3856043820924201,1.3647221654126562,6743991.517931134,3621000.0,-0.385604425341843,1.364722155674001,6743991.4216809105
3621000.0,-0.16212499043713888,0.9789982648603259,3470502.559012894,3621000.0,-0.16212499682227144,0.9789982638782955,3470502.552050391
3621000.0,0.09915839603292836,0.8563961308220326,2655693.2993836384,3621000.0,0.09915832664679568,0.8563961490340536,2655693.4123349725
3621000.0,0.09448424483425918,0.7684429869343775,2138217.2441146015,3621000.0,0.09448419363635104,0.7684429994052033,2138217.313515547
3621000.0,0.09228788018465724,0.6560408514628298,1558440.737211618,3621000.0,0.09228789131534944,0.6560408502389438,1558440.7313968774
