cur_n,cur_mean,cur_std,cur_S,next_n,next_mean,next_std,next_S
1101000.0,-0.036775412742944276,0.12152683219971472,16260.41680989188,1101000.0,-0.03677542035758751,0.12152683015809318,16260.416263549701
1101000.0,-0.04251786939065949,0.1272001539924565,17814.04697245081,1101000.0,-0.042517860497413865,0.12720015730739634,17814.04790094804
1101000.0,-0.046385190189141993,0.17683054957361694,34427.21663202064,1101000.0,-0.04638519492229007,0.17683054840178947,34427.21617573344
1101000.0,0.0338810734930518,0.1666847281336952,30589.96225089727,1101000.0,0.03388106958603521,0.16668472897827197,30589.96256089054
1101000.0,0.033033101390596946,0.1225469036918269,16534.53570850374,1101000.0,0.03303312010402242,0.12254690022064994,16534.534771812618
1101000.0,0.0532843063546055,0.36675305858030527,148093.0943817877,1101000.0,0.053284335196349786,0.3667530556386226,148093.09200611355
