cur_n,cur_mean,cur_std,cur_S,next_n,next_mean,next_std,next_S
982000.0,-0.008049320867811743,0.016692523063931538,273.6248003675684,982000.0,-0.008049330042027958,0.01669252111571591,273.62473649704634
982000.0,-0.013469183199769075,0.023598179541295394,546.8503442652747,982000.0,-0.01346919825548592,0.023598175664255115,546.8501645767835
982000.0,-0.004015928080340886,0.008952722072551676,78.7085103232036,982000.0,-0.004015938338665,0.008952723242337122,78.70853089171341
982000.0,-0.00044072179385129203,0.05119723608225737,2573.9761567780724,982000.0,-0.00044071210144037444,0.05119723706663787,2573.9762557588833
982000.0,-0.0006857943473390976,0.06132288109085672,3692.8068218682524,982000.0,-0.000685785724236202,0.06132288178266059,3692.8069051878233
982000.0,-0.0004976991037726413,0.044128252742280105,1912.2512416649938,982000.0,-0.0004976950522926741,0.04412825297061252,1912.2512614540822
