cur_n,cur_mean,cur_std,cur_S,next_n,next_mean,next_std,next_S
2522000.0,-0.011483900761331588,0.02184324948483408,1203.3156761990085,2522000.0,-0.011483899903033067,0.02184324997860443,1203.3157306013177
2522000.0,-0.019169886832135143,0.03346014108569393,2823.5833865987975,2522000.0,-0.019169885981810682,0.03346014160010706,2823.5834734178206
2522000.0,-0.004870112394620245,0.009572373393935447,231.09169829495238,2522000.0,-0.004870111516135518,0.009572373942542884,231.09172478339426
2522000.0,-0.0004578967942449432,0.051661264057215044,6730.931006461013,2522000.0,-0.00045789614895791936,0.05166126407309562,6730.931010599162
2522000.0,-0.0007130849014346422,0.06415935872991385,10381.619594462374,2522000.0,-0.0007130842815554607,0.06415935874435633,10381.619599136244
2522000.0,-0.0005243318363648453,0.043358120111074046,4741.174833666269,2522000.0,-0.0005243311920488498,0.04335812013093934,4741.174838010776
