cur_n,cur_mean,cur_std,cur_S,next_n,next_mean,next_std,next_S
1641000.0,-0.3312067917559052,1.3475614210282942,2979927.6466312683,1641000.0,-0.3312065864212592,1.3475614971676273,2979927.9833724466
1641000.0,-0.37629552482890594,1.32910552881216,2898861.7925259634,1641000.0,-0.3762955532674779,1.3291055212599676,2898861.7595823607
1641000.0,-0.19954333961970816,1.003500465170936,1652508.634284786,1641000.0,-0.1995433837063939,1.0035004579936262,1652508.6106463983
1641000.0,0.09684679423189702,0.8200124480739509,1103441.9010088202,1641000.0,0.0968472607908435,0.8200126107779855,1103442.3388911167
1641000.0,0.09378024754406289,0.7517185810817753,927297.6340606436,1641000.0,0.09378025421456984,0.7517185802981873,927297.6321274221
1641000.0,0.10047560176660385,0.6499873356392663,693295.4833824402,1641000.0,0.1004756078793003,0.649987334741517,693295.4814673091
