cur_n,cur_mean,cur_std,cur_S,next_n,next_mean,next_std,next_S
1091000.0,-0.3693725884110943,1.3803505607531779,2078756.128593629,1091000.0,-0.3693736265712833,1.3803507088740212,2078756.5747225133
1091000.0,-0.42639730529197456,1.386351985870897,2096871.2651424443,1091000.0,-0.4263983002404461,1.3863520693698224,2096871.5177283736
1091000.0,-0.20968039185137768,1.0302890373847686,1158091.5911057596,1091000.0,-0.20968032075017684,1.0302890545316348,1158091.62965347
1091000.0,0.10245214448811193,0.810978756089181,717536.0182252993,1091000.0,0.10245318886147343,0.8109793578144422,717537.0830120273
1091000.0,0.0946014150164192,0.7447228348436403,605081.8019046648,1091000.0,0.09460066998497564,0.74472333606679,605082.616385152
1091000.0,0.09152537302622708,0.6347521785635118,439575.1680565168,1091000.0,0.09152523884893303,0.6347522133826863,439575.2162820932
