cur_n,cur_mean,cur_std,cur_S,next_n,next_mean,next_std,next_S
2562000.0,-0.006026509388505509,0.03413740060129543,2985.65775096174,2562000.0,-0.0060264971356381964,0.03413740839808144,2985.659114776021
2562000.0,-0.01582138482992804,0.05751808322470614,8475.941198276896,2562000.0,-0.015821381599977882,0.05751808434550859,8475.941528602778
2562000.0,-0.029380280996778037,0.08485519517828329,18447.43542908354,2562000.0,-0.02938026076499183,0.08485520836263102,18447.441161612274
2562000.0,-0.0003661911870541765,0.1646945662255966,69492.4569695363,2562000.0,-0.0003661853120510664,0.16469456650712697,69492.45720711835
2562000.0,-0.0005185265649759757,0.1483783275756018,56405.320177167705,2562000.0,-0.000518516264167617,0.14837832852765392,56405.320901003935
2562000.0,-0.00045935209472610473,0.15019933737518462,57798.31250863389,2562000.0,-0.00045935585016146694,0.1501993374839838,57798.31259236808
