cur_n,cur_mean,cur_std,cur_S,next_n,next_mean,next_std,next_S
2751000.0,-0.3000423612354843,1.3231133457817168,4815980.17483643,2751000.0,-0.3000424042837888,1.3231133379462559,4815980.117796079
2751000.0,-0.35860943548367075,1.3201081250067572,4794127.705161063,2751000.0,-0.35860942132258544,1.320108129062628,4794127.734619805
2751000.0,-0.19001312565262685,0.9855566692743777,2672106.679914165,2751000.0,-0.19001311968935267,0.985556670473721,2672106.686417644
2751000.0,0.09656638768899246,0.8383468098491466,1933472.6027302474,2751000.0,0.09656640913368347,0.8383468081335473,1933472.5948169015
2751000.0,0.0868357170856313,0.7437980858908577,1521951.11517356,2751000.0,0.08683571850805524,0.7437980857285373,1521951.114509284
2751000.0,0.09684992485109413,0.6525172335002609,1171317.3137808084,2751000.0,0.09684991534230819,0.6525172351021775,1171317.319531929
