cur_n,cur_mean,cur_std,cur_S,next_n,next_mean,next_std,next_S
91000.0,-0.1338259358371439,1.1889368111929264,128634.93743187399,91000.0,-0.13382613675458538,1.1889367901226362,128634.93287254771
91000.0,-0.1369604103582951,1.107045228872156,111524.971627943,91000.0,-0.1369607145781535,1.107045195038743,111524.96481111154
91000.0,-0.08892704488861124,0.8301328732001184,62709.97343224103,91000.0,-0.0889271104691382,0.8301328664106042,62709.97240645283
91000.0,0.13587971864674586,1.7124723071666907,266863.0876559656,91000.0,0.13587940037012974,1.712472335112515,266863.09636583965
91000.0,0.08160541578146424,1.4279275598605834,185546.91757505538,91000.0,0.08160529052295547,1.4279275675189858,185546.9195653426
91000.0,0.07989510888375495,0.763049903450297,52984.309119151185,91000.0,0.07989502452268078,0.7630499127076815,52984.31040477125
