cur_n,cur_mean,cur_std,cur_S,next_n,next_mean,next_std,next_S
1701000.0,-0.005747715521050821,0.01994353959235735,676.5638562737447,1701000.0,-0.005747722364071345,0.019943539617154716,676.5638579561945
1701000.0,-0.006176117574444538,0.02088901221861886,742.2327643298034,1701000.0,-0.0061761258885826694,0.020889012574863922,742.232789646152
1701000.0,-0.006237099758599568,0.02052731426493343,716.7514432142084,1701000.0,-0.006237106260295433,0.020527314040872453,716.7514275671515
1701000.0,-0.001281756233098489,0.07398286750072365,9310.363426854005,1701000.0,-0.0012817584533794352,0.0739828675189297,9310.36343143628
1701000.0,-0.001442686964150243,0.07680908712714095,10035.280606883345,1701000.0,-0.0014426914863892612,0.07680908726865068,10035.280643860477
1701000.0,-0.0014214643467950427,0.072887158666185,9036.626965228797,1701000.0,-0.0014214660320671182,0.07288715866646087,9036.6269652972
