cur_n,cur_mean,cur_std,cur_S,next_n,next_mean,next_std,next_S
1081000.0,-0.3715803306395719,1.382104062435751,2064938.78219292,1081000.0,-0.3715806260596819,1.3821040171415866,2064938.646849023
1081000.0,-0.4273227456306681,1.3865777564492656,2078328.302528949,1081000.0,-0.4273228238710481,1.3865777347230135,2078328.2373984018
1081000.0,-0.2090692649843687,1.0294911733077545,1145700.094067982,1081000.0,-0.20906926443707982,1.0294911734190457,1145700.0943156893
1081000.0,0.10353538378619742,0.8110154878647925,711023.5574026493,1081000.0,0.10353568721264592,0.8110155104871937,711023.5970691184
1081000.0,0.0951359685233711,0.7443540999774682,598942.1312716813,1081000.0,0.09513561616345496,0.7443542351673841,598942.3488319627
1081000.0,0.0905219588754777,0.6326640350172962,432685.14748192026,1081000.0,0.09052197325468996,0.6326640331365422,432685.144909388
