cur_n,cur_mean,cur_std,cur_S,next_n,next_mean,next_std,next_S
161000.0,-0.31350139778322206,1.2449200314217495,249521.96742625584,161000.0,-0.31350150134558197,1.2449200060357257,249521.95724990664
161000.0,-0.3399663714621566,1.1826119875616095,225169.94921303168,161000.0,-0.33996695400094873,1.1826118431981227,225169.8942392663
161000.0,-0.20879066145519887,0.9959512035404375,159698.926773217,161000.0,-0.20879058473081036,0.995951220100705,159698.93208403338
161000.0,0.1193931105491668,0.8088856712467087,105341.66069286641,161000.0,0.1193931096541781,0.8088856713788833,105341.66072729276
161000.0,0.09382464589465278,0.7180007468064464,82999.536658753,161000.0,0.09382497747908086,0.7180007158036783,82999.52949102971
161000.0,0.10273553134786119,0.640382922180257,66024.53621024014,161000.0,0.10273584959556031,0.6403828838559539,66024.52830764255
