cur_n,cur_mean,cur_std,cur_S,next_n,next_mean,next_std,next_S
1662000.0,-0.009135052212727668,0.016906565375556175,475.0527055502011,1662000.0,-0.00913505022405018,0.01690656664447892,475.05277686039227
1662000.0,-0.015260860015607457,0.024638456075308995,1008.9229465419348,1662000.0,-0.015260858333342647,0.024638457212740824,1008.9230396955883
1662000.0,-0.004640577193775492,0.008612511140115358,123.27942860637174,1662000.0,-0.004640575325256263,0.008612512483780376,123.27946707279945
1662000.0,-0.0006232056951851226,0.05492453186873369,5013.76238206124,1662000.0,-0.0006232019369608263,0.05492453212507403,5013.762428861077
1662000.0,-0.0009868777030445325,0.06478359438032674,6975.271235587276,1662000.0,-0.0009868740697416447,0.06478359460500925,6975.271283970556
1662000.0,-0.0007027435909012857,0.04824709279447107,3868.7736227026185,1662000.0,-0.0007027391960951984,0.04824709319114863,3868.773686319122
