cur_n,cur_mean,cur_std,cur_S,next_n,next_mean,next_std,next_S
3982000.0,-0.004106318072927994,0.0299569393339624,3573.519329178158,3982000.0,-0.0041063193799855974,0.029956939268342413,3573.5193135227337
3982000.0,-0.01375980728556069,0.04865942864765034,9428.340665329415,3982000.0,-0.013759810345997783,0.048659428165469164,9428.340478472786
3982000.0,-0.019852129744341532,0.0697816707504594,19390.27562259303,3982000.0,-0.019852129428208822,0.06978167084323657,19390.27567415312
3982000.0,-0.00028491780050152524,0.16186225955982003,104325.97523998561,3982000.0,-0.0002849186998945526,0.16186225956818653,104325.97525077064
3982000.0,-0.0004534053357896516,0.1289199869634988,66182.28561997876,3982000.0,-0.0004534056161212466,0.1289199869637227,66182.28562020864
3982000.0,-0.0005609801065162819,0.12821683286752028,65462.31291016013,3982000.0,-0.0005609814062173166,0.12821683288806265,65462.31293113632
