cur_n,cur_mean,cur_std,cur_S,next_n,next_mean,next_std,next_S
441000.0,0.15273692307365486,1.388442298479968,850147.4591478766,441000.0,0.15273707589041796,1.3884422853779164,850147.4431030239
441000.0,-0.026450192587925792,1.3639100031067186,820370.4689893851,441000.0,-0.026450197941692413,1.363910003007519,820370.468870051
441000.0,0.0503609058594819,1.2145620405103414,650545.9790596522,441000.0,0.05036088944299559,1.2145620412399254,650545.9798412144
441000.0,0.01381692408892654,0.9431805736274428,392309.0111604727,441000.0,0.013817302456100997,0.9431806015533922,392309.0343916589
441000.0,0.022655177405520477,0.8268125873782588,301476.0030993847,441000.0,0.022655154842981005,0.8268125881322503,301476.00364923204
441000.0,0.007808918959545524,0.7818318136704296,269566.0943264323,441000.0,0.007808625745454041,0.7818318408463747,269566.11306630285
