cur_n,cur_mean,cur_std,cur_S,next_n,next_mean,next_std,next_S
1002000.0,-0.007849029841754247,0.015284346061443648,234.07845699501988,1002000.0,-0.007849032498585444,0.015284344928446806,234.07842229152106
1002000.0,-0.013399304635716052,0.021672166567968533,470.6221693572726,1002000.0,-0.013399307555698525,0.021672164959727545,470.6220995097257
1002000.0,-0.004324617634606568,0.00857935704268698,73.75257800043448,1002000.0,-0.004324620350135017,0.00857935610448119,73.75256186983367
1002000.0,-0.0006157171870314064,0.0554146313614502,3076.922931663271,1002000.0,-0.0006157249073635802,0.05541463181454091,3076.9229819794123
1002000.0,-0.0009904509113503263,0.06449442431270544,4167.849828962145,1002000.0,-0.0009904587883282064,0.06449442467372513,4167.849875622795
1002000.0,-0.0006945236346207798,0.049198285188805355,2425.3122080500625,1002000.0,-0.0006945311098754895,0.0491982856523144,2425.3122537489785
