cur_n,cur_mean,cur_std,cur_S,next_n,next_mean,next_std,next_S
2451000.0,-0.038569823683689504,0.12981692344454987,41305.31478450251,2451000.0,-0.038569748006313985,0.1298169999937037,41305.363497532264
2451000.0,-0.03393156422204712,0.12459770274303833,38050.76403319307,2451000.0,-0.033931686618491885,0.1245978167576857,38050.83367085626
2451000.0,0.007188700274729472,0.22691388539311166,126201.77280266982,2451000.0,0.007188757844538154,0.22691390146881948,126201.79068419254
2451000.0,0.031031569547490537,0.15460155125171576,58582.918780769825,2451000.0,0.031031546372981063,0.15460156016044918,58582.92553231426
2451000.0,0.030716668026786385,0.1651051744467607,66813.57035991254,2451000.0,0.030716717679916412,0.16510518350890827,66813.57769432168
2451000.0,0.05323318863299274,0.41171593637546344,415469.0400628009,2451000.0,0.05323319108159644,0.4117159360767176,415469.0394598627
