cur_n,cur_mean,cur_std,cur_S,next_n,next_mean,next_std,next_S
4421000.0,-0.30346760246700233,1.3347368272494873,7876110.521628858,4421000.0,-0.3034676111296559,1.3347368254043064,7876110.499852507
4421000.0,-0.38431218436607917,1.355706340858763,8125531.336972028,4421000.0,-0.3843122065161864,1.3557063353797572,8125531.271294331
4421000.0,-0.21055366133655926,0.9992335806681484,4414225.917156944,4421000.0,-0.2105536652857363,0.9992335798705351,4414225.910109852
4421000.0,0.096577873095595,0.8253465721417407,3011571.778490003,4421000.0,0.0965779083541724,0.8253465713455249,3011571.772679448
4421000.0,0.08816585310593161,0.7331032845318798,2376024.122423914,4421000.0,0.088165857023032,0.7331032841070543,2376024.1196701517
4421000.0,0.09776278960835541,0.6408132057092006,1815446.3571465677,4421000.0,0.09776279583577066,0.6408132048928912,1815446.3525213005
