cur_n,cur_mean,cur_std,cur_S,next_n,next_mean,next_std,next_S
711000.0,-0.3748557073232225,1.3666338044566,1327926.136348783,711000.0,-0.3748556918168276,1.3666338087724368,1327926.1447359785
711000.0,-0.41598449489805056,1.3476007501335792,1291195.7528317762,711000.0,-0.4159843988151538,1.3476007822283673,1291195.8143346428
711000.0,-0.2200498589632542,1.0332964145489998,759135.7525073909,711000.0,-0.22004984595876756,1.0332964173765995,759135.7566621176
711000.0,0.10340246117328271,0.7806908637376866,433339.01777840505,711000.0,0.10340223910988101,0.7806909156050102,433339.0753585226
711000.0,0.09410473658719876,0.7225411245998816,371188.69616076176,711000.0,0.0941046657047119,0.7225411363037619,371188.7081859545
711000.0,0.09283761111364698,0.62466721627919,277438.6922078285,711000.0,0.09283757229994738,0.6246672229050075,277438.69809338846
