cur_n,cur_mean,cur_std,cur_S,next_n,next_mean,next_std,next_S
162000.0,-0.006186994227549585,0.015488108097068626,38.8608017730902,162000.0,-0.006186985012869304,0.015488112222095236,38.86082247308296
162000.0,-0.011152174296224164,0.0197055483168298,62.905998783640015,162000.0,-0.011152166552498484,0.019705552945806386,62.90602833779654
162000.0,-0.003985224010690274,0.010611786711995166,18.2428227897821,162000.0,-0.003985211174396519,0.010611792790312718,18.242843688374343
162000.0,-0.0006292371289167564,0.05922778607610565,568.2847642432633,162000.0,-0.0006292656024126009,0.059227786882364415,568.2847797152101
162000.0,-0.0010043866104323695,0.0673336623952881,734.4791788331469,162000.0,-0.001004415064363703,0.06733366294479899,734.479190821335
162000.0,-0.0007401081215360844,0.05307369303384482,456.3243365446277,162000.0,-0.0007401414212433247,0.05307369426180847,456.32435766053925
