cur_n,cur_mean,cur_std,cur_S,next_n,next_mean,next_std,next_S
2702000.0,-0.012229217721387242,0.023036399367796882,1433.8857301397734,2702000.0,-0.01222921502931203,0.023036401221949627,1433.8859609608512
2702000.0,-0.020478674453958054,0.03592489817531621,3487.196630666276,2702000.0,-0.020478672027976957,0.035924899779551406,3487.1969421095364
2702000.0,-0.00504932767463143,0.009716972321688297,255.1216270734333,2702000.0,-0.005049324912705219,0.009716974817487293,255.12175812914933
2702000.0,-0.00046475478494812045,0.05185204920647753,7264.691788673432,2702000.0,-0.00046475750921988186,0.05185204937542701,7264.69183601451
2702000.0,-0.0007196652587171874,0.06486767961976493,11369.518451700165,2702000.0,-0.0007196674875733733,0.06486767969850239,11369.518479301185
2702000.0,-0.0005298754315825827,0.04330110366951881,5066.211034453718,2702000.0,-0.0005298784311826815,0.04330110391353822,5066.211091554056
