cur_n,cur_mean,cur_std,cur_S,next_n,next_mean,next_std,next_S
2781000.0,-0.32651800771563955,1.362087985435679,5159543.914269739,2781000.0,-0.32651890333314915,1.3620885896014723,5159548.4913905505
2781000.0,-0.39114678430108596,1.3694709066005744,5215628.018554635,2781000.0,-0.3911469758696817,1.3694708891470202,5215627.885610963
2781000.0,-0.17440396739342906,0.9968475276527314,2763493.5866102567,2781000.0,-0.17440395772117687,0.9968475294754062,2763493.5967160156
2781000.0,0.101566133835328,0.849712314572248,2007912.6397668566,2781000.0,0.10156734595551627,0.8497145739934991,2007923.318031588
2781000.0,0.09329243138694561,0.7686871057882223,1643236.9090287099,2781000.0,0.0932931375298724,0.7686879220859517,1643240.3990606354
2781000.0,0.0930633206920429,0.6525612878887366,1184250.5680082492,2781000.0,0.09306330839698919,0.6525612899642785,1184250.575541524
