cur_n,cur_mean,cur_std,cur_S,next_n,next_mean,next_std,next_S
2462000.0,-0.010959615279691368,0.01990359644906019,975.329059256536,2462000.0,-0.010959618993941158,0.019903595257099383,975.3289424380524
2462000.0,-0.01821527892220485,0.030220276140902044,2248.4586516597033,2462000.0,-0.018215283268255833,0.030220274290714215,2248.4583763431783
2462000.0,-0.005097653210190484,0.008992140673927432,199.07385818106158,2462000.0,-0.005097656802071795,0.008992140403881702,199.0738462241658
2462000.0,-0.00062551289807078,0.0551472857965454,7487.4913478470635,2462000.0,-0.0006255152542703539,0.055147285893743625,7487.491374240777
2462000.0,-0.0010113459197892939,0.06633692375321819,10834.24630938518,2462000.0,-0.0010113501919607056,0.06633692402677593,10834.246398740905
2462000.0,-0.0007133780829609215,0.04772869014049402,5608.504597542191,2462000.0,-0.0007133798620276261,0.04772869019553375,5608.504610477413
