cur_n,cur_mean,cur_std,cur_S,next_n,next_mean,next_std,next_S
4341000.0,-0.30796199675198094,1.3438348823351327,7839378.001047132,4341000.0,-0.3079629992610655,1.3438362758615343,7839394.259571189
4341000.0,-0.38039410532899903,1.361817599670654,8050589.285688472,4341000.0,-0.38039453883193786,1.3618177781004284,8050591.3953174325
4341000.0,-0.1559953372389013,0.9716543975744935,4098391.356802522,4341000.0,-0.1559956215651539,0.9716545325119973,4098392.4951223605
4341000.0,0.0981726125582412,0.8593271541016027,3205581.7479071766,4341000.0,0.09817258848348859,0.8593271583158719,3205581.7793484847
4341000.0,0.0945831891683605,0.7698191100813205,2572569.767611606,4341000.0,0.09458354745930768,0.7698194280052234,2572571.89247855
4341000.0,0.09324051658738526,0.6572367496491061,1875138.9898327456,4341000.0,0.09324077459926663,0.6572369328909405,1875140.0354345213
