cur_n,cur_mean,cur_std,cur_S,next_n,next_mean,next_std,next_S
2981000.0,-0.298272873471074,1.3235795544613123,5222303.117061246,2981000.0,-0.2982728460342729,1.3235795614920869,5222303.172542363
2981000.0,-0.36086253251240846,1.3249059659983435,5232775.31565799,2981000.0,-0.3608625016475716,1.3249059754766732,5232775.390528163
2981000.0,-0.19166270660383414,0.988214268277621,2911147.5387219,2981000.0,-0.19166270591086826,0.9882142684127462,2911147.539518021
2981000.0,0.0963063901312668,0.8358709841778719,2082765.9808298333,2981000.0,0.09630644754473092,0.8358709834407627,2082765.9771564768
2981000.0,0.08622569942671031,0.7402859933554534,1633657.612187604,2981000.0,0.08622570262693774,0.7402859930033088,1633657.610633384
2981000.0,0.09690484133518978,0.6523573485563037,1268624.4985521394,2981000.0,0.09690485261659977,0.6523573471712539,1268624.4931651899
