cur_n,cur_mean,cur_std,cur_S,next_n,next_mean,next_std,next_S
4142000.0,-0.014571195927272698,0.025402072683484808,2672.688858587801,4142000.0,-0.01457119756922568,0.02540207196142559,2672.6887066443255
4142000.0,-0.024159254296679977,0.04048639401363762,6789.351431142355,4142000.0,-0.02415925609549533,0.040486393105757926,6789.351126649233
4142000.0,-0.005772080908977099,0.009468299934973152,371.3249305539734,4142000.0,-0.005772082466779136,0.00946829951610512,371.3248976998938
4142000.0,-0.0006475169328160438,0.055202940393333004,12622.18428946543,4142000.0,-0.0006475172938402036,0.055202940393986974,12622.18428976449
4142000.0,-0.0010255743765623898,0.06849731677198272,19433.77692134989,4142000.0,-0.0010255747371814973,0.06849731677051438,19433.77692051671
4142000.0,-0.0007345759249158226,0.046505236266949794,8958.056655014054,4142000.0,-0.0007345763208208542,0.04650523626767509,8958.056655293474
