cur_n,cur_mean,cur_std,cur_S,next_n,next_mean,next_std,next_S
1771000.0,0.18590115781661432,1.5889800253904247,4471522.6698499555,1771000.0,0.1859011982413338,1.5889800215716978,4471522.648357523
1771000.0,0.034328998922247715,1.60032585819744,4535606.891627626,1771000.0,0.03432899300896067,1.600325858343665,4535606.89245648
1771000.0,0.04745510506799538,1.476367277482473,3860178.458635207,1771000.0,0.04745515772348641,1.4763672774528471,3860178.4584802855
1771000.0,0.009982484918203385,0.8071268007527929,1153724.45398588,1771000.0,0.00998256010592863,0.807126806024984,1153724.469058247
1771000.0,0.0004923032308710553,0.6982692964129162,863504.1982643037,1771000.0,0.0004923012271598481,0.6982692964194636,863504.198280497
1771000.0,-0.0011333801135513296,0.6396173526473222,724534.4436772047,1771000.0,-0.0011335070329261906,0.6396173747233777,724534.4936910536
