cur_n,cur_mean,cur_std,cur_S,next_n,next_mean,next_std,next_S
301000.0,-0.029055070471338363,1.1265661793026684,382014.55826093233,301000.0,-0.029054087398006724,1.1265663337640444,382014.66301553854
301000.0,-0.12141546680795456,1.108794464790295,370056.9747100287,301000.0,-0.12141672653185297,1.1087945422422878,370057.02640879166
301000.0,-0.0968353342411899,0.8013592130074081,193295.15306982762,301000.0,-0.0968352487115424,0.8013592247165702,193295.15871854106
301000.0,0.08597336163268354,1.5063463178378393,682992.8480083486,301000.0,0.08597570888692041,1.5063467343363335,682993.2256977668
301000.0,0.10622654764516318,1.3713025994780401,566021.7166199043,301000.0,0.1062300787777071,1.371303694394769,566022.6205004833
301000.0,0.09322503095884041,0.7647723405149938,176047.8965778513,301000.0,0.09322504432349066,0.7647723389209969,176047.89584398636
