cur_n,cur_mean,cur_std,cur_S,next_n,next_mean,next_std,next_S
3611000.0,-0.3111654348285184,1.3473305091089514,6555046.497301363,3611000.0,-0.31116582071263094,1.347330619532424,6555047.571768276
3611000.0,-0.3857113862330409,1.3646459852103716,6724616.039137288,3611000.0,-0.3857115007227272,1.3646459701928229,6724615.891132237
3611000.0,-0.162744074688421,0.9789809439257102,3460795.719425095,3611000.0,-0.16274392347260905,0.9789810112348902,3460796.1953145014
3611000.0,0.09883675731638385,0.8561950151892773,2647115.423470265,3611000.0,0.09883732441871905,0.8561956279082914,2647119.212183126
3611000.0,0.09457479878030658,0.7683678934854669,2131895.4724785895,3611000.0,0.09457482972433327,0.7683678919267035,2131895.4638287732
3611000.0,0.09259352768272493,0.6559979766255786,1553933.7100113765,3611000.0,0.09259331013683397,0.6559981375876299,1553934.4725880835
