cur_n,cur_mean,cur_std,cur_S,next_n,next_mean,next_std,next_S
3602000.0,-0.01391942439389584,0.024572407035132207,2174.8990813757737,3602000.0,-0.01391942498863121,0.024572406724158995,2174.899026327414
3602000.0,-0.02304625249891297,0.038896599363675476,5449.629482293922,3602000.0,-0.023046253110531687,0.03889659901861343,5449.6293856037055
3602000.0,-0.005678118125080163,0.009420335904616944,319.65130825804613,3602000.0,-0.005678118704227834,0.009420335619659862,319.6512889196905
3602000.0,-0.000654623845868494,0.055321854230433225,11023.948214886876,3602000.0,-0.0006546232660479333,0.05532185424823655,11023.948221982191
3602000.0,-0.00103544412473446,0.0682248563337233,16765.980940369376,3602000.0,-0.0010354435053218439,0.06822485635325125,16765.980949967205
3602000.0,-0.0007378729469336802,0.04684934419218238,7905.889506557738,3602000.0,-0.000737872362877605,0.046849344214492966,7905.88951408762
