cur_n,cur_mean,cur_std,cur_S,next_n,next_mean,next_std,next_S
502000.0,-0.012521565063052251,0.051412672638045886,1326.9179797090098,502000.0,-0.012521581994528982,0.051412669913945074,1326.917839095497
502000.0,-0.013645924057658786,0.05107226895289877,1309.4050813106082,502000.0,-0.013645941112491245,0.051072265825538664,1309.4049209503512
502000.0,-0.021623745592595396,0.06456794156179047,2092.8475769184483,502000.0,-0.021623739287383797,0.06456794382794483,2092.8477238246564
502000.0,-0.0006925172210693611,0.14186199356665158,10102.662259789755,502000.0,-0.0006925401197103769,0.14186199438260447,10102.662376005472
502000.0,-0.0007015720474775087,0.14040894607078655,9896.765412627943,502000.0,-0.0007016120961465149,0.14040894873785326,9896.76578860589
502000.0,-0.0006370614035774028,0.14720431150291843,10877.89288117422,502000.0,-0.000637100066292142,0.14720431388440333,10877.893233141325
