cur_n,cur_mean,cur_std,cur_S,next_n,next_mean,next_std,next_S
1411000.0,0.18527971317718847,1.5612282024878306,3439218.6688434132,1411000.0,0.18527975399074156,1.5612281983969991,3439218.650820085
1411000.0,0.03724030005494624,1.5750365629860654,3500324.3865623134,1411000.0,0.03724029847640072,1.5750365630245184,3500324.3867332274
1411000.0,0.03767150967739799,1.4084201183265985,2798926.241116732,1411000.0,0.037671509347760666,1.4084201183354168,2798926.2411517804
1411000.0,0.008525038366736975,0.8352672714640365,984414.3662531356,1411000.0,0.00852514625574919,0.8352672801944733,984414.38683186
1411000.0,0.0008065554439806061,0.7281301523692179,748074.8350115902,1411000.0,0.0008065485610088025,0.7281301524227796,748074.8351216477
1411000.0,0.0010502717397281426,0.6622368111680687,618804.7652271996,1411000.0,0.0010501666694653748,0.6622368230956523,618804.7875178534
