cur_n,cur_mean,cur_std,cur_S,next_n,next_mean,next_std,next_S
3162000.0,-0.005085623547927405,0.03226891646095321,3292.536749761295,3162000.0,-0.005085625621113689,0.032268916344800884,3292.53672605825
3162000.0,-0.015184489237707368,0.05336837878413227,9005.957346495408,3162000.0,-0.015184492387005087,0.05336837818190499,9005.957143242724
3162000.0,-0.024667633980033243,0.07733717096310253,18912.04219576578,3162000.0,-0.024667633597433312,0.07733717108812158,18912.042256910136
3162000.0,-0.00032970746390015656,0.16543443001205385,86539.35710285234,3162000.0,-0.00032970820510129593,0.1654344300158278,86539.35710680069
3162000.0,-0.000510993055435614,0.13932241220762331,61376.74262607556,3162000.0,-0.0005109937230421115,0.13932241221022817,61376.742628370645
3162000.0,-0.0004983198509785062,0.13952106229495584,61551.89301721273,3162000.0,-0.0004983214815841529,0.13952106231925981,61551.8930386569
