cur_n,cur_mean,cur_std,cur_S,next_n,next_mean,next_std,next_S
1451000.0,-0.33959612099227626,1.3554800406851026,2665960.230149443,1451000.0,-0.3395961789893354,1.3554800279551515,2665960.180074868
1451000.0,-0.3818653882447029,1.3336808328111716,2580900.3220852627,1451000.0,-0.3818654494581441,1.3336808173226697,2580900.262139468
1451000.0,-0.20337863008864265,1.0120153951641278,1486078.1572313972,1451000.0,-0.20337865683086992,1.0120153903025961,1486078.1429537174
1451000.0,0.0977580717344613,0.8161689025970189,966557.0641488786,1451000.0,0.09775807691140415,0.8161689020007458,966557.0627365923
1451000.0,0.09447524282456587,0.7530768901670715,822898.0884328795,1451000.0,0.09447516458995013,0.7530769058783109,822898.1227686802
1451000.0,0.09668859289883354,0.6404188935899388,595107.8572963608,1451000.0,0.09668861144163779,0.6404188911799076,595107.8528173284
