cur_n,cur_mean,cur_std,cur_S,next_n,next_mean,next_std,next_S
2651000.0,-0.30182759472618687,1.3259363701297266,4660742.339984541,2651000.0,-0.30182755934286215,1.3259363794358034,4660742.405407327
2651000.0,-0.35839027962705966,1.3228425127726973,4639017.543350376,2651000.0,-0.3583902807715197,1.3228425124639567,4639017.541184958
2651000.0,-0.1893897504494404,0.9854893448718379,2574622.6987170554,2651000.0,-0.18938974726389227,0.9854893454976819,2574622.70198713
2651000.0,0.09691113890652422,0.8394559986163769,1868123.5764481118,2651000.0,0.09691116159133435,0.8394559968100875,1868123.5684086871
2651000.0,0.08633316298832185,0.7464759782422504,1477207.149531813,2651000.0,0.08633321588139087,0.7464759770927157,1477207.144982167
2651000.0,0.09727411314507478,0.6531392184408088,1130892.3133021626,2651000.0,0.09727412798218266,0.6531392166777995,1130892.3071969599
