cur_n,cur_mean,cur_std,cur_S,next_n,next_mean,next_std,next_S
2961000.0,-0.2989774316189958,1.3240423564766548,5190894.046924734,2961000.0,-0.29897741924693255,1.3240423594415969,5190894.070172782
2961000.0,-0.3609956826559103,1.3251902472158088,5199898.535486369,2961000.0,-0.3609956464419722,1.3251902585460418,5199898.624403507
2961000.0,-0.19086999599194077,0.9882801115053392,2892001.530817934,2961000.0,-0.19086999600013982,0.9882801115037578,2892001.530808679
2961000.0,0.09678385834899217,0.8366650154117837,2072724.7184694551,2961000.0,0.09678385928321544,0.836665015305274,2072724.717941728
2961000.0,0.08628065849050581,0.7408107310870498,1624998.3968487321,2961000.0,0.0862806151470776,0.7408107398896167,1624998.4354663077
2961000.0,0.0961648163806029,0.6524162391970284,1260340.6164864306,2961000.0,0.09616481828473751,0.6524162389245559,1260340.6154337039
