cur_n,cur_mean,cur_std,cur_S,next_n,next_mean,next_std,next_S
1861000.0,0.185622501412164,1.5950900266541053,4734964.991417524,1861000.0,0.1856225310400234,1.5950900237184142,4734964.973988547
1861000.0,0.03797413841225095,1.6123420647857236,4837942.94394601,1861000.0,0.03797413699072032,1.6123420648203777,4837942.944153974
1861000.0,0.056605487159746164,1.4900793813331088,4132046.343136426,1861000.0,0.056605485890505555,1.4900793813822713,4132046.3434090842
1861000.0,0.009903917453227013,0.80219203604913,1197575.9486859073,1861000.0,0.00990399424229198,0.8021920419407655,1197575.9662769097
1861000.0,-0.00011627237533634724,0.6955694929417707,900383.2872104772,1861000.0,-0.00011627723434783042,0.6955694929725956,900383.2872902802
1861000.0,-0.004196984327478564,0.6372249025729156,755669.4277903141,1861000.0,-0.004197063962660177,0.6372249113088694,755669.4485098219
