cur_n,cur_mean,cur_std,cur_S,next_n,next_mean,next_std,next_S
842000.0,0.00027454851443629993,0.013938964942572107,163.59617417035406,842000.0,0.00027452147382571674,0.013938987559479069,163.59670506234892
842000.0,-0.00737507463268864,0.02017651661216944,342.7713146301677,842000.0,-0.0073750957617432856,0.0201765182041871,342.7713687225582
842000.0,-0.005808345355597842,0.014335941950424919,173.04719301221246,842000.0,-0.005808361299841007,0.014335942956034306,173.04721728935985
842000.0,-0.0001913389823087306,0.11450774325676472,11040.323589767517,842000.0,-0.00019129210022742212,0.11450775141601718,11040.32516312471
842000.0,-0.0001562638780120928,0.06935213607569456,4049.783211296313,842000.0,-0.0001562221821509538,0.06935214672341498,4049.784454832999
842000.0,-0.0007509855726692917,0.05991626907452942,3022.745730441208,842000.0,-0.000751002793594737,0.05991627094245313,3022.74591891284
