cur_n,cur_mean,cur_std,cur_S,next_n,next_mean,next_std,next_S
21000.0,-0.34670494092558773,1.4164502357833635,42132.956679465664,21000.0,-0.3467070999303142,1.416449741875165,42132.92729642265
21000.0,-0.24996788657698113,1.0984635134343463,25339.063897277098,21000.0,-0.24996784429001817,1.0984635230743125,25339.064342021447
21000.0,-0.22421365767426776,1.0260150271962711,22106.843556683863,21000.0,-0.2242125068988865,1.0260152922253762,22106.854977486808
21000.0,0.14738566628931823,0.9006204565770147,17033.4613429048,21000.0,0.1473815725129668,0.9006213218968553,17033.49407456002
21000.0,0.07709815765610459,0.7644556162463477,12272.240173422248,21000.0,0.07709422546155731,0.7644562251890396,12272.259724835787
21000.0,0.12454928777761368,0.7597651105308619,12122.10348677943,21000.0,0.12454872118388821,0.7597652078497282,12122.106592237755
