cur_n,cur_mean,cur_std,cur_S,next_n,next_mean,next_std,next_S
2051000.0,-0.032622558459090276,0.10702500869697812,23492.876949992486,2051000.0,-0.03262261214740036,0.1070250199512231,23492.881890792945
2051000.0,-0.030568532114763156,0.10404580235924085,22203.15995557391,2051000.0,-0.030568812318927774,0.1040464938891348,22203.455098665236
2051000.0,-0.009724098864914708,0.12842177780656805,33825.405833764045,2051000.0,-0.00972426285000044,0.1284219801257584,33825.51241279183
2051000.0,0.03263674478128557,0.1448725971969639,43046.5303775358,2051000.0,0.03263674191533796,0.1448725979007522,43046.53079577422
2051000.0,0.03401776273629829,0.1505754222500478,46502.23641863517,2051000.0,0.0340176088438156,0.1505756183103104,46502.35751737073
2051000.0,0.048963508312668026,0.35718173331175257,261664.09954436682,2051000.0,0.04896350001993954,0.35718173464598924,261664.10149923633
