cur_n,cur_mean,cur_std,cur_S,next_n,next_mean,next_std,next_S
101000.0,-0.05206234876429712,0.1871106677322573,3536.05059990033,101000.0,-0.05206231877186608,0.18711067632023884,3536.0509244947357
101000.0,-0.014488515102873809,0.0352100428367918,125.21445877344009,101000.0,-0.014488263262761742,0.0352102374296383,125.21584280500169
101000.0,-0.013176920205228272,0.04791769602734568,231.90666484947909,101000.0,-0.013176545490389043,0.04791794704634248,231.90909456274431
101000.0,0.10512036481478809,0.3204946446156942,10374.398539961354,101000.0,0.10512007039710232,0.3204947548411698,10374.405675950857
101000.0,0.0011145387808729722,0.11424077171825536,1318.146346201036,101000.0,0.0011146054953026217,0.11424077303484349,1318.146376583461
101000.0,0.0023173108078531567,0.15248020172581833,2348.2714037529713,101000.0,0.0023173469511675714,0.15248020160917541,2348.2714001602526
