cur_n,cur_mean,cur_std,cur_S,next_n,next_mean,next_std,next_S
1931000.0,-0.35206308473022174,1.372375420699734,3636873.0043030307,1931000.0,-0.3520630980487902,1.3723754174077984,3636872.986855397
1931000.0,-0.4108656052422783,1.3842009479521442,3699819.682385728,1931000.0,-0.41086560465367955,1.3842009481271256,3699819.6833211407
1931000.0,-0.18834362427563134,1.0110816988443672,1974034.6555561,1931000.0,-0.18834362212620948,1.0110816992491778,1974034.6571368035
1931000.0,0.10350842058856376,0.8314997280887583,1335077.5615743522,1931000.0,0.10350844575401999,0.831499725691415,1335077.5538758787
1931000.0,0.09612771285223196,0.76369439481403,1126215.4474624796,1931000.0,0.09612774045521322,0.763694392302853,1126215.4400560448
1931000.0,0.09171340295977462,0.6464857004701449,807049.4023217938,1931000.0,0.09171340707997745,0.6464856999109698,807049.4009256861
