cur_n,cur_mean,cur_std,cur_S,next_n,next_mean,next_std,next_S
4051000.0,-0.054291753583973375,0.16273835277920862,107285.75820589042,4051000.0,-0.054291753766105184,0.16273835271885637,107285.7581263156
4051000.0,-0.046016960187915595,0.15913459618620918,102586.79361826216,4051000.0,-0.04601695472000476,0.15913459814792033,102586.79614751306
4051000.0,0.012342944534761686,0.3100525002773837,389432.9719123691,4051000.0,0.01234294244161804,0.3100525003893312,389432.9721935864
4051000.0,0.027782201773590278,0.16831116451697922,114759.35345740075,4051000.0,0.027782202817799407,0.16831116435772964,114759.3532402389
4051000.0,0.02836500715377177,0.1823125710377616,134646.62578507382,4051000.0,0.028365008450115914,0.1823125708547398,134646.625514733
4051000.0,0.05847764870915264,0.45562291256931625,840956.1579939526,4051000.0,0.05847763337980512,0.4556229155814212,840956.1691130081
