cur_n,cur_mean,cur_std,cur_S,next_n,next_mean,next_std,next_S
3202000.0,-0.013197147060089799,0.023614643250674812,1785.599705492966,3202000.0,-0.013197148833747726,0.023614642472737982,1785.5995878470003
3202000.0,-0.02185013950962526,0.03701441732022499,4386.954820757582,3202000.0,-0.02185014126612124,0.03701441641679097,4386.954606607287
3202000.0,-0.005526393506308767,0.00933581053910728,279.0778616675852,3202000.0,-0.005526395196412001,0.00933581002849228,279.0778311396866
3202000.0,-0.0006536619740209221,0.05544427857130752,9843.165820189386,3202000.0,-0.0006536651502429575,0.055444278825167934,9843.165910326376
3202000.0,-0.001042772989827592,0.06792281369402721,14772.454601603526,3202000.0,-0.0010427771601921939,0.06792281403994524,14772.454752070153
3202000.0,-0.0007338424137903281,0.04721729249639188,7138.771619628819,3202000.0,-0.0007338458320159349,0.04721729283944466,7138.771723360963
