cur_n,cur_mean,cur_std,cur_S,next_n,next_mean,next_std,next_S
2911000.0,-0.3227828325204128,1.3566675440636509,5357831.8079117965,2911000.0,-0.32278346808084063,1.3566678262124783,5357834.036469745
2911000.0,-0.39141466572649514,1.3712691782751056,5473783.732685283,2911000.0,-0.39141447962672193,1.3712692681558605,5473784.450250932
2911000.0,-0.17289268107433375,0.9936896887282871,2874377.2838786026,2911000.0,-0.1728927092869672,0.9936896849853742,2874377.2622248735
2911000.0,0.10089493282762958,0.849064579343361,2098570.9309558542,2911000.0,0.10089645145997489,0.8490683523282365,2098589.5818197997
2911000.0,0.09381510387037037,0.7695083367858646,1723728.5069947606,2911000.0,0.09381471737511217,0.7695086664502447,1723729.983917061
2911000.0,0.09314603216463178,0.6525985067984172,1239750.68504085,2911000.0,0.09314607181467836,0.6525985046454588,1239750.676860838
