cur_n,cur_mean,cur_std,cur_S,next_n,next_mean,next_std,next_S
951000.0,-0.3676443338786889,1.3751224719566204,1798304.6840489618,951000.0,-0.3676445019264742,1.3751224367934498,1798304.5920802902
951000.0,-0.4134634845434009,1.3529138526523528,1740687.473956399,951000.0,-0.4134635808322199,1.3529138264841454,1740687.4066192654
951000.0,-0.2275581401263902,1.057861867484013,1064237.2158736023,951000.0,-0.22755815407971663,1.057861864570013,1064237.2100104787
951000.0,0.09983739402581762,0.8000429457187394,608705.3479595962,951000.0,0.09983708504503232,0.8000430410177967,608705.4929744347
951000.0,0.09262976450224297,0.7391758117644261,519608.217543416,951000.0,0.09262912874552551,0.7391761514406743,519608.69509857293
951000.0,0.09188391662891171,0.6293593276066058,376684.5982464125,951000.0,0.09188398843849083,0.6293593210186718,376684.5903603824
