cur_n,cur_mean,cur_std,cur_S,next_n,next_mean,next_std,next_S
982000.0,-0.00852940553478506,0.04133274939439096,1677.6450413945345,982000.0,-0.008529406732030214,0.041332749164355476,1677.6450227208245
982000.0,-0.013275894490642792,0.05097292849697053,2551.4711296452397,982000.0,-0.013275889362825838,0.05097293008579306,2551.4712887035867
982000.0,-0.025424739989419954,0.07295002061416109,5225.914808469611,982000.0,-0.025424741474146962,0.07295002011153845,5225.914736456935
982000.0,-0.0004766729765695763,0.1465352720431779,21086.079405618333,982000.0,-0.00047668309298459327,0.1465352723531858,21086.07949483714
982000.0,-0.0004908958097167643,0.14622399261458244,20996.589807858767,982000.0,-0.0004909135006835457,0.14622399360610436,20996.590092607923
982000.0,-0.0004663703558252291,0.1483716329046222,21617.886904669864,982000.0,-0.00046637607014219236,0.14837163299471687,21617.886930923614
