cur_n,cur_mean,cur_std,cur_S,next_n,next_mean,next_std,next_S
4271000.0,-0.3084661043823355,1.3432081243289755,7705772.646739831,4271000.0,-0.30846610384313616,1.3432081244532874,7705772.648166144
4271000.0,-0.3818455048334356,1.3628109021821893,7932329.933860428,4271000.0,-0.3818455346243305,1.3628108952258204,7932329.852880429
4271000.0,-0.1569433987311482,0.9725673282730372,4039884.26547116,4271000.0,-0.15694339689675493,0.9725673285764158,4039884.26799153
4271000.0,0.09861519981577131,0.8592334066417106,3153202.623117628,4271000.0,0.09861516388657844,0.8592334139736528,3153202.6769309444
4271000.0,0.09518443940540777,0.7697251962317583,2530468.7447165744,4271000.0,0.09518446427794434,0.7697251948723539,2530468.735778501
4271000.0,0.09357487517571239,0.6575087265828915,1846429.005749972,4271000.0,0.09357486933434256,0.6575087275250403,1846429.0110414936
