cur_n,cur_mean,cur_std,cur_S,next_n,next_mean,next_std,next_S
181000.0,0.11872090248444368,1.3988785915183848,354191.8977993313,181000.0,0.11872125666036498,1.3988785695752655,354191.8866874663
181000.0,-0.008974796308874869,1.3873298869274322,348367.84294433676,181000.0,-0.008974808893500295,1.3873298868563473,348367.84290863696
181000.0,0.04412771967419589,1.2817319501521387,297353.4593593856,181000.0,0.04412768490726936,1.2817319514344279,297353.4599543511
181000.0,0.019689549747193603,0.9200865688609882,153227.23224990786,181000.0,0.01969010741050995,0.9200865875159124,153227.23846332848
181000.0,0.026698660804916927,0.8152375488775054,120294.81925906436,181000.0,0.026698597259713148,0.8152375514068376,120294.82000551073
181000.0,0.018072662024498,0.8109357374105487,119028.63540793586,181000.0,0.01807196354934507,0.8109358074223443,119028.65596051104
