cur_n,cur_mean,cur_std,cur_S,next_n,next_mean,next_std,next_S
2802000.0,-0.005623171965555828,0.033360278216530946,3118.3686718415465,2802000.0,-0.005623173777932896,0.03336027804898443,3118.3686405185576
2802000.0,-0.015689931063625026,0.05579896375858501,8724.095247002337,2802000.0,-0.015689936429202266,0.05579896297270184,8724.095001258722
2802000.0,-0.027484725150702084,0.08157248551833411,18644.705242975997,2802000.0,-0.027484725139395122,0.08157248552213837,18644.70524471505
2802000.0,-0.00035123338235491087,0.16523691903464424,76503.67683259654,2802000.0,-0.00035123083421904314,0.16523691909511612,76503.67688859276
2802000.0,-0.0005214561861478981,0.14461814633071532,58602.1719112664,2802000.0,-0.0005214512398991093,0.14461814658555794,58602.172117801056
2802000.0,-0.00047022334414464234,0.14565239546918915,59443.36609716843,2802000.0,-0.00047022194002477996,0.14565239549268627,59443.36611634761
