cur_n,cur_mean,cur_std,cur_S,next_n,next_mean,next_std,next_S
682000.0,-0.007425267559655251,0.015153444276414699,156.60552768499247,682000.0,-0.007425267952876947,0.015153444087213475,156.605523774336
682000.0,-0.012999558287429304,0.021273019650308478,308.63321095892405,682000.0,-0.01299955941967276,0.021273018978964484,308.6331914789393
682000.0,-0.004279260652475586,0.008833052053649738,53.211555453255365,682000.0,-0.004279260874466211,0.008833051948006614,53.2115541804371
682000.0,-0.0006233042135008253,0.056813578632146894,2201.3478129879563,682000.0,-0.0006233160220681109,0.056813579339537644,2201.3478678062984
682000.0,-0.0010153090527300942,0.06591349843202307,2963.009885923946,682000.0,-0.0010153201556250045,0.06591349889875045,2963.0099278855428
682000.0,-0.0007085195839907812,0.05065043206025533,1749.647994701349,682000.0,-0.0007085315643662877,0.05065043285896759,1749.648049882134
