cur_n,cur_mean,cur_std,cur_S,next_n,next_mean,next_std,next_S
1661000.0,-0.08965546244149301,1.1705633134320392,2275932.879920724,1661000.0,-0.08965541500005206,1.1705633186625297,2275932.9002600685
1661000.0,-0.10983821152633283,1.1574056167171793,2225055.2720316756,1661000.0,-0.10983816212248657,1.157405623156951,2225055.2967919633
1661000.0,-0.14454414502494267,0.9238822764741453,1417760.6033606448,1661000.0,-0.14454412789430984,0.9238822794180461,1417760.612395879
1661000.0,0.10420980214459885,1.1825338990334944,2322719.8475455386,1661000.0,0.1042098054037495,1.1825338987537404,2322719.8464465593
1661000.0,0.10764688013955014,1.0670979312775555,1891377.3695900887,1661000.0,0.10764684146151116,1.0670979363436497,1891377.3875488827
1661000.0,0.09640434413814504,0.6723839279001836,750938.3433339742,1661000.0,0.0964043348739617,0.6723839293344737,750938.3465376897
