cur_n,cur_mean,cur_std,cur_S,next_n,next_mean,next_std,next_S
2391000.0,-0.33692735240642585,1.3657757306905436,4460035.941585002,2391000.0,-0.336927370816423,1.3657757264455392,4460035.913860287
2391000.0,-0.3984100319973802,1.3746730663991227,4518334.960404252,2391000.0,-0.3984100532016628,1.3746730606447288,4518334.922576671
2391000.0,-0.18387522605745818,1.0075778787075176,2427374.7173508313,2391000.0,-0.18387521850291746,1.0075778801538515,2427374.7243196126
2391000.0,0.10344252397997555,0.8457457504579012,1710248.5257324784,2391000.0,0.10344256708145837,0.8457457478121472,1710248.5150321065
2391000.0,0.09427176433265734,0.7657903838310296,1402165.8745156687,2391000.0,0.0942718179187793,0.7657903817171068,1402165.8667744633
2391000.0,0.09440963538300476,0.6513216419800402,1014309.7362159773,2391000.0,0.09440966793203198,0.6513216392066217,1014309.7275778323
