cur_n,cur_mean,cur_std,cur_S,next_n,next_mean,next_std,next_S
2101000.0,-0.34421590430867344,1.3670640709802515,3926483.629920871,2101000.0,-0.34421595973538593,1.3670640593849468,3926483.5633127657
2101000.0,-0.4030499869763058,1.37825825269866,3991050.7991882553,2101000.0,-0.4030499635449889,1.3782582599692774,3991050.841295609
2101000.0,-0.1871318056710796,1.0105832042996126,2145705.9453190044,2101000.0,-0.18713178275192122,1.0105832090896525,2145705.965659769
2101000.0,0.10301159845543424,0.8372331829701049,1472715.7050017975,2101000.0,0.10301174802668531,0.8372331926373342,1472715.7390116313
2101000.0,0.09452760930416673,0.7633584557845916,1224286.5933694742,2101000.0,0.09452771103178666,0.7633584574287,1224286.598643169
2101000.0,0.09235161174783262,0.6477522945755227,881543.9568036229,2101000.0,0.0923516287443563,0.647752292620774,881543.95148308
