cur_n,cur_mean,cur_std,cur_S,next_n,next_mean,next_std,next_S
2822000.0,-0.012683950108043676,0.023752629342943185,1592.1368447845591,2822000.0,-0.012683948010801114,0.023752630724157876,1592.137029949985
2822000.0,-0.021288596727001483,0.03744404846155934,3956.604191370708,2822000.0,-0.021288594809698864,0.03744404969015355,3956.6044510146994
2822000.0,-0.005184033108361556,0.009840113575296546,273.2481508631032,2822000.0,-0.005184030966427733,0.009840115361592123,273.24825006968325
2822000.0,-0.00046806821261748544,0.051990600584810094,7627.92963375564,2822000.0,-0.0004680718204870096,0.0519906009055929,7627.929727884527
2822000.0,-0.0007205753860915549,0.0653478222346482,12050.893471429157,2822000.0,-0.0007205783538105616,0.0653478223920939,12050.893529498768
2822000.0,-0.0005342521368517629,0.04327701161346114,5285.323049888838,2822000.0,-0.0005342558859471499,0.04327701202544942,5285.323150519222
