cur_n,cur_mean,cur_std,cur_S,next_n,next_mean,next_std,next_S
2031000.0,-0.1433728639657746,1.2433730160448049,3139878.1842245883,2031000.0,-0.14337276314061193,1.2433730359735735,3139878.284876453
2031000.0,-0.13142818937661246,1.2024158864661827,2936427.8509373255,2031000.0,-0.1314281380517825,1.202415894300855,2936427.889203537
2031000.0,-0.18559911370092877,1.0050827855217264,2051698.7450825402,2031000.0,-0.18559912412963112,1.0050827837058036,2051698.7376687701
2031000.0,0.10627773083393656,1.1153345092085585,2526505.2379533686,2031000.0,0.10627774835400601,1.1153345078185664,2526505.231656024
2031000.0,0.10453973645837254,1.014660869540839,2090988.997440241,2031000.0,0.10453983715166731,1.0146608693140362,2090988.996505462
2031000.0,0.09915679811952767,0.6510364457287738,860836.2093979911,2031000.0,0.09915680823804701,0.6510364443473822,860836.2057448871
