cur_n,cur_mean,cur_std,cur_S,next_n,next_mean,next_std,next_S
3662000.0,-0.014793273277778305,0.026956054537777538,2660.9149448041985,3662000.0,-0.014793274245197705,0.026956054070436167,2660.914852538795
3662000.0,-0.024982435879323837,0.043908364212214036,7060.132567815908,3662000.0,-0.024982436913872863,0.043908363668219055,7060.13239287536
3662000.0,-0.005723968637985028,0.010307382048083633,389.058660597044,3662000.0,-0.005723970317432111,0.010307381616481927,389.0586280148855
3662000.0,-0.0005052886842327016,0.052641390026716826,10147.826586726304,3662000.0,-0.0005052858091654932,0.05264139034182388,10147.826708214423
3662000.0,-0.0007488075840850235,0.06760202911236571,16735.465753479675,3662000.0,-0.0007488045474451991,0.06760202939575513,16735.465893790668
3662000.0,-0.000573493258324265,0.04311861033123576,6808.443707356636,3662000.0,-0.0005734907753692806,0.04311861062605306,6808.443800460146
