cur_n,cur_mean,cur_std,cur_S,next_n,next_mean,next_std,next_S
2201000.0,-0.3414973473438946,1.3631812171065247,4090036.9305091295,2201000.0,-0.3414973713440701,1.363181211559109,4090036.8972206204
2201000.0,-0.4008539396101257,1.3758600875784985,4166473.1482819216,2201000.0,-0.4008539384008774,1.375860087932008,4166473.150422964
2201000.0,-0.18811196502667096,1.0106936819595729,2248325.282975349,2201000.0,-0.18811195924048985,1.0106936830729458,2248325.287928827
2201000.0,0.1042366879480006,0.840143496473482,1553556.2493613793,2201000.0,0.10423668800606652,0.8401434964662525,1553556.249334643
2201000.0,0.09478690924279294,0.7633967597144324,1282686.9226462315,2201000.0,0.09478697898920471,0.7633967580670602,1282686.917110282
2201000.0,0.09481732355511484,0.6504387496684672,931178.3181216838,2201000.0,0.09481732677968985,0.6504387492159878,931178.3168261306
