cur_n,cur_mean,cur_std,cur_S,next_n,next_mean,next_std,next_S
1851000.0,-0.026851332363576494,0.09285619027380299,15959.825605576865,1851000.0,-0.026851331992562417,0.09285619038245826,15959.825642927513
1851000.0,-0.023973112433923523,0.08962283280792066,14867.698749116042,1851000.0,-0.02397310597381018,0.08962283496688829,14867.699465426376
1851000.0,0.005894531136681256,0.14064066470727954,36612.403449784346,1851000.0,0.005894510660175322,0.14064066832464917,36612.40533317416
1851000.0,0.033616500037392305,0.14236991792437598,37518.27722364786,1851000.0,0.033616496254544576,0.14236991891060305,37518.27774344224
1851000.0,0.03301873115914251,0.14883255380746366,41001.73991384824,1851000.0,0.03301873206468472,0.14883255361166303,41001.73980596639
1851000.0,0.051690110866180944,0.37871250255560623,265476.26840466255,1851000.0,0.05169010781186553,0.378712502995281,265476.2690210838
