cur_n,cur_mean,cur_std,cur_S,next_n,next_mean,next_std,next_S
2301000.0,-0.34042378443576926,1.3668440418842733,4298872.32275427,2301000.0,-0.3404238100458378,1.3668440360579077,4298872.28610517
2301000.0,-0.402610629047582,1.3795210953636543,4378983.5193252275,2301000.0,-0.4026106591601294,1.3795210873316444,4378983.468333562
2301000.0,-0.18523134479864453,1.0087059162931877,2341239.0264247875,2301000.0,-0.1852313690331476,1.0087059125127873,2341239.0088759246
2301000.0,0.10408116517098309,0.8430624264453884,1635445.540488052,2301000.0,0.10408159843871057,0.8430626291323593,1635446.3268676416
2301000.0,0.09510533319416374,0.7663940798764487,1351515.0969259068,2301000.0,0.09510543848533683,0.7663940834528694,1351515.1095397484
2301000.0,0.09419588268998443,0.6506115610573645,974002.7231808332,2301000.0,0.0941960427998367,0.6506115832081318,974002.7895027659
