cur_n,cur_mean,cur_std,cur_S,next_n,next_mean,next_std,next_S
1571000.0,0.17912111436660322,1.5764005108648775,3903995.5944990786,1571000.0,0.17912115489701877,1.576400507078111,3903995.5757430336
1571000.0,0.03336258966449371,1.589265925358803,3967978.6711468254,1571000.0,0.03336258544154168,1.58926592545628,3967978.6716335746
1571000.0,0.03836727675230677,1.4483420989758162,3295478.5868307725,1571000.0,0.03836726484080354,1.4483420993682643,3295478.5886166827
1571000.0,0.011752435324859648,0.8224005590266286,1062534.3494745658,1571000.0,0.011752538031018465,0.8224005676341223,1062534.3717161797
1571000.0,0.0009269216368489686,0.7125645243450577,797672.4243288594,1571000.0,0.0009269164324469942,0.7125645243817219,797672.4244109462
1571000.0,0.0004952284927145382,0.6521356793812968,668116.3635300278,1571000.0,0.0004951349497285407,0.6521356899920626,668116.3852715964
