cur_n,cur_mean,cur_std,cur_S,next_n,next_mean,next_std,next_S
2811000.0,-0.3249794358266769,1.3600537690985548,5199636.722352949,2811000.0,-0.3249811906011254,1.3600565319243,5199657.847554203
2811000.0,-0.3914587656971608,1.3704987094278813,5279807.728959746,2811000.0,-0.39146016784501386,1.3705003251563455,5279820.178064005
2811000.0,-0.17456548490172843,0.9965946377331952,2791887.6510755084,2811000.0,-0.17456504060554637,0.9965949939492709,2791889.6469029044
2811000.0,0.10092689825687554,0.84888247540375,2025610.6957607984,2811000.0,0.10092744306551409,0.848882902069885,2025612.7319901446
2811000.0,0.09330902038193462,0.769327031927848,1663729.934656358,2811000.0,0.09330949782777687,0.7693273904748665,1663731.4854287133
2811000.0,0.09357111840415717,0.6530086142760767,1198667.32364604,2811000.0,0.09357086849815716,0.6530087845060498,1198667.9485968547
