cur_n,cur_mean,cur_std,cur_S,next_n,next_mean,next_std,next_S
3741000.0,-0.3020741660730844,1.3286249423586567,6603778.692328673,3741000.0,-0.3020740950587009,1.328624965604266,6603778.92340797
3741000.0,-0.3737749016799004,1.3402192608273777,6719538.062593726,3741000.0,-0.373774934008446,1.3402192532699428,6719537.986811394
3741000.0,-0.20358089851136751,0.9945753036208437,3700522.5093356976,3741000.0,-0.2035808947462007,0.9945753044182003,3700522.515269157
3741000.0,0.09811328925313705,0.8292964205996846,2572807.4815939586,3741000.0,0.0981131766773591,0.8292964625034223,2572807.741598102
3741000.0,0.08717368290669991,0.7355287228938686,2023890.3607372527,3741000.0,0.08717370073627868,0.7355287215891549,2023890.353557119
3741000.0,0.0986285405817452,0.6457282198902117,1559865.8179540173,3741000.0,0.09862852564668245,0.6457282228175022,1559865.8320967495
