cur_n,cur_mean,cur_std,cur_S,next_n,next_mean,next_std,next_S
2422000.0,-0.006261694155119715,0.03461108903264639,2901.3803663104272,2422000.0,-0.006261696956249256,0.034611088800411374,2901.380327374807
2422000.0,-0.015791199035463607,0.05847305780376163,8281.056540169202,2422000.0,-0.015791208493476414,0.058473057102162156,8281.056341445717
2422000.0,-0.030647075419535715,0.08697557153839276,18321.824607609644,2422000.0,-0.030647076059109653,0.08697557131871801,18321.82451505855
2422000.0,-0.0003770687616777133,0.16431789495142932,65394.897596273426,2422000.0,-0.0003770620686665798,0.16431789529693278,65394.89787127893
2422000.0,-0.0005118108056251488,0.15047139149502708,54838.051252765195,2422000.0,-0.0005117978518376115,0.15047139288955552,54838.052269213855
2422000.0,-0.00045536486630143503,0.15296734659774383,56672.40010112369,2422000.0,-0.0004553601745663039,0.15296734678598034,56672.400240602015
