cur_n,cur_mean,cur_std,cur_S,next_n,next_mean,next_std,next_S
2862000.0,-0.012275641005066878,0.0221663821658792,1406.2394022027372,2862000.0,-0.012275640528400826,0.02216638244452195,1406.2394375570327
2862000.0,-0.020303594128621108,0.03410930405541773,3329.778511440809,2862000.0,-0.02030359340056772,0.03410930451103215,3329.778600395722
2862000.0,-0.005332427969691382,0.009173927440173486,240.8686236671998,2862000.0,-0.00533242739061101,0.009173927829076304,240.8686440890941
2862000.0,-0.0006276761834872358,0.05523167819193395,8730.64054561822,2862000.0,-0.0006276830925428338,0.055231679350183055,8730.640911794193
2862000.0,-0.001011187111151761,0.0670857964266055,12880.442683233376,2862000.0,-0.0010111931809919713,0.06708579712100726,12880.442949883027
2862000.0,-0.0007161214083874256,0.04734575478344228,6415.517859591631,2862000.0,-0.0007161280780632582,0.04734575602708006,6415.518196626305
