cur_n,cur_mean,cur_std,cur_S,next_n,next_mean,next_std,next_S
4641000.0,-0.30611767592626027,1.3381866587273774,8310840.73941877,4641000.0,-0.30611763318570256,1.3381866716722985,8310840.900208263
4641000.0,-0.3878290210630062,1.3572677820337071,8549538.03699283,4641000.0,-0.3878290281802807,1.3572677800866577,8549538.01246359
4641000.0,-0.21394620421378469,1.0019929794132372,4659517.268812243,4641000.0,-0.21394621443754805,1.0019929774723628,4659517.250761145
4641000.0,0.09659904821926478,0.8239632570536767,3150846.5986906695,4641000.0,0.09659896978835647,0.823963283572713,3150846.801508977
4641000.0,0.08872555297249843,0.7318705566324519,2485879.768639562,4641000.0,0.0887255495456906,0.7318705570851203,2485879.771714639
4641000.0,0.09771513908220668,0.6392231790185076,1896341.7111112,4641000.0,0.09771514572547281,0.6392231781631631,1896341.7060362105
