cur_n,cur_mean,cur_std,cur_S,next_n,next_mean,next_std,next_S
4002000.0,-0.014444615394289444,0.025234640905564345,2548.421980734391,4002000.0,-0.01444461488648901,0.02523464121668215,2548.422043573364
4002000.0,-0.023936694616117207,0.04020262741442042,6468.237506592879,4002000.0,-0.02393669413057872,0.0402026277152469,6468.237603393374
4002000.0,-0.005757412311203151,0.009465116325641065,358.53288508578396,4002000.0,-0.00575741178789939,0.009465116701847758,358.5329135867487
4002000.0,-0.0006464031845023268,0.055238947190541295,12211.46782945108,4002000.0,-0.0006464032499150188,0.0552389471899294,12211.467829180541
4002000.0,-0.0010261992970588328,0.0684876258829588,18771.600706134683,4002000.0,-0.0010261993651249066,0.06848762588207195,18771.600705648536
4002000.0,-0.0007328076461316649,0.04658624418760372,8685.45314632318,4002000.0,-0.0007328077227467918,0.046586244186648654,8685.453145967058
