cur_n,cur_mean,cur_std,cur_S,next_n,next_mean,next_std,next_S
3422000.0,-0.014352892222371636,0.026346799743156433,2375.39449764789,3422000.0,-0.014352889133574872,0.02634680204541792,2375.3949127859382
3422000.0,-0.024185598938642524,0.042546047577561925,6194.388614823742,3422000.0,-0.024185596144442913,0.0425460494799257,6194.389168763835
3422000.0,-0.005608379632422926,0.010213727991938584,356.98385954610603,3422000.0,-0.00560837656140173,0.010213731258148596,356.98408786321886
3422000.0,-0.0004958541125932796,0.0525550317627184,9451.671326171921,3422000.0,-0.0004958529185194253,0.05255503182040121,9451.671346919658
3422000.0,-0.0007434735284370102,0.06711477670259995,15414.033707795976,3422000.0,-0.0007434723081428801,0.06711477675407902,15414.033731442045
3422000.0,-0.000561753816836738,0.043184757362332585,6381.767424613788,3422000.0,-0.0005617517847301377,0.043184757552376205,6381.767480782412
