cur_n,cur_mean,cur_std,cur_S,next_n,next_mean,next_std,next_S
2401000.0,-0.0065795981973561625,0.01867101103704468,837.0045742022116,2401000.0,-0.006579604410029111,0.01867101132943107,837.0046004170478
2401000.0,-0.008274520255763699,0.020416083213038328,1000.7763054818547,2401000.0,-0.008274529702477487,0.020416084631823612,1000.7764445767762
2401000.0,-0.0073193569522627755,0.019440624160082357,907.4288204283204,2401000.0,-0.0073193627684465645,0.01944062405925018,907.4288110152459
2401000.0,-0.0013749142666199287,0.07100737406100126,12105.955257664531,2401000.0,-0.001374914464805764,0.07100737405782843,12105.955256582669
2401000.0,-0.00166741061622293,0.07427151694126541,13244.536007244778,2401000.0,-0.001667414001530524,0.07427151705050372,13244.536046204821
2401000.0,-0.0015611807739143691,0.06915929222759126,11484.0014911127,2401000.0,-0.001561181060911827,0.06915929222254062,11484.001489435366
