cur_n,cur_mean,cur_std,cur_S,next_n,next_mean,next_std,next_S
62000.0,-0.006142879492915106,0.01922048629296915,22.90447978696933,62000.0,-0.0061429247861449375,0.01922047512591738,22.904453172092545
62000.0,-0.010964710342556423,0.02203295797845983,30.09797671139575,62000.0,-0.010964758856392625,0.022032937146931098,30.097919797878205
62000.0,-0.004459094464059434,0.014219031055845424,12.535212338359992,62000.0,-0.004459139272509438,0.014219021381174425,12.535195280374317
62000.0,-0.000681478790985626,0.0674982698722583,282.47301901638923,62000.0,-0.0006814553796642479,0.06749827036034173,282.4730231015428
62000.0,-0.001040745438645653,0.07464829507416283,345.4868133637155,62000.0,-0.0010407217750169526,0.07464829563662084,345.4868185700455
62000.0,-0.0008092903486947955,0.0599450407344941,222.79129033692976,62000.0,-0.0008092729545026371,0.059945041125787434,222.7912932454855
