cur_n,cur_mean,cur_std,cur_S,next_n,next_mean,next_std,next_S
5431000.0,-0.30912893528637614,1.3425456478905302,9788990.903333701,5431000.0,-0.30912895187265077,1.3425456446279413,9788990.855756247
5431000.0,-0.39246838938555373,1.3647341890614915,10115234.278294558,5431000.0,-0.39246838701913567,1.364734189753235,10115234.288548784
5431000.0,-0.2182164201941398,1.0032348221329241,5466193.468394975,5431000.0,-0.2182164208331134,1.003234821995066,5466193.466892714
5431000.0,0.09626615146951406,0.821994032911707,3669586.52666366,5431000.0,0.09626613859858572,0.8219940349663638,3669586.545008661
5431000.0,0.08704331846127773,0.7289461522348143,2885829.698711478,5431000.0,0.08704332319377896,0.7289461517531813,2885829.694897998
5431000.0,0.09641222363220969,0.6367048544290418,2201689.7721501985,5431000.0,0.09641222786844295,0.6367048538641098,2201689.7682431913
