cur_n,cur_mean,cur_std,cur_S,next_n,next_mean,next_std,next_S
2551000.0,-0.04159623842826021,0.1309655543357005,43754.691853688615,2551000.0,-0.041596241608725576,0.130965553424064,43754.69124454565
2551000.0,-0.03834819042492051,0.12652544508638822,40838.163736741335,2551000.0,-0.03834818824833791,0.1265254457938461,40838.16419342862
2551000.0,-0.007685971969760361,0.19194892781994116,93990.04116351494,2551000.0,-0.00768598407012627,0.19194892830837404,93990.04164184869
2551000.0,0.030247589371878107,0.14890562768322288,56563.032073078946,2551000.0,0.030247594067712782,0.1489056269182389,56563.031491907976
2551000.0,0.031736335730270605,0.15507031327167237,61343.39205040342,2551000.0,0.0317363380387271,0.15507031284306125,61343.39171129971
2551000.0,0.0484702228168392,0.3774501555173254,363437.4493650356,2551000.0,0.04847021303271283,0.3774501570972421,363437.45240756124
