cur_n,cur_mean,cur_std,cur_S,next_n,next_mean,next_std,next_S
1222000.0,-0.008324454894402835,0.01596553853929264,311.48587027825835,1222000.0,-0.008324454092513145,0.01596553898200808,311.4858875529159
1222000.0,-0.014141367655410292,0.022800082295535554,635.2490657788628,1222000.0,-0.014141367117716576,0.022800082636778622,635.2490847940874
1222000.0,-0.004431248164988138,0.008579428989794259,89.94726738850683,1222000.0,-0.00443124713869484,0.008579429594882917,89.94728007608157
1222000.0,-0.0006274435646391402,0.05564630714793306,3783.9370520249736,1222000.0,-0.0006274433589396603,0.05564630715071853,3783.937052403796
1222000.0,-0.0010024791849029895,0.06492891595269076,5151.663762939312,1222000.0,-0.0010024793422543654,0.06492891595049595,5151.663762591026
1222000.0,-0.000708655904585997,0.04920631817053393,2958.7818559335774,1222000.0,-0.0007086557304276103,0.04920631817341824,2958.781856280444
