cur_n,cur_mean,cur_std,cur_S,next_n,next_mean,next_std,next_S
2901000.0,-0.046255971925162474,0.1475228739789969,63134.45820471374,2901000.0,-0.046256033631045704,0.14752289206892888,63134.473688388825
2901000.0,-0.04027389666259297,0.1433556541529113,59617.997218644035,2901000.0,-0.0402738682278263,0.14335567032220206,59618.0106674444
2901000.0,0.007558792440870456,0.26735026717332894,207352.35570254375,2901000.0,0.007558873645674256,0.26735030065414905,207352.40763686513
2901000.0,0.02922671936308926,0.15973832782868103,74022.8831281367,2901000.0,0.029226757618458284,0.15973833411826352,74022.88895733305
2901000.0,0.029566453804775655,0.1721433266577371,85966.2755720107,2901000.0,0.029566453084677858,0.17214332678578168,85966.27569989848
2901000.0,0.054706506440465714,0.4332540562384024,544544.0330936305,2901000.0,0.05470649157135252,0.4332540588561015,544544.0396738455
