cur_n,cur_mean,cur_std,cur_S,next_n,next_mean,next_std,next_S
3402000.0,-0.014311871558874102,0.026287141412086698,2350.8289599119857,3402000.0,-0.014311870008867975,0.026287142411440576,2350.8291386541355
3402000.0,-0.02409203400591553,0.04237981633716647,6110.158129090214,3402000.0,-0.02409203262607137,0.04237981719799731,6110.158377312745
3402000.0,-0.005599224121528519,0.010204095226746819,354.2283490669515,3402000.0,-0.005599222189391734,0.010204096909263483,354.2284658818452
3402000.0,-0.0004951654204452485,0.052531310084961334,9387.95011050251,3402000.0,-0.0004951638391829092,0.05253131018082856,9387.950144767665
3402000.0,-0.0007420557187612599,0.0670361440001544,15288.059337396904,3402000.0,-0.0007420546013121982,0.06703614404420671,15288.05935748978
3402000.0,-0.0005605903574527817,0.043178643404425794,6342.672627730808,3402000.0,-0.0005605897476539464,0.04317864342699069,6342.672634360091
