cur_n,cur_mean,cur_std,cur_S,next_n,next_mean,next_std,next_S
1551000.0,-0.08099520938786778,1.1646339128379897,2103733.2060960373,1551000.0,-0.08099522046542348,1.1646339121493225,2103733.203608094
1551000.0,-0.10311659024412115,1.1425866747760256,2024837.1838417659,1551000.0,-0.10311659403041831,1.1425866744440205,2024837.1826650389
1551000.0,-0.14141759096282483,0.9073313503166914,1276861.0280439088,1551000.0,-0.14141759195989043,0.9073313501621008,1276861.027608807
1551000.0,0.10670104711220207,1.209845311883563,2270238.527642973,1551000.0,0.106701038662743,1.2098453126745086,2270238.5306113437
1551000.0,0.10665898263618052,1.0854470836216696,1827381.0209526636,1551000.0,0.10665897124805354,1.0854470848333846,1827381.0250325773
1551000.0,0.09838222142261803,0.6800892033103921,717370.5742364733,1551000.0,0.09838221849314695,0.6800892037439676,717370.5751511602
