cur_n,cur_mean,cur_std,cur_S,next_n,next_mean,next_std,next_S
502000.0,-0.007694883917043722,0.016337830895378935,133.99620861973122,502000.0,-0.007694886637204292,0.01633782972789778,133.99618946932574
502000.0,-0.012793959397734011,0.022315016598853238,249.97590283516192,502000.0,-0.012793962187457543,0.0223150150869477,249.9758689620131
502000.0,-0.004011368425682047,0.009085547928736669,41.438684945016334,502000.0,-0.0040113711168695484,0.009085546940630677,41.43867593162254
502000.0,-0.0004598917318351704,0.05294321718411338,1407.0980913937076,502000.0,-0.00045989205959505333,0.05294321718177542,1407.0980912694333
502000.0,-0.0007089758723934949,0.06238841090380164,1953.9415351810012,502000.0,-0.000708976156654517,0.06238841090089708,1953.941534999065
502000.0,-0.0005204793576643094,0.04563012262533758,1045.218261583279,502000.0,-0.0005204796821464961,0.04563012262221539,1045.2182614402432
