cur_n,cur_mean,cur_std,cur_S,next_n,next_mean,next_std,next_S
361000.0,0.14665196391546834,1.3901110191903097,697599.5210884301,361000.0,0.1466521596621202,1.3901110035149535,697599.5053556998
361000.0,-0.02013763954170497,1.3760136084923367,683522.2557229528,361000.0,-0.020137648036069735,1.3760136083774892,683522.2556088538
361000.0,0.049482123515965044,1.230684998699109,546765.3893343125,361000.0,0.04948210499154876,1.2306849994942335,546765.390040824
361000.0,0.014694684911033243,0.9441027332605787,321770.1195129845,361000.0,0.014695210375323548,0.9441027778708503,321770.14992122765
361000.0,0.018776407366240432,0.8427554390852359,256395.4595688973,361000.0,0.018776376843014166,0.8427554399648325,256395.46010410492
361000.0,0.012645560223114664,0.8065409779047997,234833.5140033067,361000.0,0.012645214873123003,0.8065410100106741,234833.53269928283
