cur_n,cur_mean,cur_std,cur_S,next_n,next_mean,next_std,next_S
2461000.0,-0.3383604333286227,1.3697831666308986,4617588.8779436005,2461000.0,-0.33835954258173273,1.3697840994122892,4617595.166825734
2461000.0,-0.3988092585764705,1.3757847670351877,4658140.747732127,2461000.0,-0.3988109747251863,1.375786903712194,4658155.21649235
2461000.0,-0.18211784782683293,1.0075663911661785,2498382.6702473937,2461000.0,-0.18211768838912615,1.0075664510294255,2498382.9671237185
2461000.0,0.10376715498679276,0.8476370856441523,1768200.5158688668,2461000.0,0.10376701044282277,0.8476371336690273,1768200.716232
2461000.0,0.09491283937768114,0.7668132776764056,1447074.4055420684,2461000.0,0.09491314336406464,0.7668133883362535,1447074.8232005774
2461000.0,0.09344316766274412,0.6515183506570051,1044635.8328185907,2461000.0,0.09344296687261239,0.651518455599719,1044636.169346113
