cur_n,cur_mean,cur_std,cur_S,next_n,next_mean,next_std,next_S
1591000.0,-0.3318332719528081,1.3484951237233533,2893136.6060407087,1591000.0,-0.3318333052566607,1.3484951161823961,2893136.5736831287
1591000.0,-0.3750742940162789,1.328288502442814,2807081.400043342,1591000.0,-0.3750743239771369,1.3282884945202929,2807081.366557903
1591000.0,-0.20094304234774815,1.0045220533631707,1605421.7081075003,1591000.0,-0.2009430725854253,1.0045220480385526,1605421.6910879486
1591000.0,0.09609432118659382,0.8182373137342954,1065194.0718251013,1591000.0,0.09609425900397923,0.8182373247962842,1065194.1006264398
1591000.0,0.092681324811644,0.7511009465130246,897566.8372777436,1591000.0,0.0926814045567375,0.7511009434081621,897566.8298571124
1591000.0,0.0994527289399326,0.6472552806045964,666532.5826484208,1591000.0,0.09945274275490476,0.6472552787164371,666532.5787596316
