cur_n,cur_mean,cur_std,cur_S,next_n,next_mean,next_std,next_S
1901000.0,0.1848974616304314,1.5974663373049773,4851159.426461725,1901000.0,0.18489749335321493,1.5974663342321131,4851159.407798477
1901000.0,0.036011012552173094,1.6099683374106082,4927388.288230353,1901000.0,0.03601101021402872,1.6099683374661418,4927388.288570279
1901000.0,0.055777313899091935,1.495623595814022,4252327.77661612,1901000.0,0.05577731093048853,1.4956235959302897,4252327.77727726
1901000.0,0.01003497113033316,0.8015647338870437,1221403.9489842854,1901000.0,0.010035047933213165,0.8015647399202058,1221403.9673706428
1901000.0,0.0005821677863324545,0.6939230361226767,915386.9712973178,1901000.0,0.0005821635273776502,0.693923036151147,915386.9713724308
1901000.0,-0.004508581490015295,0.6372971647733812,772086.7325097894,1901000.0,-0.004508658190296126,0.6372971730048723,772086.7524547242
