cur_n,cur_mean,cur_std,cur_S,next_n,next_mean,next_std,next_S
4222000.0,-0.014660197457905607,0.02547774194630982,2740.5649430305907,4222000.0,-0.014660197927457708,0.025477741694391164,2740.5648888343103
4222000.0,-0.024297292292770802,0.040636862745672006,6972.019179508292,4222000.0,-0.02429729279424866,0.04063686245889689,6972.019081104945
4222000.0,-0.005787532777538508,0.009462114624874325,378.00247082172825,4222000.0,-0.0057875332452489055,0.009462114387601256,378.00245186406204
4222000.0,-0.0006485468255554177,0.05518467001762702,12857.458432517404,4222000.0,-0.0006485478066713571,0.055184670042917494,12857.458444302241
4222000.0,-0.001022316897346454,0.06852050320456099,19822.5406154132,4222000.0,-0.0010223178993777255,0.06852050322054297,19822.540624660167
4222000.0,-0.0007360418113353688,0.04646687667595557,9116.018391493952,4222000.0,-0.0007360427848187843,0.04646687670358747,9116.01840233578
