cur_n,cur_mean,cur_std,cur_S,next_n,next_mean,next_std,next_S
2382000.0,-0.011143492011269004,0.02132009389001866,1082.7295330874806,2382000.0,-0.011143489674788839,0.021320095416202306,1082.729688100322
2382000.0,-0.018596447685727383,0.03247494833463422,2512.11024556112,2382000.0,-0.018596445788940687,0.03247494955275563,2512.1104340174825
2382000.0,-0.004777124020969268,0.00950456612083143,215.1822031600013,2382000.0,-0.004777121524202118,0.009504568156891432,215.18229535230515
2382000.0,-0.00045464099097102054,0.051617117808260844,6346.426558681535,2382000.0,-0.0004546461064308259,0.05161711836699402,6346.426696076232
2382000.0,-0.0007110064108283988,0.06390460693414403,9727.608711604542,2382000.0,-0.00071101042013503,0.06390460718911894,9727.6087892295
2382000.0,-0.0005204784878104709,0.04344635297164232,4496.228867130023,2382000.0,-0.0005204840727446204,0.04344635375979094,4496.229030259784
