cur_n,cur_mean,cur_std,cur_S,next_n,next_mean,next_std,next_S
3602000.0,-0.004512810422730289,0.030959788245151918,3452.5475744410983,3602000.0,-0.004512810992486287,0.03095978818098748,3452.5475601302264
3602000.0,-0.014434839653393853,0.05067211714786594,9248.723769401871,3602000.0,-0.014434842271527706,0.050672116645675114,9248.723586081163
3602000.0,-0.021837616607833236,0.07297722460634444,19183.08247110393,3602000.0,-0.021837619489359368,0.07297722394898236,19183.08212551033
3602000.0,-0.0003067704520813712,0.163783787991845,96624.1154106654,3602000.0,-0.0003067707747496007,0.16378378799238488,96624.11541130238
3602000.0,-0.0004883927573727246,0.13335947919120228,64060.67198591566,3602000.0,-0.0004883921482828126,0.13335947919843716,64060.67199286639
3602000.0,-0.0005293331575653434,0.13303613062707778,63750.4006121141,3602000.0,-0.0005293327131101567,0.13303613063151912,63750.40061637066
