cur_n,cur_mean,cur_std,cur_S,next_n,next_mean,next_std,next_S
1102000.0,0.00022412183258142948,0.013783387622385599,209.35991533252366,1102000.0,0.0002241104664002274,0.013783392971655595,209.36007783581547
1102000.0,-0.007356788641328846,0.01994672962738332,438.45496915638046,1102000.0,-0.00735679424372612,0.0199467284281132,438.4549164333591
1102000.0,-0.005969619272441966,0.013937666619370204,214.0729229735625,1102000.0,-0.005969636938177031,0.013937671390413386,214.07306953343692
1102000.0,-0.0002019436292184974,0.11351248024070437,14199.361653776725,1102000.0,-0.00020191325000965958,0.11351248477457102,14199.362788066332
1102000.0,-0.00016294520026658612,0.06855798083142256,5179.616802721236,1102000.0,-0.00016291666336128776,0.06855798744420717,5179.6178019248755
1102000.0,-0.0007456176086967009,0.05910458240763866,3849.6735310626473,1102000.0,-0.0007456165604903561,0.05910458243110417,3849.673534119416
