cur_n,cur_mean,cur_std,cur_S,next_n,next_mean,next_std,next_S
1042000.0,-0.008368383427349906,0.040831405513374996,1737.2262305979725,1042000.0,-0.008368387558567874,0.040831404884453026,1737.2261770813361
1042000.0,-0.013996355863841231,0.055356382166599216,3193.0308665307157,1042000.0,-0.013996328149935143,0.05535639640258696,3193.0325088329173
1042000.0,-0.02653138613802491,0.07719819038008703,6209.862143074489,1042000.0,-0.026531385821507023,0.07719819048954482,6209.862160684171
1042000.0,-0.00047512033734257184,0.1484915739981021,22975.83694546805,1042000.0,-0.00047511360052110283,0.14849157417889308,22975.837001414988
1042000.0,-0.0004878708557205421,0.1496955793797447,23349.934678242622,1042000.0,-0.00048786975041970173,0.14969557938760072,23349.934680693434
1042000.0,-0.0004559130193255724,0.1521977245593336,24137.04155020241,1042000.0,-0.00045589006547406505,0.1521977264316905,24137.04214407668
