cur_n,cur_mean,cur_std,cur_S,next_n,next_mean,next_std,next_S
1102000.0,-0.008112365673550954,0.015673144808638528,270.70350994819324,1102000.0,-0.008112367483214264,0.01567314398709359,270.70348156906516
1102000.0,-0.013841068642657026,0.022346648326757028,550.3087059666075,1102000.0,-0.013841070525084577,0.022346647248191416,550.3086528450813
1102000.0,-0.004399187449210709,0.008595915800015612,81.42652482193576,1102000.0,-0.0043991891990212036,0.008595915100768108,81.42651157441374
1102000.0,-0.0006175581061146426,0.055628471899445094,3410.1686282258224,1102000.0,-0.0006175578940923136,0.0556284719022455,3410.1686285691667
1102000.0,-0.0009929583204285053,0.06477954643615567,4624.421379394402,1102000.0,-0.0009929580720870713,0.06477954644048815,4624.421380012968
1102000.0,-0.0006989155147070724,0.049254516542013085,2673.46015456576,1102000.0,-0.000698915336785451,0.04925451654489159,2673.4601548782407
