cur_n,cur_mean,cur_std,cur_S,next_n,next_mean,next_std,next_S
2801000.0,-0.010916993687756463,0.16108478636604193,72681.21182446001,2801000.0,-0.010916981472825382,0.16108478849108526,72681.21374209272
2801000.0,-0.02551999473861069,0.033336034079220096,3112.726561934717,2801000.0,-0.025520012179144822,0.03333603350658466,3112.72645499593
2801000.0,-0.0020076204343200113,0.03875481887262293,4206.922696365318,2801000.0,-0.002007590688462511,0.03875485238851442,4206.929972819173
2801000.0,0.10607320219778262,0.46039346027966227,593705.949289455,2801000.0,0.1060731859023277,0.4603934648418426,593705.9610558846
2801000.0,-0.00037408918411581117,0.09280177603891064,24122.687150369136,2801000.0,-0.00037408603884176464,0.09280177620087919,24122.68723457263
2801000.0,0.003298836172742164,0.08699874264626757,21200.156202910217,2801000.0,0.0032988553920563633,0.08699874786379211,21200.15874575935
