cur_n,cur_mean,cur_std,cur_S,next_n,next_mean,next_std,next_S
322000.0,-0.01718668969861968,0.061319195815298475,1210.7340956900437,322000.0,-0.017186676449185513,0.06131919998979946,1210.7342605392653
322000.0,-0.017998194745064262,0.060141424317464616,1164.6710758965305,322000.0,-0.01799816907419323,0.06014143376398189,1164.6714417703497
322000.0,-0.02191538229825142,0.06465426226339928,1346.0159084814622,322000.0,-0.021915360610899475,0.06465427078582642,1346.0162633327236
322000.0,-0.000914189541514355,0.1487726475009253,7126.922807507934,322000.0,-0.000914281961923842,0.14877265617652832,7126.9236387138835
322000.0,-0.0009494064559199167,0.1471204124887798,6969.501878219726,322000.0,-0.0009494524512727354,0.14712041450711139,6969.502069447656
322000.0,-0.0008127361373454955,0.14880404693097757,7129.931491337776,322000.0,-0.0008128281586448889,0.14880405559029822,7129.932321158822
