cur_n,cur_mean,cur_std,cur_S,next_n,next_mean,next_std,next_S
1251000.0,-0.02366493521356635,0.0839348861805029,8813.376462785605,1251000.0,-0.023664971937731927,0.08393488587686106,8813.376399019273
1251000.0,-0.02137444369740518,0.08021788292909111,8050.070835773334,1251000.0,-0.021374455805227958,0.08021788084601134,8050.070417688516
1251000.0,-0.0020196053583226583,0.09794153219661761,12000.272205005376,1251000.0,-0.002019530476940066,0.09794156955099033,12000.281358685455
1251000.0,0.03367806883335927,0.13865266184082145,24049.925355067026,1251000.0,0.033678100191976736,0.1386526586601766,24049.92425167284
1251000.0,0.03318870393666994,0.14313359659795064,25629.520320306143,1251000.0,0.03318877735490771,0.14313360312985102,25629.522659512055
1251000.0,0.04951425386176713,0.35319478523530723,156057.94195308592,1251000.0,0.04951419761638273,0.3531947987228816,156057.953871966
