cur_n,cur_mean,cur_std,cur_S,next_n,next_mean,next_std,next_S
5261000.0,-0.308609354024369,1.3415304691800634,9468242.742624149,5261000.0,-0.3086093721712332,1.3415304656512923,9468242.692813486
5261000.0,-0.39248444495041857,1.365889466861103,9815205.881723572,5261000.0,-0.3924844461642264,1.365889466515218,9815205.876752548
5261000.0,-0.21730577252131442,1.002320012951878,5285439.49340223,5261000.0,-0.21730576967773244,1.0023200135896042,5285439.5001279535
5261000.0,0.09600963282012918,0.8220978055041618,3555619.5023474456,5261000.0,0.09600961854837468,0.8220978078226547,3555619.522402671
5261000.0,0.08745544619540947,0.7298541043877158,2802466.3790314803,5261000.0,0.08745544589488648,0.7298541044240853,2802466.3793107797
5261000.0,0.09698704459413682,0.6372060211440437,2136131.7919038776,5261000.0,0.09698704158029185,0.6372060216402617,2136131.7952308618
