cur_n,cur_mean,cur_std,cur_S,next_n,next_mean,next_std,next_S
1951000.0,0.1829243881069161,1.5959670277570686,4969413.080444764,1951000.0,0.18292441622438346,1.5959670250176732,4969413.06338528
1951000.0,0.03559939475303076,1.6125841913860839,5073434.587675513,1951000.0,0.03559939313444946,1.6125841914234011,5073434.587910324
1951000.0,0.05380037858086678,1.5005216984499765,4392804.032029964,1951000.0,0.0538003757865755,1.500521698555188,4392804.03264598
1951000.0,0.010292944681529605,0.7988770170297533,1245136.9567481342,1951000.0,0.01029302180858402,0.798877023299764,1245136.976293125
1951000.0,0.0008943360769644024,0.6936696953061793,938777.5877092129,1951000.0,0.0008943314654495433,0.6936696953420821,938777.5878063913
1951000.0,-0.004089657368977659,0.6374603514175433,792799.9699769161,1951000.0,-0.00408973499782325,0.6374603601413835,792799.9916763371
