cur_n,cur_mean,cur_std,cur_S,next_n,next_mean,next_std,next_S
822000.0,0.0002622658931866821,0.013805515583588546,156.6668381545965,822000.0,0.0002622750857028179,0.013805517924648429,156.6668912879226
822000.0,-0.00739104936378323,0.020086293714319494,331.6434584362427,822000.0,-0.00739103862669532,0.020086300024115978,331.6436667975349
822000.0,-0.00585613639393416,0.014369519855795767,169.72910892838144,822000.0,-0.005856145105543488,0.014369518476157552,169.72907633651255
822000.0,-0.00019265771792206898,0.11328798821214062,10549.686320532679,822000.0,-0.0001926818537356329,0.11328799028449311,10549.686706498913
822000.0,-0.00015630817639470738,0.06893823888302791,3906.5392014011923,822000.0,-0.00015633392298702552,0.06893824277668682,3906.5396426869524
822000.0,-0.0007507290833384842,0.05954644853537664,2914.630776270885,822000.0,-0.0007507549954657608,0.059546452843069086,2914.631197969701
