cur_n,cur_mean,cur_std,cur_S,next_n,next_mean,next_std,next_S
2841000.0,-0.3255615817337367,1.3595582552509626,5251300.56300518,2841000.0,-0.3255610667502565,1.3595586556652532,5251303.656210037
2841000.0,-0.39126568423452035,1.3705804823895833,5336792.529587334,2841000.0,-0.39126780048625015,1.3705845198850886,5336823.972188283
2841000.0,-0.17411804294190844,0.9954564765646252,2815242.348322596,2841000.0,-0.1741177585919518,0.9954566416795875,2815243.2822432313
2841000.0,0.10174443905768607,0.8500965424273029,2053088.7974405156,2841000.0,0.1017442731120023,0.8500966083041661,2053089.1156421513
2841000.0,0.09340722426319603,0.7691392686293778,1680665.1845301124,2841000.0,0.09340753809205245,0.7691394124122362,1680665.8128971108
2841000.0,0.09337974965570923,0.6526576611526508,1210158.1063806063,2841000.0,0.09337958036548645,0.6526577477503109,1210158.4275194625
