cur_n,cur_mean,cur_std,cur_S,next_n,next_mean,next_std,next_S
1501000.0,-0.04624644593456961,0.1345830835713274,27187.0221817339,1501000.0,-0.04624644415360537,0.13458308420100765,27187.022436136325
1501000.0,-0.051045334176074326,0.1393874641386151,29162.726603649564,1501000.0,-0.05104533427669562,0.13938746410181874,29162.726588252448
1501000.0,-0.06139691327670633,0.1983824284669025,59072.73747456294,1501000.0,-0.06139689502077928,0.1983824353777088,59072.7415902526
1501000.0,0.03309304498096078,0.156622239858574,36820.31955349335,1501000.0,0.03309303376622907,0.156622242830824,36820.32095098575
1501000.0,0.03274744474212464,0.12054128719223314,21809.833078858606,1501000.0,0.03274744341745517,0.1205412875630315,21809.83321303753
1501000.0,0.05233810342697645,0.33050999526680747,163964.52231386892,1501000.0,0.052338112290428646,0.33050999404165476,163964.52109828344
