cur_n,cur_mean,cur_std,cur_S,next_n,next_mean,next_std,next_S
1231000.0,0.19638151964247985,1.5400218155449028,2919522.313788043,1231000.0,0.19638156642279478,1.5400218104541739,2919522.2944863727
1231000.0,0.029288530620928656,1.5492693282682952,2954689.8408123734,1231000.0,0.02928852817688076,1.5492693283168895,2954689.840997726
1231000.0,0.047389707850008,1.3745032607557017,2325678.0922223376,1231000.0,0.04738970421652466,1.374503260886835,2325678.0926660965
1231000.0,0.004190862540454319,0.8566381568332948,903343.4149753186,1231000.0,0.004190977167339074,0.8566381657131575,903343.4337033322
1231000.0,0.00512687624041671,0.7457120260941159,684542.3902353728,1231000.0,0.005126868228169443,0.745712026202229,684542.3904338623
1231000.0,-0.001975980982597866,0.6792702185086424,567993.2846256708,1231000.0,-0.0019760926531612122,0.6792702294833727,567993.3029794067
