cur_n,cur_mean,cur_std,cur_S,next_n,next_mean,next_std,next_S
231000.0,0.12280805575916866,1.406370794023642,456890.0051753012,231000.0,0.12280839071937383,1.406370773988421,456889.9921575506
231000.0,-0.01087781777674783,1.3774488124279924,438291.36832849524,231000.0,-0.01087783402389742,1.3774488123218231,438291.36826093105
231000.0,0.04116877709611039,1.2380173484643424,354050.68662779534,231000.0,0.04116876150931465,1.238017349005309,354050.68693720875
231000.0,0.02419559898197294,0.9602593788071303,213004.6552296099,231000.0,0.024196153225709716,0.9602594017900657,213004.66542575564
231000.0,0.024366707597049266,0.8384629489418121,162397.64696883413,231000.0,0.02436667126673408,0.8384629501794313,162397.64744825056
231000.0,0.015345078501363706,0.8093606153257478,151319.9239029493,231000.0,0.015344536431087756,0.8093606675354701,151319.94342544966
