cur_n,cur_mean,cur_std,cur_S,next_n,next_mean,next_std,next_S
3382000.0,-0.014263890885294441,0.026231848540366594,2327.187606870887,3382000.0,-0.014263889985424494,0.026231849081881763,2327.1877029531283
3382000.0,-0.0240046479187458,0.04223782525518051,6033.602589895189,3382000.0,-0.024004649885890277,0.0422378242921316,6033.602314755344
3382000.0,-0.005586692190072057,0.010197574097489977,351.6959300963866,3382000.0,-0.005586691879955921,0.010197574283333627,351.69594291521094
3382000.0,-0.0004933059969424399,0.05252523998726833,9330.602626405487,3382000.0,-0.0004932986904636218,0.052525241774553894,9330.603261393606
3382000.0,-0.0007404480797317741,0.06699222273170367,15178.273639898645,3382000.0,-0.0007404359440349257,0.06699222658331334,15178.275385199366
3382000.0,-0.0005583776595667367,0.04318941567388649,6308.531267983425,3382000.0,-0.0005583704545805261,0.04318941779954461,6308.531888958765
