cur_n,cur_mean,cur_std,cur_S,next_n,next_mean,next_std,next_S
1382000.0,-0.008811795715858066,0.017713734759568688,433.6389836009104,1382000.0,-0.008811785501342847,0.01771374391091496,433.63943165792085
1382000.0,-0.014687493000059395,0.025587965302290516,904.8561642061109,1382000.0,-0.014687484767614608,0.02558797185791787,904.8566278538069
1382000.0,-0.004229102967293724,0.0090872453894727,114.1228357580571,1382000.0,-0.004229092755001233,0.009087258072494372,114.12315431958976
1382000.0,-0.0004469872593771907,0.0512125533980952,3624.606814513903,1382000.0,-0.00044700414186533716,0.051212557096432916,3624.6073380191647
1382000.0,-0.0006931685702374004,0.06184304624918603,5285.545194481726,1382000.0,-0.0006931800332817146,0.061843047588908,5285.545423486004
1382000.0,-0.0005040158506553426,0.04390748773077074,2664.312855739996,1382000.0,-0.0005040345002006029,0.04390749299032288,2664.3134940408395
