cur_n,cur_mean,cur_std,cur_S,next_n,next_mean,next_std,next_S
1741000.0,-0.09954926026186554,1.1872819180265992,2454180.3723517545,1741000.0,-0.09954927594688466,1.1872819168918791,2454180.36766069
1741000.0,-0.11182225191932062,1.1633914973857276,2356408.2903457545,1741000.0,-0.11182231685256853,1.163391494299295,2356408.2778428346
1741000.0,-0.15323683232113403,0.9456737275988876,1556974.2091822193,1741000.0,-0.15323683907993818,0.9456737265457072,1556974.2057142693
1741000.0,0.10526078202303554,1.1668955622636306,2370624.3858743957,1741000.0,0.10526084500003392,1.1668955595414072,2370624.374813647
1741000.0,0.10639706856501349,1.0540630751467055,1934336.2504810365,1741000.0,0.10639708246034382,1.054063073903589,1934336.2459184916
1741000.0,0.09732980742911503,0.6691430100927811,779536.8726114442,1741000.0,0.09732981538288299,0.669143009018185,779536.8701076828
