cur_n,cur_mean,cur_std,cur_S,next_n,next_mean,next_std,next_S
5001000.0,-0.05747695293392275,0.16910662166771154,143013.84450882452,5001000.0,-0.057476952870393665,0.16910662168936177,143013.84454544378
5001000.0,-0.048650650108081166,0.16558126979124985,137113.201685319,5001000.0,-0.04865064548403082,0.1655812714727719,137113.20447016146
5001000.0,0.016637912525843374,0.33285727364291917,554080.6170496029,5001000.0,0.016637911013335446,0.33285727373569685,554080.6173584819
5001000.0,0.027124812556146523,0.17178721411263173,147583.74550982847,5001000.0,0.027124812760049005,0.1717872140810322,147583.74545553367
5001000.0,0.02799244369174631,0.18817305895218728,177080.90967723215,5001000.0,0.027992448554415062,0.18817305854302757,177080.90890714983
5001000.0,0.06047214316120757,0.4703336019139646,1106289.699143908,5001000.0,0.060472141798806195,0.4703336020989807,1106289.7000142748
