cur_n,cur_mean,cur_std,cur_S,next_n,next_mean,next_std,next_S
242000.0,-0.021195255611755517,0.06870031950657926,1142.17560387407,242000.0,-0.02119527275284266,0.06870031473574245,1142.1754452391974
242000.0,-0.02179855448185834,0.06697017168709869,1085.370942783473,242000.0,-0.02179856723796963,0.06697016782902529,1085.370817729571
242000.0,-0.024082473540149092,0.06857722878014749,1138.0863863338548,242000.0,-0.024082498047113456,0.06857722123366067,1138.0861358555667
242000.0,-0.0011409616921814686,0.15261243794641505,5636.314604259508,242000.0,-0.0011410186252154468,0.15261244009070682,5636.314762646379
242000.0,-0.0011661524260709656,0.15034710873024898,5470.2292510579655,242000.0,-0.0011662494350115874,0.15034711555157937,5470.22974743255
242000.0,-0.001002854787767897,0.14958490083047493,5414.90549866405,242000.0,-0.0010028918591597205,0.14958490169360333,5414.905561153764
