cur_n,cur_mean,cur_std,cur_S,next_n,next_mean,next_std,next_S
2081000.0,-0.319728701640385,1.337904400517681,3724965.412828041,2081000.0,-0.3197284940924463,1.3379044836176406,3724965.87555839
2081000.0,-0.36883093510288767,1.3270654763843,3664854.8822896765,2081000.0,-0.36883138983566305,1.3270655121301151,3664855.0797226285
2081000.0,-0.19359159851930324,0.9922816056993132,2049000.0156041607,2081000.0,-0.193591882040795,0.9922816346755435,2049000.1352724019
2081000.0,0.09793605338340752,0.832581584732419,1442532.7501851718,2081000.0,0.09793588065537828,0.8325816423358958,1442532.949793009
2081000.0,0.09196667388042615,0.7505012669433313,1172127.727653458,2081000.0,0.09196762637619824,0.7505024080377309,1172131.2919629707
2081000.0,0.09958370258018345,0.652392086220512,885705.7184935195,2081000.0,0.09958432879300974,0.6523926160604024,885707.1571449724
