cur_n,cur_mean,cur_std,cur_S,next_n,next_mean,next_std,next_S
422000.0,-0.006863234904988966,0.01514453210820556,96.78859187166998,422000.0,-0.006863213013201578,0.015144548706270243,96.78880402800169
422000.0,-0.012501072164013145,0.021000501799168236,186.11089399471845,422000.0,-0.012501057587357235,0.02100051261113414,186.11108563063053
422000.0,-0.0041529862185109775,0.009401818413969094,37.3023479644628,422000.0,-0.00415296537745411,0.009401837367749532,37.302498365416035
422000.0,-0.0006402521975282995,0.0588023552286225,1459.1565657427718,422000.0,-0.0006402349892496381,0.058802356478568435,1459.1566277765737
422000.0,-0.0010615038434278524,0.06812774713576394,1958.666550373318,422000.0,-0.001061476034923135,0.0681277499640912,1958.6667130016249
422000.0,-0.0007374780217542575,0.052734544427038496,1173.5533782413193,422000.0,-0.0007374541828148179,0.05273454703426006,1173.5534942834236
