cur_n,cur_mean,cur_std,cur_S,next_n,next_mean,next_std,next_S
161000.0,0.13024074704684083,1.3975275833591367,314446.41874619026,161000.0,0.13024113779172838,1.397527555738867,314446.4063169617
161000.0,0.0033588779507114307,1.4017163763827625,316334.2167709592,161000.0,0.003358864259023006,1.4017163764263274,316334.21679062233
161000.0,0.048950280596987535,1.2920241594287583,268761.5549961619,161000.0,0.04895024786853994,1.2920241607354586,268761.5555397908
161000.0,0.008483443521021171,0.902151692989538,131034.30602338625,161000.0,0.008484266987781213,0.902151745753027,131034.32135080273
161000.0,0.021035834760159845,0.8120100262403647,106157.00551709533,161000.0,0.02103576634248679,0.8120100284768406,106157.00610186046
161000.0,0.013292062876397098,0.8007336395167515,103229.0721940526,161000.0,0.013291228433805537,0.8007337233683696,103229.093814039
