cur_n,cur_mean,cur_std,cur_S,next_n,next_mean,next_std,next_S
1701000.0,-0.09451711216657759,1.1799284324072183,2368185.1106306277,1701000.0,-0.09451715929202778,1.1799284302330926,2368185.1019034334
1701000.0,-0.11101250722744013,1.1597243831200967,2287778.056810394,1701000.0,-0.11101255219398308,1.1597243802985735,2287778.045678406
1701000.0,-0.1501268798756439,0.9360718190449002,1490467.9961474584,1701000.0,-0.15012688352532796,0.9360718184716241,1490467.9943218513
1701000.0,0.10503031279671925,1.1746386801203408,2346999.0250480906,1701000.0,0.1050302893772458,1.1746386826115007,2346999.0350030665
1701000.0,0.10674278219711811,1.0598096628616263,1910557.2830627803,1701000.0,0.10674275387032099,1.0598096663586254,1910557.2956711145
1701000.0,0.0970806502996436,0.6706671036742379,765100.2130802954,1701000.0,0.09708063478159362,0.6706671062259061,765100.2189022057
