cur_n,cur_mean,cur_std,cur_S,next_n,next_mean,next_std,next_S
811000.0,-0.37367327842650677,1.3700714599354886,1522324.6981224366,811000.0,-0.3736731632266038,1.370071495282937,1522324.776673513
811000.0,-0.41685233700887253,1.3601215365415942,1500293.7118672207,811000.0,-0.4168522793014261,1.3601215552207335,1500293.7530755901
811000.0,-0.2082564488095442,1.0261933741903548,854042.0742393025,811000.0,-0.2082563835126992,1.0261933891265111,854042.0991003208
811000.0,0.10384895215979253,0.7842439880862168,498796.33124084235,811000.0,0.10384877984038167,0.7842440262581147,498796.3797971678
811000.0,0.09270092797768723,0.7279434800687721,429750.2869516288,811000.0,0.09270097995364114,0.727943474954702,429750.28091332194
811000.0,0.0854684474440772,0.6255571576311958,317361.94530299644,811000.0,0.08546845720966188,0.62555715635874,317361.9440118944
