cur_n,cur_mean,cur_std,cur_S,next_n,next_mean,next_std,next_S
381000.0,-0.028523339620995968,1.1307449280345376,487140.53915709193,381000.0,-0.028522603269631516,1.1307450379572572,487140.6338695495
381000.0,-0.12086918893228688,1.0916724489070797,454056.26830275933,381000.0,-0.12086904874048321,1.0916724678586414,454056.28406769957
381000.0,-0.10034888618097691,0.8069594849961953,248100.95557204876,381000.0,-0.10034886506055263,0.8069594877279164,248100.9572517926
381000.0,0.09123643888313149,1.46786095071349,820908.6086098436,381000.0,0.09123614303130334,1.4678609804618972,820908.6418837361
381000.0,0.1042808860080456,1.3211067292727638,664968.0592394461,381000.0,0.10428014728796016,1.321106866272564,664968.1971548679
381000.0,0.09349051869268353,0.7573804043385514,218551.15428976653,381000.0,0.0934903926097825,0.7573804239005859,218551.16557948373
