cur_n,cur_mean,cur_std,cur_S,next_n,next_mean,next_std,next_S
4821000.0,-0.3064106675197751,1.3374265435934118,8623369.75058913,4821000.0,-0.30641067003116956,1.3374265430294512,8623369.743316595
4821000.0,-0.3859695761335051,1.357797853202047,8888067.963981781,4821000.0,-0.38596958941869125,1.357797849738945,8888067.91864324
4821000.0,-0.2149997692926712,1.001236053105634,4832925.389699839,4821000.0,-0.21499976927235231,1.0012360531100168,4832925.389742152
4821000.0,0.09674073101303783,0.8233194800940439,3267938.7925435174,4821000.0,0.09674075375997121,0.8233194789361769,3267938.7833518516
4821000.0,0.08706933904897232,0.7307234441095775,2574205.50028974,4821000.0,0.08706935268689263,0.7307234430981248,2574205.493163413
4821000.0,0.09801518142529081,0.6384746723129308,1965280.202539388,4821000.0,0.09801518111940281,0.6384746723602188,1965280.2028305014
