cur_n,cur_mean,cur_std,cur_S,next_n,next_mean,next_std,next_S
691000.0,-0.372413146233203,1.3724667253575809,1301612.454339709,691000.0,-0.3724131393465158,1.3724667272382223,1301612.4579068138
691000.0,-0.42515131142730606,1.343105276214859,1246516.8620503691,691000.0,-0.4251513128386031,1.3431052757685957,1246516.8612220278
691000.0,-0.2260413517686832,1.0482503417258873,759290.6862395519,691000.0,-0.2260413997164918,1.048250332144307,759290.6723588894
691000.0,0.09995621620237831,0.7843226676913793,425076.97451467457,691000.0,0.09995629366644433,0.784322660462473,425076.9666790178
691000.0,0.0938579711644103,0.7172540802371149,355487.31019120157,691000.0,0.09385811953367351,0.7172540714257379,355487.30145696714
691000.0,0.08521686304562216,0.6084459906626088,255812.70777540182,691000.0,0.08521678201723881,0.6084460057393537,255812.72045301995
