cur_n,cur_mean,cur_std,cur_S,next_n,next_mean,next_std,next_S
1921000.0,0.18611734737107766,1.5990508138135775,4911926.8934082575,1921000.0,0.18611737672437462,1.5990508109147217,4911926.875598983
1921000.0,0.03653422003051703,1.6106518524650602,4983457.027900178,1921000.0,0.03653421845676905,1.6106518525022409,4983457.0281302575
1921000.0,0.054084530191842416,1.4974194507357477,4307391.086979598,1921000.0,0.0540845277398175,1.497419450828112,4307391.087510979
1921000.0,0.00944625951948418,0.8003685092654971,1230572.910948462,1921000.0,0.009446333321875345,0.80036851493098,1230572.928369912
1921000.0,0.0003220117330376397,0.6933236048901343,923420.1301289719,1921000.0,0.0003220074502337115,0.6933236049175868,923420.1302020985
1921000.0,-0.0038490686597410177,0.6370133353898955,779514.8857614187,1921000.0,-0.0038491461310089384,0.6370133439713815,779514.9067637927
