cur_n,cur_mean,cur_std,cur_S,next_n,next_mean,next_std,next_S
1841000.0,-0.3316345904341928,1.3445180905467427,3328028.8971815323,1841000.0,-0.3316346051002978,1.344518087076527,3328028.8800021755
1841000.0,-0.37363328978286175,1.3288802796100312,3251063.8702645767,1841000.0,-0.37363326020715876,1.328880288531619,3251063.9139173455
1841000.0,-0.19343501905245203,0.9980504422059887,1833828.7254303158,1841000.0,-0.19343501700601645,0.9980504426064876,1833828.7269020774
1841000.0,0.10013967969803116,0.8282433407477579,1262902.124978625,1841000.0,0.10013971797300457,0.828243337748225,1262902.1158312736
1841000.0,0.09362699814811061,0.7516638252072194,1040162.2497763998,1841000.0,0.09362701955365485,0.7516638231020991,1040162.2439502137
1841000.0,0.09846697267705755,0.6535518315623218,786346.3236273146,1841000.0,0.09846696843231786,0.6535518322272169,786346.3252273038
