cur_n,cur_mean,cur_std,cur_S,next_n,next_mean,next_std,next_S
661000.0,-0.3814959537317694,1.3758741407602473,1251292.599451627,661000.0,-0.3814959651366733,1.3758741376292147,1251292.5937565744
661000.0,-0.42929265722793486,1.3467223880060497,1198830.04682579,661000.0,-0.4292924265650886,1.3467224745912543,1198830.2009792353
661000.0,-0.2249447905570264,1.0350206065242344,708107.920569594,661000.0,-0.2249447459364856,1.0350206168575402,708107.9347086279
661000.0,0.10536119415258058,0.7795259171436045,401663.69328455994,661000.0,0.105361267245325,0.7795259095294471,401663.6854379175
661000.0,0.09933963699919005,0.7207481676877765,343374.9059299148,661000.0,0.09933960651833051,0.7207481723149689,343374.9103388383
661000.0,0.09385411812660949,0.6199507823067482,254048.0608110971,661000.0,0.0938541345578312,0.619950779963155,254048.05889034687
