cur_n,cur_mean,cur_std,cur_S,next_n,next_mean,next_std,next_S
1191000.0,0.19200548361777936,1.5232642999554666,2763517.9458749117,1191000.0,0.1920055334000981,1.523264294649309,2763517.926621967
1191000.0,0.023706547562306328,1.536214013910814,2810704.614374346,1191000.0,0.0237065510591367,1.5362140138616007,2810704.614194262
1191000.0,0.0424151556290466,1.3653448040667886,2220222.2228846834,1191000.0,0.04241515902650114,1.3653448039662424,2220222.222557681
1191000.0,0.004833777045312909,0.8602087811261451,881291.3442276951,1191000.0,0.0048339084949505,0.8602087923492456,881291.3672240225
1191000.0,0.006506358001397109,0.748772737244178,667746.7889398054,1191000.0,0.006506342757252462,0.7487727375614971,667746.7895057682
1191000.0,3.3219082314764896e-05,0.6835774688765841,556528.2837432593,1191000.0,3.309937392737892e-05,0.6835774813660691,556528.3040796573
