cur_n,cur_mean,cur_std,cur_S,next_n,next_mean,next_std,next_S
681000.0,-0.3717433345759736,1.3720001676234401,1281903.8172319073,681000.0,-0.3717435127362557,1.3720001272283786,1281903.7417471018
681000.0,-0.42291211845340804,1.3415643621327817,1225660.3526041661,681000.0,-0.4229120069270244,1.341564400446989,1225660.4226122953
681000.0,-0.22090020917814734,1.039098294052165,735292.9052621434,681000.0,-0.22090019829190058,1.0390982964052802,735292.9085923942
681000.0,0.09980080865927324,0.7852837009028095,419952.6043053605,681000.0,0.09980091767646117,0.7852836922011578,419952.5949984533
681000.0,0.09364648107543129,0.7160930279974792,349209.4620524336,681000.0,0.09364663928852353,0.7160930192096309,349209.4534814808
681000.0,0.084292473211905,0.6079698584645163,251716.2245337289,681000.0,0.08429247047359682,0.6079698588483546,251716.22485156808
