cur_n,cur_mean,cur_std,cur_S,next_n,next_mean,next_std,next_S
302000.0,-0.006661939251972566,0.015137936633204022,69.20545190429189,302000.0,-0.006661939297867232,0.015137936613027548,69.20545171981207
302000.0,-0.012252457674430003,0.02086805169926752,131.5136256804372,302000.0,-0.012252457838290796,0.020868051603252898,131.51362447023982
302000.0,-0.004105982847520907,0.009694683474048926,28.3840400739232,302000.0,-0.004105982588222497,0.00969468358491661,28.38404072311878
302000.0,-0.000656717712158969,0.05943607233810115,1066.8593018839579,302000.0,-0.0006567361816953664,0.05943607300066553,1066.8593256696133
302000.0,-0.0010692291564000681,0.06868980087008987,1424.9232005589251,302000.0,-0.001069247271898696,0.06868980130951619,1424.9232187901248
302000.0,-0.0007557032719085204,0.05334768932408604,859.4847387781995,302000.0,-0.0007557221395102644,0.053347690064426946,859.4847626334677
