cur_n,cur_mean,cur_std,cur_S,next_n,next_mean,next_std,next_S
1102000.0,-0.008215605299320668,0.04030529039845274,1790.217110382174,1102000.0,-0.008215615829321364,0.04030528976788983,1790.217054367468
1102000.0,-0.014638961877094273,0.058538623915561784,3776.3010799001954,1102000.0,-0.01463894648222893,0.05853862999620976,3776.30186442013
1102000.0,-0.027186718574640625,0.07919931274933445,6912.329316243513,1102000.0,-0.027186796481826047,0.07919932823263832,6912.332018936303
1102000.0,-0.00047636916748870333,0.1492616891092335,24551.5151229871,1102000.0,-0.0004763697881053475,0.14926168910867157,24551.515122802244
1102000.0,-0.000558931793508946,0.15181452444862992,25398.510116587142,1102000.0,-0.0005589101031915891,0.15181452623602476,25398.510714648048
1102000.0,-0.0005167239059782956,0.15342861072414227,25941.453124791904,1102000.0,-0.0005165908408067155,0.15342867476004848,25941.474778964464
