cur_n,cur_mean,cur_std,cur_S,next_n,next_mean,next_std,next_S
3321000.0,-0.2998742698600089,1.3255322977898585,5835116.132519569,3321000.0,-0.29987468014722973,1.325532415845598,5835117.171904249
3321000.0,-0.36239161708008927,1.3304395674731324,5878400.619200375,3321000.0,-0.36239162736433256,1.3304395648038718,5878400.5956127085
3321000.0,-0.19627732017762997,0.9898963292443952,3254230.4403457246,3321000.0,-0.19627734125172386,0.9898963258107878,3254230.4177701287
3321000.0,0.09758714417386888,0.8341981739040845,2311039.3764984435,3321000.0,0.0975878256534052,0.8341990186144307,2311044.056824825
3321000.0,0.08458607573680259,0.7376727492851912,1807158.963411107,3321000.0,0.08458629551745257,0.7376728328149047,1807159.372675185
3321000.0,0.09761049610830144,0.6504187807194206,1404931.0844279379,3321000.0,0.09761056192244,0.6504187819006504,1404931.089530947
