cur_n,cur_mean,cur_std,cur_S,next_n,next_mean,next_std,next_S
1962000.0,-0.007063536532687455,0.03622939009797205,2575.2598028809707,1962000.0,-0.0070635401021139676,0.03622938974704129,2575.259752991206
1962000.0,-0.015549700851753718,0.06214601501788547,7577.49353226757,1962000.0,-0.015549710701545916,0.06214601408481923,7577.493304729139
1962000.0,-0.03405518111525099,0.09457713506630519,17549.765244560964,1962000.0,-0.03405519230580141,0.09457713233575425,17549.764231197063
1962000.0,-0.0004083735523159867,0.1593112147830499,49795.68391138739,1962000.0,-0.00040837365182290334,0.1593112147828605,49795.683911268985
1962000.0,-0.00048616682537539797,0.15872067572261092,49427.200193414414,1962000.0,-0.0004861622679236375,0.15872067586494742,49427.200282064434
1962000.0,-0.00044528454038832616,0.16278956716944123,51993.86951761791,1962000.0,-0.00044527558712047655,0.16278956767700448,51993.86984184233
