cur_n,cur_mean,cur_std,cur_S,next_n,next_mean,next_std,next_S
5681000.0,-0.3078979984090613,1.340983568349211,10215784.002639655,5681000.0,-0.30789799225778774,1.3409835698417574,10215784.02538047
5681000.0,-0.39282185618585286,1.364711411395542,10580505.939949838,5681000.0,-0.39282184501299133,1.3647114148714268,10580505.993846392
5681000.0,-0.22014401937565567,1.0048090477412666,5735771.78458342,5681000.0,-0.22014401611343937,1.004809048486107,5735771.793086995
5681000.0,0.09564204577524739,0.8206005351778696,3825501.5389766237,5681000.0,0.09564206994813869,0.820600534383173,3825501.531567141
5681000.0,0.08677573141100053,0.7280473424813754,3011230.711771911,5681000.0,0.08677572608717422,0.7280473432265393,3011230.7179359617
5681000.0,0.09643855450537331,0.6357820253597356,2296366.9106003665,5681000.0,0.09643854856041507,0.6357820264193801,2296366.918254979
