cur_n,cur_mean,cur_std,cur_S,next_n,next_mean,next_std,next_S
751000.0,0.16313175992540563,1.4308646195310304,1537577.543128686,751000.0,0.1631318555479437,1.4308646110287573,1537577.5248559522
751000.0,-0.006691009875626796,1.431294354155438,1538501.2497061612,751000.0,-0.006691013071375708,1.4312943541431777,1538501.2496798043
751000.0,0.03910062854579059,1.2645563591696678,1200926.1919228507,751000.0,0.03910061899482575,1.2645563594920146,1200926.1925351045
751000.0,0.011497733452389738,0.9156009689279198,629582.1758606108,751000.0,0.011497992045306722,0.9156009931049338,629582.2091096304
751000.0,0.016964917205070054,0.800742623569184,481532.7506495454,751000.0,0.016964902743719236,0.8007426239736466,481532.75113599875
751000.0,0.00552711035520763,0.7301021453115419,400319.90608397545,751000.0,0.005526942364606317,0.7301021610975547,400319.9233951291
