cur_n,cur_mean,cur_std,cur_S,next_n,next_mean,next_std,next_S
1251000.0,-0.02606346100831148,0.09325179532408955,10878.567561288528,1251000.0,-0.026063455322127234,0.09325179713023202,10878.567982690454
1251000.0,-0.026969937105649423,0.09739564493900625,11866.875478009302,1251000.0,-0.02696993051037384,0.09739564704466709,11866.875991124962
1251000.0,-0.02097428921681776,0.09993756349155686,12494.383262382828,1251000.0,-0.02097426999421388,0.09993756983860243,12494.384849422166
1251000.0,0.03350138275201301,0.145501541540012,26484.543936740316,1251000.0,0.033501380032881826,0.14550154219786832,26484.544176229523
1251000.0,0.0344451420224734,0.1520592591515676,28925.644885448215,1251000.0,0.03444512339862095,0.15205926479709356,28925.647033301397
1251000.0,0.047536646885011975,0.3225913135447593,130185.50962374103,1251000.0,0.04753663815433824,0.3225913149790961,130185.51078142793
