cur_n,cur_mean,cur_std,cur_S,next_n,next_mean,next_std,next_S
301000.0,-0.2966492404904942,1.3023904429453315,510562.48062847636,301000.0,-0.29664796988429204,1.3023909189137177,510562.8538063444
301000.0,-0.39173205475806466,1.260735839073523,478425.9116332505,301000.0,-0.3917323286779196,1.2607357629188773,478425.8538346958
301000.0,-0.20871100592978453,0.9753881244893805,286365.9800118683,301000.0,-0.20871102302817066,0.9753881208758013,286365.9778900336
301000.0,0.10025853415680182,0.7842259468881225,185118.1110675443,301000.0,0.10025802713742986,0.7842260610410824,185118.1649596195
301000.0,0.10620237347424133,0.7140281775085092,153460.70772111305,301000.0,0.10620246160999992,0.7140281660367563,153460.70279003793
301000.0,0.08966182566530362,0.6139699968522684,113464.7062674671,301000.0,0.08966185234808065,0.6139699931301357,113464.7048917299
