cur_n,cur_mean,cur_std,cur_S,next_n,next_mean,next_std,next_S
1091000.0,0.18506653564729736,1.4853882438068278,2407158.654209929,1091000.0,0.18506658451107438,1.485388238595689,2407158.6373200174
1091000.0,0.005863080732324828,1.5016888978565412,2460280.8746266426,1091000.0,0.0058630794134101345,1.5016888978623273,2460280.874645602
1091000.0,0.03899373194676482,1.3452672395821208,1974430.6449691528,1091000.0,0.038993726684424454,1.345267239745843,1974430.6454497385
1091000.0,0.006144829937009578,0.8720159494073737,829609.2912787402,1091000.0,0.006144942810599761,0.8720159565818713,829609.304929935
1091000.0,0.011509365502430821,0.7608557159122893,631581.4496961149,1091000.0,0.011509354866346619,0.7608557161543248,631581.4500979392
1091000.0,0.0018399195543718754,0.6949861691753123,526959.3009013686,1091000.0,0.0018397996102430558,0.6949861807849678,526959.3185069448
