cur_n,cur_mean,cur_std,cur_S,next_n,next_mean,next_std,next_S
4102000.0,-0.014544659263933802,0.025374964382736974,2641.2319290780474,4102000.0,-0.014544656885471132,0.025374966203294415,2641.2323080748056
4102000.0,-0.024101605946157845,0.040382360670650576,6689.275188778145,4102000.0,-0.024101604247533773,0.0403823618309952,6689.275573196713
4102000.0,-0.005764907206037343,0.009462086228322461,367.25647289964377,4102000.0,-0.00576490487186269,0.009462088831437222,367.2566749715449
4102000.0,-0.0006469502601680934,0.05524258928797576,12518.252539426376,4102000.0,-0.000646952926535519,0.055242589520705335,12518.252644901793
4102000.0,-0.0010253884603152372,0.06851213303287876,19254.428552876427,4102000.0,-0.0010253894829359651,0.06851213304887736,19254.42856186882
4102000.0,-0.0007334952173841918,0.04654367038511851,8886.216963471923,4102000.0,-0.0007334979241024383,0.04654367066530358,8886.217070458988
