cur_n,cur_mean,cur_std,cur_S,next_n,next_mean,next_std,next_S
5651000.0,-0.30872944688520393,1.3417393358461802,10173294.380712116,5651000.0,-0.30872942480227866,1.341739341954336,10173294.473338258
5651000.0,-0.3925387855222957,1.364267160713799,10517781.829667615,5651000.0,-0.3925387823046718,1.3642671616610864,10517781.844273789
5651000.0,-0.2191797981577988,1.0038831076135317,5694972.090991432,5651000.0,-0.21917979573626764,1.0038831081587656,5694972.097177593
5651000.0,0.09602927468067744,0.8210390828304489,3809368.346948651,5651000.0,0.09602926123712979,0.8210390850248165,3809368.3673110297
5651000.0,0.08678880197019483,0.7282644186289601,2997115.577504962,5651000.0,0.08678877599916099,0.7282644243409061,2997115.624519102
5651000.0,0.09593351792389053,0.6358791749559288,2284938.4793810174,5651000.0,0.09593351942516729,0.6358791747394379,2284938.4778251606
