cur_n,cur_mean,cur_std,cur_S,next_n,next_mean,next_std,next_S
4422000.0,-0.015623744899694798,0.028071908369152902,3484.6776786076084,4422000.0,-0.015623744657543034,0.02807190850854396,3484.6777132139414
4422000.0,-0.02656031284301583,0.04647326789142312,9550.479187262285,4422000.0,-0.026560312617117107,0.04647326802295506,9550.47924132317
4422000.0,-0.0058579555672665885,0.0103432230408249,473.0755664210942,4422000.0,-0.0058579553250875955,0.010343223190522286,473.07558011473236
4422000.0,-0.0005146250561415259,0.05267800801078166,12270.928518745144,4422000.0,-0.0005146258742196235,0.052678008030876626,12270.928528107073
4422000.0,-0.0007482584061593764,0.06845475112024041,20721.72614903039,4422000.0,-0.0007482592033756011,0.06845475113204699,20721.726156178265
4422000.0,-0.0005856339106646269,0.042861460795769815,8123.677520882218,4422000.0,-0.0005856347380934061,0.04286146081977961,8123.6775299835335
