cur_n,cur_mean,cur_std,cur_S,next_n,next_mean,next_std,next_S
1662000.0,-0.007549710617480424,0.03759024992637417,2348.450690394329,1662000.0,-0.00754971764488781,0.037590249606706136,2348.450650451811
1662000.0,-0.014754655566281055,0.061981549367455806,6384.92611182798,1662000.0,-0.01475465902082828,0.06198154870510322,6384.925975365683
1662000.0,-0.03295498924167546,0.09282436086203416,14320.393593217821,1662000.0,-0.0329550223918399,0.09282435893096186,14320.39299738899
1662000.0,-0.000419279647067525,0.15543421177831615,40153.57794568538,1662000.0,-0.00041928122589637764,0.1554342117873871,40153.57795037199
1662000.0,-0.000485625702774475,0.15807370968682494,41528.88876768496,1662000.0,-0.00048562534979161435,0.15807370968856468,41528.8887685991
1662000.0,-0.00043640929924426675,0.16231199800222654,43785.6969638791,1662000.0,-0.0004363273598785875,0.16231203259695312,43785.715628603764
