cur_n,cur_mean,cur_std,cur_S,next_n,next_mean,next_std,next_S
491000.0,-0.02224362418763159,1.125983066557696,622508.3922917644,491000.0,-0.02224013012057393,1.1259857974147207,622511.4118460154
491000.0,-0.11218693268220786,1.086029084615933,579114.4537621753,491000.0,-0.11218394427268484,1.0860314120982781,579116.9359795124
491000.0,-0.09920301554972764,0.8093610550802803,321637.07088300626,491000.0,-0.09920305282489908,0.8093610509329306,321637.06758672366
491000.0,0.0931802793221482,1.4260869791633421,998558.5194203602,491000.0,0.09317752158947254,1.4260884685611706,998560.6052001041
491000.0,0.1075071991178795,1.278280141995561,802294.059617314,491000.0,0.10750806486151088,1.2782802131311102,802294.1489117156
491000.0,0.09129557737228977,0.7514504833628285,277256.8140125982,491000.0,0.09129545793920346,0.7514505025331917,277256.8281588767
