cur_n,cur_mean,cur_std,cur_S,next_n,next_mean,next_std,next_S
4171000.0,-0.30188067108059974,1.3324083768335533,7404826.696759109,4171000.0,-0.3018806588877196,1.3324083798288535,7404826.730051725
4171000.0,-0.381079649083479,1.3506401130808046,7608857.970527476,4171000.0,-0.3810796352766961,1.3506401172707623,7608858.017735897
4171000.0,-0.20805084394883636,0.9979564656288232,4153970.254508144,4171000.0,-0.2080508432252491,0.9979564657807991,4153970.255773336
4171000.0,0.0961749399508417,0.8255141738271212,2842426.599111298,4171000.0,0.09617488479117693,0.8255141879399318,2842426.696298312
4171000.0,0.08809953972713386,0.7340032672842408,2247171.2817174164,4171000.0,0.08809949757453431,0.7340032773921494,2247171.3436086997
4171000.0,0.09812779694680175,0.6433344850968532,1726290.3922705695,4171000.0,0.09812779338415885,0.6433344856813797,1726290.3954075456
