cur_n,cur_mean,cur_std,cur_S,next_n,next_mean,next_std,next_S
361000.0,-0.3260107124687121,1.2967364388825402,607030.6664852037,361000.0,-0.32601095564408666,1.2967363859773602,607030.6169530627
361000.0,-0.38101316037725685,1.2682514090296444,580654.6507785498,361000.0,-0.38101290445269875,1.2682514952372073,580654.7297168798
361000.0,-0.20628117936105603,0.9869767503357091,351658.44115886843,361000.0,-0.2062812091785474,0.986976744266354,351658.4368338629
361000.0,0.10414509338745113,0.7844402831518887,222140.10737714096,361000.0,0.10414480028091651,0.7844403418339528,222140.14061266134
361000.0,0.09428058096106977,0.7248109342246104,189651.6714241305,361000.0,0.09428048218603333,0.7248109495025469,189651.67941928084
361000.0,0.08670221133889862,0.6143847079478474,136266.15353901839,361000.0,0.0867023132013229,0.6143846966213152,136266.14851473007
