cur_n,cur_mean,cur_std,cur_S,next_n,next_mean,next_std,next_S
341000.0,-0.023392808023689506,1.1337015631490754,438280.2188917501,341000.0,-0.023392834648093892,1.133701562706306,438280.21854940767
341000.0,-0.1254061906117384,1.0986923638523443,411629.5944421212,341000.0,-0.12540607434721096,1.098692379220634,411629.60595770663
341000.0,-0.1007885781212772,0.8120171407655494,224845.79638189677,341000.0,-0.100788477246564,0.8120171554228398,224845.80449904114
341000.0,0.08418282125402861,1.4904488899661634,757510.3217180667,341000.0,0.08418302070208619,1.4904488832515888,757510.3148927946
341000.0,0.10627770492234818,1.3476436615431457,619304.9125276192,341000.0,0.1062778504041073,1.3476436527478992,619304.9044439698
341000.0,0.0963440677692377,0.7642000264136233,199144.57300636865,341000.0,0.09634412858778206,0.7642000195713742,199144.56944029505
