cur_n,cur_mean,cur_std,cur_S,next_n,next_mean,next_std,next_S
5291000.0,-0.30837148611920423,1.3413114041887089,9519124.253388375,5291000.0,-0.30837149342914977,1.3413114026135957,9519124.2310316
5291000.0,-0.39228661196630904,1.3656023232943497,9867025.611202225,5291000.0,-0.39228658766970065,1.3656023314175254,9867025.72858864
5291000.0,-0.21749227931069853,1.0026964756038697,5319572.575598938,5291000.0,-0.2174922793027388,1.0026964756055958,5319572.575617256
5291000.0,0.09586700023550226,0.8220136102703646,3575162.4326102827,5291000.0,0.09586698951472243,0.8220136118905891,3575162.4467038834
5291000.0,0.08734263295886047,0.7297222379529985,2817428.635283535,5291000.0,0.0873426247064446,0.7297222391876789,2817428.644817638
5291000.0,0.09693258178315922,0.6372408187427122,2148547.3809313285,5291000.0,0.09693258166742459,0.6372408187603706,2148547.3810504046
