cur_n,cur_mean,cur_std,cur_S,next_n,next_mean,next_std,next_S
2371000.0,-0.3106193978180708,1.3309895496798723,4200305.172997517,2371000.0,-0.3106203409306475,1.330990121815725,4200308.784063731
2371000.0,-0.3636128309898564,1.3252717522514386,4164294.510255283,2371000.0,-0.36361426458937846,1.3252731973674565,4164303.5920031904
2371000.0,-0.19181274489318095,0.9893056804849911,2320558.704501935,2371000.0,-0.1918123689897386,0.9893059226933643,2320559.8407711964
2371000.0,0.09824452571804869,0.840197335010629,1673763.7329305015,2371000.0,0.09824485014880635,0.8401974455877432,1673764.173493612
2371000.0,0.08967841573233194,0.75037044657226,1335005.3186081443,2371000.0,0.08967921449578442,0.7503713591132426,1335008.5656651456
2371000.0,0.0990537089708492,0.654753741619692,1016453.5377931828,2371000.0,0.09905341359686273,0.6547539442725122,1016454.166998317
