cur_n,cur_mean,cur_std,cur_S,next_n,next_mean,next_std,next_S
4321000.0,-0.3076362102732139,1.3427051881317082,7790146.057280918,4321000.0,-0.3076362244969954,1.3427051851983678,7790146.0232434375
4321000.0,-0.3805723259856891,1.361386677731491,8008427.69852298,4321000.0,-0.3805723209322391,1.3613866791847293,8008427.715620481
4321000.0,-0.15677588569716233,0.9723151068321317,4085058.997994567,4321000.0,-0.15677587927587627,0.9723151079590854,4085059.0074640727
4321000.0,0.09801600690456824,0.8587456125641171,3186495.64109098,4321000.0,0.0980160230830917,0.8587456113759785,3186495.6322734705
4321000.0,0.09482496048428707,0.769446411404301,2558238.4574791966,4321000.0,0.09482496818989403,0.7694464106214014,2558238.452273262
4321000.0,0.0936197908215108,0.65753858397727,1868214.5512787795,4321000.0,0.09361978155224301,0.6575385855793242,1868214.5603823697
