cur_n,cur_mean,cur_std,cur_S,next_n,next_mean,next_std,next_S
1401000.0,-0.02698918499849674,0.14792750335387775,30657.447294164627,1401000.0,-0.026989174613294684,0.14792750575937919,30657.448291227818
1401000.0,-0.017247715583955815,0.03438910567953184,1656.8374358026504,1401000.0,-0.01724773043213768,0.0343891027233874,1656.8371509536871
1401000.0,-0.004266424526865086,0.03195594319864684,1430.6764103069158,1401000.0,-0.004266438648757396,0.03195594568485519,1430.676632923395
1401000.0,0.10589256693788685,0.45310921862983233,287636.4575742794,1401000.0,0.1058925585680158,0.45310922069419485,287636.4601952189
1401000.0,0.0008518284962355877,0.09670585966657075,13102.184634684516,1401000.0,0.0008518437614309513,0.09670586122006167,13102.185055633672
1401000.0,0.002131778162909703,0.07648007250119984,8194.731287194087,1401000.0,0.0021318182248253933,0.07648008608471528,8194.73419810317
