cur_n,cur_mean,cur_std,cur_S,next_n,next_mean,next_std,next_S
3461000.0,-0.30164602765313486,1.330127118354142,6123333.240545566,3461000.0,-0.3016459965229788,1.3301271266746995,6123333.317154103
3461000.0,-0.36699081078569157,1.3361010464660874,6178459.5480388645,3461000.0,-0.3669908220799588,1.336101043529084,6178459.520876015
3461000.0,-0.1996703249620004,0.9915244760167854,3402581.0422161887,3461000.0,-0.19967031467995203,0.9915244782718622,3402581.057693531
3461000.0,0.09823874093894287,0.8340157373164051,2407410.1675664284,3461000.0,0.09823873933028426,0.834015737511289,2407410.1686915043
3461000.0,0.08569397669245309,0.7374166159400061,1882033.8817723244,3461000.0,0.08569401169667097,0.7374166147476092,1882033.8756858564
3461000.0,0.09905459968496373,0.649236270608058,1458838.2710878588,3461000.0,0.09905460344433528,0.6492362700721344,1458838.268679411
