cur_n,cur_mean,cur_std,cur_S,next_n,next_mean,next_std,next_S
2721000.0,-0.32834618574013624,1.3642698307264105,5064412.737373361,2721000.0,-0.3283458438164565,1.3642700296076908,5064414.213938979
2721000.0,-0.3922949923110326,1.3708596773923192,5113456.270127571,2721000.0,-0.3922947236249929,1.3708598259280662,5113457.37823674
2721000.0,-0.17555467196342472,0.9991936078124106,2716613.383095347,2721000.0,-0.1755546638972852,0.999193609318153,2716613.391282989
2721000.0,0.10211192198136149,0.8498524947597522,1965240.2442131485,2721000.0,0.1021116642303437,0.8498526320835778,1965240.8793217866
2721000.0,0.09376685444861547,0.7688019084618675,1608264.3948909927,2721000.0,0.0937669741687971,0.7688019192242674,1608264.439918937
2721000.0,0.09311742208949723,0.6531952100142994,1160952.6960712846,2721000.0,0.09311737354847431,0.6531952218418001,1160952.738114364
