cur_n,cur_mean,cur_std,cur_S,next_n,next_mean,next_std,next_S
1801000.0,-0.005815413966297331,0.019639446113225035,694.6598263853202,1801000.0,-0.005815416064701544,0.01963944569376708,694.6597967123258
1801000.0,-0.006521600781598294,0.020754424518278088,775.7737928899096,1801000.0,-0.0065216028651263755,0.02075442405193021,775.7737580269379
1801000.0,-0.0063467817232010755,0.020247124643759138,738.3128474681935,1801000.0,-0.006346783616300036,0.020247124209729486,738.3128158143492
1801000.0,-0.0012994653311172537,0.07334746429066283,9689.110782683978,1801000.0,-0.0012994632620957343,0.07334746437987706,9689.110806254159
1801000.0,-0.0014800553128238917,0.07630119426344338,10485.191915095933,1801000.0,-0.0014800530108936135,0.07630119437063305,10485.191944555609
1801000.0,-0.001448661780214397,0.0721297506220842,9370.064365572105,1801000.0,-0.0014486596276814788,0.07212975072316322,9370.06439183358
