cur_n,cur_mean,cur_std,cur_S,next_n,next_mean,next_std,next_S
5761000.0,-0.3082528588664085,1.34076777942822,10356309.111150943,5761000.0,-0.30825284531422964,1.3407677829385687,10356309.165379953
5761000.0,-0.3920943779880905,1.364857542059136,10731798.830376584,5761000.0,-0.39209438293887194,1.3648575406886558,10731798.808824565
5761000.0,-0.221052225959367,1.005414446137871,5823554.13918418,5761000.0,-0.22105222102434904,1.0054144472926887,5823554.152562032
5761000.0,0.09567489149096414,0.8204540204330325,3877987.190753272,5761000.0,0.09567487109458614,0.8204540242720963,3877987.227044984
5761000.0,0.08631190085089596,0.7276553421361603,3050347.512667264,5761000.0,0.08631190735545499,0.7276553415321354,3050347.5076030917
5761000.0,0.09668297193152343,0.635606536701622,2327419.0519770007,5761000.0,0.09668297064922818,0.6356065369041104,2327419.0534599163
