cur_n,cur_mean,cur_std,cur_S,next_n,next_mean,next_std,next_S
3591000.0,-0.30143674340690874,1.3290844232429393,6343377.266148296,3591000.0,-0.3014367116935733,1.3290844317942732,6343377.34777492
3591000.0,-0.3718913122263835,1.3393480843838437,6441727.168493334,3591000.0,-0.37189132127827185,1.339348081980318,6441727.145373345
3591000.0,-0.20408146822784798,0.9958762676283058,3561444.419667199,3591000.0,-0.20408146479423434,0.9958762683532019,3561444.424851933
3591000.0,0.09799368367792118,0.8320038563653759,2485799.4274716233,3591000.0,0.09799365303591796,0.832003862000672,2485799.4611450634
3591000.0,0.08679627519726835,0.7370585355134965,1950829.727620921,3591000.0,0.08679630083545789,0.7370585340955661,1950829.7201150293
3591000.0,0.09994946549668772,0.6477913030363298,1506904.1580916161,3591000.0,0.09994946380540928,0.6477913033051896,1506904.1593424696
