cur_n,cur_mean,cur_std,cur_S,next_n,next_mean,next_std,next_S
1311000.0,-0.34251428316594407,1.36201704145757,2432023.542220511,1311000.0,-0.34251552230683463,1.3620174688210982,2432025.0684250924
1311000.0,-0.38621251676420104,1.3356894799275312,2338911.033080482,1311000.0,-0.3862134929990222,1.3356896653594956,2338911.68249624
1311000.0,-0.20426487117546652,1.0189992949320197,1361289.3871873305,1311000.0,-0.2042652983805794,1.018999326696938,1361289.4720573537
1311000.0,0.09566620618012871,0.8130616825032178,866661.8517165568,1311000.0,0.09566775890064197,0.8130634435334156,866665.605968855
1311000.0,0.09516385862610534,0.7555454247930761,748382.893381658,1311000.0,0.0951657033074056,0.7555481447026151,748388.2816412321
1311000.0,0.09256471351915632,0.6355667891896242,529572.0831557796,1311000.0,0.09256568115410625,0.6355676139438534,529573.4575734051
