cur_n,cur_mean,cur_std,cur_S,next_n,next_mean,next_std,next_S
1902000.0,-0.007153484983989194,0.036532416166746615,2538.442353724662,1902000.0,-0.007153477975139865,0.036532418817942676,2538.442722159566
1902000.0,-0.015486071119178942,0.06264573153019523,7464.37556536917,1902000.0,-0.015486069597807645,0.06264573194141573,7464.375663364813
1902000.0,-0.03439947749447785,0.09565130713230467,17401.726201737347,1902000.0,-0.03439948766632494,0.09565130450285664,17401.72524499278
1902000.0,-0.00041678511542133387,0.15915365055917938,48177.44029296805,1902000.0,-0.00041677445549690323,0.15915365126610306,48177.44072095413
1902000.0,-0.0004879424705751065,0.15978445643017594,48560.09992673828,1902000.0,-0.000487929133069884,0.15978445752966208,48560.10059502804
1902000.0,-0.00045019513624722273,0.1643361043433152,51366.087572781726,1902000.0,-0.0004501473080693113,0.1643361177121211,51366.09593008442
