cur_n,cur_mean,cur_std,cur_S,next_n,next_mean,next_std,next_S
5251000.0,-0.3083948558823272,1.3414448493813822,9449039.464926088,5251000.0,-0.3083948376297454,1.3414448542297357,9449039.533228982
5251000.0,-0.39147273897409274,1.364606687956032,9778157.068688054,5251000.0,-0.39147274493743095,1.3646066863137745,9778157.045152698
5251000.0,-0.2167660230832321,1.0017288730750988,5269172.320284766,5251000.0,-0.21676602567589495,1.0017288725316968,5269172.314568091
5251000.0,0.0958855181704869,0.8221418544366891,3549241.368515956,5251000.0,0.09588553808094524,0.8221418533805529,3549241.359397135
5251000.0,0.08718260705741371,0.7297337402322207,2796217.0024064905,5251000.0,0.08718263122731415,0.729733739446458,2796216.99638467
5251000.0,0.09679443195342534,0.6373601720292407,2133103.1696568914,5251000.0,0.09679443025436442,0.6373601722991588,2133103.171463603
