cur_n,cur_mean,cur_std,cur_S,next_n,next_mean,next_std,next_S
1611000.0,-0.35709003301363906,1.3788874667267423,3063043.6705386057,1611000.0,-0.3570900063351398,1.3788874740514088,3063043.7030804534
1611000.0,-0.4102536594907638,1.3841473011588317,3086456.503352802,1611000.0,-0.4102537076822275,1.3841472882267372,3086456.4456792483
1611000.0,-0.19192294007864452,1.0152844290142238,1660622.7820677676,1611000.0,-0.19192294182065983,1.0152844286873344,1660622.7809984318
1611000.0,0.10184846028226006,0.8284685919928084,1105726.2949567784,1611000.0,0.10184847679861955,0.8284685902275575,1105726.2902447486
1611000.0,0.09150293959549578,0.7599371030376084,930359.5893234136,1611000.0,0.09150299381153885,0.7599370996251399,930359.5809679251
1611000.0,0.09164052964941669,0.6471977879619795,674791.4775327786,1611000.0,0.09164050072003269,0.6471977930998497,674791.4882466319
