cur_n,cur_mean,cur_std,cur_S,next_n,next_mean,next_std,next_S
3331000.0,-0.3002858711601644,1.3262082124443362,5858656.8099962445,3331000.0,-0.3002858773211961,1.3262082110970717,5858656.798092892
3331000.0,-0.36344114678436373,1.3313808350824592,5904447.08525083,3331000.0,-0.3634411563197831,1.3313808325932246,5904447.063172167
3331000.0,-0.1968179251390559,0.990609156530537,3268731.9548381353,3331000.0,-0.1968179072294576,0.9906091606281585,3268731.981880135
3331000.0,0.09764699212343336,0.8341124952207574,2317522.1137503986,3331000.0,0.09764698824223826,0.8341124957052122,2317522.1164424447
3331000.0,0.08493475935432794,0.7377024999903947,1812746.783357113,3331000.0,0.08493475998405035,0.7377024999187665,1812746.7830050904
3331000.0,0.09780110234674402,0.6504750301546717,1409405.2747310756,3331000.0,0.0978011117684571,0.6504750289653514,1409405.269577198
