cur_n,cur_mean,cur_std,cur_S,next_n,next_mean,next_std,next_S
351000.0,-0.047901304373203536,0.17750108643216886,11058.829125294696,351000.0,-0.04790129458906307,0.17750108916721657,11058.829466097406
351000.0,-0.013963590334295256,0.0328795923617558,379.4547254502058,351000.0,-0.013963518099033989,0.03287965089065998,379.45607638477884
351000.0,-0.01111321520493402,0.03986592610584331,557.8415145610721,351000.0,-0.011113108720436226,0.039866005706695976,557.843742263217
351000.0,0.10507638241512968,0.3336885060262265,39083.154687959264,351000.0,0.10507629922321378,0.3336885358627889,39083.16167715437
351000.0,0.0011553115652333692,0.10114875270480904,3591.1056309822534,351000.0,0.0011553365577331462,0.10114875350311216,3591.1056876669036
351000.0,0.0021441189485817544,0.11948717835711352,5011.2922129023755,351000.0,0.0021441265317853012,0.11948717830550108,5011.292208573123
