cur_n,cur_mean,cur_std,cur_S,next_n,next_mean,next_std,next_S
802000.0,0.0002720670319860016,0.013866016217241829,154.19765740092433,802000.0,0.00027207217635813593,0.013866016881647736,154.19767217803627
802000.0,-0.00740450852755603,0.020159888112395358,325.94971314084836,802000.0,-0.007404502404004582,0.02015989110737794,325.9498099879915
802000.0,-0.005867090106384352,0.014449996555822627,167.4595251715552,802000.0,-0.0058670990583426395,0.014449995144969556,167.45949247109428
802000.0,-0.0001917577344280211,0.11377157187419279,10381.064394513141,802000.0,-0.0001917702671669352,0.11377157240667529,10381.06449168566
802000.0,-0.00015698666307366246,0.06920565787202136,3841.1173113624163,802000.0,-0.00015700142187029996,0.06920565910067464,3841.117447750149
802000.0,-0.0007514784030173242,0.05979345335025337,2867.356164966239,802000.0,-0.0007514923150898463,0.05979345447340463,2867.356272686216
