cur_n,cur_mean,cur_std,cur_S,next_n,next_mean,next_std,next_S
1881000.0,0.185972259209916,1.5957761261688,4789969.217763417,1881000.0,0.18597229322468364,1.595776122886694,4789969.198059919
1881000.0,0.03495735288738712,1.611268324684026,4883425.140178658,1881000.0,0.034957351426308805,1.6112683247169837,4883425.140378434
1881000.0,0.05712548157605962,1.4922687297676553,4188734.8742255014,1881000.0,0.05712547805347157,1.4922687299102717,4188734.875026136
1881000.0,0.009775614607363073,0.8017894126585954,1209231.4392949122,1881000.0,0.009775700518844395,0.8017894202687957,1209231.4622498015
1881000.0,0.001081573509060345,0.6949419633998424,908418.2894212664,1881000.0,0.0010815682718359181,0.6949419634451672,908418.2895397624
1881000.0,-0.004636280033740607,0.6369878019849186,763222.2580297239,1881000.0,-0.004636355023230386,0.6369878097419677,763222.2766183139
