cur_n,cur_mean,cur_std,cur_S,next_n,next_mean,next_std,next_S
2431000.0,-0.3373540401913893,1.3667692922909835,4541249.723287868,2431000.0,-0.337353946166737,1.3667693233608442,4541249.929754311
2431000.0,-0.39887717647035076,1.3764577716443986,4605860.10899936,2431000.0,-0.3988771617064378,1.3764577761153036,4605860.138920166
2431000.0,-0.18304460427743796,1.0076848766884792,2468507.438827928,2431000.0,-0.18304462558934503,1.0076848733650299,2468507.4225451406
2431000.0,0.10335217649599732,0.8459983911304549,1739898.9783204186,2431000.0,0.10335141528741655,0.8459993166396819,1739902.78516794
2431000.0,0.09443321801797007,0.7664786806548487,1428187.1395610042,2431000.0,0.09443327155957788,0.7664786786043892,1428187.1319197225
2431000.0,0.09390996311967847,0.6517330565818644,1032581.7801879831,2431000.0,0.09391003773072418,0.651733056213201,1032581.7790197895
