cur_n,cur_mean,cur_std,cur_S,next_n,next_mean,next_std,next_S
3682000.0,-0.014018099858363274,0.024668569034574962,2240.638014022441,3682000.0,-0.01401810130302692,0.024668568369388646,2240.6378931851336
3682000.0,-0.02321461602975438,0.039107429626538966,5631.217853444477,3682000.0,-0.023214618040787182,0.03910742862315308,5631.217564482276
3682000.0,-0.005693847821767862,0.00941593206251127,326.44529746265783,3682000.0,-0.00569384970848742,0.009415931617598789,326.44526661290587
3682000.0,-0.0006513139855061843,0.05522720447704798,11230.262429035478,3682000.0,-0.0006513103697537848,0.05522720495549859,11230.262623618059
3682000.0,-0.001033107907196646,0.0681732938233184,17112.45580183289,3682000.0,-0.0010331043280751315,0.06817329422348817,17112.456002729377
3682000.0,-0.0007355206698654444,0.04672678705058482,8039.251656556321,3682000.0,-0.0007355179396910814,0.04672678738723395,8039.251772395962
