cur_n,cur_mean,cur_std,cur_S,next_n,next_mean,next_std,next_S
5281000.0,-0.3084992133488537,1.3415486908673704,9504495.011920772,5281000.0,-0.3084992309545424,1.3415486874289593,9504494.963200422
5281000.0,-0.3924654430171641,1.3656903167367949,9849646.127728485,5281000.0,-0.39246544990431004,1.3656903148493729,9849646.100503517
5281000.0,-0.2173186805242417,1.002623094753679,5308741.463374721,5281000.0,-0.2173186858360995,1.0026230936766405,5308741.451969203
5281000.0,0.09596836195604068,0.8222412528269085,3570382.0597277735,5281000.0,0.09596836863826662,0.8222412521904031,3570382.054200034
5281000.0,0.08737841170847777,0.7297432019994023,2812265.2689045826,5281000.0,0.08737842528121072,0.7297432010408303,2812265.261516343
5281000.0,0.09683763637974503,0.6372566654537982,2144593.280530418,5281000.0,0.09683763645717987,0.6372566654420541,2144593.2804513713
