cur_n,cur_mean,cur_std,cur_S,next_n,next_mean,next_std,next_S
4482000.0,-0.01483435796895815,0.02567884503050657,2955.4446139756606,4482000.0,-0.014834358118979884,0.02567884494580389,2955.4445944783592
4482000.0,-0.024625834645176207,0.04099026633205712,7530.665068066877,4482000.0,-0.024625835688558684,0.04099026576474132,7530.664859614204
4482000.0,-0.005810206339405286,0.009442690423786598,399.6348517337096,4482000.0,-0.005810207098067877,0.00944269009356935,399.63482378270993
4482000.0,-0.000652847750173423,0.05510187317702468,13608.322028579,4482000.0,-0.0006528449363858741,0.05510187353236312,13608.322204092452
4482000.0,-0.0010280617733706067,0.06850575911638014,21034.200941923747,4482000.0,-0.0010280590058519726,0.06850575940846088,21034.20112128632
4482000.0,-0.0007407782983301512,0.04634161980542584,9625.299944786433,4482000.0,-0.0007407758676857017,0.046341620129980374,9625.300079608423
