cur_n,cur_mean,cur_std,cur_S,next_n,next_mean,next_std,next_S
3761000.0,-0.30192400340544545,1.3286136942334563,6638971.164726072,3761000.0,-0.3019240004084267,1.3286136949272926,6638971.171660157
3761000.0,-0.3738157410228515,1.3406690452494756,6759996.911715818,3761000.0,-0.3738157318701381,1.3406690479190568,6759996.938637243
3761000.0,-0.2036434545726021,0.9947503670858275,3721615.9092861987,3761000.0,-0.20364343954418193,0.9947503705893825,3721615.935501592
3761000.0,0.09800135799510855,0.8293577470584123,2586944.6992704337,3761000.0,0.09800138088611612,0.8293577455416479,2586944.689808207
3761000.0,0.08699126165445856,0.7354148343318171,2034080.3543464607,3761000.0,0.08699125640686697,0.7354148350229572,2034080.358169703
3761000.0,0.0985664753768488,0.6457426236296708,1568275.0787911837,3761000.0,0.09856646746555385,0.6457426250194965,1568275.0855419505
