cur_n,cur_mean,cur_std,cur_S,next_n,next_mean,next_std,next_S
4182000.0,-0.015293633914892652,0.027641197867140855,3195.197797276267,4182000.0,-0.015293633050414129,0.027641198401983282,3195.197920927013
4182000.0,-0.025934083033349455,0.04555058929559225,8677.048566404872,4182000.0,-0.025934082333636636,0.04555058971644423,8677.048726743222
4182000.0,-0.005787844574344556,0.010311173721619774,444.63150930985955,4182000.0,-0.005787844324587119,0.010311173874463515,444.63152249151
4182000.0,-0.0005086912162460786,0.052446344281196634,11503.088777027277,4182000.0,-0.0005086881623473926,0.05244634468264793,11503.088953128394
4182000.0,-0.0007408050504518098,0.06790417755701272,19283.107192781605,4182000.0,-0.0007408020381798865,0.06790417786928224,19283.10737013525
4182000.0,-0.0005772718826056085,0.04275068456418464,7643.111150414226,4182000.0,-0.0005772663155182252,0.04275068615524368,7643.111719324011
