cur_n,cur_mean,cur_std,cur_S,next_n,next_mean,next_std,next_S
321000.0,0.1451484843056576,1.399082899539183,628335.9800903326,321000.0,0.14514865398489718,1.399082885238561,628335.9672453535
321000.0,-0.030488731182020324,1.3658765894751572,598863.6533140882,321000.0,-0.03048873550732065,1.3658765893808156,598863.6532313607
321000.0,0.044452158208435975,1.2289727442545904,484830.0559647314,321000.0,0.04445213172867842,1.2289727453039268,484830.05679265835
321000.0,0.014534854691296744,0.944673722808349,286463.11006323196,321000.0,0.014535295890836908,0.9446737490921199,286463.12600382743
321000.0,0.028282382351267187,0.8391498817829304,226039.3802349142,321000.0,0.028282351532514353,0.8391498830033053,226039.38089237196
321000.0,0.016807885700727613,0.8148350936869793,213129.9497991417,321000.0,0.016807503863342444,0.8148351302817054,213129.9689427264
