cur_n,cur_mean,cur_std,cur_S,next_n,next_mean,next_std,next_S
1251000.0,-0.040178892742885955,0.12617680734698264,19916.65397705924,1251000.0,-0.04017911571727868,0.12617698281062542,19916.709369982273
1251000.0,-0.04527858463001123,0.1315890727421237,21661.920765480034,1251000.0,-0.04527863308207197,0.13158906722937966,21661.918950487052
1251000.0,-0.051045619832451324,0.1829079837621444,41852.61848544003,1251000.0,-0.05104618797691547,0.18290892905758416,41853.05108756943
1251000.0,0.03376228037895514,0.16223572318387203,32926.85777611944,1251000.0,0.033762494389968915,0.1622358552313364,32926.91137602657
1251000.0,0.03306771713751882,0.12227916922095336,18705.19622693355,1251000.0,0.033067720991988236,0.1222791682545932,18705.195931282928
1251000.0,0.05279128161341904,0.35264393797932336,155571.54148894965,1251000.0,0.052791708642663714,0.35264419750136866,155571.77046926177
