cur_n,cur_mean,cur_std,cur_S,next_n,next_mean,next_std,next_S
1831000.0,-0.3324132143553917,1.3460826068167973,3317659.1817900836,1831000.0,-0.3324132174660807,1.3460826060552171,3317659.178035985
1831000.0,-0.3736094989966073,1.3284331841058354,3231229.2808040637,1831000.0,-0.37360948637699115,1.3284331877647884,3231229.2986038537
1831000.0,-0.19369553803716333,0.9989740767817051,1827244.996335886,1831000.0,-0.19369551632574167,0.9989740814234392,1827245.0133164776
1831000.0,0.10039839479148131,0.8286550199971705,1257291.1993068818,1831000.0,0.10039845697908875,0.8286550167352199,1257291.1894083794
1831000.0,0.09351662528997258,0.7514569324074117,1033942.851432841,1831000.0,0.09351664555738365,0.7514569303856619,1033942.8458693186
1831000.0,0.09839931821643637,0.6539731901248259,783083.7890591383,1831000.0,0.09839931207866115,0.6539731911010628,783083.7913970789
