cur_n,cur_mean,cur_std,cur_S,next_n,next_mean,next_std,next_S
3522000.0,-0.013825628095527885,0.02448213001653631,2110.9976586962835,3522000.0,-0.013825630665396486,0.024482129040313185,2110.9974903445354
3522000.0,-0.022932033852408433,0.03877734892331144,5295.970784690294,3522000.0,-0.022932036863327534,0.03877734755442234,5295.970410781466
3522000.0,-0.0056677366796625325,0.009433813053077037,313.44683075327237,3522000.0,-0.005667739345326335,0.009433812777999305,313.44681247386796
3522000.0,-0.0006560953007982597,0.05551870871834333,10855.955756523428,3522000.0,-0.000656094236328271,0.05551870876686161,10855.955775497658
3522000.0,-0.0010403778893724271,0.0684436660392156,16498.93375236639,3522000.0,-0.0010403768795869434,0.06844366608079899,16498.933772414457
3522000.0,-0.000739511197256833,0.047062949229562126,7800.952431829253,3522000.0,-0.0007395112400941966,0.04706294922895598,7800.95243162831
