cur_n,cur_mean,cur_std,cur_S,next_n,next_mean,next_std,next_S
251000.0,-0.04672396256105469,0.1758627378413403,7762.853342824048,251000.0,-0.046723948684463494,0.17586274166554552,7762.853680436723
251000.0,-0.01361973110865546,0.03272745940960453,268.84273645123534,251000.0,-0.013619630156095021,0.03272754050240972,268.844068741554
251000.0,-0.011114889074274254,0.040951488376884705,420.9331244708129,251000.0,-0.011114739628772238,0.040951597383052124,420.93536538412405
251000.0,0.10506492569588834,0.33978349862386464,28978.65931020553,251000.0,0.10506480761419247,0.3397835402860369,28978.66641657753
251000.0,0.0011520631757688125,0.10315151282736686,2670.6988842421815,251000.0,0.001152093805640369,0.10315151362672222,2670.6989256344486
251000.0,0.0021794936156342977,0.12582084335735066,3973.5520404118993,251000.0,0.0021795032606370377,0.1258208432830669,3973.552035719981
