cur_n,cur_mean,cur_std,cur_S,next_n,next_mean,next_std,next_S
5231000.0,-0.3087906514295789,1.3414242581225064,9412760.999702152,5231000.0,-0.3087906656239123,1.3414242552479334,9412760.95936045
5231000.0,-0.3911426028570363,1.364278595136029,9736230.581400488,5231000.0,-0.39114259103163296,1.3642785987945798,9736230.633619288
5231000.0,-0.21641597333967644,1.0016369036674033,5248139.302390242,5231000.0,-0.2164159732153418,1.0016369036943211,5248139.302672315
5231000.0,0.09605425840650489,0.8222763268486841,3536879.7491065413,5231000.0,0.09605425530185203,0.8222763272420268,3536879.7524903324
5231000.0,0.08717633662572513,0.7296296714257853,2784772.321789649,5231000.0,0.08717634848348248,0.7296296705130825,2784772.3148226365
5231000.0,0.0967323273014158,0.6375989599695615,2126571.160968568,5231000.0,0.09673232656439273,0.6375989600835965,2126571.161729245
