cur_n,cur_mean,cur_std,cur_S,next_n,next_mean,next_std,next_S
1721000.0,-0.36062087005807675,1.3820202195409705,3287075.3859057445,1721000.0,-0.36062082549274593,1.3820202324063002,3287075.447105007
1721000.0,-0.4112122258336506,1.3861412669642863,3306708.080219915,1721000.0,-0.41121223740571994,1.386141263614514,3306708.064237823
1721000.0,-0.18587951343789527,1.0136741412105499,1768388.1903059457,1721000.0,-0.1858795033576461,1.0136741431452525,1768388.1970562513
1721000.0,0.10412764089879929,0.8306652356820003,1187498.1468192595,1721000.0,0.1041276385581056,0.830665235981059,1187498.1476743133
1721000.0,0.09229074283285622,0.76023586596972,994666.7022514824,1721000.0,0.0922907178207122,0.7602358697142471,994666.7120499057
1721000.0,0.08927210753707318,0.647836424170008,722289.9879004593,1721000.0,0.08927209606761062,0.6478364259252132,722289.9918143089
