cur_n,cur_mean,cur_std,cur_S,next_n,next_mean,next_std,next_S
5721000.0,-0.30769622854878476,1.340512082847189,10280480.497807508,5721000.0,-0.30769622298267524,1.3405120841909501,10280480.5184183
5721000.0,-0.3926368501842836,1.3646408833740118,10653902.16083417,5721000.0,-0.39263685018034733,1.3646408833751695,10653902.160852246
5721000.0,-0.220279601362015,1.0046579363328687,5774420.232458494,5721000.0,-0.22027959958227866,1.0046579367321278,5774420.237048097
5721000.0,0.09564645099712327,0.8203412788812537,3850003.0949587934,5721000.0,0.09564645017553812,0.8203412789794361,3850003.0958803673
5721000.0,0.08659088426405806,0.7278071059777188,3030431.912870221,5721000.0,0.08659085265754332,0.7278071136643955,3030431.9768815516
5721000.0,0.09644442147976393,0.6356052940277183,2311250.1877232715,5721000.0,0.09644442072351157,0.635605294145029,2311250.188576425
