cur_n,cur_mean,cur_std,cur_S,next_n,next_mean,next_std,next_S
2202000.0,-0.010367651717933923,0.018907593371592646,787.2085858062981,2202000.0,-0.01036765339212812,0.018907592616792514,787.2085229548161
2202000.0,-0.0172129809487004,0.028251957822859327,1757.577212055818,2202000.0,-0.01721299488868165,0.028251956902603625,1757.577097556113
2202000.0,-0.004958693744749901,0.00886420024197093,173.02004913732603,2202000.0,-0.004958698665086157,0.008864200496527369,173.02005907468458
2202000.0,-0.0006264167462890554,0.05502564725853623,6667.263727398325,2202000.0,-0.0006264071843807104,0.055025649196798025,6667.2641971030325
2202000.0,-0.00100292535998715,0.06567788956078785,9498.514560104217,2202000.0,-0.0010029172386171042,0.06567789079047784,9498.514915786425
2202000.0,-0.000710926716122376,0.04785114031115067,5041.989047228498,2202000.0,-0.0007109160575213589,0.0478511430834417,5041.989631451205
