cur_n,cur_mean,cur_std,cur_S,next_n,next_mean,next_std,next_S
4022000.0,-0.0151087978874829,0.02739559550851291,3018.586023436064,4022000.0,-0.015108796332834941,0.027395596543325375,3018.586251477868
4022000.0,-0.025566278929535467,0.04493380809728183,8120.607476916114,4022000.0,-0.02556627758466102,0.044933808943428286,8120.607782753684
4022000.0,-0.0057555523084331615,0.010292848741026983,426.1016809971676,4022000.0,-0.005755550744959334,0.010292850092882864,426.10179292499544
4022000.0,-0.0005072122128959974,0.05234733643522692,11021.259887352324,4022000.0,-0.0005072106709523572,0.05234733654150345,11021.259932103458
4022000.0,-0.0007427801700467344,0.06757912808985314,18368.226861713574,4022000.0,-0.0007427784412561029,0.067579128197788,18368.226920387668
4022000.0,-0.0005755586634811365,0.04273039575041922,7343.716391811504,4022000.0,-0.0005755562661134901,0.04273039605319439,7343.716495882386
