cur_n,cur_mean,cur_std,cur_S,next_n,next_mean,next_std,next_S
922000.0,-0.007738447732636926,0.015174617874870571,212.3080434917708,922000.0,-0.007738451670645853,0.015174616337768567,212.30800048059186
922000.0,-0.013284838846146797,0.021461400183907398,424.6655454212225,922000.0,-0.013284843176184297,0.02146139790630788,424.66545528563194
922000.0,-0.004286001542888108,0.00857551041639285,67.80330734733262,922000.0,-0.0042860050378272126,0.008575509326266557,67.8032901089037
922000.0,-0.0006111772099781838,0.055500159474724774,2840.0068209857313,922000.0,-0.0006111995502778306,0.0555001633742793,2840.0072200751015
922000.0,-0.0009837348032385367,0.06458859929495875,3846.295560491736,922000.0,-0.0009837574078789973,0.06458860259770795,3846.295953853724
922000.0,-0.0006902761003803523,0.04928610869320333,2239.649110329029,922000.0,-0.0006902989522255474,0.04928611325763269,2239.64952516075
