cur_n,cur_mean,cur_std,cur_S,next_n,next_mean,next_std,next_S
5391000.0,-0.30915722684289804,1.342400860522723,9714798.019160602,5391000.0,-0.3091573118953597,1.3424008554605456,9714797.945891833
5391000.0,-0.3922272264568331,1.365077741344351,10045790.160375267,5391000.0,-0.39222723667864207,1.3650777386136899,10045790.120184666
5391000.0,-0.21780242438804673,1.0030477642439135,5423911.07035926,5391000.0,-0.21780242161312685,1.0030477648671654,5423911.077099644
5391000.0,0.09620713300578543,0.822238714741615,3644728.4331715126,5391000.0,0.09620708389978974,0.8222387283925124,3644728.554191877
5391000.0,0.08695248231750809,0.7294872260605337,2868829.345604789,5391000.0,0.08695247036616549,0.7294872280129122,2868829.3609608924
5391000.0,0.09636801473910464,0.6369378837043342,2187074.0767586026,5391000.0,0.09636800952835474,0.6369378846076255,2187074.082961923
