cur_n,cur_mean,cur_std,cur_S,next_n,next_mean,next_std,next_S
3182000.0,-0.013818826736141538,0.025551778222956702,2077.506704470133,3182000.0,-0.013818824749474394,0.025551779543132175,2077.5069191458747
3182000.0,-0.023200960335907284,0.04084948509900431,5309.741137340713,3182000.0,-0.023200958811454994,0.0408494860553477,5309.741385957599
3182000.0,-0.005488424909821817,0.010110810067661296,325.29102407378946,3182000.0,-0.005488423204639789,0.010110811450817091,325.2911130732253
3182000.0,-0.0004900357289073821,0.052399418255516965,8736.814324649835,3182000.0,-0.0004900317239174829,0.052399418779988216,8736.814499545211
3182000.0,-0.000740416070533627,0.06651807832694075,14079.251396391315,3182000.0,-0.0007404116232359637,0.06651807884950936,14079.25161760561
3182000.0,-0.0005532680963137912,0.04324294693907647,5950.188727642942,3182000.0,-0.0005532607344837813,0.043242949027270994,5950.18930231015
