cur_n,cur_mean,cur_std,cur_S,next_n,next_mean,next_std,next_S
1041000.0,-0.02937091953561168,1.1510737123085328,1379294.4895056244,1041000.0,-0.029370886874136446,1.151073713624335,1379294.4926589911
1041000.0,-0.08124470858094086,1.1081021467050554,1278233.8726011787,1041000.0,-0.08124475591510916,1.108102144286934,1278233.8670224068
1041000.0,-0.12704682873582368,0.848912567518135,750199.3017291317,1041000.0,-0.12704683051903534,0.848912567253237,750199.3012609414
1041000.0,0.10242536794443013,1.344502077197755,1881800.9548482301,1041000.0,0.10242540213107365,1.3445020750458478,1881800.948824497
1041000.0,0.10492910306725958,1.1905000985763854,1475399.3945835088,1041000.0,0.10492923468306802,1.1905000945496862,1475399.3846028473
1041000.0,0.10039981487548812,0.7138917626990513,530536.7482523905,1041000.0,0.10039983823053751,0.713891759812133,530536.7439614985
