cur_n,cur_mean,cur_std,cur_S,next_n,next_mean,next_std,next_S
1821000.0,-0.3578915724343721,1.374038561095358,3438015.1625935202,1821000.0,-0.3578916908133379,1.3740385395475576,3438015.054762975
1821000.0,-0.4107400564686106,1.3864012744868162,3500159.567389475,1821000.0,-0.4107400411333148,1.3864012791846094,3500159.5911099175
1821000.0,-0.18694348723919327,1.0137012259278226,1871241.7094900256,1821000.0,-0.18694343570906516,1.0137012378158698,1871241.7533795056
1821000.0,0.103816403849621,0.828609825272119,1250288.1156607724,1821000.0,0.10381670793917121,0.8286098887818828,1250288.307320353
1821000.0,0.09346479353435759,0.7615845991352493,1056200.2160864372,1821000.0,0.0934647884471454,0.7615845997905134,1056200.2179039372
1821000.0,0.09057031947087883,0.6479175850149907,764450.6956853889,1821000.0,0.09057029552422373,0.6479175891682385,764450.7054858734
