cur_n,cur_mean,cur_std,cur_S,next_n,next_mean,next_std,next_S
2031000.0,-0.3499173433844215,1.3697976479847769,3810857.9063384165,2031000.0,-0.34991732099911155,1.3697976540745969,3810857.940222894
2031000.0,-0.4050030358689713,1.378227551404267,3857907.213586547,2031000.0,-0.4050031733644733,1.3782275249296752,3857907.065372243
2031000.0,-0.18826290724332023,1.0128761009712,2083639.449710718,2031000.0,-0.18826296744634924,1.012876093415084,2083639.41862257
2031000.0,0.10401465728455338,0.8345839551987884,1414653.198277039,2031000.0,0.10401437660922795,0.8345840860352322,1414653.6418230888
2031000.0,0.09489729449007094,0.7626730196416334,1181372.0439601426,2031000.0,0.09489760560772346,0.7626731098116544,1181372.3233048827
2031000.0,0.09227284725225417,0.6477929211943716,852280.0432303102,2031000.0,0.0922730532844912,0.6477929583914956,852280.1411084018
