cur_n,cur_mean,cur_std,cur_S,next_n,next_mean,next_std,next_S
1242000.0,-0.008540354444934159,0.017287678918731158,371.1888922572501,1242000.0,-0.00854035802949064,0.017287677609467016,371.18883603405317
1242000.0,-0.014224518111420288,0.024757556243051145,761.2672461807783,1242000.0,-0.014224521871036006,0.024757554437498094,761.2671351432965
1242000.0,-0.004145092335791282,0.00898266178811119,100.2147602970944,1242000.0,-0.0041450958646180045,0.00898266102060562,100.21474317179563
1242000.0,-0.0004409263768609445,0.050933376669152944,3222.007402780892,1242000.0,-0.00044092680462258407,0.05093337666768044,3222.0074025945937
1242000.0,-0.000686411207960895,0.06127462534484013,4663.188001248951,1242000.0,-0.0006864115857918813,0.061274625342054564,4663.188000824971
1242000.0,-0.0004981192996945602,0.04372073189252195,2374.0859773444904,1242000.0,-0.0004981197661633414,0.043720731890297106,2374.0859771028668
