cur_n,cur_mean,cur_std,cur_S,next_n,next_mean,next_std,next_S
2201000.0,-0.035436022525966025,0.11614557905620558,29691.03997099716,2201000.0,-0.03543602017691288,0.11614557982518879,29691.040364157394
2201000.0,-0.03337553966340397,0.11257838257593955,27895.236783735556,2201000.0,-0.03337553963320417,0.1125783825849034,27895.236788177768
2201000.0,-0.00857186980137047,0.15273482902204544,51344.76952006199,2201000.0,-0.00857186953860144,0.1527348290372901,51344.76953031156
2201000.0,0.031999724091817824,0.14657487594008947,47286.711559332616,2201000.0,0.03199972964360927,0.14657487495946703,47286.71092661285
2201000.0,0.03316818465812269,0.15190414296923033,50787.78590132723,2201000.0,0.03316818468140632,0.15190414296415194,50787.785897931404
2201000.0,0.048924820359098474,0.3656155095468265,294218.0165074294,2201000.0,0.04892482053877381,0.3656155095228761,294218.01646888274
