cur_n,cur_mean,cur_std,cur_S,next_n,next_mean,next_std,next_S
502000.0,-0.007041882815715793,0.015208900197464941,116.11794389865746,502000.0,-0.007041896740970488,0.015208896950154415,116.11789431308897
502000.0,-0.012685874990935667,0.0211471979901108,224.49639938213897,502000.0,-0.01268589835818277,0.021147190453358784,224.49623936345574
502000.0,-0.004223023295601471,0.009265999628428487,43.1010920552465,502000.0,-0.004223038947146371,0.00926599913098884,43.10108742753394
502000.0,-0.0006500544372660984,0.05883273178407915,1737.5677452470532,502000.0,-0.0006500472539561038,0.05883273208358934,1737.5677629385402
502000.0,-0.0010724913143360527,0.06809923104895396,2328.027645268325,502000.0,-0.0010724833548701883,0.06809923140781403,2328.027669804172
502000.0,-0.0007449899586034539,0.05265915453298357,1392.0392511765792,502000.0,-0.000744990655969805,0.05265915452543497,1392.0392507774866
