cur_n,cur_mean,cur_std,cur_S,next_n,next_mean,next_std,next_S
1381000.0,-0.3426480914922752,1.3615714021245267,2560203.699338106,1381000.0,-0.34264813749113915,1.361571391621681,2560203.659840472
1381000.0,-0.386611011073979,1.3395840723055652,2478184.457235946,1381000.0,-0.38661106955493163,1.3395840571905886,2478184.4013115726
1381000.0,-0.20265754129051813,1.0133250734598558,1418049.0599178453,1381000.0,-0.20265755840230412,1.0133250702371601,1418049.0508981522
1381000.0,0.09704937328920137,0.8153528146727855,918089.0933172655,1381000.0,0.09704938077127934,0.8153528138296127,918089.0914184363
1381000.0,0.09549677507456121,0.7557981316630692,788869.7566548581,1381000.0,0.095496754742991,0.7557981346096715,788869.7628059329
1381000.0,0.093383130435019,0.6359396596219434,558502.9851891812,1381000.0,0.09338311772157376,0.6359396616643179,558502.9887765412
