cur_n,cur_mean,cur_std,cur_S,next_n,next_mean,next_std,next_S
4122000.0,-0.014557571495766326,0.025401446584241587,2659.652439894108,4122000.0,-0.014557563229935224,0.025401456864993687,2659.6545927819643
4122000.0,-0.024132912594560223,0.04044843918758634,6743.906231238328,4122000.0,-0.024132907892187763,0.04044844311988898,6743.907542491971
4122000.0,-0.005768885980741103,0.009468964854228134,369.58385968252463,4122000.0,-0.005768878132017274,0.00946898304426942,369.5852796375519
4122000.0,-0.000646487169780796,0.05525286666148566,12583.968368713708,4122000.0,-0.0006464905504392211,0.05525286704823951,12583.968544881876
4122000.0,-0.001025011458348837,0.06853832961415102,19363.1058256004,4122000.0,-0.0010250059919707226,0.06853833059445327,19363.10637950058
4122000.0,-0.0007331996958446383,0.04654768293869752,8931.082935855355,4122000.0,-0.0007331986371851353,0.046547683004995406,8931.082961296444
