cur_n,cur_mean,cur_std,cur_S,next_n,next_mean,next_std,next_S
761000.0,-0.012142832688108713,1.1486351404448194,1004035.0039430292,761000.0,-0.01214235533541891,1.1486352209744588,1004035.1447267764
761000.0,-0.09196822357371504,1.110049049665776,937710.9673172223,761000.0,-0.0919679579058477,1.1100490958694873,937711.0453781469
761000.0,-0.11055143738469145,0.8209603717867057,512895.6842856103,761000.0,-0.11055146955534798,0.8209603679342464,512895.679471956
761000.0,0.09821862895273312,1.415923536782007,1525682.8305920966,761000.0,0.09821763550356662,1.4159238709143063,1525683.5506591892
761000.0,0.10739480075899178,1.2560842768362988,1200666.0077021946,761000.0,0.10739472039690723,1.256084285663551,1200666.024577785
761000.0,0.09286850473362901,0.7253938815515223,400435.3716616042,761000.0,0.09286845081799387,0.7253938899788502,400435.38096579135
