cur_n,cur_mean,cur_std,cur_S,next_n,next_mean,next_std,next_S
3181000.0,-0.2972413419514986,1.323235225577512,5569776.601287367,3181000.0,-0.2972423481434128,1.3232362164631208,5569784.942984199
3181000.0,-0.36043876488344445,1.3259252386116662,5592445.285810333,3181000.0,-0.3604390193560371,1.3259252471137484,5592445.357529956
3181000.0,-0.19438182616152364,0.9885276374462536,3108431.4970743232,3181000.0,-0.19438218522477563,0.9885277742780502,3108432.3576113074
3181000.0,0.09663129908507016,0.8340119951960933,2212627.28186461,3181000.0,0.09663183606884185,0.8340124828791122,2212629.869503815
3181000.0,0.08498841893626098,0.7380558410787648,1732774.756495086,3181000.0,0.08498879075914263,0.7380560961942347,1732775.954392855
3181000.0,0.09752743608049383,0.6509262003920108,1347805.3452929175,3181000.0,0.09752780095781023,0.6509264710314266,1347806.4660630662
