cur_n,cur_mean,cur_std,cur_S,next_n,next_mean,next_std,next_S
3511000.0,-0.3134632835753408,1.3508619269311157,6406970.917114118,3511000.0,-0.3134629326102032,1.3508621684443334,6406973.208048918
3511000.0,-0.3858890215395729,1.3643200526883577,6535267.282854315,3511000.0,-0.3858889705702947,1.3643200704474638,6535267.452991087
3511000.0,-0.16491046508538504,0.9811477838026162,3379867.5685230177,3511000.0,-0.1649105162192381,0.9811477798863076,3379867.5415411405
3511000.0,0.09956575456494633,0.8567859032993029,2577362.197248425,3511000.0,0.09956521332839637,0.8567865664044384,2577366.186722957
3511000.0,0.09429276062286787,0.7682716908532937,2072337.5236836586,3511000.0,0.09429256629736377,0.7682718009905949,2072338.1178528336
3511000.0,0.09375515685090717,0.6561541189612732,1511619.7179105848,3511000.0,0.09375528777513878,0.6561541461141515,1511619.8430178599
