cur_n,cur_mean,cur_std,cur_S,next_n,next_mean,next_std,next_S
1421000.0,-0.3413297414581382,1.35768674688264,2619348.203080948,1421000.0,-0.3413298032949277,1.3576867333376166,2619348.150816856
1421000.0,-0.38400467077447176,1.3357922126337367,2535548.3270080993,1421000.0,-0.38400473070199287,1.3357921973164184,2535548.268858636
1421000.0,-0.2040412351019738,1.0129402996104262,1458014.2798668758,1421000.0,-0.2040412419764581,1.012940298258828,1458014.2759759272
1421000.0,0.09792747096171275,0.8160821809443399,946371.9691239707,1421000.0,0.09792746872393242,0.816082181217216,946371.9697568537
1421000.0,0.09511178654131652,0.7543586000434022,808629.8512898664,1421000.0,0.09511180074663975,0.75435859844242,808629.8478575414
1421000.0,0.09571340260804852,0.6387869298555069,579837.2620327526,1421000.0,0.09571341092503452,0.6387869286862574,579837.2599100593
