cur_n,cur_mean,cur_std,cur_S,next_n,next_mean,next_std,next_S
482000.0,-0.01286889493601009,0.052279657708755686,1317.384378089725,482000.0,-0.012868915057858532,0.052279654622126595,1317.384222531062
482000.0,-0.01394783531603357,0.05184348930742367,1295.4942388802351,482000.0,-0.013947860876698236,0.051843485467800016,1295.4940469868957
482000.0,-0.021510921475822554,0.06436741970616451,1997.0053948614363,482000.0,-0.02151093132877416,0.06436741677689213,1997.0052130995248
482000.0,-0.0006880159954898916,0.14289113018959732,9841.415791866737,482000.0,-0.0006880067207234066,0.14289113037933335,9841.415818002315
482000.0,-0.000701057331752384,0.14133229768011388,9627.862453154436,482000.0,-0.0007010466711122545,0.1413322979267894,9627.862486762577
482000.0,-0.0006299516990393596,0.14729243413343576,10457.01947572311,482000.0,-0.0006299627427080544,0.1472924342857578,10457.019497351304
