cur_n,cur_mean,cur_std,cur_S,next_n,next_mean,next_std,next_S
931000.0,-0.3778808360324913,1.37767736072572,1767033.2614485086,931000.0,-0.3778817202300526,1.3776773823626232,1767033.316952256
931000.0,-0.4233697162930335,1.3789929398661258,1770409.6427547776,931000.0,-0.4233691335165202,1.3789932334331316,1770410.3965424125
931000.0,-0.20565493801377255,1.02243481817334,973242.2233516433,931000.0,-0.2056549150567478,1.0224348230308977,973242.2325993339
931000.0,0.10455380557513126,0.7977533823559934,592498.1373852582,931000.0,0.10455095811420136,0.7977584866721773,592505.7194465162
931000.0,0.09361070897305414,0.735409938949815,503510.66160304495,931000.0,0.09360946947819133,0.7354110692015617,503512.20929559553
931000.0,0.08690188150780333,0.6264434607062366,365353.6422087553,931000.0,0.08690201740019457,0.6264434555771964,365353.6362260494
