cur_n,cur_mean,cur_std,cur_S,next_n,next_mean,next_std,next_S
3391000.0,-0.3156354860453806,1.3516333085551415,6195060.62929828,3391000.0,-0.31563559782952344,1.3516332981258496,6195060.533695287
3391000.0,-0.38613535187863385,1.3647750542811783,6316113.7273407625,3391000.0,-0.38613550304360195,1.3647750399004228,6316113.594233866
3391000.0,-0.166357352413103,0.9842404856718439,3284961.1703581405,3391000.0,-0.1663574133546337,0.9842404817691079,3284961.144306914
3391000.0,0.09996989034283603,0.8554770178949685,2481672.5873446744,3391000.0,0.09997025281138568,0.8554772359307071,2481673.8523544245
3391000.0,0.09393488392993642,0.7686496342498473,2003478.2844481498,3391000.0,0.09393513866817793,0.7686497462577316,2003478.868343257
3391000.0,0.09372509540887801,0.65648403047375,1461423.6181675992,3391000.0,0.09372519946593064,0.6564840435828172,1461423.6765327677
