cur_n,cur_mean,cur_std,cur_S,next_n,next_mean,next_std,next_S
4082000.0,-0.015158984398314968,0.02745355843791717,3076.594709030671,4082000.0,-0.015158984271785412,0.027453558508972974,3076.594724956469
4082000.0,-0.025665050523100405,0.04509617906434741,8301.422024843445,4082000.0,-0.02566505040587635,0.04509617913168132,8301.422049633447
4082000.0,-0.005763536675383674,0.010291346024197328,432.3319798042091,4082000.0,-0.005763536548485239,0.010291346098459333,432.33198604359495
4082000.0,-0.0005076389099604024,0.05233989918754066,11182.496321698556,4082000.0,-0.0005076400066725753,0.052339899223803894,11182.496337193943
4082000.0,-0.0007409171244241773,0.06762727510571839,18668.81611663249,4082000.0,-0.0007409182010699286,0.06762727512890254,18668.816129432667
4082000.0,-0.0005760017690766948,0.04270335381079373,7443.838973747891,4082000.0,-0.0005760028716129978,0.04270335385401905,7443.8389888175425
