cur_n,cur_mean,cur_std,cur_S,next_n,next_mean,next_std,next_S
41000.0,-1.281084353715869,3.395450816835419,472692.53623148095,41000.0,-1.2811038003147195,3.395445762883212,472691.1290759439
41000.0,0.12453190616182463,3.4452371208166,486656.01156475884,41000.0,0.1244119341533189,3.4453270976122083,486681.4311911795
41000.0,0.36311978338471973,1.4374232550364328,84713.61017890087,41000.0,0.3630940833039547,1.4374391667596893,84715.48568352639
41000.0,-0.6554095860207328,4.074697376081362,680729.5069724178,41000.0,-0.6554747253327666,4.074708245368135,680733.1386797137
41000.0,0.4195066753205012,5.477142897307386,1229962.8670185148,41000.0,0.41950946039976955,5.477142713023103,1229962.7842517053
41000.0,0.45060675732601396,2.2316837600049486,204196.90859146288,41000.0,0.45066567282008113,2.231703747860011,204200.56634670915
