cur_n,cur_mean,cur_std,cur_S,next_n,next_mean,next_std,next_S
1501000.0,-0.33729721024868464,1.35162995089193,2742182.18974633,1501000.0,-0.33729725355963136,1.3516299411253403,2742182.1501174825
1501000.0,-0.3789926241485096,1.3319393325009108,2662867.6405799207,1501000.0,-0.37899257592198576,1.3319393475339247,2662867.700689155
1501000.0,-0.2057282044373774,1.012992941647747,1540258.2044420615,1501000.0,-0.20572817596072107,1.0129929480318591,1540258.2238561776
1501000.0,0.09796671394887173,0.8165784269569996,1000867.2913847233,1501000.0,0.0979667704762243,0.8165784231120503,1000867.2819593363
1501000.0,0.09345085445809734,0.7520301091666853,848889.4769249782,1501000.0,0.09345085703854925,0.7520301088526737,848889.4762160674
1501000.0,0.10043516095847524,0.6451265174866355,624698.5235702159,1501000.0,0.10043517459476041,0.6451265155800046,624698.5198777012
