cur_n,cur_mean,cur_std,cur_S,next_n,next_mean,next_std,next_S
3891000.0,-0.3035757031105703,1.3341679925570555,6925996.468127248,3891000.0,-0.3035757301106326,1.3341679874765993,6925996.415379434
3891000.0,-0.37664212388277285,1.3445897715411992,7034623.154675937,3891000.0,-0.37664214964611187,1.3445897652849024,7034623.089212564
3891000.0,-0.20531255585278324,0.994903601746678,3851440.8908062824,3891000.0,-0.2053125504829574,0.994903602911218,3851440.8998225466
3891000.0,0.09769385392671934,0.8296500019855094,2678249.7184666167,3891000.0,0.09769385788811363,0.8296500015558738,2678249.7156927446
3891000.0,0.08732470439137699,0.7354216360277314,2104427.82783241,3891000.0,0.08732471490625232,0.7354216350716712,2104427.822360829
3891000.0,0.09857504479177809,0.6443147097914175,1615315.363481752,3891000.0,0.09857504495888877,0.6443147097659018,1615315.3633538147
