cur_n,cur_mean,cur_std,cur_S,next_n,next_mean,next_std,next_S
2751000.0,-0.10738163126033082,0.21769838416420637,130377.00537266025,2751000.0,-0.10738162428230609,0.217698387913841,130377.00986388457
2751000.0,-0.10950748103980325,0.20412888394889775,114630.32207237427,2751000.0,-0.1095074821449001,0.20412888336428375,114630.3214157843
2751000.0,-0.13458058369391665,0.29380237932296377,237465.87460164123,2751000.0,-0.13458067279744043,0.29380237567795636,237465.86870948423
2751000.0,0.020511642683295004,0.158913476216745,69472.35903197073,2751000.0,0.020511648177491192,0.158913475768862,69472.35864036785
2751000.0,0.023272260663435216,0.11998405548533232,39603.873493015795,2751000.0,0.023272264842175348,0.1199840548750053,39603.87309010702
2751000.0,0.04279258617293448,0.3077794129020573,260597.18743442782,2751000.0,0.04279261769564252,0.3077794129601303,260597.1875327687
