cur_n,cur_mean,cur_std,cur_S,next_n,next_mean,next_std,next_S
1341000.0,0.18626742086025083,1.5536255832186214,3236842.03924691,1341000.0,0.1862674578837048,1.5536255793714002,3236842.0232162164
1341000.0,0.03430116550160533,1.5755173351707135,3328703.7852608147,1341000.0,0.03430116533637643,1.575517335174349,3328703.785276177
1341000.0,0.04208418398223942,1.3975119511425986,2619026.175459353,1341000.0,0.04208417790279941,1.3975119513433654,2619026.176211852
1341000.0,0.007544038854331388,0.8405587056041129,947468.7152771617,1341000.0,0.007544150976586497,0.8405587146257647,947468.7356153792
1341000.0,0.003175232660659484,0.7361072010794775,726625.9611961045,1341000.0,0.003175222511198341,0.7361072012171297,726625.9614678631
1341000.0,-0.00023323895514851335,0.6688326803024075,599879.1238365137,1341000.0,-0.00023334867131997902,0.6688326923317781,599879.1454149102
