cur_n,cur_mean,cur_std,cur_S,next_n,next_mean,next_std,next_S
2401000.0,-0.015411176280060408,0.1595099649470068,61089.67283066621,2401000.0,-0.01541116015565681,0.15950996846166324,61089.67552277655
2401000.0,-0.022772982064778995,0.033948156084140625,2767.098000933131,2401000.0,-0.022773002611151547,0.03394815722979084,2767.0981876959386
2401000.0,-0.0001530588215551355,0.033322313017854176,2666.014084208509,2401000.0,-0.00015308514001107033,0.033322337851386004,2666.018057916471
2401000.0,0.10617471904882077,0.4564360136730029,500209.53682106175,2401000.0,0.10617477506459194,0.45643600889560737,500209.5263499389
2401000.0,3.2716061898711955e-05,0.09445865116895993,21422.77071036287,2401000.0,3.2717899072082976e-05,0.09445865121121835,21422.77072953089
2401000.0,0.0028494037893841066,0.08542073304055356,17519.38062127843,2401000.0,0.002849400922951496,0.0854207332516408,17519.380707864384
