cur_n,cur_mean,cur_std,cur_S,next_n,next_mean,next_std,next_S
1351000.0,-0.04289192976226979,0.129975367519896,22823.248414770176,1351000.0,-0.04289193866486943,0.1299753649939453,22823.24752767287
1351000.0,-0.04747592957502279,0.13429969628785124,24367.187779485277,1351000.0,-0.04747592960980163,0.13429969627556282,24367.187775026076
1351000.0,-0.05617756059546327,0.19118135965278737,49379.47188850808,1351000.0,-0.05617756496039636,0.19118135843749662,49379.471260722865
1351000.0,0.03344246615236834,0.159489131714359,34365.094015385206,1351000.0,0.03344247489221238,0.15948913020526503,34365.09336505681
1351000.0,0.032799317320664274,0.12111214556984028,19816.673087920277,1351000.0,0.03279932382686959,0.12111214404394262,19816.672588577872
1351000.0,0.05278992607706338,0.3433123547730894,159233.41684172873,1351000.0,0.05278992563712771,0.3433123548411463,159233.41690486035
