cur_n,cur_mean,cur_std,cur_S,next_n,next_mean,next_std,next_S
1562000.0,-0.008887218436593604,0.01663563627149879,432.2747436741809,1562000.0,-0.008887225517824612,0.016635634842630358,432.27466941628074
1562000.0,-0.014933217521950672,0.024239317676943598,917.7445424952007,1562000.0,-0.014933216538888107,0.02423931831372154,917.7445907143376
1562000.0,-0.004594545841400525,0.008628774583110501,116.29988275918102,1562000.0,-0.004594553964723431,0.008628776230379137,116.29992716343926
1562000.0,-0.0006228460818836456,0.05507528066330944,4737.993575702283,1562000.0,-0.000622821540780654,0.05507528948132169,4737.995092887061
1562000.0,-0.0009886961424409155,0.0648861111031216,6576.343980803334,1562000.0,-0.000988628258498063,0.06488616760427666,6576.35543383038
1562000.0,-0.0007016916072687126,0.04849375373545053,3673.268164415763,1562000.0,-0.0007016629962772663,0.048493767332942174,3673.270224361069
