cur_n,cur_mean,cur_std,cur_S,next_n,next_mean,next_std,next_S
1742000.0,-0.009488291700797517,0.018736464339701237,611.537977149945,1742000.0,-0.009488297528948217,0.018736462967315022,611.5378875635382
1742000.0,-0.01577720030503453,0.02748204520461884,1315.6678126312188,1742000.0,-0.01577721271585815,0.027482042961362408,1315.6675978451544
1742000.0,-0.004395152371421863,0.00919521237831536,147.28946324860846,1742000.0,-0.004395158429033743,0.00919521295871543,147.28948184237527
1742000.0,-0.0004548712093311428,0.051116664279572586,4551.695085436867,1742000.0,-0.0004548659593168068,0.05111666479594138,4551.695177397222
1742000.0,-0.0007110718724533223,0.06221417220797822,6742.590815378756,1742000.0,-0.0007110686035423223,0.06221417239494065,6742.590855903642
1742000.0,-0.0005156609119682849,0.0436082541202915,3312.726259365502,1742000.0,-0.0005156629634688256,0.043608254180091184,3312.7262684509365
