cur_n,cur_mean,cur_std,cur_S,next_n,next_mean,next_std,next_S
1481000.0,-0.07613975808244615,1.1613492135201202,1997472.0856965708,1481000.0,-0.07613982085095879,1.1613492119170963,1997472.0801823023
1481000.0,-0.09869060831364287,1.1367287511228261,1913677.4876249342,1481000.0,-0.09869064955389885,1.1367287486502515,1913677.4792997988
1481000.0,-0.1361390474925291,0.8953888424499821,1187349.0663713838,1481000.0,-0.13613906595547312,0.8953888399246761,1187349.0596739145
1481000.0,0.10782879952097858,1.2277569130221926,2232440.202498674,1481000.0,0.10782877915776873,1.2277569150606997,2232440.2099119416
1481000.0,0.1067089723583041,1.0991349278140794,1789192.530110016,1481000.0,0.10670890852347716,1.0991349367567822,1789192.559224216
1481000.0,0.09781551319187577,0.6850330286058175,694989.2406659519,1481000.0,0.09781549857602531,0.6850330309237257,694989.2453691448
