cur_n,cur_mean,cur_std,cur_S,next_n,next_mean,next_std,next_S
2042000.0,-0.009939139868483835,0.018144828172826567,672.2974399985002,2042000.0,-0.009939137934593051,0.01814482944259105,672.2975340924681
2042000.0,-0.01648902333517511,0.026833651843599305,1470.3316271200677,2042000.0,-0.01648902187258534,0.026833652823741012,1470.3317345324606
2042000.0,-0.004882402538887153,0.008792536638271935,157.86436649319356,2042000.0,-0.004882400563214729,0.008792538188595463,157.86442216333134
2042000.0,-0.0006241909303991705,0.05490238863834662,6155.143992076339,2042000.0,-0.0006242036826975783,0.054902391517567414,6155.144637659144
2042000.0,-0.0009932300318481824,0.06522349804840064,8686.88179264157,2042000.0,-0.0009932396329513172,0.06522349934518591,8686.882138069857
2042000.0,-0.0007077706199750817,0.047901406016783214,4685.460274101589,2042000.0,-0.0007077830837303557,0.047901409143743925,4685.460885826876
