cur_n,cur_mean,cur_std,cur_S,next_n,next_mean,next_std,next_S
3881000.0,-0.3091789621561235,1.3432035464844279,7002083.772846065,3881000.0,-0.309179469885159,1.3432038020375356,7002086.437229203
3881000.0,-0.3815083984806717,1.362341254948728,7203033.910043801,3881000.0,-0.3815088669524092,1.362341436362458,7203035.828402115
3881000.0,-0.15973183096077034,0.9742174045947842,3683455.359043158,3881000.0,-0.15973286111261334,0.9742193494716725,3683470.0659747194
3881000.0,0.09841466515859237,0.8581079802873666,2857771.6559373434,3881000.0,0.09841479847254703,0.8581080051882358,2857771.8217929252
3881000.0,0.09368429272385842,0.7684997065004582,2292086.771497098,3881000.0,0.09368446485340012,0.7684997603305402,2292087.0925986473
3881000.0,0.09271131992445314,0.6558684135798195,1669464.061990963,3881000.0,0.0927118296728862,0.6558691103147699,1669467.6089664057
