cur_n,cur_mean,cur_std,cur_S,next_n,next_mean,next_std,next_S
1622000.0,0.00021192678656855178,0.013852726150314425,311.2585913524715,1622000.0,0.00021192798479592923,0.01385272621603862,311.2585943060014
1622000.0,-0.007382934359289887,0.02000199153403157,648.9292171611572,1622000.0,-0.007382930799311525,0.020001993361911823,648.9293357658426
1622000.0,-0.005954067482012725,0.01372431991321685,305.51498438427996,1622000.0,-0.0059540742205941065,0.013724319673080123,305.51497369298625
1622000.0,-0.00019289288284822016,0.11368359660718011,20962.663343096454,1622000.0,-0.0001928752812103455,0.11368359884723386,20962.664169204963
1622000.0,-0.00015970305778553005,0.06896088011496775,7713.588043666609,1622000.0,-0.00015968673513912593,0.06896088328604841,7713.588753066209
1622000.0,-0.0007347625087422036,0.05951389714646155,5744.968212673677,1622000.0,-0.0007347542061638598,0.059513898188316004,5744.9684138173125
