cur_n,cur_mean,cur_std,cur_S,next_n,next_mean,next_std,next_S
1401000.0,-0.026758138609685383,0.09387033048343067,12345.10616204096,1401000.0,-0.026758131164240244,0.09387033301946632,12345.106829080896
1401000.0,-0.026994073203616537,0.09659941492895288,13073.357197427022,1401000.0,-0.02699407050698745,0.09659941573524337,13073.35741566693
1401000.0,-0.019289505368452045,0.09817615971460093,13503.620229165872,1401000.0,-0.0192894969430363,0.09817616187652271,13503.620823888074
1401000.0,0.03318876020113428,0.1440954764705543,29089.672381325767,1401000.0,0.033188768359928796,0.14409547491498093,29089.67175325443
1401000.0,0.03441912925511171,0.15142193950441818,32122.97387235483,1401000.0,0.03441913147822152,0.15142193902195464,32122.97366765314
1401000.0,0.04754896626095215,0.3281735786679092,150884.75472771903,1401000.0,0.047548966181337575,0.32817357867945285,150884.75473833393
