cur_n,cur_mean,cur_std,cur_S,next_n,next_mean,next_std,next_S
1411000.0,-0.07202852443237726,1.161727896935998,1904302.1178987843,1411000.0,-0.07202848942567017,1.1617278998506764,1904302.1274542543
1411000.0,-0.09333731370759245,1.1274751634895355,1793663.5446872,1411000.0,-0.0933373121678806,1.1274751636184484,1793663.5450973664
1411000.0,-0.1348463874712107,0.8906564021247326,1119302.3143971863,1411000.0,-0.1348463850003002,0.8906564025036606,1119302.3153495963
1411000.0,0.10742191982340972,1.2426134443108416,2178708.410666677,1411000.0,0.10742195385976179,1.2426134420261779,2178708.4026551493
1411000.0,0.10504211099000935,1.1099197141375468,1738241.6200537856,1411000.0,0.10504222290929584,1.109919711507485,1738241.6118159236
1411000.0,0.098857843380812,0.6895294000273597,670861.06963145,1411000.0,0.09885787185213152,0.6895293967748135,670861.0633024765
