cur_n,cur_mean,cur_std,cur_S,next_n,next_mean,next_std,next_S
121000.0,-0.101943464978122,1.1805644055484825,168641.61019341304,121000.0,-0.10194121132410133,1.1805648604322028,168641.7401521641
121000.0,-0.12130342448490262,1.1059535578965762,147999.1259391156,121000.0,-0.12130282921149065,1.1059536425716687,147999.14860162264
121000.0,-0.09933509741881744,0.8206632857549331,81492.07565891603,121000.0,-0.09933489513321046,0.8206633132566763,81492.08112077651
121000.0,0.11531167813494844,1.7084985516809854,353195.04343261896,121000.0,0.11531096773603615,1.7084986174986379,353195.0706453655
121000.0,0.07862228830604186,1.4837953940110693,266399.5013259042,121000.0,0.07862126935752463,1.4837954903356856,266399.5359140027
121000.0,0.09919911894420783,0.7847387917052756,74513.61151605376,121000.0,0.09919850409876692,0.7847388985727416,74513.63181091231
