cur_n,cur_mean,cur_std,cur_S,next_n,next_mean,next_std,next_S
1942000.0,-0.009735675746523719,0.017725607442609845,610.1708831848598,1942000.0,-0.009735669817430966,0.017725612624848824,610.1712399626805
1942000.0,-0.016184480830903358,0.026189292557314378,1331.9771047153536,1942000.0,-0.016184476026623488,0.026189296382027907,1331.9774937622294
1942000.0,-0.004818034443865072,0.00872647267649295,147.88587387548853,1942000.0,-0.004818028580344691,0.008726479739418503,147.8861132636993
1942000.0,-0.0006230704967710452,0.054830652561596395,5838.429693961825,1942000.0,-0.0006230687695966974,0.05483065263405048,5838.42970939181
1942000.0,-0.0009881153765189396,0.06505912712279857,8219.884022686061,1942000.0,-0.0009881121026435202,0.06505912733249154,8219.884075673306
1942000.0,-0.0007044568877636622,0.047969915948625735,4468.761127741579,1942000.0,-0.0007044535608649382,0.04796991622152321,4468.761178586515
