cur_n,cur_mean,cur_std,cur_S,next_n,next_mean,next_std,next_S
901000.0,-0.03290684397270293,0.15265824142170004,20997.38934524341,901000.0,-0.032906841528297724,0.15265824196624908,20997.389495043495
901000.0,-0.015143495991886627,0.033964848307884814,1039.4034394404412,901000.0,-0.015143467729013434,0.033964871504012645,1039.4048591519652
901000.0,-0.0066588901305579635,0.033119926750926544,988.3335227360527,901000.0,-0.006658849810559905,0.033119956970318526,988.3353262938913
901000.0,0.10498838733650057,0.4222045665695281,160609.28312497895,901000.0,0.10498834949506974,0.4222045775073858,160609.29144663934
901000.0,0.0011358067979422325,0.09818045455192873,8685.100892077031,901000.0,0.0011358142510079726,0.09818045472058892,8685.100921916594
901000.0,0.002042146430139409,0.08546117968065911,6580.555522401321,901000.0,0.002042145517706221,0.08546117970684988,6580.555526434727
