cur_n,cur_mean,cur_std,cur_S,next_n,next_mean,next_std,next_S
3182000.0,-0.005061331656293202,0.0321911747992555,3297.416660630699,3182000.0,-0.005061332187353672,0.032191174729698305,3297.4166463808906
3182000.0,-0.015149453049425457,0.053224845081289385,9014.237314156526,3182000.0,-0.015149455612899456,0.05322484454807898,9014.237133545943
3182000.0,-0.024524531231125343,0.0771185113467465,18924.19656922037,3182000.0,-0.02452453483413729,0.07711851046876002,18924.196138320232
3182000.0,-0.00032864132017188934,0.16518538156010035,86824.72111463822,3182000.0,-0.00032864137278601805,0.1651853815600234,86824.72111455732
3182000.0,-0.0005101650153454643,0.1389749958221618,61457.30539371578,3182000.0,-0.0005101641935492487,0.1389749958329056,61457.30540321799
3182000.0,-0.0004990102596700576,0.13915076807677473,61612.86316772591,3182000.0,-0.0004990091819061883,0.1391507680939193,61612.86318290837
