cur_n,cur_mean,cur_std,cur_S,next_n,next_mean,next_std,next_S
2582000.0,-0.01135693652622354,0.02051365766429559,1086.5318092827517,2582000.0,-0.011356932472844432,0.020513660942351724,1086.5321565355534
2582000.0,-0.018797717063068833,0.031154986076867938,2506.174812535474,2582000.0,-0.018797713581212083,0.031154988680053616,2506.1752313473226
2582000.0,-0.005158452321878966,0.009014925230299838,209.83624017618902,2582000.0,-0.005158448169046697,0.009014930076349119,209.83646577473985
2582000.0,-0.000625319232017202,0.055030970670035775,7819.348766312523,2582000.0,-0.0006253214293933172,0.055030970758338994,7819.348791406526
2582000.0,-0.001004826348791556,0.0663391272370445,11363.071650242917,2582000.0,-0.0010048279435107266,0.06633912726238039,11363.071658922367
2582000.0,-0.0007130338408471916,0.04748742804251694,5822.5541326447055,2582000.0,-0.0007130364697837369,0.0474874281909327,5822.554169039971
