cur_n,cur_mean,cur_std,cur_S,next_n,next_mean,next_std,next_S
4441000.0,-0.30315881660764865,1.335299050409372,7918407.603421343,4441000.0,-0.3031587857484725,1.335299058999146,7918407.705297146
4441000.0,-0.38351623159412723,1.3554099762611627,8158721.880846135,4441000.0,-0.3835161882935782,1.3554099915848363,8158722.065324035
4441000.0,-0.21068963945728836,0.9997669368992733,4438930.1747674,4441000.0,-0.21068964307559024,0.9997669361658692,4438930.1682548225
4441000.0,0.09636092877773149,0.8252540078516417,3024517.1921673524,4441000.0,0.09636087866097266,0.8252540204617261,3024517.284598088
4441000.0,0.08783646730701233,0.7329270493771212,2385625.5271661277,4441000.0,0.08783643697204062,0.7329270558004649,2385625.5689811837
4441000.0,0.09782024406589244,0.6413833883994147,1826905.9427122467,4441000.0,0.09782024195640494,0.6413833887365191,1826905.9446326522
