cur_n,cur_mean,cur_std,cur_S,next_n,next_mean,next_std,next_S
1331000.0,0.1887533270605372,1.5523448380101503,3207409.8543047877,1331000.0,0.18875336501990864,1.5523448340123265,3207409.837784412
1331000.0,0.028513359377152582,1.5718793555272914,3288641.0667910804,1331000.0,0.02851335509587131,1.571879355612737,3288641.0671486147
1331000.0,0.04353677835250991,1.3965293525333242,2595841.6234403914,1331000.0,0.04353677374115623,1.3965293526871805,2595841.6240123613
1331000.0,0.00667090626802048,0.8416515130431521,942850.145581818,1331000.0,0.0066710210722500845,0.8416515225546998,942850.1668922156
1331000.0,0.005012459666919145,0.7368796567350819,722721.8575468262,1331000.0,0.005012453795475487,0.7368796568061993,722721.857686328
1331000.0,-0.0007254283970340883,0.6700867920873125,597640.7071856505,1331000.0,-0.0007255416961733252,0.6700868047134697,597640.7297078243
