cur_n,cur_mean,cur_std,cur_S,next_n,next_mean,next_std,next_S
2882000.0,-0.012325275994454377,0.022206916469989253,1421.2500549008403,2882000.0,-0.012325278875518845,0.022206915409560095,1421.2499191652046
2882000.0,-0.020363659861450462,0.034163071139627486,3363.626668370178,2882000.0,-0.02036366634979728,0.03416306904782724,3363.626256461375
2882000.0,-0.005339072588152135,0.009170791674818707,242.38605627550731,2882000.0,-0.005339076564792988,0.009170791844478962,242.3860652438236
2882000.0,-0.0006284070504297784,0.055144287393910085,8763.851989548959,2882000.0,-0.0006284033016582124,0.05514428780385976,8763.852119852148
2882000.0,-0.0010106423855715542,0.06699284861905057,12934.536369885862,2882000.0,-0.001010639183932044,0.0669928488878353,12934.536473676222
2882000.0,-0.0007165225484026837,0.04725533171740051,6435.6972948295315,2882000.0,-0.0007165212739526358,0.047255331786250805,6435.697313582957
