cur_n,cur_mean,cur_std,cur_S,next_n,next_mean,next_std,next_S
3262000.0,-0.013384841764250721,0.023852399548875906,1855.872377348321,3262000.0,-0.013384840364707079,0.023852400468168874,1855.8725204023108
3262000.0,-0.02215228051017949,0.03748380863132067,4583.227136819892,3262000.0,-0.0221522787570202,0.03748380980114604,4583.2274228941
3262000.0,-0.005573580510590032,0.009364518936526125,286.05852904475887,3262000.0,-0.005573579015953989,0.009364520215184037,286.05860716324617
3262000.0,-0.0006544939157836508,0.05543197158880785,10023.158732913473,3262000.0,-0.0006544943565357007,0.05543197158931601,10023.158733097242
3262000.0,-0.0010424769015578844,0.06800307480288896,15084.852111795533,3262000.0,-0.001042477571581164,0.0680030748033839,15084.85211201511
3262000.0,-0.0007359663328951121,0.04715284538780252,7252.700881477522,3262000.0,-0.000735966882106172,0.0471528453896629,7252.700882049822
