cur_n,cur_mean,cur_std,cur_S,next_n,next_mean,next_std,next_S
741000.0,0.16137421586223372,1.4260584620103745,1506929.2681699032,741000.0,0.16137429546782697,1.426058454648552,1506929.2526112907
741000.0,-0.006370556821372391,1.4279929992048952,1511020.52828164,741000.0,-0.006370558847420182,1.4279929991969185,1511020.528264759
741000.0,0.037200574835213655,1.266159046927815,1187940.6204988104,741000.0,0.03720056562239565,1.2661590472232769,1187940.6210532289
741000.0,0.012008133579213083,0.9173603047260422,623588.4971571093,741000.0,0.01200835678705411,0.9173603219260341,623588.5205409796
741000.0,0.016438394994484535,0.8001238410716502,474386.83733897726,741000.0,0.016438380104176187,0.8001238414802425,474386.8378234793
741000.0,0.006550037369059591,0.7326218413776944,397720.45898555993,741000.0,0.0065498520727647735,0.732621860397989,397720.47963676084
