cur_n,cur_mean,cur_std,cur_S,next_n,next_mean,next_std,next_S
1121000.0,0.1928219310715382,1.5014244794057963,2527042.798909401,1121000.0,0.19282197554925015,1.501424474432214,2527042.78216736
1121000.0,0.011381545618458392,1.517783429791278,2582410.1910586013,1121000.0,0.011381542388436975,1.5177834298193595,2582410.1911541587
1121000.0,0.03978559210841226,1.3533865083281746,2053285.3008766205,1121000.0,0.039785588037424706,1.3533865084546675,2053285.3012604367
1121000.0,0.0038528905951755225,0.867152533255144,842939.8913584419,1121000.0,0.0038530168301682266,0.8671525429942646,842939.9102928118
1121000.0,0.010259573071024155,0.7575733462238649,643361.3772727916,1121000.0,0.010259564950384594,0.7575733463826732,643361.3775425241
1121000.0,0.0016842560169788843,0.6915542405802116,536115.1870518745,1121000.0,0.0016841403820751892,0.6915542516992604,536115.2042915663
