cur_n,cur_mean,cur_std,cur_S,next_n,next_mean,next_std,next_S
3831000.0,-0.30313486517112714,1.3314880427767863,6791828.2232685005,3831000.0,-0.3031347901366895,1.3314880679593013,6791828.480177031
3831000.0,-0.3759448234935937,1.343485596755411,6914777.045028488,3831000.0,-0.3759448079402849,1.3434856014526095,6914777.093380449
3831000.0,-0.2040260366089772,0.9941237870112933,3786108.740047318,3831000.0,-0.20402601686811292,0.9941237918136446,3786108.776626715
3831000.0,0.09784507092910126,0.8290754479580982,2633299.522996915,3831000.0,0.09784497956706795,0.8290754780254037,2633299.713995751
3831000.0,0.08742721140270045,0.7357651761606726,2073913.3611408065,3831000.0,0.08742720107176165,0.7357651776661028,2073913.3696275682
3831000.0,0.09798724766136856,0.6446557274767094,1592090.837696421,3831000.0,0.09798720139517764,0.644655740869471,1592090.9038479875
