cur_n,cur_mean,cur_std,cur_S,next_n,next_mean,next_std,next_S
1901000.0,-0.02746319150418442,0.095218890332999,17235.677081946862,1901000.0,-0.02746319225548652,0.09521889012193806,17235.67700553811
1901000.0,-0.024406068636316364,0.0912692748970593,15835.483106986694,1901000.0,-0.024406080747954004,0.09126927318600003,15835.482513239236
1901000.0,0.0061632438032060135,0.14431896481616235,39593.95881426215,1901000.0,0.0061632491728393505,0.14431896477674386,39593.95879263319
1901000.0,0.03362655269005898,0.14319788124646288,38981.20870079804,1901000.0,0.03362655101790386,0.14319788165767972,38981.20892468025
1901000.0,0.033097365183559276,0.14956752916082444,42526.217426400006,1901000.0,0.03309734173613512,0.14956753784328888,42526.22236373345
1901000.0,0.0517638928007506,0.3796617292128582,274015.8974235344,1901000.0,0.05176390317099653,0.37966172806818127,274015.8957712232
