cur_n,cur_mean,cur_std,cur_S,next_n,next_mean,next_std,next_S
742000.0,-0.007912113003363338,0.016450252328101725,200.7932148303965,742000.0,-0.007912113129597637,0.016450252267745876,200.79321335697895
742000.0,-0.013222084707748999,0.02300145966453409,392.567822850798,742000.0,-0.013222084827149677,0.02300145959612819,392.5678205158197
742000.0,-0.004019748269615265,0.008974528593601152,59.76228530020457,742000.0,-0.00401974835516176,0.008974528555586803,59.762284793921864
742000.0,-0.0004479995436517343,0.05157274572943641,1973.5330917382414,742000.0,-0.0004479973183708718,0.05157274578438964,1973.5330959440294
742000.0,-0.0006893572351470721,0.061376100968036966,2795.133121368692,742000.0,-0.0006893550012734004,0.061376101023292086,2795.133126401446
742000.0,-0.0005046232410475794,0.04451638030197476,1470.4274214710142,742000.0,-0.0005046210084110782,0.04451638036882563,1470.4274258873372
