cur_n,cur_mean,cur_std,cur_S,next_n,next_mean,next_std,next_S
1301000.0,-0.026079077662278596,0.09302108666870708,11257.452257100274,1301000.0,-0.0260790767182828,0.09302108693959774,11257.452322666884
1301000.0,-0.026766505017862933,0.0968564490590271,12204.904413345408,1301000.0,-0.026766499401291687,0.09685645082304863,12204.904857914964
1301000.0,-0.020583360231330863,0.09917302507833092,12795.710863046617,1301000.0,-0.020583323545349627,0.09917304152033359,12795.715105876347
1301000.0,0.03340448614394122,0.14515555540967326,27412.24598144423,1301000.0,0.03340448467051801,0.14515555575847952,27412.24611318653
1301000.0,0.03434513007138496,0.15236827560749572,30204.13492649391,1301000.0,0.03434513147172161,0.1523682753002199,30204.134804670648
1301000.0,0.0476038269089901,0.32525187696085894,137631.2072899968,1301000.0,0.04760384810807291,0.32525187475695994,137631.2054248252
