cur_n,cur_mean,cur_std,cur_S,next_n,next_mean,next_std,next_S
851000.0,-0.022671601399642815,0.08181203615718798,5695.921080417462,851000.0,-0.022671609568283086,0.08181203424055103,5695.920813537107
851000.0,-0.020796355393012386,0.07923288866260983,5342.450899594118,851000.0,-0.02079635229834807,0.07923288952630056,5342.451016066594
851000.0,-0.005742876994697693,0.08613881492499942,6314.331016617491,851000.0,-0.005742885761523677,0.08613881472016628,6314.330986587261
851000.0,0.03268419006793536,0.1361284323844312,15769.838538029699,851000.0,0.03268417971276904,0.13612843520586007,15769.839191728235
851000.0,0.03323078525458382,0.1415359701806358,17047.598657582726,851000.0,0.03323078685852848,0.1415359698117855,17047.598568728823
851000.0,0.048505904328523634,0.343934858499642,100665.80004438461,851000.0,0.0485059225747186,0.3439348563382208,100665.7987791381
