cur_n,cur_mean,cur_std,cur_S,next_n,next_mean,next_std,next_S
1911000.0,-0.3309877440571444,1.3429881045013086,3446712.180317986,1911000.0,-0.3309876949551472,1.3429881183181953,3446712.251238692
1911000.0,-0.37293992156874095,1.3283444599643484,3371957.5972516523,1911000.0,-0.3729399500636385,1.3283444525483568,3371957.5596011635
1911000.0,-0.19357605802051872,0.9948249213487491,1891272.028724937,1911000.0,-0.19357605445094425,0.9948249220555722,1891272.0314124345
1911000.0,0.10141815294503119,0.8302497427211665,1317280.2680364442,1911000.0,0.10141811915141703,0.8302497481634807,1317280.285306075
1911000.0,0.09432003258992719,0.7515761777773106,1079460.3611654937,1911000.0,0.09431997800712048,0.7515761884149288,1079460.3917223092
1911000.0,0.09904226726848869,0.6526737697523208,814053.6080200904,1911000.0,0.09904226513729038,0.6526737700823624,814053.6088433854
