cur_n,cur_mean,cur_std,cur_S,next_n,next_mean,next_std,next_S
1051000.0,-0.026051289376115373,0.09387587327934936,9262.126242742444,1051000.0,-0.026051287123788007,0.09387587393278765,9262.126371683516
1051000.0,-0.027048122113581884,0.09789920138914525,10073.050567896671,1051000.0,-0.02704811245302448,0.09789920455917037,10073.051220237518
1051000.0,-0.023447800706026072,0.10423042413378933,11418.044362180204,1051000.0,-0.02344780060362654,0.1042304241568799,11418.04436723917
1051000.0,0.0334078601149962,0.14442429431298676,21922.154003982232,1051000.0,0.033407859153582485,0.14442429453874078,21922.154072516612
1051000.0,0.03378557912937868,0.1510815009358586,23989.726541208467,1051000.0,0.03378558747315739,0.15108149931213302,23989.72602555656
1051000.0,0.04749820394810865,0.31150804291924317,101986.16110434926,1051000.0,0.04749820426451397,0.31150804287116374,101986.16107286734
