cur_n,cur_mean,cur_std,cur_S,next_n,next_mean,next_std,next_S
1062000.0,-0.008196645268941628,0.016834525595288946,300.9721296435818,1062000.0,-0.008196641153271856,0.016834528133474472,300.9722204003016
1062000.0,-0.013696666445538852,0.023916240251307484,607.4497137192725,1062000.0,-0.013696662662050576,0.02391624273590872,607.4498399322867
1062000.0,-0.004077316686283468,0.00897409895033456,85.52758799256041,1062000.0,-0.0040773126632626154,0.00897410173581666,85.5276410866044
1062000.0,-0.00043530827461798707,0.051003388307519736,2762.6290472161945,1062000.0,-0.00043530513680599425,0.051003388436806706,2762.629061222007
1062000.0,-0.000682074232258425,0.061169106294087394,3973.6424578360384,1062000.0,-0.00068207115593511,0.061169106410543767,3973.6424729664204
1062000.0,-0.00049268324473497,0.04391619029442352,2048.2069397145315,1062000.0,-0.0004926796149898017,0.04391619049444618,2048.2069583722428
