cur_n,cur_mean,cur_std,cur_S,next_n,next_mean,next_std,next_S
3382000.0,-0.01359072621152773,0.024115021125320976,1966.7488127841573,3382000.0,-0.013590725472858285,0.02411502157988009,1966.7488869291149
3382000.0,-0.02252451519964735,0.03808796186578114,4906.2431817996685,3382000.0,-0.022524514475331534,0.038087962317421856,4906.243298154501
3382000.0,-0.005617805809789349,0.009394161311334468,298.4624021260886,3382000.0,-0.005617805040298822,0.009394161878081382,298.46243813838277
3382000.0,-0.0006536287083282673,0.055324778719130906,10351.730916564944,3382000.0,-0.0006536278063411651,0.05532477875465199,10351.730929857533
3382000.0,-0.001039002289715073,0.06802782493904763,15651.168754801336,3382000.0,-0.0010390014388391826,0.06802782497003823,15651.168769061362
3382000.0,-0.0007358466105220498,0.04698782274985381,7466.96725626182,3382000.0,-0.0007358457168881289,0.04698782279258688,7466.967269843483
