cur_n,cur_mean,cur_std,cur_S,next_n,next_mean,next_std,next_S
3622000.0,-0.004487534832884417,0.030905095864513614,3459.4625703298802,3622000.0,-0.004487536095025,0.030905095774595215,3459.4625501992628
3622000.0,-0.014402239137044224,0.0505629240227737,9260.038832924149,3622000.0,-0.014402242790805169,0.05056292346019822,9260.038626865231
3622000.0,-0.02172844383241556,0.07279812952013766,19195.03407042653,3622000.0,-0.021728444167258942,0.07279812942297212,19195.03401918632
3622000.0,-0.00030628070274749033,0.16371618989757614,97080.4328028459,3622000.0,-0.00030628046273984387,0.16371618989866116,97080.43280413268
3622000.0,-0.0004872003304394387,0.13313294154065913,64197.70480647873,3622000.0,-0.0004871990131606025,0.1331329415690783,64197.7048338866
3622000.0,-0.0005321198540138,0.13279262559396782,63869.91847477006,3622000.0,-0.0005321199440201114,0.13279262559371566,63869.91847452748
