cur_n,cur_mean,cur_std,cur_S,next_n,next_mean,next_std,next_S
131000.0,-0.25899046701162676,1.2744056646849091,212758.38356170902,131000.0,-0.25899011641699,1.2744057422517676,212758.4094608405
131000.0,-0.35493787953684386,1.2079411622026466,191144.96252599594,131000.0,-0.35493770320150775,1.2079412157025533,191144.97945767807
131000.0,-0.18680363703467945,0.9545832077720315,119371.01217340474,131000.0,-0.1868037039905447,0.9545831949769528,119371.00897334532
131000.0,0.09355881842310552,0.7979857497981534,83418.34465140066,131000.0,0.09355912400329157,0.797985721635464,83418.33876336346
131000.0,0.09994220285942754,0.7202362816463194,67954.97948336283,131000.0,0.09994338575731336,0.7202362447536775,67954.9725216512
131000.0,0.08655097376640522,0.6324935699475467,52406.30319927397,131000.0,0.0865509963637041,0.6324935669081935,52406.30269561268
