cur_n,cur_mean,cur_std,cur_S,next_n,next_mean,next_std,next_S
2342000.0,-0.011026933063149837,0.02117642526304842,1050.248791370095,2342000.0,-0.011026936650161794,0.021176424106720316,1050.2486766734792
2342000.0,-0.018408841753662877,0.03221888437408592,2431.1283471477013,2342000.0,-0.018408848054964143,0.032218882216856204,2431.1280215931556
2342000.0,-0.004746393847982551,0.00947856399674765,210.41271688151232,2342000.0,-0.004746398507156659,0.009478564345499691,210.41273236526408
2342000.0,-0.0004544058559155076,0.051610553115844476,6238.266409826612,2342000.0,-0.0004544015723882924,0.051610553569871064,6238.266519584739
2342000.0,-0.00071069453783572,0.06383524339918607,9543.505498209655,2342000.0,-0.0007106897326922045,0.06383524387623546,9543.505640849466
2342000.0,-0.0005198455679080638,0.043484600394592364,4428.51232420003,2342000.0,-0.0005198420894686183,0.0434846007620042,4428.5123990351585
