cur_n,cur_mean,cur_std,cur_S,next_n,next_mean,next_std,next_S
2922000.0,-0.005426792583028257,0.033042365675734015,3190.2335498497596,2922000.0,-0.005426793616766344,0.03304236555320663,3190.233526189773
2922000.0,-0.015593509698825106,0.055029392107578685,8848.499735522018,2922000.0,-0.015593513959544333,0.05502939138220446,8848.49950224764
2922000.0,-0.026503746488943387,0.08009036582507105,18743.071691537614,2922000.0,-0.02650375134320878,0.08009036464852383,18743.07114085693
2922000.0,-0.0003469353153997661,0.16599410628212413,80512.91458221208,2922000.0,-0.00034693548040340644,0.1659941062820232,80512.91458211417
2922000.0,-0.0005242137605740044,0.14305870352587277,59801.04613645942,2922000.0,-0.0005242120579450654,0.14305870356171208,59801.046166422326
2922000.0,-0.00048633846982810075,0.1436682791842418,60311.758524670346,2922000.0,-0.00048633684006557155,0.14366827921676992,60311.758551980885
