cur_n,cur_mean,cur_std,cur_S,next_n,next_mean,next_std,next_S
2782000.0,-0.012520290551147603,0.023498602696337925,1536.176802388706,2782000.0,-0.012520288589179026,0.023498603969554267,1536.1769688569411
2782000.0,-0.020985947861214372,0.036828403825664394,3773.3137554591613,2782000.0,-0.02098594611384541,0.03682840493668955,3773.313983122927
2782000.0,-0.005119064007172844,0.009767744870642513,265.42739248485344,2782000.0,-0.005119063108941664,0.009767745456283153,265.4274243130952
2782000.0,-0.0004647513348428867,0.0518779230977473,7487.249193531349,2782000.0,-0.00046473907616621275,0.0518779272368824,7487.250388287626
2782000.0,-0.0007190457914153898,0.06507168079324077,11779.88836997814,2782000.0,-0.000719033878386822,0.06507168395862756,11779.889516034413
2782000.0,-0.0005300676797975741,0.043218608849360796,5196.3535557316,2782000.0,-0.0005300569457789003,0.043218612689361974,5196.3544791303475
