cur_n,cur_mean,cur_std,cur_S,next_n,next_mean,next_std,next_S
1602000.0,-0.009145913274432765,0.01827617178382866,535.0975650253678,1602000.0,-0.00914591918366677,0.018276170357096014,535.0974814803952
1602000.0,-0.01521630425790699,0.026500208789138564,1125.0222275204349,1602000.0,-0.015216311826065363,0.02650020617479911,1125.0220055455911
1602000.0,-0.004305923066237365,0.009134652837473953,133.67389570279585,1602000.0,-0.004305928992825329,0.009134653123771585,133.67390408199122
1602000.0,-0.00045452346446382073,0.0511118365451573,4185.096575700241,1602000.0,-0.0004545210471246289,0.05111183665823047,4185.096594217367
1602000.0,-0.0007037956162743218,0.06192355683086203,6142.912078717169,1602000.0,-0.0007037936781803543,0.06192355690147741,6142.912092727478
1602000.0,-0.0005134798521063973,0.04368159738890339,3056.7472846148953,1602000.0,-0.0005134788987811767,0.04368159741677326,3056.7472885154452
