cur_n,cur_mean,cur_std,cur_S,next_n,next_mean,next_std,next_S
5601000.0,-0.30986347191768365,1.3418534530737194,10084996.432034368,5601000.0,-0.30986346597510994,1.3418534545197278,10084996.45376996
5601000.0,-0.3920646185685226,1.3638518703456641,10418374.867698297,5601000.0,-0.39206461726860425,1.3638518707228628,10418374.873461088
5601000.0,-0.21935621328419405,1.0043720252867587,5650082.488165482,5601000.0,-0.21935621370280223,1.0043720251958568,5650082.487142745
5601000.0,0.09662941979767625,0.8212756730674147,3777839.388296248,5601000.0,0.09662940892063207,0.8212756747506558,3777839.403781949
5601000.0,0.08669095420987459,0.7281593735892017,2969740.2268099305,5601000.0,0.08669095821112893,0.7281593731744482,2969740.223426852
5601000.0,0.09603867501002479,0.6362261938439957,2267193.8942757514,5601000.0,0.09603867503343227,0.6362261938404515,2267193.8942504926
