cur_n,cur_mean,cur_std,cur_S,next_n,next_mean,next_std,next_S
921000.0,-0.01662853787152358,1.1609213000560399,1241266.9419948251,921000.0,-0.01662861043081909,1.160921301105169,1241266.9442383004
921000.0,-0.0834514287290725,1.1164614682435223,1148013.7994767553,921000.0,-0.08345150621703258,1.1164614649281133,1148013.792658544
921000.0,-0.12188349585024273,0.8415931439014527,652324.9772928387,921000.0,-0.12188352260029088,0.841593140418928,652324.9718941781
921000.0,0.10271005049958903,1.388444330715126,1775483.2243948714,921000.0,0.10271005848176903,1.3884443301457807,1775483.2229387627
921000.0,0.10831261633490062,1.2266070240839746,1385704.173001105,921000.0,0.10831262234296037,1.2266070235670317,1385704.171833119
921000.0,0.09838525308578303,0.7218183252109901,479860.98073617724,921000.0,0.09838524651911705,0.72181832613354,479860.9819627898
