cur_n,cur_mean,cur_std,cur_S,next_n,next_mean,next_std,next_S
2442000.0,-0.006232314104588544,0.03451873289878121,2909.747812929131,2442000.0,-0.006232315779520809,0.0345187326956077,2909.7477786762124
2442000.0,-0.015778995554112614,0.05830091130520726,8300.348864521085,2442000.0,-0.01577900226012987,0.058300910432062585,8300.348615900431
2442000.0,-0.030452580651880085,0.08665720302019977,18338.127779763825,2442000.0,-0.0304525877516191,0.0866572012354672,18338.12702440472
2442000.0,-0.0003746225245597347,0.16413940249528955,65791.73750858904,2442000.0,-0.00037462367969769763,0.16413940250258185,65791.73751443496
2442000.0,-0.0005111009440197184,0.15005968845627699,54988.73646321077,2442000.0,-0.0005110984534264038,0.1500596885152347,54988.73650642039
2442000.0,-0.00045543768681095744,0.15247537297211783,56773.42152441289,2442000.0,-0.00045543410474777984,0.1524753730855715,56773.421608900666
