cur_n,cur_mean,cur_std,cur_S,next_n,next_mean,next_std,next_S
391000.0,-0.0288549174436288,1.137016608099956,505487.4459341955,391000.0,-0.028854818213086206,1.1370166123112482,505487.4496786532
391000.0,-0.11881723024383822,1.0878007499138207,462674.3943616107,391000.0,-0.1188167138681038,1.0878008542372182,462674.4831053756
391000.0,-0.1019197021618156,0.8097540912845236,256379.36014564155,391000.0,-0.10191959036836393,0.8097541083727546,256379.37096638296
391000.0,0.09237325357797704,1.4662984149993932,840662.1373554254,391000.0,0.09237409315292579,1.466298456089645,840662.1844713729
391000.0,0.10345853235960169,1.3153395524263278,676476.1920272431,391000.0,0.10345911667473055,1.3153395572128246,676476.1969506124
391000.0,0.09485511320920154,0.7595734601561667,225588.1699770822,391000.0,0.0948550555366571,0.7595734682143552,225588.174763537
