cur_n,cur_mean,cur_std,cur_S,next_n,next_mean,next_std,next_S
161000.0,-0.07211479151596484,1.1456701080430813,211322.15943061476,161000.0,-0.07211652618961721,1.1456702102844105,211322.19714803324
161000.0,-0.10700207180716127,1.1109816603604035,198719.12019480258,161000.0,-0.107003146048893,1.1109816405130457,198719.11309468639
161000.0,-0.09544590879617292,0.8196510766850204,108164.28988925702,161000.0,-0.09544591233480118,0.8196510762741943,108164.28978082867
161000.0,0.09379447767556766,1.6151985573066399,420027.48710359755,161000.0,0.09378958700784341,1.6152000333817296,420028.2548016508
161000.0,0.08260779134130275,1.4478869808077084,337516.6501799863,161000.0,0.08260931681681695,1.4478870231537286,337516.6699225316
161000.0,0.09241395568853822,0.7891960543866302,100275.69637376741,161000.0,0.09241392954728085,0.7891960575174474,100275.69716937421
