cur_n,cur_mean,cur_std,cur_S,next_n,next_mean,next_std,next_S
1501000.0,-0.027148937828945396,0.09450183809790885,13404.82670322895,1501000.0,-0.027148938451620516,0.09450183792210592,13404.826653354621
1501000.0,-0.026892469505430946,0.09614018098625242,13873.644534504127,1501000.0,-0.026892487054909552,0.09614017848150833,13873.643811602871
1501000.0,-0.01816399969173684,0.09734410664198419,14223.288521986911,1501000.0,-0.018164022255068697,0.09734410635683256,14223.288438657904
1501000.0,0.03310635118046917,0.14410355003590494,31169.51553255879,1501000.0,0.03310636842211509,0.14410354762303101,31169.514488752295
1501000.0,0.03449142981365905,0.15196687290310493,34663.98962038262,1501000.0,0.03449143556324228,0.15196687176140133,34663.98909953224
1501000.0,0.047627258292660145,0.33328277520129357,166727.18977705986,1501000.0,0.047627253669051635,0.33328277591016,166727.19048629125
