cur_n,cur_mean,cur_std,cur_S,next_n,next_mean,next_std,next_S
1562000.0,-0.007706522774800301,0.03810610592497311,2268.1416322913533,1562000.0,-0.007706530647992253,0.03810610560316197,2268.1415939818366
1562000.0,-0.014497999465713963,0.060890478481088785,5791.349877402573,1562000.0,-0.01449798738288515,0.060890483230576574,5791.350780858984
1562000.0,-0.03199798745658795,0.0899945741225188,12650.674506272891,1562000.0,-0.03199804578537255,0.08999458290915112,12650.67697657362
1562000.0,-0.00041633590407935293,0.1541283590948472,37106.170782696005,1562000.0,-0.0004163386058511846,0.15412835912454034,37106.17079699316
1562000.0,-0.0004855030798178092,0.15632594337716305,38171.8444946511,1562000.0,-0.0004855100610355061,0.1563259435989697,38171.84460297309
1562000.0,-0.00042914501165628393,0.1601148410454265,40044.62274852943,1562000.0,-0.00042900336168659567,0.16011493929562637,40044.671893172985
