cur_n,cur_mean,cur_std,cur_S,next_n,next_mean,next_std,next_S
3902000.0,-0.015011158454512301,0.027236975946251244,2894.7098546344014,3902000.0,-0.015011156410079081,0.02723697737239702,2894.7101577721905
3902000.0,-0.025410091265426215,0.04463835000531938,7775.056100252239,3902000.0,-0.025410089595658027,0.04463835107768119,7775.056473817721
3902000.0,-0.005744322807066593,0.010288643874014717,413.05086417410473,3902000.0,-0.0057443206410552165,0.010288645972988212,413.0510327061125
3902000.0,-0.0005036637725364304,0.052444707364135194,10732.245483649147,3902000.0,-0.0005036629231368335,0.0524447073991296,10732.245497971602
3902000.0,-0.0007414831659212295,0.0676186315002353,17841.03392991392,3902000.0,-0.0007414819719507085,0.06761863155445587,17841.033958525888
3902000.0,-0.0005723174346645229,0.042851032479066214,7164.895261604796,3902000.0,-0.00057231640849002,0.04285103254071478,7164.895282220659
