cur_n,cur_mean,cur_std,cur_S,next_n,next_mean,next_std,next_S
622000.0,0.00029558133795737996,0.013840147338395819,119.14389993277003,622000.0,0.00029561014348310183,0.013840165368541955,119.1442103605818
622000.0,-0.007347093304286806,0.020188555054718654,253.51336373278662,622000.0,-0.007347066120635034,0.02018857633083124,253.5138980733272
622000.0,-0.005892728372085122,0.014540812415016204,131.5127103783648,622000.0,-0.005892715958011511,0.014540820741966375,131.51286100269974
622000.0,-0.00019101856131793863,0.11413338396459127,8102.439046499886,622000.0,-0.00019101462278796357,0.11413338401345084,8102.439053437063
622000.0,-0.00014987975075667016,0.06927649059350192,2985.1223966478706,622000.0,-0.00014988779903821585,0.06927649086688145,2985.122420207706
622000.0,-0.0007594991576890281,0.059745944833845384,2220.277468783293,622000.0,-0.0007595028830201107,0.059745944858728126,2220.277470632677
