cur_n,cur_mean,cur_std,cur_S,next_n,next_mean,next_std,next_S
861000.0,-0.369337399026976,1.3815001829851512,1643255.3125612733,861000.0,-0.36933726176209425,1.3815002255536446,1643255.413829308
861000.0,-0.42149812964015565,1.3544795266826268,1579603.3326422605,861000.0,-0.4214982276716332,1.3544794992307851,1579603.268613208
861000.0,-0.23072443377090557,1.0567675866897492,961528.4074914239,861000.0,-0.23072440878865383,1.0567675923983728,961528.4178797135
861000.0,0.09696871973336109,0.7935012302655229,542123.6582947256,861000.0,0.09696838241178016,0.7935013332198378,542123.7989724494
861000.0,0.09070830992906648,0.7296063953429803,458332.24871994986,861000.0,0.09070824440462925,0.7296064060226325,458332.26213767496
861000.0,0.0905313785345831,0.619811082263512,330766.7345968294,861000.0,0.09053130763746581,0.6198110961101051,330766.74937550176
