cur_n,cur_mean,cur_std,cur_S,next_n,next_mean,next_std,next_S
3091000.0,-0.32045813151154157,1.3551531576978153,5676436.289809551,3091000.0,-0.3204594071637196,1.3551547118979674,5676449.310217101
3091000.0,-0.3901402776018382,1.3703177632053478,5804189.45673453,3091000.0,-0.39014084291695866,1.3703179626921904,5804191.146648421
3091000.0,-0.1683782902840781,0.9883688301615476,3019514.271248295,3091000.0,-0.1683790324530547,0.988369565027387,3019518.761350869
3091000.0,0.10091710339975318,0.8527569411784222,2247757.892650183,3091000.0,0.10091743358801483,0.8527570996940366,2247758.7283039065
3091000.0,0.09423318675162579,0.7696061137355834,1830779.425794789,3091000.0,0.09423338935650191,0.7696061713607615,1830779.6999583968
3091000.0,0.09228250901262489,0.6532908669044896,1319204.665409513,3091000.0,0.09228314354611165,0.6532917297850382,1319208.1502792852
