cur_n,cur_mean,cur_std,cur_S,next_n,next_mean,next_std,next_S
2621000.0,-0.33269894040230164,1.365569505570863,4887588.575382579,2621000.0,-0.33269856381951884,1.3655697334146848,4887590.206360642
2621000.0,-0.3956957791285166,1.374210159348606,4949636.786151191,2621000.0,-0.3956957604118133,1.3742101650720606,4949636.827380722
2621000.0,-0.17700564507180266,1.004106611523656,2642571.058827764,2621000.0,-0.17700542449577558,1.004106713907146,2642571.5977260405
2621000.0,0.10280177960513764,0.8487124162411561,1887939.7583280639,2621000.0,0.10280149448170178,0.8487125763056279,1887940.4704470404
2621000.0,0.09451829288721032,0.7690180906590747,1550030.1070773941,2621000.0,0.09451839631052662,0.7690180961754819,1550030.1293150957
2621000.0,0.09297377224830443,0.6535096332173312,1119363.157495277,2621000.0,0.09297346386414916,0.6535098677986321,1119363.9610999965
