cur_n,cur_mean,cur_std,cur_S,next_n,next_mean,next_std,next_S
4281000.0,-0.3023192956341066,1.3328857603857376,7605558.031473441,4281000.0,-0.30231928378969364,1.3328857632976288,7605558.064704432
4281000.0,-0.38501144235824214,1.3554307203247158,7865020.825365506,4281000.0,-0.3850114346607197,1.3554307226048319,7865020.851826705
4281000.0,-0.20912609689619188,0.9999047920745436,4280184.868547577,4281000.0,-0.20912610067624846,0.9999047913145753,4280184.862041349
4281000.0,0.09622897084448426,0.824753659551245,2912015.822075715,4281000.0,0.09622896742792292,0.8247536599802131,2912015.825104891
4281000.0,0.08894210567118781,0.7341696199409822,2307480.537044389,4281000.0,0.08894212276994948,0.7341696187219422,2307480.5293815527
4281000.0,0.09747952793684513,0.6421136239192887,1765098.7076834433,4281000.0,0.09747952986920534,0.6421136236383502,1765098.706138906
