cur_n,cur_mean,cur_std,cur_S,next_n,next_mean,next_std,next_S
1451000.0,-0.02446368545420718,0.0862367187643844,10790.755683372165,1451000.0,-0.024463671804785217,0.08623672420383523,10790.757044643502
1451000.0,-0.02187402365719016,0.08163948762595552,9670.923618691217,1451000.0,-0.02187402527638735,0.08163948721541407,9670.923521426645
1451000.0,-0.00015384761796549592,0.1064076954101311,16429.08917926059,1451000.0,-0.0001538282281499024,0.10640769800153785,16429.089979474385
1451000.0,0.03386090296040839,0.1401490357299139,28500.182465451817,1451000.0,0.03386089090230207,0.1401490393958959,28500.183956452547
1451000.0,0.033222011053500276,0.14461821211133433,30346.83397497866,1451000.0,0.0332220191739915,0.14461821057668528,30346.833330914003
1451000.0,0.050154776559127034,0.3586855064885935,186678.8295117843,1451000.0,0.050154759882133304,0.3586855093830729,186678.83252466342
