cur_n,cur_mean,cur_std,cur_S,next_n,next_mean,next_std,next_S
2211000.0,-0.3405337107333502,1.3627777218342318,4106187.656391342,2211000.0,-0.34053368512245374,1.3627777287660003,4106187.698163587
2211000.0,-0.4004165108733068,1.375586145553546,4183736.546127723,2211000.0,-0.4004165106800101,1.3755861456098706,4183736.5464703366
2211000.0,-0.1886059848258108,1.010791779395717,2258978.747080945,2211000.0,-0.18860598320771194,1.0107917797004868,2258978.748443181
2211000.0,0.10380509084214926,0.8403495399665422,1561380.2293508956,2211000.0,0.10380514120181071,0.8403495370820707,1561380.218632126
2211000.0,0.09467583533792374,0.763840536996688,1290013.1811362084,2211000.0,0.09467591757704204,0.7638405365918117,1290013.1797686566
2211000.0,0.09519563335338109,0.6502450995546529,934852.1224730923,2211000.0,0.09519563367379057,0.6502450995079072,934852.1223386806
