cur_n,cur_mean,cur_std,cur_S,next_n,next_mean,next_std,next_S
151000.0,-0.021181490817889084,0.08042272255582238,976.6399597969078,151000.0,-0.021181328405603956,0.08042279009443377,976.6416001525768
151000.0,-0.01849043695144281,0.07632411940692437,879.6310516896098,151000.0,-0.018490406490290268,0.07632412770436207,879.6312429445974
151000.0,-0.009180408595807656,0.08022695046648733,971.890900753984,151000.0,-0.009180244869443289,0.08022699442849679,971.8919658895384
151000.0,0.03254381841513304,0.13490469351933507,2748.090726365405,151000.0,0.03254381000007104,0.13490469558897833,2748.090810685191
151000.0,0.03114592242615071,0.14221829947124812,3054.132750378536,151000.0,0.031145823640174024,0.14221832628604325,3054.1339020721225
151000.0,0.04870662298835843,0.3454531865587296,18020.023519640643,151000.0,0.04870670494576042,0.34545317647129786,18020.022467250557
