cur_n,cur_mean,cur_std,cur_S,next_n,next_mean,next_std,next_S
1642000.0,-0.009093592910221696,0.01688586455694084,468.1874366536462,1642000.0,-0.009093589099176052,0.01688586731548062,468.18758962345936
1642000.0,-0.015224857370301752,0.024625730967092682,995.7525193396762,1642000.0,-0.01522485411363681,0.024625733334116127,995.7527107630032
1642000.0,-0.004639509816536411,0.008630319059136167,122.30011239660692,1642000.0,-0.004639505992386606,0.008630322506120227,122.30021009093761
1642000.0,-0.0006251733483668034,0.055069354882041746,4979.584776978027,1642000.0,-0.0006251725580788812,0.05506935490032454,4979.584780284429
1642000.0,-0.0009901081145775041,0.06494986724861773,6926.752789716654,1642000.0,-0.0009901066528718565,0.06494986729791027,6926.752800230526
1642000.0,-0.0007047563598907251,0.048394575105887884,3845.6213052736134,1642000.0,-0.0007047550049083052,0.04839457515676538,3845.6213133594606
