cur_n,cur_mean,cur_std,cur_S,next_n,next_mean,next_std,next_S
551000.0,-0.02939723613234583,1.1393196632129174,715225.1615359613,551000.0,-0.02939710279488449,1.1393196709524946,715225.1712532347
551000.0,-0.10435933443758191,1.0972900324506594,663429.0238388785,551000.0,-0.10435933048556709,1.0972900328304223,663429.0242980929
551000.0,-0.10364216362790298,0.8142437876117554,365309.1130610499,551000.0,-0.10364212025141945,0.814243793769604,365309.1185864669
551000.0,0.09606676307405582,1.4088664227147765,1093682.4329762752,551000.0,0.09606678976037618,1.4088664210343647,1093682.430367317
551000.0,0.106203924116229,1.2704502585737771,889338.1665901077,551000.0,0.10620388872493303,1.2704502618039393,889338.1711124514
551000.0,0.09343714833790664,0.7448766467878292,305717.51163036417,551000.0,0.09343714645787676,0.7448766470249546,305717.5118250095
