cur_n,cur_mean,cur_std,cur_S,next_n,next_mean,next_std,next_S
1482000.0,-0.008924675418249985,0.017896302339096695,474.6514586451143,1482000.0,-0.008924674193062997,0.017896303012235368,474.6514943515137
1482000.0,-0.014878660544786761,0.02591661506002435,995.4163274031706,1482000.0,-0.014878659315698211,0.025916615808832817,995.416384924277
1482000.0,-0.004256095040098194,0.009092803030658094,122.5303772263393,1482000.0,-0.0042560937765822714,0.009092803752176892,122.53039667204239
1482000.0,-0.00045327947304157993,0.05122589600560171,3888.9049687767015,1482000.0,-0.0004532777120499854,0.05122589606604233,3888.9049779536153
1482000.0,-0.0007045800647069206,0.061967744123378826,5690.881943999497,1482000.0,-0.0007045783429040596,0.06196774417840614,5690.881954106495
1482000.0,-0.0005119928839810616,0.043854989035165756,2850.2714137728217,1482000.0,-0.0005119911129008631,0.043854989108840704,2850.2714233495476
