cur_n,cur_mean,cur_std,cur_S,next_n,next_mean,next_std,next_S
2522000.0,-0.011158245511761292,0.020184992643045654,1027.5483664155138,2522000.0,-0.011158247717801693,0.02018499172757623,1027.5482732087332
2522000.0,-0.01849284706768583,0.030574718713603136,2357.5994563770355,2522000.0,-0.018492849418967734,0.03057471751946629,2357.599272218591
2522000.0,-0.005131549929225362,0.008999390994151068,204.25435450586176,2522000.0,-0.005131552085440807,0.00899939041611106,204.25432826693404
2522000.0,-0.000625273719354259,0.055089396909291134,7653.870645913787,2522000.0,-0.0006252739510038202,0.055089396907889006,7653.870645524176
2522000.0,-0.0010101202557098023,0.06631393854961674,11090.591960717038,2522000.0,-0.001010120451629418,0.06631393854736384,11090.591959963469
2522000.0,-0.0007123286062242206,0.04760878873724008,5716.357041398493,2522000.0,-0.0007123289058616663,0.04760878873513315,5716.357040892535
