cur_n,cur_mean,cur_std,cur_S,next_n,next_mean,next_std,next_S
3942000.0,-0.015028438395099429,0.02728109195665579,2933.864950645881,3942000.0,-0.015028438632873465,0.027281091829756556,2933.86492335187
3942000.0,-0.025413567930066196,0.044667669463383956,7865.081140833668,3942000.0,-0.025413568176675658,0.04466766932575687,7865.081092366925
3942000.0,-0.005743747351669706,0.010281960276622032,416.7431435065917,3942000.0,-0.005743747590857028,0.010281960153973889,416.74313356436846
3942000.0,-0.0005039721564694693,0.052390567401866615,10819.889460702123,3942000.0,-0.0005039733970435536,0.052390567447830876,10819.889479687534
3942000.0,-0.0007400926158290369,0.06755501244002257,17990.025400151662,3942000.0,-0.0007400938778845305,0.06755501247266339,17990.02541753629
3942000.0,-0.0005730979971761865,0.04278846169552027,7217.220374728419,3942000.0,-0.0005730992392922325,0.042788461749951434,7217.220393090459
