cur_n,cur_mean,cur_std,cur_S,next_n,next_mean,next_std,next_S
71000.0,-0.22575098466989707,1.2932688581887266,118750.64810881484,71000.0,-0.22575139908432718,1.293268790563344,118750.6356898074
71000.0,-0.34310874378413186,1.1834553863711696,99440.23225869634,71000.0,-0.3431067197697097,1.1834560960601677,99440.35152244009
71000.0,-0.18345885571490678,0.9220579560632836,60363.55207811161,71000.0,-0.18345855144738313,0.9220580201666984,60363.56047131493
71000.0,0.09063601180075763,0.8291016865071383,48806.082066397656,71000.0,0.0906370306272818,0.8291016195749032,48806.074186302656
71000.0,0.10376686825717209,0.741409106863913,39027.809925592905,71000.0,0.10376508587819779,0.7414095084360888,39027.85220316044
71000.0,0.08270055747264551,0.6306112584918926,28234.60971290773,71000.0,0.08270130976415412,0.6306111916928118,28234.6037312642
