cur_n,cur_mean,cur_std,cur_S,next_n,next_mean,next_std,next_S
22000.0,-0.006118001934594468,0.023457129114990493,12.105211938981364,22000.0,-0.006118223511732429,0.023457094346294,12.105176053760635
22000.0,-0.008396863166968105,0.018918250346256608,7.873804315600041,22000.0,-0.008397065657664285,0.018918184310443373,7.873749347285927
22000.0,-0.00403969764630653,0.011912622895448945,3.122032853481837,22000.0,-0.004039908304479521,0.011912592434277024,3.1220168871142717
22000.0,-0.0004190256673138495,0.06699481848271316,98.74272547769706,22000.0,-0.00041972681446446905,0.06699489481149988,98.74295047768655
22000.0,-0.0005579228118093478,0.0646248083789009,91.88004887621251,22000.0,-0.0005587606881768366,0.06462492063574776,91.88036807788733
22000.0,-0.000490368510268644,0.04947353741897285,53.847879904423145,22000.0,-0.0004910968954115579,0.04947364815586026,53.84812096069681
