cur_n,cur_mean,cur_std,cur_S,next_n,next_mean,next_std,next_S
3101000.0,-0.2977394728136744,1.3243685373946124,5439005.222829149,3101000.0,-0.2977392917514216,1.3243686164815998,5439005.872428619
3101000.0,-0.3607913709968888,1.3274713573465704,5464520.814388769,3101000.0,-0.36079141397088355,1.3274713478238038,5464520.735988047
3101000.0,-0.1932495155008672,0.9875833491732051,3024470.0227204747,3101000.0,-0.19324951289494996,0.9875833496938016,3024470.025909124
3101000.0,0.09667108773960542,0.8359382068115842,2166956.1180684445,3101000.0,0.09667102392149222,0.8359382217459227,2166956.1954953554
3101000.0,0.08546790156498557,0.73941589589717,1695427.923893891,3101000.0,0.08546767642747832,0.739416028207038,1695428.53064813
3101000.0,0.09755759399027615,0.6514769383938466,1316133.2461042202,3101000.0,0.0975575922087821,0.6514769386681348,1316133.247212471
