cur_n,cur_mean,cur_std,cur_S,next_n,next_mean,next_std,next_S
2481000.0,-0.3049719609674325,1.3286354009562857,4379639.903140864,2481000.0,-0.30497196798921156,1.32863539939059,4379639.892818719
2481000.0,-0.3626099012437479,1.3266470297248951,4366540.999206637,2481000.0,-0.3626099479414878,1.326647019000202,4366540.928607885
2481000.0,-0.19193171683842286,0.9895024863344851,2429184.7379165394,2481000.0,-0.19193168869771712,0.989502492785629,2429184.7695910838
2481000.0,0.09677504622269693,0.8393461409670024,1747869.3239477298,2481000.0,0.0967750241629897,0.8393461442296678,1747869.3375361948
2481000.0,0.08840793993940986,0.7497612451340692,1394674.1151930795,2481000.0,0.08840795240255288,0.7497612439214936,1394674.1106819161
2481000.0,0.09886901870312312,0.6544863026720794,1062742.1068760997,2481000.0,0.09886902887214359,0.6544863013318936,1062742.1025237646
