cur_n,cur_mean,cur_std,cur_S,next_n,next_mean,next_std,next_S
2101000.0,-0.006255082508303851,0.01908515775665641,765.2750610991674,2101000.0,-0.006255087438062777,0.01908515747862545,765.2750388022431
2101000.0,-0.007518536669981185,0.020584127883150085,890.2069798114511,2101000.0,-0.007518548975179669,0.020584131116095146,890.207259443457
2101000.0,-0.006870156169424531,0.019711200792076503,816.304548434336,2101000.0,-0.006870162631582657,0.019711200765303923,816.3045462168577
2101000.0,-0.0013428079682296047,0.07211633092502033,10926.807655968882,2101000.0,-0.0013428028210327719,0.07211633140678755,10926.807801960163
2101000.0,-0.0015804460739656922,0.07505661382534548,11835.973581025715,2101000.0,-0.001580442979178231,0.07505661402456311,11835.973643856543
2101000.0,-0.001515535190033702,0.07050774121441435,10444.788641004689,2101000.0,-0.0015155314302808026,0.07050774150583819,10444.78872734586
