cur_n,cur_mean,cur_std,cur_S,next_n,next_mean,next_std,next_S
1551000.0,-0.3572355248434693,1.3785546211730204,2947540.3203576664,1551000.0,-0.3572355348762572,1.378554618629741,2947540.3094819007
1551000.0,-0.4169178918218684,1.3889745309947639,2992267.1342635453,1551000.0,-0.41691791567650505,1.3889745241522709,2992267.1047819857
1551000.0,-0.1952628567782381,1.0190884269931055,1610777.4353705186,1551000.0,-0.19526286112453586,1.0190884261747128,1610777.4327834055
1551000.0,0.10100878086867877,0.8252626068548522,1056321.5322932156,1551000.0,0.10100882978022753,0.8252626031163395,1056321.5227227553
1551000.0,0.09413620983332727,0.7601350232782782,896175.9483557304,1551000.0,0.09413618788489565,0.7601350264878685,896175.9559237481
1551000.0,0.09251296717820291,0.6461292483167185,647516.1415775381,1551000.0,0.09251295956594359,0.6461292494761726,647516.1439014239
