cur_n,cur_mean,cur_std,cur_S,next_n,next_mean,next_std,next_S
2482000.0,-0.011377829373885385,0.02167578416325315,1166.1419345861855,2482000.0,-0.01137782523564403,0.021675787315912107,1166.1422738078768
2482000.0,-0.019002719432768878,0.033174927841789416,2731.6292281982933,2482000.0,-0.019002716220155102,0.03317493006806642,2731.6295948223633
2482000.0,-0.00484562518315525,0.009563634935936158,227.01144693226507,2482000.0,-0.004845620823601104,0.009563639611023586,227.0116688768767
2482000.0,-0.0004584402989145013,0.051711076692438344,6636.955993579658,2482000.0,-0.00045843962925399087,0.05171107670913516,6636.955997865627
2482000.0,-0.0007151525207873926,0.06416286271491337,10218.07866630014,2482000.0,-0.0007151499641279891,0.06416286286983457,10218.07871564323
2482000.0,-0.0005250840643287353,0.043439510955421735,4683.511940098681,2482000.0,-0.000525083252684398,0.04343951098405243,4683.511946272425
