cur_n,cur_mean,cur_std,cur_S,next_n,next_mean,next_std,next_S
251000.0,-0.027777771935727846,0.09756082095747223,2389.0465602598842,251000.0,-0.02777774912911183,0.09756082812012963,2389.0469110548547
251000.0,-0.028160982333682378,0.10015344271935891,2517.708734223517,251000.0,-0.028161030744855237,0.10015343204393394,2517.708197494902
251000.0,-0.03627746573366061,0.13782882692477494,4768.19316839635,251000.0,-0.036277374636358786,0.13782885845855516,4768.195350221097
251000.0,0.03321596851888137,0.13467113554244198,4552.215001820986,251000.0,0.033215838602759486,0.13467118331432817,4552.218231435628
251000.0,0.03348847613132313,0.14813182410629572,5507.702365577692,251000.0,0.033488552952021966,0.14813181173904869,5507.701445922334
251000.0,0.047561485533882016,0.23338066346595895,13671.100054032608,251000.0,0.047561364931188184,0.23338069586553326,13671.103849872814
