cur_n,cur_mean,cur_std,cur_S,next_n,next_mean,next_std,next_S
3222000.0,-0.0050079094166026366,0.03208648559771828,3317.186121916542,3222000.0,-0.005007896786279961,0.032086495578439844,3317.188185583883
3222000.0,-0.015091644814135151,0.05297575815304464,9042.320526989177,3222000.0,-0.015091641443951762,0.05297575945854094,9042.320972654008
3222000.0,-0.024232019855953028,0.07669592880529368,18952.65942587811,3222000.0,-0.02423200867851812,0.07669593496105004,18952.662468228868
3222000.0,-0.0003266334873515394,0.16531314461816862,88052.22009459016,3222000.0,-0.0003266261210473923,0.16531314516151885,88052.22067340915
3222000.0,-0.000509216202023769,0.1384639157821221,61773.00874732134,3222000.0,-0.0005092115810542362,0.13846391604755426,61773.00898415624
3222000.0,-0.0005008117963073456,0.1385644583755083,61862.751600421245,3222000.0,-0.0005008097133139244,0.13856445843348,61862.751652184736
