cur_n,cur_mean,cur_std,cur_S,next_n,next_mean,next_std,next_S
3922000.0,-0.015002364911560154,0.027225704305751913,2907.1392597313024,3922000.0,-0.015002365806724762,0.027225703870199864,2907.1391667154935
3922000.0,-0.025389685724327347,0.044614402668455365,7806.52499766619,3922000.0,-0.02538968665913265,0.0446144021748727,7806.524824934281
3922000.0,-0.005740271687374625,0.01028025852621802,414.4915316649746,3922000.0,-0.005740272580598013,0.01028025817965487,414.49150371869524
3922000.0,-0.0005033234083870385,0.052381453683246634,10761.24905806278,3922000.0,-0.000503324417620987,0.052381453711678204,10761.249069744748
3922000.0,-0.0007405238085033242,0.0675455622836584,17893.744504093494,3922000.0,-0.0007405248808452455,0.06754556230528283,17893.744515550705
3922000.0,-0.0005718250523151301,0.04279443552392296,7182.608477723525,3922000.0,-0.0005718260469551781,0.04279443555596449,7182.608488479211
