cur_n,cur_mean,cur_std,cur_S,next_n,next_mean,next_std,next_S
1481000.0,0.17961028406802704,1.567180121620753,3637415.283266396,1481000.0,0.17961032247377404,1.5671801179161347,3637415.2660696036
1481000.0,0.03921534912435692,1.5832017378852001,3712167.5871500657,1481000.0,0.0392153496244846,1.5832017378729417,3712167.58709258
1481000.0,0.03931858020661226,1.4284690961857336,3022015.9829201344,1481000.0,0.03931857093960649,1.4284690964852709,3022015.984187514
1481000.0,0.01143408246308369,0.8310730875417051,1022900.748194268,1481000.0,0.011434167184320658,0.8310730927714897,1022900.761068107
1481000.0,-0.0003246752287957962,0.7216777317422253,771332.5665175454,1481000.0,-0.00032468420789913134,0.7216777318209472,771332.5666858221
1481000.0,0.00014252986748140568,0.6583431692387206,641888.6938837417,1481000.0,0.00014243623699694753,0.6583431791196485,641888.7131516744
