cur_n,cur_mean,cur_std,cur_S,next_n,next_mean,next_std,next_S
1011000.0,-0.023277650350538238,1.1521601071279113,1342075.114494027,1011000.0,-0.023277681044757463,1.152160106921165,1342075.114012377
1011000.0,-0.08305022132488186,1.1096870790291344,1244950.8729112186,1011000.0,-0.08305028943677083,1.1096870760448219,1244950.866215056
1011000.0,-0.1260888055767905,0.8462799213168422,724067.7919815049,1011000.0,-0.12608881615099968,0.8462799198081864,724067.7893999266
1011000.0,0.10129290498854285,1.3565216637499873,1860392.685489487,1011000.0,0.10129297371792492,1.356521660378172,1860392.6762409792
1011000.0,0.10665330148620702,1.1999258087721794,1455659.9879697019,1011000.0,0.10665332537766593,1.1999258068891465,1455659.9834009935
1011000.0,0.10096821055989284,0.7174181101822265,520350.321010429,1011000.0,0.10096821714605377,0.7174181092858467,520350.3197101231
