cur_n,cur_mean,cur_std,cur_S,next_n,next_mean,next_std,next_S
182000.0,-0.025982023742381257,0.07693435625488546,1077.2389213683612,182000.0,-0.025982038288051627,0.07693435159282533,1077.2387908115406
182000.0,-0.02685274533779136,0.07509132569393173,1026.244709393928,182000.0,-0.026852761025387875,0.07509132038226689,1026.2445642089097
182000.0,-0.027617678232690724,0.07462890794718369,1013.6442500528373,182000.0,-0.02761770384603734,0.07462889926848858,1013.6440142967712
182000.0,-0.0014049084665139118,0.1596325615596386,4637.8249572367085,182000.0,-0.0014048981099858678,0.15963256171192847,4637.824966085703
182000.0,-0.0014244700440788928,0.15795686565108752,4540.96759594946,182000.0,-0.001424458997177325,0.15795686582101442,4540.9676057196275
182000.0,-0.0012267687272251927,0.15449177109106613,4343.922734943496,182000.0,-0.0012267525394389425,0.15449177137395761,4343.922750851901
