cur_n,cur_mean,cur_std,cur_S,next_n,next_mean,next_std,next_S
3601000.0,-0.3011622862725784,1.328062337317735,6351262.208058444,3601000.0,-0.3011622705842291,1.3280623412090948,6351262.245278153
3601000.0,-0.3718841473618571,1.339035875183641,6456654.487178779,3601000.0,-0.37188415209009656,1.339035873900583,6456654.474805306
3601000.0,-0.20419555493520505,0.9958611132723111,3571253.4242976084,3601000.0,-0.20419555239460233,0.9958611138049203,3571253.428117584
3601000.0,0.09784525765122261,0.8313833913789829,2489005.2348024095,3601000.0,0.09784526002200464,0.8313833911121518,2489005.233204725
3601000.0,0.08688184168468549,0.7367081144037276,1954402.583827693,3601000.0,0.08688182445546236,0.7367081171610874,1954402.5984576151
3601000.0,0.1000421528283252,0.6476051814025571,1510232.2879969592,3601000.0,0.10004215041425966,0.647605181791664,1510232.2898117744
