cur_n,cur_mean,cur_std,cur_S,next_n,next_mean,next_std,next_S
1451000.0,-0.026985647829377356,0.14771857264080837,31661.94699610782,1451000.0,-0.02698563251725546,0.14771857658960105,31661.948688873515
1451000.0,-0.017245965687002165,0.034019394327169244,1679.270145252168,1451000.0,-0.017245985938976652,0.03401939280725077,1679.2699951993106
1451000.0,-0.004058317248687142,0.03193099605567122,1479.4229267146795,1451000.0,-0.004058339080935217,0.0319310041106966,1479.4236731236358
1451000.0,0.10588964583634378,0.4535513919303279,298483.5632919319,1451000.0,0.10588965064336146,0.45355139084501,298483.56186342984
1451000.0,0.0008262757827817552,0.09622824735148466,13436.079478679185,1451000.0,0.0008262889453830945,0.09622824854468988,13436.079811886964
1451000.0,0.002162184618084788,0.07595365148116826,8370.756858491342,1451000.0,0.002162205051165894,0.07595365488750422,8370.757609307406
