cur_n,cur_mean,cur_std,cur_S,next_n,next_mean,next_std,next_S
1431000.0,-0.07177087182954135,1.1620497318641818,1932364.5580149577,1431000.0,-0.07177089992685531,1.1620497306149296,1932364.5538602115
1431000.0,-0.09423414437404831,1.131091299170283,1830774.9312210265,1431000.0,-0.09423419339913738,1.1310912966062119,1830774.922920658
1431000.0,-0.13429678221016342,0.8917012158538632,1137832.544506374,1431000.0,-0.1342967910598464,0.8917012145838696,1137832.5412652886
1431000.0,0.10749557731724498,1.2391338328555928,2197232.750345898,1431000.0,0.10749558434073096,1.239133832274776,2197232.748286089
1431000.0,0.10548678834798451,1.1073044685123055,1754582.2791478538,1431000.0,0.10548676808186222,1.1073044707083757,1754582.2861074316
1431000.0,0.09795733694214308,0.688457541807008,678256.4890123268,1431000.0,0.09795733380815849,0.6884575422631347,678256.4899110631
