cur_n,cur_mean,cur_std,cur_S,next_n,next_mean,next_std,next_S
3941000.0,-0.30228934504629806,1.333533247328937,7008323.342544471,3941000.0,-0.3022893622742342,1.3335332438622969,7008323.306106932
3941000.0,-0.3749099938667626,1.3435646219924613,7114158.786164267,3941000.0,-0.37491000079011133,1.3435646201309317,7114158.766450712
3941000.0,-0.2048405733232645,0.9939438477360177,3893409.9518344356,3941000.0,-0.2048405745396494,0.993943847488274,3893409.9498935454
3941000.0,0.0970865628306635,0.8290877653476192,2708990.2857601377,3941000.0,0.097086565308837,0.8290877650720444,2708990.283959293
3941000.0,0.08662463289927888,0.7352209951752323,2130307.202192795,3941000.0,0.08662464412074411,0.7352209941905861,2130307.196486758
3941000.0,0.09815475951510017,0.6438634441997677,1633781.491155319,3941000.0,0.0981547582748737,0.6438634443935102,1633781.492138549
