cur_n,cur_mean,cur_std,cur_S,next_n,next_mean,next_std,next_S
4402000.0,-0.015635920866331848,0.028073661132186324,3469.350238103978,4402000.0,-0.015635920523716693,0.0280736613322131,3469.3502875426984
4402000.0,-0.026587925232811234,0.046495955740113504,9516.568908621384,4402000.0,-0.02658792490043483,0.046495955935405946,9516.568988564424
4402000.0,-0.005868251887752527,0.01035176867217448,471.7144226550217,4402000.0,-0.005868251542672746,0.010351768893113794,471.71444279076167
4402000.0,-0.0005149435012958435,0.05270274592970098,12226.904644391758,4402000.0,-0.0005149445550056726,0.0527027459657717,12226.904661128392
4402000.0,-0.0007490105588285888,0.06848864743460992,20648.438630312965,4402000.0,-0.000749011567479007,0.06848864745626788,20648.438643372152
4402000.0,-0.0005862170500496978,0.04288450874340415,8095.634958897998,4402000.0,-0.0005862181120228266,0.042884508786768014,8095.634975270251
