cur_n,cur_mean,cur_std,cur_S,next_n,next_mean,next_std,next_S
891000.0,-0.015879098398591883,1.160489159680037,1199940.964953777,891000.0,-0.015879055389177173,1.1604891609786983,1199940.9676393971
891000.0,-0.08515465932203727,1.1179480110788937,1113578.7101284515,891000.0,-0.08515461458047564,1.1179480152845502,1113578.7185068906
891000.0,-0.12154389738991492,0.8397449223106579,628307.8372809608,891000.0,-0.1215438744285048,0.8397449259137719,628307.8426727523
891000.0,0.10327484574605092,1.3957694628044364,1735821.60242797,891000.0,0.10327484045765052,1.3957694632046607,1735821.603423432
891000.0,0.10895933972397111,1.2346013957911264,1358098.380382053,891000.0,0.10895932759598574,1.2346013969145864,1358098.3828537322
891000.0,0.09875459945800415,0.7231807615440711,465984.4587559092,891000.0,0.09875459291009532,0.7231807624646338,465984.45994224586
