cur_n,cur_mean,cur_std,cur_S,next_n,next_mean,next_std,next_S
2702000.0,-0.01169685740749939,0.02116519851687776,1210.4031275553978,2702000.0,-0.011696855502464564,0.021165199801340073,1210.403274468005
2702000.0,-0.019327895259564798,0.03227388899375828,2814.413766931428,2702000.0,-0.019327894429267467,0.03227388951985892,2814.4138586876406
2702000.0,-0.005211512626319308,0.00904241521044314,220.9297672084204,2702000.0,-0.0052115114246000845,0.009042416118805564,220.92981159574487
2702000.0,-0.0006272633239634579,0.05494055233215805,8155.890513100137,2702000.0,-0.0006272590936680308,0.054940552820506056,8155.890658090049
2702000.0,-0.0010061849785410802,0.0664044892491492,11914.620831973885,2702000.0,-0.001006178856902276,0.06640449010432445,11914.621138853403
2702000.0,-0.0007142077823726228,0.04727493099188152,6038.751408975907,2702000.0,-0.0007142008939462394,0.04727493245196067,6038.751781987774
