cur_n,cur_mean,cur_std,cur_S,next_n,next_mean,next_std,next_S
1202000.0,-0.008456494475249276,0.017196845108939034,355.4692410044101,1202000.0,-0.008456495455914623,0.01719684466030969,355.4692224575279
1202000.0,-0.014063214927512866,0.024472652894915622,719.8907091374565,1202000.0,-0.014063215928137812,0.0244726523444949,719.8906767549631
1202000.0,-0.004129022766883117,0.008987461107784644,97.09089751105779,1202000.0,-0.004129023735318929,0.008987460725581545,97.09088925323266
1202000.0,-0.00043785630253965953,0.05094975893506229,3120.245278520233,1202000.0,-0.000437855899733514,0.05094975894043748,3120.2452791786045
1202000.0,-0.0006846801404241299,0.06117686933483254,4498.61642861663,1202000.0,-0.0006846797138879889,0.061176869341393714,4498.616429581578
1202000.0,-0.0004959609522595433,0.04375529494809241,2301.2600548654627,1202000.0,-0.0004959605445890704,0.04375529495499553,2301.2600555915856
