cur_n,cur_mean,cur_std,cur_S,next_n,next_mean,next_std,next_S
1041000.0,-0.3734745700307739,1.382172779134719,1988728.0566276128,1041000.0,-0.3734749510024538,1.3821727308497143,1988727.9176786437
1041000.0,-0.4279776268487445,1.3880686013610242,2005730.5542098084,1041000.0,-0.4279777469619324,1.3880685697369584,2005730.4628175609
1041000.0,-0.20652481762763786,1.0261297027938951,1096112.795801079,1041000.0,-0.20652481131059044,1.0261297040855326,1096112.7985605358
1041000.0,0.10329782841297225,0.8080738357245337,679755.6402658456,1041000.0,0.10329853481197233,0.8080740668414106,679756.0290991827
1041000.0,0.09526830061434825,0.7420479432775019,573211.1912773879,1041000.0,0.09526855183866006,0.7420479552941301,573211.2098424035
1041000.0,0.08810609103843806,0.6298609769585587,412990.5691572928,1041000.0,0.0881061051454598,0.6298609751496876,412990.56678519247
