cur_n,cur_mean,cur_std,cur_S,next_n,next_mean,next_std,next_S
702000.0,0.0002832335154679089,0.013823878799850014,134.15193680120575,702000.0,0.0002832192611878049,0.013823884250920212,134.15204259955357
702000.0,-0.007390211818798948,0.020170049385572004,285.59528633592237,702000.0,-0.007390220689094615,0.020170047504765108,285.59523307382574
702000.0,-0.005870667451359668,0.01439237163590576,145.4125336368293,702000.0,-0.005870674658090499,0.014392369962903644,145.41249983066191
702000.0,-0.00018905363574622938,0.11365853720247805,9068.620681462975,702000.0,-0.000189023877063116,0.11365853998681574,9068.621125778083
702000.0,-0.00014990392326846234,0.06920590539459194,3362.1990537226175,702000.0,-0.0001498732357994551,0.0692059102372967,3362.1995242644834
702000.0,-0.0007522459045776286,0.05969860012749757,2501.8738457423633,702000.0,-0.0007522335542705245,0.059698601179923365,2501.873933953362
