cur_n,cur_mean,cur_std,cur_S,next_n,next_mean,next_std,next_S
521000.0,-0.3579686323541168,1.351336186027433,951403.0430745953,521000.0,-0.3579686573387054,1.3513361795293548,951403.033924701
521000.0,-0.4286145202853621,1.3163428442327338,902767.1699361791,521000.0,-0.428614600210487,1.316342819472467,902767.1359742731
521000.0,-0.23531172517439547,1.0346740540862163,557756.7574617865,521000.0,-0.23531169131568724,1.0346740620751884,557756.7660749399
521000.0,0.1033270199028461,0.7761723878048157,313873.10288271785,521000.0,0.10332707653858712,0.77617238134179,313873.09765560605
521000.0,0.10512675968647202,0.7126393965167377,264592.4078326926,521000.0,0.10512684002207015,0.7126393870249895,264592.40078440285
521000.0,0.09747450190995205,0.6200741053717856,200320.2778955152,521000.0,0.09747459236651622,0.620074094589678,200320.27092900983
