cur_n,cur_mean,cur_std,cur_S,next_n,next_mean,next_std,next_S
3882000.0,-0.015002128550963242,0.027228854007155776,2878.155524287938,3882000.0,-0.015002130343538346,0.02722885324857124,2878.1553639195113
3882000.0,-0.025374696775822186,0.044587177473623944,7717.479645640149,3882000.0,-0.025374698780448672,0.044587176507719345,7717.479311268279
3882000.0,-0.005741546136332428,0.010286199730042429,410.7385227687133,3882000.0,-0.005741548464219686,0.01028619945323712,410.738500662473
3882000.0,-0.0005038745914476975,0.05246236533535857,10684.427732686016,3882000.0,-0.000503873018066819,0.05246236544205667,10684.427776146053
3882000.0,-0.0007411032811132322,0.06761183616575663,17746.02103283526,3882000.0,-0.0007411014849028683,0.06761183627806448,17746.021091789953
3882000.0,-0.0005724177490000809,0.04287164346675079,7135.029872163041,3882000.0,-0.0005724169621449439,0.042871643505286924,7135.029884990002
