cur_n,cur_mean,cur_std,cur_S,next_n,next_mean,next_std,next_S
762000.0,0.0002751734067674553,0.013952658590468181,148.34363148753013,762000.0,0.0002751669580445592,0.01395265985322197,148.34365833854062
762000.0,-0.00740085113550723,0.020219262049105534,311.5197410515243,762000.0,-0.007400856428781665,0.020219260639577928,311.5196976181232
762000.0,-0.005795596559739226,0.014222297423929133,154.13259293920237,762000.0,-0.00579560420462592,0.014222295874289905,154.13255935111286
762000.0,-0.00019459251721762251,0.11477398381951602,10037.877329693525,762000.0,-0.0001945903425029686,0.11477398383890076,10037.877333084216
762000.0,-0.00015672546419585138,0.06947589955905462,3678.098272089362,762000.0,-0.0001567231969177605,0.06947589959236122,3678.0982756159074
762000.0,-0.0007491148511953747,0.05993696936784506,2737.439506315522,762000.0,-0.0007491151137347446,0.05993696936500125,2737.439506055757
