cur_n,cur_mean,cur_std,cur_S,next_n,next_mean,next_std,next_S
1301000.0,0.19099917738302824,1.547501227118195,3115582.8223599475,1301000.0,0.19099921879539294,1.5475012227278266,3115582.8046816983
1301000.0,0.028558888836133372,1.564751692634082,3185430.665341194,1301000.0,0.028558896139174655,1.5647516925229874,3185430.6648888737
1301000.0,0.03993869496822753,1.3879541695434012,2506268.226555539,1301000.0,0.039938684148145116,1.387954169909575,2506268.22787796
1301000.0,0.005711375944823739,0.8459949002868336,931135.2900760396,1301000.0,0.00571147537770495,0.8459949072177131,931135.3053328375
1301000.0,0.005125058941088387,0.7396386148446399,711731.9300206561,1301000.0,0.0051250406557909415,0.7396386152654423,711731.9308305071
1301000.0,0.0003882919861975378,0.6726966545656085,588729.5465719538,1301000.0,0.00038818648834645865,0.6726966653890383,588729.5655168167
