cur_n,cur_mean,cur_std,cur_S,next_n,next_mean,next_std,next_S
1591000.0,-0.3573866351995683,1.378288319889552,3022388.800155646,1591000.0,-0.3573866593145242,1.3782883139722235,3022388.7742039394
1591000.0,-0.41287095316426736,1.3872724273112382,3061918.9370366214,1591000.0,-0.4128709004474425,1.387272444594126,3061919.0133284885
1591000.0,-0.19272798220368847,1.0154260739639747,1640464.3676922529,1591000.0,-0.19272798205035066,1.0154260739930978,1640464.3677863525
1591000.0,0.10178047885635852,0.8280523365239478,1090902.039188226,1591000.0,0.10178048030706613,0.8280523363476298,1090902.0387236523
1591000.0,0.09237539012128648,0.760215006020805,919481.6269083273,1591000.0,0.09237542680540263,0.7602150029714182,919481.6195318478
1591000.0,0.09180168170201339,0.6461855960098278,664331.3167645072,1591000.0,0.09180168131437975,0.6461855960650614,664331.3168780763
