cur_n,cur_mean,cur_std,cur_S,next_n,next_mean,next_std,next_S
22000.0,-0.038925876369001904,0.09338676793505216,191.86394535781628,22000.0,-0.03892567491758011,0.09338685668486668,191.86431003255623
22000.0,-0.04145200480859715,0.09673781666123737,205.88051379242987,22000.0,-0.041451817937131624,0.0967379007059949,205.88087152606448
22000.0,-0.03746534513589755,0.087323487011984,167.75861044650705,22000.0,-0.03746512642417668,0.08732358687359615,167.75899413835086
22000.0,-0.00043767958934566223,0.17002046831338816,635.9531122010841,22000.0,-0.00043758355361685447,0.17002046915728555,635.9531185141967
22000.0,-0.0005998608027287524,0.17701480483685106,689.3533048914262,22000.0,-0.0005997749276311672,0.1770148055861064,689.3533107271152
22000.0,-0.0004563065846755967,0.16373779303314856,589.8214270820562,22000.0,-0.00045616473881273094,0.16373779478007505,589.8214396677233
