cur_n,cur_mean,cur_std,cur_S,next_n,next_mean,next_std,next_S
5051000.0,-0.057454907836636766,0.1691865668144317,144580.30076618397,5051000.0,-0.05745490642539309,0.16918656732341167,144580.3016360932
5051000.0,-0.04865338505881973,0.16562916033174574,138564.17771735784,5051000.0,-0.04865338425894529,0.1656291605764659,138564.17812682013
5051000.0,0.01664075910390474,0.3328476231587998,559587.8657646775,5051000.0,0.01664075906969279,0.33284762316051125,559587.8657704322
5051000.0,0.027095572965045667,0.17186076959315572,149186.96295614153,5051000.0,0.027095572247141944,0.17186076971390427,149186.9631657776
5051000.0,0.028001749014127084,0.1884531128810171,179384.12213620867,5051000.0,0.028001749251359738,0.18845311284651803,179384.12207053095
5051000.0,0.06059334501713527,0.47089387061863486,1120013.9798376942,5051000.0,0.06059334433571951,0.4708938707087868,1120013.9802665445
