cur_n,cur_mean,cur_std,cur_S,next_n,next_mean,next_std,next_S
361000.0,-0.30704413237215694,1.3074560152803854,617108.2847133236,361000.0,-0.3070442279405096,1.3074559940979205,617108.264717432
361000.0,-0.40368291052766797,1.2682883414434851,580688.4694519693,361000.0,-0.4036821388622462,1.2682886718018784,580688.7719625713
361000.0,-0.21698990931188103,0.9930326638696885,355987.1076158788,361000.0,-0.21698971688612992,0.9930327126474634,355987.14258806064
361000.0,0.09806977996121521,0.782478732304858,221030.54090989975,361000.0,0.09807032438038595,0.7824787324423392,221030.54098756972
361000.0,0.10553958178333361,0.7068296084900032,180358.52245316538,361000.0,0.10553959773467343,0.7068296061732303,180358.5212708444
361000.0,0.09015051549748297,0.6142380329202951,136201.09835197145,361000.0,0.09015045614075766,0.6142380426672954,136201.10267456985
