cur_n,cur_mean,cur_std,cur_S,next_n,next_mean,next_std,next_S
411000.0,-0.3341458315664316,1.3105447299275925,705903.7980369453,411000.0,-0.3341460999193722,1.31054467279844,705903.7364935522
411000.0,-0.3821770172044587,1.2715161408569553,664485.6048449632,411000.0,-0.38217698293400765,1.2715161513473725,664485.6158094034
411000.0,-0.19741521362765396,0.9904528274029633,403189.6861606254,411000.0,-0.19741517671470038,0.9904528350430883,403189.6923808502
411000.0,0.105626994079552,0.7818158696859641,251218.01823214916,411000.0,0.10562689949316774,0.7818158848166231,251218.02795590737
411000.0,0.0936777510295862,0.7206887140758468,213470.2034870783,411000.0,0.09367749462644169,0.7206887661501213,213470.23433619854
411000.0,0.08025269302400435,0.6099372599190911,152901.64248645725,411000.0,0.08025271298625165,0.6099372574268009,152901.64123690166
