cur_n,cur_mean,cur_std,cur_S,next_n,next_mean,next_std,next_S
1331000.0,-0.3657847948645282,1.3824888149781307,2543907.455631255,1331000.0,-0.36578468598242625,1.3824888494934797,2543907.5826541344
1331000.0,-0.4219477111775218,1.3911715630486123,2575961.921038544,1331000.0,-0.42194771744454906,1.391171561166644,2575961.914069053
1331000.0,-0.20247426834159896,1.0248325329079353,1397924.969994144,1331000.0,-0.20247423703114725,1.0248325397304923,1397924.9886067905
1331000.0,0.10236729098270263,0.8199461309654295,894846.8163789709,1331000.0,0.10236699481557526,0.8199462391336136,894847.0524773144
1331000.0,0.09411717187756895,0.7568484562083605,762422.8685200865,1331000.0,0.09411749793050829,0.7568485091415726,762422.9751662521
1331000.0,0.09161689440990374,0.6409464743205302,546791.2816983549,1331000.0,0.09161689517215625,0.6409464742121641,546791.2815134608
