cur_n,cur_mean,cur_std,cur_S,next_n,next_mean,next_std,next_S
2801000.0,-0.32466092785158757,1.359760482760195,5178904.945903944,2801000.0,-0.3246608878619728,1.3597604939553287,5178905.031181512
2801000.0,-0.39141362676066976,1.3700594512249686,5257653.182594305,2801000.0,-0.39141380433729633,1.3700594327270168,5257653.0406211745
2801000.0,-0.17454104608938453,0.9964341174270676,2781059.541993818,2801000.0,-0.17454135289495287,0.9964341959855186,2781059.9805089887
2801000.0,0.10071781943859777,0.8486156954968643,2017136.2248007983,2801000.0,0.10071766203892185,0.8486157550642571,2017136.5079809253
2801000.0,0.09336610750630038,0.7687441442979649,1655300.133858141,2801000.0,0.09336626401104285,0.7687441699127597,1655300.244168377
2801000.0,0.0934249846078943,0.652857864753854,1193851.719790263,2801000.0,0.09342563235552291,0.6528586721290152,1193854.6726131449
