cur_n,cur_mean,cur_std,cur_S,next_n,next_mean,next_std,next_S
1701000.0,-0.026445965549308552,0.1484115008805506,37466.18108274366,1701000.0,-0.02644596797634374,0.14841150048183274,37466.18088143263
1701000.0,-0.017639323791074885,0.0325444067406218,1801.594435578449,1701000.0,-0.01763932179937127,0.03254440792380879,1801.5945665762672
1701000.0,-0.0027765410772032555,0.03236935490682383,1782.2655081797473,1701000.0,-0.0027765129475910877,0.03236937811030997,1782.2680633612122
1701000.0,0.10600720926473074,0.4576184408288675,356214.2981946809,1701000.0,0.10600720581071374,0.45761844165116206,356214.29947484384
1701000.0,0.0006328574128820218,0.09464554014681643,15237.180836730173,1701000.0,0.000632867520406411,0.09464554099727664,15237.181110564858
1701000.0,0.0023572977198831322,0.08073422182773217,11087.142790594218,1701000.0,0.0023573077839246746,0.0807342226008706,11087.143002942737
