cur_n,cur_mean,cur_std,cur_S,next_n,next_mean,next_std,next_S
4881000.0,-0.3070075137212396,1.3377895769313153,8735432.727424957,4881000.0,-0.3070075285377183,1.3377895739316115,8735432.688250318
4881000.0,-0.38536244282370546,1.3573494601596385,8992742.475695826,4881000.0,-0.3853624497671252,1.3573494582750762,8992742.450724537
4881000.0,-0.21487863510388752,1.000523422469669,4886110.987401758,4881000.0,-0.21487863570385893,1.0005234223417054,4886110.986151925
4881000.0,0.09677619380557409,0.8231000797119826,3306846.9509039577,4881000.0,0.09677616584365555,0.8231000853178722,3306846.9959478583
4881000.0,0.08653291021306929,0.7300954917200131,2601765.443332882,4881000.0,0.0865329160336195,0.7300954911434104,2601765.439223324
4881000.0,0.097888350663455,0.6386195263311709,1990642.144027283,4881000.0,0.09788835397492256,0.6386195258654639,1990642.1411239707
