cur_n,cur_mean,cur_std,cur_S,next_n,next_mean,next_std,next_S
2251000.0,-0.018351805331383357,0.15681287338086927,55352.71410767818,2251000.0,-0.018351732846089052,0.15681291957442103,55352.7467190166
2251000.0,-0.021808667003863146,0.034103667832664955,2618.0484193513203,2251000.0,-0.021808697313692404,0.034103678768825765,2618.050098431896
2251000.0,0.000323271453520146,0.03258732352258982,2390.4126559777214,2251000.0,0.0003232650695020298,0.03258732499353786,2390.412871777763
2251000.0,0.10631528490917254,0.45822256115068477,472637.77789740684,2251000.0,0.10631536401503025,0.4582225581672248,472637.77174277365
2251000.0,0.00016552791639390794,0.09488765095021191,20267.25284771367,2251000.0,0.0001655350406181564,0.09488765153980364,20267.253099577934
2251000.0,0.002756651038382768,0.08501700378014733,16269.982487377323,2251000.0,0.002756646574207344,0.08501700418872353,16269.982643758452
