cur_n,cur_mean,cur_std,cur_S,next_n,next_mean,next_std,next_S
4941000.0,-0.30692150422645764,1.3387573509413575,8855612.220060334,4941000.0,-0.30692153560169017,1.3387573455649509,8855612.148932625
4941000.0,-0.3858174968071394,1.35871180392126,9121569.062374039,4941000.0,-0.3858175013345921,1.3587118026729572,9121569.045613341
4941000.0,-0.21481598706731675,1.0001162575255078,4942148.923648696,4941000.0,-0.21481598602394855,1.000116257752309,4942148.925890207
4941000.0,0.09651974075612334,0.8227118730042345,3344339.6951777325,4941000.0,0.09651974211050483,0.8227118728508549,3344339.6939307502
4941000.0,0.08637575318318529,0.7304832134029868,2636545.8875390184,4941000.0,0.08637573699131028,0.7304832162042952,2636545.9077606415
4941000.0,0.09760856876826002,0.6380306850640819,2011397.869266791,4941000.0,0.09760856991143063,0.6380306848942292,2011397.8681958665
