cur_n,cur_mean,cur_std,cur_S,next_n,next_mean,next_std,next_S
1111000.0,-0.35675611532928314,1.3708751714175438,2087900.8952616877,1111000.0,-0.35675648646234726,1.3708751306482532,2087900.7710749805
1111000.0,-0.39214620332316674,1.3351387331168172,1980463.5301390141,1111000.0,-0.3921458648549991,1.3351388801932138,1980463.9664673875
1111000.0,-0.2129227295172181,1.0348728682624055,1189838.619200346,1111000.0,-0.21292273777058318,1.034872866600885,1189838.6153797007
1111000.0,0.09970916280065309,0.8119364608170928,732416.5470250511,1111000.0,0.09970894763770653,0.8119365189135119,732416.6518381302
1111000.0,0.09299949701465347,0.7483384813017957,622171.6461653536,1111000.0,0.09299899955855653,0.7483387268170033,622172.054410098
1111000.0,0.09048905767506141,0.6317900946447415,443465.34202093584,1111000.0,0.09048913251028025,0.6317900888504095,443465.33388663497
