cur_n,cur_mean,cur_std,cur_S,next_n,next_mean,next_std,next_S
401000.0,-0.33296086879137315,1.3073570858689327,685382.2025386549,401000.0,-0.332961088256701,1.3073570373616807,685382.1516787836
401000.0,-0.3809818558906686,1.2731390013156068,649974.0495850311,401000.0,-0.3809819903553802,1.2731389639250068,649974.0114070799
401000.0,-0.19428735075293274,0.9867876726037702,390473.714231909,401000.0,-0.19428744174606072,0.9867876563705597,390473.70138488594
401000.0,0.10646717599092867,0.7831045680643139,245914.3585738015,401000.0,0.10646721649059263,0.7831045629781175,245914.35537941652
401000.0,0.09297038254953409,0.7236485494626534,209990.55647890034,401000.0,0.0929704281771603,0.7236485441774967,209990.55341157436
401000.0,0.07987835895233412,0.6106954217210872,149552.50814254972,401000.0,0.07987846027934864,0.610695411838453,149552.50330225562
