cur_n,cur_mean,cur_std,cur_S,next_n,next_mean,next_std,next_S
1531000.0,-0.3359224745318737,1.3504567803451237,2792136.0123531604,1531000.0,-0.3359224069663981,1.3504567997395813,2792136.092551157
1531000.0,-0.37767964753218686,1.3292536212792683,2705147.155406278,1531000.0,-0.3776796925933187,1.3292536096454752,2705147.1080547096
1531000.0,-0.2049700423981936,1.0104650644578226,1563211.69877581,1531000.0,-0.2049700035349943,1.0104650734853329,1563211.726707324
1531000.0,0.09769719298421822,0.8161135433233861,1019709.2541772501,1531000.0,0.09769719696573785,0.8161135428616215,1019709.253023328
1531000.0,0.09354634484621069,0.7503493145900685,861989.8877697578,1531000.0,0.09354631077141348,0.7503493200227308,861989.9002516775
1531000.0,0.10038929368263945,0.6459163312161132,638745.3055124078,1531000.0,0.10038929531911181,0.6459163309649224,638745.3050156035
