cur_n,cur_mean,cur_std,cur_S,next_n,next_mean,next_std,next_S
802000.0,-0.007595151218029932,0.015212356671327398,185.59546798753473,802000.0,-0.007595160687681341,0.015212354307190869,185.5954103011419
802000.0,-0.01322296650602072,0.021482651124635637,370.1264480729326,802000.0,-0.013222976688269892,0.021482646792551376,370.12629879724136
802000.0,-0.0042734852067590375,0.008717298197935472,60.94501287312667,802000.0,-0.004273494548466826,0.008717297632688803,60.9450049695392
802000.0,-0.0006166394643928657,0.05636166979637272,2547.663533432753,802000.0,-0.0006166862892153233,0.056361684883628374,2547.664897382981
802000.0,-0.0010131037786295285,0.06545943159569248,3436.519622234576,802000.0,-0.0010131554411211365,0.06545944714629248,3436.521255000004
802000.0,-0.0007019466991447636,0.050117056925762404,2014.3989547098874,802000.0,-0.0007019927280091065,0.050117073232988994,2014.4002656115072
