cur_n,cur_mean,cur_std,cur_S,next_n,next_mean,next_std,next_S
182000.0,-0.0072139223392444895,0.016231252097214138,47.94854512508394,182000.0,-0.007213902527424016,0.01623126310307624,47.948610149673726
182000.0,-0.011535317404948287,0.020420411415906017,75.89276283586538,182000.0,-0.011535299292798312,0.020420423109191888,75.89284975243208
182000.0,-0.003887085274069748,0.008931879623365977,14.519682196346665,182000.0,-0.0038870648431940896,0.008931892767468691,14.519724930539832
182000.0,-0.00047880044246644736,0.05220257816244356,495.9698683586973,182000.0,-0.000478902707745875,0.052202595455172245,495.97019695065933
182000.0,-0.0006753142080305263,0.05973485141221906,649.42195012966,182000.0,-0.0006754050781492491,0.05973486296412479,649.4222013083836
182000.0,-0.0005305252336295528,0.04435207132046708,358.0133339356754,182000.0,-0.000530630681465503,0.04435209287307648,358.01368188440426
