cur_n,cur_mean,cur_std,cur_S,next_n,next_mean,next_std,next_S
5151000.0,-0.05801727058698839,0.17028572246310147,149364.71769239396,5151000.0,-0.058017271014280565,0.17028572232028058,149364.71744184563
5151000.0,-0.04900395939628535,0.16641377103319957,142649.44096906387,5151000.0,-0.04900395636988864,0.16641377206613603,142649.44273992465
5151000.0,0.016684520989438578,0.33429882449419224,575653.6316037817,5151000.0,0.01668452587546831,0.3342988244342491,575653.6313973408
5151000.0,0.02697575295442191,0.17244585508443389,153178.2381923139,5151000.0,0.026975757877600714,0.1724458546762827,153178.23746721813
5151000.0,0.02788170002542462,0.18897741778309188,183954.904289053,5151000.0,0.027881693007295146,0.18897741948981048,183954.9076117702
5151000.0,0.06064250130577688,0.4719998582503056,1147559.6947359776,5151000.0,0.06064249868519575,0.4719998586244524,1147559.696555282
