cur_n,cur_mean,cur_std,cur_S,next_n,next_mean,next_std,next_S
2422000.0,-0.010856918674391536,0.01971216068361597,941.1147932940355,2422000.0,-0.010856920567835064,0.019712159861008143,941.1147147467481
2422000.0,-0.01803642026640135,0.02984730950029638,2157.667484032501,2422000.0,-0.018036422258509814,0.0298473084575012,2157.6673332647933
2422000.0,-0.005076885283135587,0.00895006234201774,194.01095777278186,2422000.0,-0.00507688717813741,0.008950061752974902,194.01093223535938
2422000.0,-0.0006271668817689468,0.05507077597640104,7345.418268009224,2422000.0,-0.0006271684430434644,0.055070776012221295,7345.418277564737
2422000.0,-0.0010099534552264668,0.0661337206332714,10593.0263296246,2422000.0,-0.001009955070156862,0.06613372065636629,10593.02633702309
2422000.0,-0.0007139229454929675,0.04769524824921457,5509.654500852285,2422000.0,-0.0007139244403466463,0.04769524828357449,5509.654508790657
