cur_n,cur_mean,cur_std,cur_S,next_n,next_mean,next_std,next_S
1551000.0,-0.33364477676095705,1.348937098133132,2822248.138110464,1551000.0,-0.33364482082645486,1.348937088350356,2822248.097175388
1551000.0,-0.3772127657439382,1.3295132841398871,2741556.243264568,1551000.0,-0.37721279365330307,1.3295132766757602,2741556.2124813874
1551000.0,-0.20387975646166076,1.008317935465645,1576909.5464806175,1551000.0,-0.20387975518964216,1.0083179357241103,1576909.547289046
1551000.0,0.09669688026504426,0.8162818742212229,1033456.2682804562,1551000.0,0.09669684001228476,0.8162818805288985,1033456.284252162
1551000.0,0.09318952095010935,0.7513294741918749,875533.2631024203,1551000.0,0.09318953443985092,0.7513294727065379,875533.2596406583
1551000.0,0.1002426375133627,0.646268110378379,647794.491733155,1551000.0,0.10024265392836715,0.6462681081555589,647794.487277015
