cur_n,cur_mean,cur_std,cur_S,next_n,next_mean,next_std,next_S
1281000.0,-0.36417094821137874,1.3828356959461225,2449572.473899963,1281000.0,-0.36417100173679723,1.3828356831771453,2449572.4286617106
1281000.0,-0.4187901099072107,1.3874022025185322,2465777.5204597446,1281000.0,-0.4187900543003975,1.3874022207311085,2465777.5851967926
1281000.0,-0.2030827938534274,1.0207920774497066,1334823.0921570163,1281000.0,-0.20308280328005315,1.0207920756300726,1334823.0873981835
1281000.0,0.10126434353673915,0.8186628408469165,858537.5329859196,1281000.0,0.10126426583188056,0.8186628551825964,858537.5630537783
1281000.0,0.09278701460340073,0.7550584445107206,730315.0791771216,1281000.0,0.09278700174564473,0.7550584462310275,730315.0825049859
1281000.0,0.09133343742263572,0.6382767453674675,521875.8179100922,1281000.0,0.0913334160494267,0.6382767488842336,521875.8236609367
