cur_n,cur_mean,cur_std,cur_S,next_n,next_mean,next_std,next_S
4451000.0,-0.055988939450388846,0.16645147501109103,123319.82231702036,4451000.0,-0.05598894006810916,0.16645147480840786,123319.82201669436
4451000.0,-0.04735269740171126,0.16250472521698153,117541.05423013553,4451000.0,-0.04735269751744012,0.16250472518344736,117541.05418162445
4451000.0,0.01410496585205141,0.32157231072862996,460272.35082273727,4451000.0,0.014104963460559398,0.3215723108731049,460272.35123631655
4451000.0,0.027513976646278727,0.17019625320351825,128931.06925470113,4451000.0,0.02751397410183602,0.17019625369949962,128931.07000615608
4451000.0,0.028211739444780844,0.18496953725177515,152285.31094426557,4451000.0,0.02821173931486549,0.18496953727179452,152285.3109772295
4451000.0,0.05930908689582009,0.4627644154800836,953185.6747483091,4451000.0,0.059309089258223736,0.46276441520412853,953185.673611504
