cur_n,cur_mean,cur_std,cur_S,next_n,next_mean,next_std,next_S
4162000.0,-0.015251331382736552,0.02759247175627213,3168.7157990972496,4162000.0,-0.015251332640829696,0.02759247118025348,3168.715666797441
4162000.0,-0.025860799762105487,0.04544699988136693,8596.31882017901,4162000.0,-0.02586080113151283,0.04544699918799574,8596.318557876119
4162000.0,-0.005780081703812176,0.010305300891799792,442.0011805703442,4162000.0,-0.005780083183590033,0.010305300504001583,442.0011473045007
4162000.0,-0.0005082833719961185,0.05242752671401011,11439.86280968339,4162000.0,-0.0005082815713032115,0.05242752686016938,11439.86287346828
4162000.0,-0.0007407822223815617,0.0678573587702206,19164.43318164355,4162000.0,-0.0007407802638528908,0.06785735890923067,19164.433260162645
4162000.0,-0.0005767587964742905,0.042742914206510794,7603.793847268724,4162000.0,-0.0005767572874231665,0.0427429143377421,7603.793893959772
