cur_n,cur_mean,cur_std,cur_S,next_n,next_mean,next_std,next_S
3631000.0,-0.30126708857596496,1.3287803585312965,6411101.442864596,3631000.0,-0.30126707840100364,1.328780360979723,6411101.466490938
3631000.0,-0.3714379265846218,1.3379538182127033,6499927.243821595,3631000.0,-0.3714378983376893,1.3379538271372198,6499927.330534165
3631000.0,-0.20476129105165267,0.9961403460104571,3603025.2834768444,3631000.0,-0.20476128380653166,0.9961403475953946,3603025.294942237
3631000.0,0.09802157135676841,0.830811691291483,2506290.7290497967,3631000.0,0.09802156773197225,0.830811691747876,2506290.731803377
3631000.0,0.08670044554636956,0.7362444229774802,1968204.7926769224,3631000.0,0.08670045038876052,0.7362444224650515,1968204.789937168
3631000.0,0.10015008518581128,0.647377086309031,1521741.540608911,3631000.0,0.10015008710043384,0.6473770860230942,1521741.5392646499
