cur_n,cur_mean,cur_std,cur_S,next_n,next_mean,next_std,next_S
302000.0,-0.01799306748168568,0.06291438975091225,1195.3825721943672,302000.0,-0.01799306823670201,0.06291438953635195,1195.3825640410134
302000.0,-0.018739549212028347,0.061589674325014374,1145.572971005323,302000.0,-0.01873955179417446,0.06158967355570651,1145.5729423869452
302000.0,-0.02220042589096056,0.06529890236593991,1287.711888359359,302000.0,-0.022200432952782283,0.0652989000803695,1287.711798215236
302000.0,-0.0009616496232995237,0.14958856691441624,6757.775284155653,302000.0,-0.0009616366693531563,0.1495885671670798,6757.775306984182
302000.0,-0.001000761321665556,0.14765856085949636,6584.521279719474,302000.0,-0.001000747957639631,0.14765856113271017,6584.521304086255
302000.0,-0.0008524076816013567,0.14884626957825317,6690.874014143329,302000.0,-0.0008523916869498959,0.1488462699293809,6690.874045710816
