cur_n,cur_mean,cur_std,cur_S,next_n,next_mean,next_std,next_S
1821000.0,-0.11167624146123023,1.2043088954854726,2641105.4065724444,1821000.0,-0.11167636667983269,1.2043088957282966,2641105.407637493
1821000.0,-0.11874518451664609,1.172114159003479,2501783.766762044,1821000.0,-0.11874571224581298,1.1721143218775276,2501784.4620453087
1821000.0,-0.1627967423572124,0.9677678177796778,1705502.253965802,1821000.0,-0.16279671738730336,0.9677678225666474,1705502.270838005
1821000.0,0.10523381282690927,1.1507497137540457,2411413.5496468376,1821000.0,0.10523398945833858,1.1507497222865037,2411413.58540663
1821000.0,0.10742699734710258,1.0426268761261483,1979555.9319362591,1821000.0,0.10742703764678374,1.0426268733921487,1979555.9215545869
1821000.0,0.0978312468919294,0.6640506845406454,802994.1904944365,1821000.0,0.09783126313899518,0.6640506825089937,802994.1855809423
