cur_n,cur_mean,cur_std,cur_S,next_n,next_mean,next_std,next_S
202000.0,0.0005213522181695099,0.014508860353579714,42.5224198094548,202000.0,0.0005213269732311181,0.014508865697153457,42.522451131243336
202000.0,-0.007570927289551291,0.0215624006044052,93.91729820462045,202000.0,-0.007570943829296916,0.021562396078402855,93.9172587776684
202000.0,-0.00619809989771316,0.01776668482290822,63.762328098504554,202000.0,-0.0061981196704151,0.017766680147502763,63.76229453966109
202000.0,-0.00011259062591383012,0.11813567864671552,2819.1197910026476,202000.0,-0.00011254656849245068,0.11813568034820061,2819.1198722091112
202000.0,-9.65470905591145e-05,0.07360488393431373,1094.3711456747267,202000.0,-9.650314778916847e-05,0.0736048866415972,1094.3712261795195
202000.0,-0.0007921536351620731,0.06409899881471053,829.9536931077487,202000.0,-0.000792128801078402,0.06409900009338984,829.9537262204229
