cur_n,cur_mean,cur_std,cur_S,next_n,next_mean,next_std,next_S
701000.0,-0.02195594546624738,0.08034059591560035,4524.682557803719,701000.0,-0.021955926199393343,0.0803406028004314,4524.683333294017
701000.0,-0.020489072648228215,0.07939968049425826,4419.320793075797,701000.0,-0.02048907137838999,0.07939968082905707,4419.32083034505
701000.0,-0.006366034184964569,0.08412088461472561,4960.50258308315,701000.0,-0.006366022293712012,0.0841208861037887,4960.5027586995
701000.0,0.0327649657729596,0.13783266611057426,13317.488536851484,701000.0,0.03276497115600246,0.1378326649046304,13317.488303813201
701000.0,0.033612965007419414,0.1451752752337531,14774.178237976372,701000.0,0.03361296583437017,0.14517527504393618,14774.178199341848
701000.0,0.04875752930274656,0.3454049491730074,83632.50981815868,701000.0,0.04875749388263831,0.345404955446027,83632.512855917
