cur_n,cur_mean,cur_std,cur_S,next_n,next_mean,next_std,next_S
1951000.0,-0.32768923266083,1.3408143601824085,3507474.922667626,1951000.0,-0.32768924979587927,1.3408143562083188,3507474.901875755
1951000.0,-0.370609632147924,1.3285857813072326,3443788.487847204,1951000.0,-0.3706096586119711,1.3285857744393539,3443788.4522431474
1951000.0,-0.19358335037240415,0.9943746727758817,1929111.7112132346,1951000.0,-0.19358334119962428,0.9943746746441695,1929111.7184622847
1951000.0,0.10032603260130125,0.8299220866065773,1343791.576852797,1951000.0,0.1003260188002052,0.8299220884988355,1343791.5829806027
1951000.0,0.09321259874390427,0.7515336672973032,1101930.3663616818,1951000.0,0.09321259871161124,0.7515336673013445,1101930.366373533
1951000.0,0.09946868406097886,0.6530113387281072,831952.8503980835,1951000.0,0.09946871139060637,0.6530113356809283,831952.8426337183
