cur_n,cur_mean,cur_std,cur_S,next_n,next_mean,next_std,next_S
1062000.0,-0.008043723173365542,0.01558004682328348,257.7876062746794,1062000.0,-0.008043735745192052,0.015580045719346786,257.78756974318617
1062000.0,-0.013692881102865987,0.022018586209930285,514.8768632825484,1062000.0,-0.013692901026273184,0.022018583392639044,514.8767315249531
1062000.0,-0.004363053889365997,0.008582118062909,78.2192209733429,1062000.0,-0.004363065969032932,0.008582120950113877,78.2192736025313
1062000.0,-0.0006206954708570148,0.055654514305707385,3289.465310285648,1062000.0,-0.0006207005660674725,0.055654514496578975,3289.4653328486143
1062000.0,-0.0009961915785708987,0.0647227999437265,4448.761364174092,1062000.0,-0.0009962137016849453,0.06472280361862134,4448.76186936641
1062000.0,-0.0006995208567679575,0.049295436259809096,2580.702518279685,1062000.0,-0.0006995228698823618,0.049295436274896506,2580.7025198593906
