cur_n,cur_mean,cur_std,cur_S,next_n,next_mean,next_std,next_S
401000.0,-0.003689434909086859,0.02963690573654483,352.2168188363744,401000.0,-0.003689476161588744,0.029636912113909626,352.2169704186889
401000.0,-0.0020486716196912273,0.028318214670472745,321.5704341313141,401000.0,-0.0020487199026656185,0.02831822768321197,321.57072966641135
401000.0,-0.004145179442497925,0.03092666603907327,383.53992758923954,401000.0,-0.004145229708517087,0.030926675682365973,383.540166773661
401000.0,-0.0008268193796969106,0.09933944799971356,3957.1986974840056,401000.0,-0.0008266938449455564,0.09933948085131863,3957.20131477961
401000.0,-0.0008405617130962181,0.0959261141809913,3689.9295721276967,401000.0,-0.0008404016459901326,0.09592616913618478,3689.9337999827153
401000.0,-0.0008090044202473997,0.10162352612849716,4141.263766178528,401000.0,-0.0008088336012284955,0.10162358505770702,4141.268569032387
