cur_n,cur_mean,cur_std,cur_S,next_n,next_mean,next_std,next_S
5741000.0,-0.30821573172864,1.3410089938237757,10324069.702624822,5741000.0,-0.3082157104152775,1.3410089996947974,10324069.793023674
5741000.0,-0.3923904754372837,1.3648848024860036,10694969.318612715,5741000.0,-0.392390460836743,1.3648848071318782,10694969.391421037
5741000.0,-0.22105711647701562,1.0056843620287967,5806453.347844027,5741000.0,-0.2210571078899177,1.0056843641268,5806453.372070234
5741000.0,0.09569444986152226,0.8205871016196385,3865778.0815088837,5741000.0,0.09569444863812014,0.8205871017675815,3865778.0829028
5741000.0,0.08643561834418988,0.7276788368756101,3039954.1670039543,5741000.0,0.08643560783272551,0.727678838560081,3039954.1810780596
5741000.0,0.09681046349808327,0.6358225415873604,2320915.817506496,5741000.0,0.09681044906474195,0.6358225447254646,2320915.8404162712
