cur_n,cur_mean,cur_std,cur_S,next_n,next_mean,next_std,next_S
2142000.0,-0.010179177315991694,0.018607751513639626,741.6641079145725,2142000.0,-0.010179179495784306,0.018607750594686095,741.6640346596351
2142000.0,-0.016891634817268162,0.02775980959568249,1650.6402556650648,2142000.0,-0.016891637121942246,0.027759808398229942,1650.6401132603896
2142000.0,-0.00491804625961889,0.008833875414651773,167.1560140706837,2142000.0,-0.004918048389304745,0.008833874778882245,167.1559900104177
2142000.0,-0.0006287210031853783,0.054960353933280366,6470.211960577839,2142000.0,-0.0006287209035197203,0.05496035393461163,6470.211960891284
2142000.0,-0.0010010884543667257,0.06549885631394094,9189.39458220623,2142000.0,-0.0010010883153049092,0.06549885631638357,9189.394582891622
2142000.0,-0.0007118792115307771,0.047856591692428,4905.722715146577,2142000.0,-0.0007118792227730322,0.04785659169226184,4905.722715112512
