cur_n,cur_mean,cur_std,cur_S,next_n,next_mean,next_std,next_S
5061000.0,-0.3083937156576316,1.340626389820775,9096029.611561542,5061000.0,-0.30839372486188604,1.3406263878634048,9096029.585000377
5061000.0,-0.3884708292849595,1.3618019499030933,9385647.531395687,5061000.0,-0.388470830936294,1.361801949437158,9385647.524973162
5061000.0,-0.2152835427614146,1.0010898080124078,5072037.047557684,5061000.0,-0.2152835419608915,1.0010898081861848,5072037.049318572
5061000.0,0.09667312166024125,0.8230617313052346,3428476.3351217406,5061000.0,0.09667312805913068,0.8230617306795431,3428476.3299090858
5061000.0,0.08662121071327916,0.7306522907116253,2701828.8685759776,5061000.0,0.08662120779651525,0.7306522910868912,2701828.8713513175
5061000.0,0.0967286708271378,0.6380754683689911,2060537.075174929,5061000.0,0.09672865044655266,0.6380754731058332,2060537.1057682976
