cur_n,cur_mean,cur_std,cur_S,next_n,next_mean,next_std,next_S
3301000.0,-0.050309296327190584,0.15571922232774196,80044.21994397957,3301000.0,-0.05030929663636272,0.15571922222886686,80044.21984233019
3301000.0,-0.0436251327841258,0.15253584341259294,76804.97281797613,3301000.0,-0.043625134487445275,0.15253584295684028,76804.97235901422
3301000.0,0.009392722143609188,0.2861810041026566,270350.4710274849,3301000.0,0.009392731082347965,0.28618100427009585,270350.47134383913
3301000.0,0.02807871999884475,0.16199372886116437,86624.73699632699,3301000.0,0.02807872197717745,0.16199372855812247,86624.73667222894
3301000.0,0.028813333690989408,0.17763622031537776,104161.82296094825,3301000.0,0.028813339723698747,0.1776362196749905,104161.8222099313
3301000.0,0.05563665509125335,0.44166618794703655,643922.8402212769,3301000.0,0.055636641962071194,0.4416661902450873,643922.8469221174
