cur_n,cur_mean,cur_std,cur_S,next_n,next_mean,next_std,next_S
261000.0,-0.29845512703467175,1.2466103749241564,405603.7684126905,261000.0,-0.29845491623765585,1.2466104300434255,405603.8042804872
261000.0,-0.3353705081785573,1.204256953883779,378511.28566511144,261000.0,-0.33537027892735005,1.2042570234226204,378511.32937876723
261000.0,-0.20906795645018916,0.9844304422739579,252935.9601713578,261000.0,-0.20906809276211522,0.9844304157879391,252935.9465609162
261000.0,0.10329317493419246,0.7883096818951353,162193.79234266802,261000.0,0.103293547929342,0.7883096560524312,162193.78170845614
261000.0,0.08945149639359257,0.7174408674470816,134342.28495192068,261000.0,0.08945063501378345,0.7174411098072355,134342.37571681524
261000.0,0.09926866259533008,0.6343611376287572,105030.06781568292,261000.0,0.09926856100797012,0.6343611556487737,105030.07378276844
