cur_n,cur_mean,cur_std,cur_S,next_n,next_mean,next_std,next_S
2491000.0,-0.33834019138804716,1.3691210583578,4669360.748845006,2491000.0,-0.33834109334428636,1.369121575534015,4669364.276484523
2491000.0,-0.39773766277979017,1.3764314142041607,4719357.524078092,2491000.0,-0.3977380112391398,1.376431423385941,4719357.5870410595
2491000.0,-0.18073187099625687,1.006808411132459,2525034.973227123,2491000.0,-0.18073171268157182,1.0068084705569773,2525035.2712957314
2491000.0,0.10394879277297708,0.8477647805503792,1790294.4617458067,2491000.0,0.10394959244067885,0.8477656219780271,1790298.0155712077
2491000.0,0.09444248559227228,0.767520258713192,1467416.5827100964,2491000.0,0.09444276061196501,0.7675203476109762,1467416.9226362128
2491000.0,0.09330668652131428,0.6522346753035269,1059696.4885257282,2491000.0,0.09330646778984476,0.6522347979558427,1059696.887076267
