cur_n,cur_mean,cur_std,cur_S,next_n,next_mean,next_std,next_S
522000.0,0.0003040111983163708,0.013894106934625028,100.77012032063514,522000.0,0.00030401295057008184,0.01389410695396147,100.77012060111889
522000.0,-0.007355508526455504,0.020332728515665907,215.8051611215058,522000.0,-0.007355507964357245,0.02033272872306457,215.80516552403367
522000.0,-0.005823933160026184,0.014885508804856867,115.66391038208404,522000.0,-0.005823935655871825,0.01488550793758341,115.66389690424622
522000.0,-0.00017106600846255056,0.11462572212596803,6858.587322253609,522000.0,-0.0001710662025636447,0.11462572212576272,6858.587322229042
522000.0,-0.0001344033299823704,0.06967860183599847,2534.366143093836,522000.0,-0.00013440347394651643,0.06967860183580099,2534.36614307947
522000.0,-0.0007522134933633642,0.06013605325377724,1887.732038291271,522000.0,-0.0007522128686796991,0.06013605326328356,1887.7320388880976
