cur_n,cur_mean,cur_std,cur_S,next_n,next_mean,next_std,next_S
1751000.0,-0.005776900767634694,0.019778599159369047,684.9789162219463,1751000.0,-0.00577690673017034,0.01977859899154292,684.9789045975278
1751000.0,-0.006346188623289041,0.02081653432689997,758.7575055216414,1751000.0,-0.00634619578192391,0.02081653429979952,758.757503546032
1751000.0,-0.006283460135158391,0.020370611127699487,726.5981078006357,1751000.0,-0.006283465939096721,0.02037061078519617,726.5980833671754
1751000.0,-0.001290024153011158,0.07364363039394244,9496.345905096905,1751000.0,-0.0012900227607593143,0.07364363044137623,9496.345917330078
1751000.0,-0.0014620625264591446,0.07653060736779832,10255.49119601127,1751000.0,-0.001462061927735285,0.07653060738333832,10255.491200176148
1751000.0,-0.0014343292486092185,0.07248456921866663,9199.776368702243,1751000.0,-0.001434328869435564,0.07248456922790714,9199.776371047865
