cur_n,cur_mean,cur_std,cur_S,next_n,next_mean,next_std,next_S
2022000.0,-0.009882812433539417,0.017974327857703382,653.2606060350203,2022000.0,-0.00988281584741272,0.017974326636185825,653.260517245133
2022000.0,-0.016380692449063514,0.026522597216880918,1422.3721858466345,2022000.0,-0.01638069648549177,0.0265225953449858,1422.3719850720697
2022000.0,-0.004865517566098064,0.00875380331454543,154.94398453382757,2022000.0,-0.004865520822481469,0.008753802729277912,154.94396381513536
2022000.0,-0.0006238428498992405,0.05474237102463957,6059.382368877381,2022000.0,-0.0006238438103416562,0.05474237103072844,6059.382370225322
2022000.0,-0.000991705654492585,0.06499159834221868,8540.74168296424,2022000.0,-0.0009917073182944863,0.06499159835989346,8540.741687609632
2022000.0,-0.0007071258849231175,0.047804254144128436,4620.768856266922,2022000.0,-0.0007071265737439524,0.047804254143972776,4620.76885623683
