cur_n,cur_mean,cur_std,cur_S,next_n,next_mean,next_std,next_S
1101000.0,-0.3692776542369086,1.3833199702369656,2106845.1282020956,1101000.0,-0.3692777970604021,1.3833199402279188,2106845.0367924226
1101000.0,-0.42685912604725257,1.3877815560808886,2120457.34978552,1101000.0,-0.42685915710846895,1.3877815469097161,2120457.32175938
1101000.0,-0.2107594656671955,1.0299179147741433,1167864.7332011643,1101000.0,-0.21075943228557273,1.029917922200874,1167864.7500440928
1101000.0,0.10253653654380845,0.8119986795088651,725935.3829320788,1101000.0,0.10253716235417452,0.8119988659973629,725935.7163774847
1101000.0,0.09489728757480076,0.7450298429297995,611131.4830084578,1101000.0,0.0948973483029344,0.7450298379196103,611131.4747889633
1101000.0,0.09236725382585216,0.6348813783681201,443784.87542306306,1101000.0,0.09236717218584319,0.6348813960249412,443784.9001074546
