cur_n,cur_mean,cur_std,cur_S,next_n,next_mean,next_std,next_S
441000.0,-0.3465590598675555,1.3359575082646407,787089.0665749022,441000.0,-0.3465589309939958,1.335957544436784,787089.1091970647
441000.0,-0.4221931330283233,1.3032225140727005,748989.5142430129,441000.0,-0.4221929870068259,1.3032225649855909,748989.5727644415
441000.0,-0.2284605486581799,1.0120860768835243,451724.33811647404,441000.0,-0.2284605979992682,1.0120860662760467,451724.32864760404
441000.0,0.10693034634035908,0.7810905520484265,269055.18067019817,441000.0,0.10693053545908456,0.7810905362549058,269055.1697896965
441000.0,0.10696477613903667,0.7125897203989288,223932.79234163655,441000.0,0.10696429519899747,0.7125898641645562,223932.88269893677
441000.0,0.0949821564264623,0.6160619836418139,167373.77415071076,441000.0,0.09498215516278544,0.6160619838372151,167373.77425688528
