cur_n,cur_mean,cur_std,cur_S,next_n,next_mean,next_std,next_S
3162000.0,-0.013778093976023104,0.025510671253893297,2057.8117278201767,3162000.0,-0.013778094983794443,0.025510670772545648,2057.811650164609
3162000.0,-0.02311945361258651,0.04074413884668815,5249.188296832635,3162000.0,-0.02311945689689451,0.040744137401628286,5249.187924489942
3162000.0,-0.005483791385953352,0.010114811825228342,323.5023805374215,3162000.0,-0.005483793536756773,0.010114811382222368,323.502352200071
3162000.0,-0.0004901569832791201,0.05242303384008402,8689.727696269554,3162000.0,-0.0004901530743055839,0.05242303433745418,8689.727861159337
3162000.0,-0.0007414250330130037,0.06651356557461954,13988.860030030413,3162000.0,-0.0007414203273924178,0.06651356615339798,13988.860273483027
3162000.0,-0.0005535192995537293,0.04327745292122061,5922.229738923849,3162000.0,-0.0005535149675077611,0.043277453662203286,5922.2299417208915
