cur_n,cur_mean,cur_std,cur_S,next_n,next_mean,next_std,next_S
2501000.0,-0.3035161394455396,1.3273795624580453,4406603.193581111,2501000.0,-0.30351610795672207,1.3273795705923654,4406603.247589357
2501000.0,-0.36240058157792526,1.3267043818726385,4402121.436717029,2501000.0,-0.3624005719028071,1.3267043846037383,4402121.454841087
2501000.0,-0.19171437720772636,0.9893992398064876,2448256.0501798685,2501000.0,-0.19171437995900809,0.9893992392829246,2448256.0475887684
2501000.0,0.09642399228494347,0.8387302044992537,1759374.3582043392,2501000.0,0.09642400061622404,0.8387302036449531,1759374.3546202676
2501000.0,0.08815649906736418,0.7493578844267555,1404404.6346203093,2501000.0,0.08815647472342718,0.7493578882796108,1404404.649061921
2501000.0,0.09893141566861884,0.6547185349526948,1072069.5563865183,2501000.0,0.09893142449260998,0.6547185337680428,1072069.552506899
