cur_n,cur_mean,cur_std,cur_S,next_n,next_mean,next_std,next_S
1362000.0,-0.00879364126970116,0.017670273787247805,425.2689401255965,1362000.0,-0.008793636175755832,0.017670277322285394,425.2691102804968
1362000.0,-0.014668095544290632,0.025552896279131352,889.3185922392852,1362000.0,-0.01466809089292431,0.025552899525739598,889.3188182230035
1362000.0,-0.004242781261733158,0.009094281720519687,112.64551753658712,1362000.0,-0.004242776062263731,0.00909428617064267,112.64562777872491
1362000.0,-0.0004473045929931561,0.05120522371487559,3571.129862410404,1362000.0,-0.00044730663766420157,0.05120522375261505,3571.129867674417
1362000.0,-0.0006936455837383425,0.06183380874204198,5207.497908631596,1362000.0,-0.0006936474960986834,0.06183380876086711,5207.497911802412
1362000.0,-0.0005045019188133642,0.0439285234562432,2628.272065688256,1362000.0,-0.0005045042045488962,0.04392852351098469,2628.2720722386935
