cur_n,cur_mean,cur_std,cur_S,next_n,next_mean,next_std,next_S
122000.0,-0.006948512763119741,0.01635186190989777,32.62077332628459,122000.0,-0.006948462279988701,0.016351892869201568,32.6208968495131
122000.0,-0.010963260542810691,0.019914795154242337,48.38508605632296,122000.0,-0.010963214438451134,0.01991482704585143,48.38524102447343
122000.0,-0.003836237535403564,0.008892133720138685,9.646545135812948,122000.0,-0.0038361865795626237,0.00889217351519714,9.64663147857356
122000.0,-0.00044680284479038743,0.05226308046680991,333.23440874539017,122000.0,-0.00044680252096431574,0.0522630804697008,333.2344087822554
122000.0,-0.0006608490700129909,0.05862377929695612,419.283194885103,122000.0,-0.0006608473655267805,0.05862377931919344,419.2831952031901
122000.0,-0.0005006464898516545,0.04362177984755763,232.14888060239173,122000.0,-0.0005006446648632416,0.043621779873159794,232.14888087489385
