cur_n,cur_mean,cur_std,cur_S,next_n,next_mean,next_std,next_S
4621000.0,-0.30561545360226755,1.337424754783367,8265605.688122662,4621000.0,-0.3056154504011561,1.3374247555326286,8265605.6973838955
4621000.0,-0.38744329407153905,1.3572679562910837,8512696.706211712,4621000.0,-0.387443296902293,1.3572679554967366,8512696.696247526
4621000.0,-0.21384730326764065,1.0016822700548276,4636560.617427071,4621000.0,-0.21384731458868547,1.001682267933593,4636560.597789642
4621000.0,0.09647774094752055,0.8240673848400089,3138061.2800323344,4621000.0,0.09647767898625613,0.8240674028584005,3138061.41726096
4621000.0,0.08861988434289256,0.7321257121809418,2476893.2380348407,4621000.0,0.08861988330474482,0.7321257123100023,2476893.238908104
4621000.0,0.09795217969146545,0.6391972651063617,1888016.4971275895,4621000.0,0.09795216522702464,0.6391972680791601,1888016.514689281
