cur_n,cur_mean,cur_std,cur_S,next_n,next_mean,next_std,next_S
591000.0,-0.36453823282748954,1.3599895097901817,1093096.7368429494,591000.0,-0.36453837264673933,1.3599894765600695,1093096.6834252921
591000.0,-0.4048828562929245,1.3138662113656217,1020210.453028637,591000.0,-0.40488301380645964,1.3138661684060937,1020210.3863129268
591000.0,-0.2043891871413166,1.015495786821862,609457.930594295,591000.0,-0.20438922219446376,1.0154957801242463,609457.9225550396
591000.0,0.10556052917090741,0.7875746783529575,366581.8595238138,591000.0,0.10556073681663743,0.7875746666991786,366581.8486751565
591000.0,0.09229021256728877,0.714619657172135,301812.6213603405,591000.0,0.09229015502939737,0.7146196659718815,301812.6287933142
591000.0,0.08014732572975843,0.6054737897294583,216659.71943916724,591000.0,0.08014736234124042,0.6054737855373178,216659.71643897792
