cur_n,cur_mean,cur_std,cur_S,next_n,next_mean,next_std,next_S
1722000.0,-0.0074326137867743395,0.03722151787124064,2385.7300781245062,1722000.0,-0.007432612889118592,0.037221518069130335,2385.7301034921666
1722000.0,-0.014936161788023802,0.06206752466530733,6633.794258331235,1722000.0,-0.01493616860687354,0.062067523669393825,6633.794045444213
1722000.0,-0.033414125746668064,0.09346433673693624,15042.672620165058,1722000.0,-0.033414154187777184,0.0934643340206548,15042.671745818041
1722000.0,-0.00041586880862950077,0.15551719429934863,41647.59927856061,1722000.0,-0.000415860775478126,0.155517194678101,41647.59948142084
1722000.0,-0.00048243140975001106,0.15807945069546556,43031.25212481418,1722000.0,-0.00048241832620855667,0.158079451667743,43031.25265414695
1722000.0,-0.0004383246028446682,0.1624936461802013,45468.00665426856,1722000.0,-0.00043826663398956677,0.16249366414214828,45468.01670627969
