cur_n,cur_mean,cur_std,cur_S,next_n,next_mean,next_std,next_S
2221000.0,-0.3408670966307648,1.3634394744259875,4128766.152139511,2221000.0,-0.34086711011412524,1.3634394712031248,4128766.132620572
2221000.0,-0.40050764411932144,1.375560174256647,4202500.22625517,2221000.0,-0.40050766476337474,1.3755601685900165,4202500.191630708
2221000.0,-0.1887335115623886,1.0107663995378144,2269081.794759328,2221000.0,-0.18873348249554642,1.0107664058934946,2269081.823295216
2221000.0,0.10410332112344466,0.8412872295884744,1571944.2941270724,2221000.0,0.10410352850508688,0.8412872606958834,1571944.410375396
2221000.0,0.09470908951160857,0.7641644576366542,1296946.9939778857,2221000.0,0.0947090891687648,0.7641644576793175,1296946.9941227029
2221000.0,0.09536647185815408,0.6500987838318483,938657.7402307587,2221000.0,0.09536650364255504,0.6500987808949173,938657.7317496693
