cur_n,cur_mean,cur_std,cur_S,next_n,next_mean,next_std,next_S
1041000.0,-0.3564057642690279,1.3688102194223104,1950460.7148835466,1041000.0,-0.35640625285606947,1.3688101829797228,1950460.6110271707
1041000.0,-0.4014036598154763,1.344961369909117,1883086.8510962685,1041000.0,-0.40140439633902164,1.344961360028178,1883086.8234275691
1041000.0,-0.21999277336417195,1.044468630878185,1135642.2244449807,1041000.0,-0.21999327634466512,1.0444686510116563,1135642.2682268997
1041000.0,0.0979039798089074,0.8056277683062834,675646.5812098752,1041000.0,0.09790580492258914,0.8056296986231389,675649.8189670576
1041000.0,0.09402298070919789,0.7471681430843713,581148.9036357935,1041000.0,0.09402412607448478,0.7471689128339796,581150.1010620369
1041000.0,0.09237263104065435,0.6310479684295077,414548.62153582834,1041000.0,0.09237379407741447,0.6310489138771047,414549.86370539793
