cur_n,cur_mean,cur_std,cur_S,next_n,next_mean,next_std,next_S
3161000.0,-0.2965177465763557,1.3230587222431094,5533281.133093783,3161000.0,-0.2965177421422357,1.3230587232604327,5533281.141603058
3161000.0,-0.36066614346384884,1.3269708709692765,5566052.199679435,3161000.0,-0.3606661295415421,1.326970874984222,5566052.233361254
3161000.0,-0.19373776628660233,0.9882599852295302,3087215.3007609593,3161000.0,-0.19373775494184498,0.9882599876593842,3087215.315942151
3161000.0,0.09656982150091653,0.8346967552633927,2202327.726134513,3161000.0,0.09656989746705205,0.8346967574016683,2202327.737418093
3161000.0,0.08510831446463124,0.7384429819861705,1723687.0969946685,3161000.0,0.08510834115398704,0.7384429804346979,1723687.0897517167
3161000.0,0.09731996779753338,0.6509544798726277,1339447.623912195,3161000.0,0.09731996050016764,0.6509544810928737,1339447.628933915
