cur_n,cur_mean,cur_std,cur_S,next_n,next_mean,next_std,next_S
4061000.0,-0.3095659985017962,1.3441178632207522,7336817.14356046,4061000.0,-0.30956598754189973,1.3441178659264246,7336817.173098084
4061000.0,-0.38179376650034186,1.3616006329162496,7528916.467528758,4061000.0,-0.38179377486392274,1.3616006306754374,7528916.442747795
4061000.0,-0.15848325821826154,0.9724915720275293,3840649.56197584,4061000.0,-0.158483256929351,0.972491572240999,3840649.563661947
4061000.0,0.09892641543165671,0.858894244069878,2995796.9486577474,4061000.0,0.0989264053964769,0.8588942454637211,2995796.9583811113
4061000.0,0.09459860737539028,0.768400614918052,2397774.829831155,4061000.0,0.09459854591145768,0.7684006324678205,2397774.9393583797
4061000.0,0.09335098741185166,0.6561275301219719,1748274.0466186581,4061000.0,0.09335098564799442,0.6561275303825547,1748274.0480073215
