cur_n,cur_mean,cur_std,cur_S,next_n,next_mean,next_std,next_S
101000.0,-0.31352459622426904,1.2739703899528079,163923.05600212744,101000.0,-0.31352569480137193,1.2739701674322987,163922.9987382554
101000.0,-0.36995625811067223,1.1941638547938855,144028.75852171544,101000.0,-0.36995499630644313,1.1941643130350417,144028.86905917173
101000.0,-0.17859419124939735,0.9627691224965548,93619.3627065114,101000.0,-0.1785944572945179,0.9627690768576228,93619.3538306812
101000.0,0.12210217753089918,0.8223565073252092,68303.29273915179,101000.0,0.12209663128230346,0.8223592197912278,68303.74332393934
101000.0,0.11278055732845103,0.7126876884820558,51300.29787270347,101000.0,0.11277941276662647,0.7126879624305631,51300.3373111362
101000.0,0.08922498788303757,0.6381852831208443,41135.32601479525,101000.0,0.0892248020548537,0.6381853118340957,41135.32971631898
