cur_n,cur_mean,cur_std,cur_S,next_n,next_mean,next_std,next_S
1542000.0,-0.008842817466501429,0.01652078921281674,420.8680463224845,1542000.0,-0.008842820225666728,0.01652078809124919,420.86798917849205
1542000.0,-0.014838836030199566,0.02389198013302357,880.2147940316147,1542000.0,-0.014838838968572932,0.023891978586680376,880.2146800926189
1542000.0,-0.0045798056026538575,0.008608511951104058,114.27218909496874,1542000.0,-0.004579808301171428,0.008608511167662317,114.27216829564846
1542000.0,-0.0006251587789631864,0.054876423997685664,4643.6125864131545,1542000.0,-0.0006251588291516552,0.054876423997149225,4643.612586322369
1542000.0,-0.0009927362800202962,0.06451194232919394,6417.481264157446,1542000.0,-0.0009927362897557653,0.06451194232904774,6417.481264128361
1542000.0,-0.0007025436430468905,0.04833501994054053,3602.5347433900783,1542000.0,-0.0007025437611845259,0.04833501993904462,3602.534743167091
