cur_n,cur_mean,cur_std,cur_S,next_n,next_mean,next_std,next_S
5481000.0,-0.3098763705194705,1.3434029925337987,9891733.901511583,5481000.0,-0.3098763920369285,1.3434029885150247,9891733.842329578
5481000.0,-0.39193939573423486,1.3639898012725606,10197226.08348404,5481000.0,-0.3919393749228465,1.3639898081229462,10197226.185911393
5481000.0,-0.21876669178708857,1.0036052999736442,5520592.5413789665,5481000.0,-0.21876668653721493,1.0036053011933113,5520592.5547971595
5481000.0,0.09642213181579497,0.8222844855109602,3705987.879389006,5481000.0,0.09642212813217382,0.8222844859881631,3705987.883690457
5481000.0,0.08685755422199679,0.7285686925569924,2909382.434302419,5481000.0,0.08685756543547117,0.7285686916931785,2909382.427403509
5481000.0,0.09638044884596621,0.6364345970901262,2220073.5491219,5481000.0,0.09638045699191743,0.6364345961422431,2220073.5425089025
