cur_n,cur_mean,cur_std,cur_S,next_n,next_mean,next_std,next_S
1182000.0,-0.008278604965673739,0.015886179540889434,298.30216787915214,1182000.0,-0.008278605915959242,0.015886179079271933,298.3021505431401
1182000.0,-0.014046020679068419,0.02262266108873772,604.9296273778193,1182000.0,-0.014046034681604142,0.02262265751700711,604.9294363617856
1182000.0,-0.004425779446753729,0.008581616440487579,87.04737434480641,1182000.0,-0.004425783556455164,0.008581615484157592,87.0473549437972
1182000.0,-0.000627690340708623,0.05558492122193985,3652.0058582886245,1182000.0,-0.0006276789785130265,0.05558492272288224,3652.00605551659
1182000.0,-0.001001386650231755,0.06480118932245332,4963.447470648447,1182000.0,-0.0010013678907255233,0.06480119282192054,4963.448006731884
1182000.0,-0.0007070587212855834,0.04919657018258012,2860.7975759563064,1182000.0,-0.0007070391818388781,0.04919657504985386,2860.7981420236383
