cur_n,cur_mean,cur_std,cur_S,next_n,next_mean,next_std,next_S
3462000.0,-0.013748785311558992,0.02443577366987497,2067.184554634618,3462000.0,-0.013748785258870957,0.0244357736997158,2067.184559683487
3462000.0,-0.02281336105539791,0.03863672527804208,5168.061622210122,3462000.0,-0.02281336102937283,0.03863672529343991,5168.06162632936
3462000.0,-0.005649411883242637,0.009431148068791752,307.9329695861323,3462000.0,-0.005649411823842471,0.009431148105020975,307.9329719519466
3462000.0,-0.0006551881025401207,0.0555604187486894,10687.05597535588,3462000.0,-0.000655188721898904,0.055560418753334805,10687.055977142967
3462000.0,-0.0010410349714220838,0.06840993396755309,16201.879804570499,3462000.0,-0.0010410355842079076,0.06840993396772849,16201.87980465358
3462000.0,-0.000738609941179503,0.04711473519022652,7684.941617820376,3462000.0,-0.0007386105703526586,0.04711473519490552,7684.94161934677
