cur_n,cur_mean,cur_std,cur_S,next_n,next_mean,next_std,next_S
1951000.0,-0.06300109770008785,0.1605604166347943,50296.09205777046,1951000.0,-0.06300110321032638,0.1605604146571488,50296.09081876221
1951000.0,-0.06894599929215246,0.16467438288610414,52906.53979127142,1951000.0,-0.0689459945205019,0.16467438501877962,52906.541161642184
1951000.0,-0.08340000436131327,0.2291734454782397,102467.43328722939,1951000.0,-0.083399999445519,0.22917344737004544,102467.4349789479
1951000.0,0.03119766144674207,0.15295724354024212,45645.43670363787,1951000.0,0.031197671193926108,0.15295724215809486,45645.43587871826
1951000.0,0.030942276311255484,0.11973678384050847,27971.286836118335,1951000.0,0.03094227739205321,0.11973678357072953,27971.286710074128
1951000.0,0.050384542611934896,0.3104872717566527,188080.97689555745,1951000.0,0.05038454117064085,0.3104872719970902,188080.9771868526
