cur_n,cur_mean,cur_std,cur_S,next_n,next_mean,next_std,next_S
1931000.0,-0.12786905475560573,1.2252457042457325,2898869.4060769314,1931000.0,-0.12786902448753887,1.225245708126534,2898869.4244404915
1931000.0,-0.1240008940030543,1.1848995730111338,2711098.8933735187,1931000.0,-0.12400085568046212,1.1848995782182605,2711098.917201758
1931000.0,-0.17341849962117256,0.9889045966888274,1888387.2739112766,1931000.0,-0.17341847959664525,0.9889046005918612,1888387.2888175466
1931000.0,0.10580042938520366,1.1322132290387938,2475362.0230961833,1931000.0,0.10580039455834529,1.1322132333274881,2475362.0418489603
1931000.0,0.10562906898703911,1.0275302000654745,2038785.1605619732,1931000.0,0.10562900160716256,1.0275302112580624,2038785.2049777622
1931000.0,0.09841718881297641,0.6575915158374861,835015.767885486,1931000.0,0.0984171624847192,0.6575915207956214,835015.780477258
