cur_n,cur_mean,cur_std,cur_S,next_n,next_mean,next_std,next_S
2421000.0,-0.33759825634980084,1.3664015512238308,4520135.795231463,2421000.0,-0.33759831425286235,1.366401539887849,4520135.72023129
2421000.0,-0.39826029933671686,1.3745526088270974,4574224.9910032125,2421000.0,-0.3982603225250343,1.374552602582141,4574224.949439382
2421000.0,-0.18261528285793452,1.007387906530324,2456904.384415211,2421000.0,-0.18261527811315595,1.0073879074174603,2456904.388742461
2421000.0,0.10348958907978019,0.8455686477012461,1730981.924238235,2421000.0,0.10348977998502543,0.8455686765098941,1730982.0421878537
2421000.0,0.09448048508492468,0.7657304600134751,1419536.7356271173,2421000.0,0.09448047529277148,0.7657304613732645,1419536.740668763
2421000.0,0.093662368942241,0.6515866293065127,1027872.1930237662,2421000.0,0.09366237204981782,0.6515866288777488,1027872.1916710234
