cur_n,cur_mean,cur_std,cur_S,next_n,next_mean,next_std,next_S
1802000.0,-0.009638069993607177,0.01899108697921432,649.9118151430548,1802000.0,-0.009638068870036692,0.01899108760932465,649.9118582702498
1802000.0,-0.016019149540844265,0.02787968605082561,1400.6529635152654,1802000.0,-0.016019148410529156,0.027879686741572773,1400.6530329204281
1802000.0,-0.004434855663805592,0.00923796378187043,153.78263465293998,1802000.0,-0.004434854519304265,0.009237964459065296,153.78265719921032
1802000.0,-0.0004516652820920335,0.05118097520205563,4720.324985185447,1802000.0,-0.0004516630549405813,0.05118097530902853,4720.325004917265
1802000.0,-0.0007086201732463208,0.062373886734603555,7010.684146978838,1802000.0,-0.0007086179822638981,0.06237388682883679,7010.6841681620435
1802000.0,-0.0005127043645440887,0.043610191688534555,3427.131572037533,1802000.0,-0.00051270211396697,0.04361019181963815,3427.131592643233
