cur_n,cur_mean,cur_std,cur_S,next_n,next_mean,next_std,next_S
1651000.0,-0.3564885318732893,1.3776095399476191,3133281.0815597945,1651000.0,-0.35648850034007235,1.3776095487033735,3133281.1213885546
1651000.0,-0.40882790554077064,1.3820140534217058,3153348.6552047594,1651000.0,-0.4088279155899159,1.38201405050934,3153348.641914438
1651000.0,-0.18849957485048938,1.0148737228009477,1700478.2795057923,1651000.0,-0.1884996123255728,1.014873716982762,1700478.260008394
1651000.0,0.10211453328573909,0.8288255309152089,1134157.3569105454,1651000.0,0.10211452854007673,0.8288255315223032,1134157.3585720302
1651000.0,0.09133964476384712,0.7593015130589172,951865.5385481095,1651000.0,0.09133961558399972,0.7593015174947796,951865.5496697635
1651000.0,0.09039379410673185,0.6489269662310557,695246.3485855407,1651000.0,0.09039377120592304,0.6489269700882025,695246.3568504684
