cur_n,cur_mean,cur_std,cur_S,next_n,next_mean,next_std,next_S
1422000.0,-0.00888024473903566,0.01778723433491508,449.90047291552867,1422000.0,-0.008880246130637802,0.01778723371756884,449.9004416859002
1422000.0,-0.014794149026579453,0.025711428667896573,940.0522962132426,1422000.0,-0.014794150449888388,0.025711427904955543,940.0522404244753
1422000.0,-0.004260171003444626,0.00910594873503161,117.90982596306381,1422000.0,-0.004260172386016649,0.009105948237454243,117.90981307714476
1422000.0,-0.0004523087057506015,0.05125632222423213,3735.8934276310333,1422000.0,-0.0004523085901867465,0.05125632222543711,3735.893427806686
1422000.0,-0.0007013837524692618,0.061926984736799355,5453.300945677512,1422000.0,-0.000701383610190526,0.061926984738643366,5453.3009460022795
1422000.0,-0.000510057379932959,0.043945946170669166,2746.23207483587,1422000.0,-0.0005100572642823631,0.04394594617222646,2746.232075030505
