cur_n,cur_mean,cur_std,cur_S,next_n,next_mean,next_std,next_S
522000.0,-0.0070823373306634395,0.015273743067648395,121.7759326487925,522000.0,-0.007082347905253002,0.015273740075104668,121.77588493033008
522000.0,-0.012814249727053532,0.021358857165343314,238.13680685177852,522000.0,-0.012814263647015378,0.021358851181819634,238.1366734273156
522000.0,-0.004238494920795896,0.009250148526705006,44.66505933390565,522000.0,-0.004238505792980704,0.009250146880200528,44.665043433358015
522000.0,-0.0006484492650869849,0.059040741177425145,1819.5923600030058,522000.0,-0.0006484439380546475,0.05904074136137736,1819.5923713415507
522000.0,-0.0010752715998147931,0.06836001166631726,2439.353603799935,522000.0,-0.0010752662567230034,0.06836001185936086,2439.3536175770414
522000.0,-0.0007460486920048074,0.052834240842406247,1457.1405568153489,522000.0,-0.0007460452704899597,0.05283424094855079,1457.14056267017
