cur_n,cur_mean,cur_std,cur_S,next_n,next_mean,next_std,next_S
3381000.0,-0.30193392579793377,1.3299596026722298,5980287.593766195,3381000.0,-0.3019338450474401,1.3299596292930025,5980287.833171779
3381000.0,-0.36441751312423987,1.332652838530905,6004532.891178383,3381000.0,-0.36441751691616703,1.3326528375122488,6004532.881998865
3381000.0,-0.19788724853440387,0.9899524243832571,3313399.6183954775,3381000.0,-0.19788724661659757,0.9899524247728875,3313399.621003685
3381000.0,0.09864074961012155,0.8356696447068402,2361100.2359405477,3381000.0,0.0986407483124292,0.8356696448634466,2361100.236825499
3381000.0,0.0850854838595337,0.7377679996839092,1840283.7818100343,3381000.0,0.08508550397897617,0.73776799829108,1840283.7748615055
3381000.0,0.09835297373041546,0.6494254075399224,1425948.1100193309,3381000.0,0.09835297694404657,0.6494254070800975,1425948.1080000494
