cur_n,cur_mean,cur_std,cur_S,next_n,next_mean,next_std,next_S
1501000.0,-0.07784272889364313,1.1614239416869303,2024707.264057733,1501000.0,-0.07784273265988803,1.1614239414436873,2024707.2632096428
1501000.0,-0.09946580458450503,1.1361301726423947,1937478.4455518448,1501000.0,-0.0994658320008144,1.13613017073865,1937478.4390588137
1501000.0,-0.13794880701317663,0.8986941989820214,1212284.5461891897,1501000.0,-0.13794881003790674,0.8986941985253355,1212284.5449571058
1501000.0,0.10800153487109339,1.2234157524181162,2246615.901000443,1501000.0,0.10800144859017964,1.223415764601604,2246615.9457466663
1501000.0,0.10691458594522953,1.095621253569893,1801779.28284237,1501000.0,0.10691453245482563,1.0956212607496485,1801779.3064569808
1501000.0,0.09836934890474859,0.6839754720001164,702201.491892971,1501000.0,0.09836931789242033,0.6839754775156159,702201.503217915
