cur_n,cur_mean,cur_std,cur_S,next_n,next_mean,next_std,next_S
1151000.0,0.19206146454677772,1.512812099644868,2634179.116605533,1151000.0,0.19206150902543162,1.512812094750605,2634179.099561294
1151000.0,0.015016577683587504,1.5249913937619342,2676764.1624562093,1151000.0,0.015016574980147294,1.5249913937913182,2676764.1625593626
1151000.0,0.03976293436244007,1.3629161221419095,2138028.9497494856,1151000.0,0.039762931560366775,1.362916122226926,2138028.9500162187
1151000.0,0.003926419579606351,0.8622785344088424,855796.4358085026,1151000.0,0.003926545194509713,0.8622785443680476,855796.4555771784
1151000.0,0.009348859333576496,0.7531762775735726,652932.9553696205,1151000.0,0.00934885148138694,0.7531762777181981,652932.9556203737
1151000.0,0.0016081260091406384,0.6885664178512698,545716.3922732015,1151000.0,0.001608004000165183,0.688566430577988,545716.4124460667
