cur_n,cur_mean,cur_std,cur_S,next_n,next_mean,next_std,next_S
2351000.0,-0.037926365798748314,0.12221634624493266,35116.49976552343,2351000.0,-0.03792635932414299,0.12221634865734307,35116.501151842254
2351000.0,-0.03529990974566713,0.11839637988155714,32955.61921005533,2351000.0,-0.03529990347089403,0.11839638214329842,32955.62046916621
2351000.0,-0.00680896790969663,0.1701363175416167,68052.90775110792,2351000.0,-0.006808956642283579,0.1701363188696957,68052.90881354586
2351000.0,0.031327754286603234,0.14748183782738328,51136.348241504,2351000.0,0.03132775808706221,0.14748183713522744,51136.3477615219
2351000.0,0.03273085995144636,0.15342029588233122,55337.337680450466,2351000.0,0.03273085981422461,0.1534202959117516,55337.337701673794
2351000.0,0.04885016873914156,0.3693234270670136,320675.9151780113,2351000.0,0.0488501569458573,0.36932342906957144,320675.91865557065
