cur_n,cur_mean,cur_std,cur_S,next_n,next_mean,next_std,next_S
351000.0,-0.003649025941599186,0.03072599997735022,331.3745631874521,351000.0,-0.003649025512512054,0.030726000029359886,331.3745643092825
351000.0,-0.0023699535373385297,0.029564613983504066,306.79730639775505,351000.0,-0.002369952993749452,0.029564614028833164,306.7973073385314
351000.0,-0.004271352449472831,0.032205907636953496,364.0643908387128,351000.0,-0.004271352609415495,0.03220590761588046,364.0643903622821
351000.0,-0.0008044087494125893,0.10245226066343678,3684.2594659821275,351000.0,-0.0008043996332819138,0.1024522608773683,3684.2594813684004
351000.0,-0.000813622024689005,0.09949782683503103,3474.835958257731,351000.0,-0.0008136129161653129,0.09949782705584963,3474.835973681353
351000.0,-0.00078848127983117,0.1051594211101959,3881.534850729262,351000.0,-0.0007884723016472,0.1051594213120403,3881.534865629802
