cur_n,cur_mean,cur_std,cur_S,next_n,next_mean,next_std,next_S
1501000.0,-0.3579112410207549,1.3781695121395225,2850926.157490525,1501000.0,-0.3579112658763805,1.3781695060209034,2850926.1321761776
1501000.0,-0.41650805545402286,1.3896765937177165,2898732.7537254393,1501000.0,-0.41650815346695697,1.3896765695297826,2898732.6528179967
1501000.0,-0.1926822240063454,1.0158923751398405,1549088.014118767,1501000.0,-0.1926821994632493,1.0158923802398878,1549088.0296724264
1501000.0,0.1009865988924021,0.8238396517560015,1018746.3694799801,1501000.0,0.10098667512179683,0.8238396477053728,1018746.3594621004
1501000.0,0.09340200721127286,0.7594073426015618,865625.9675077462,1501000.0,0.09340203775695022,0.7594073397667415,865625.9610450901
1501000.0,0.0908592212662473,0.6447226998880163,623916.7069860908,1501000.0,0.09085925808811218,0.6447226962770825,623916.6999972814
