cur_n,cur_mean,cur_std,cur_S,next_n,next_mean,next_std,next_S
222000.0,0.0004892003693720292,0.014605576569653325,47.35767645890537,222000.0,0.0004891822219061161,0.014605579680332385,47.357696631275495
222000.0,-0.007631453925634529,0.02160167639107743,103.59239788487272,222000.0,-0.007631466008117922,0.021601672872716117,103.59236413976433
222000.0,-0.006075868148996342,0.01754446954314494,68.33346736417555,222000.0,-0.0060758863297810765,0.01754446533816276,68.33343460844277
222000.0,-0.00013312990824485555,0.11887635273500102,3137.2123671859576,222000.0,-0.00013308750510151353,0.11887635446137518,3137.212458305886
222000.0,-0.00011762376433735576,0.07374789766259342,1207.4030349428222,222000.0,-0.00011758085690817251,0.0737479005020284,1207.4031279174717
222000.0,-0.0007961101654220696,0.06411456436721952,912.5703748076302,222000.0,-0.0007960825085720931,0.06411456603488414,912.570422280817
