cur_n,cur_mean,cur_std,cur_S,next_n,next_mean,next_std,next_S
1982000.0,-0.009789499067143534,0.017790692244288895,627.3203039124439,1982000.0,-0.00978950608499906,0.017790691126048096,627.3202250515291
1982000.0,-0.016211983253306795,0.026238869146822615,1364.563899634286,1982000.0,-0.01621199457803939,0.026238866993485967,1364.5636756638614
1982000.0,-0.0048367580926272635,0.008733102537603468,151.16135242581092,1982000.0,-0.004836764830714133,0.00873310395779538,151.1614015900448
1982000.0,-0.0006265561988269839,0.05468509511312803,5927.090981768145,1982000.0,-0.0006265528383721476,0.05468509535627366,5927.09103447524
1982000.0,-0.0009898276532389742,0.06489722408294488,8347.489692857824,1982000.0,-0.000989827862036677,0.06489722408042689,8347.489692210069
1982000.0,-0.0007075365292313962,0.04781797732141642,4531.959849030984,1982000.0,-0.0007075369261853885,0.04781797731880677,4531.959848536322
