cur_n,cur_mean,cur_std,cur_S,next_n,next_mean,next_std,next_S
1921000.0,-0.3535284985460512,1.372920579455371,3620913.872502269,1921000.0,-0.35352817056110103,1.3729207391709726,3620914.714963923
1921000.0,-0.41122758292843137,1.3852979226021163,3686495.6923165843,1921000.0,-0.41122753669902734,1.3852979378072083,3686495.7732428694
1921000.0,-0.18876222869570633,1.011640632424556,1965983.613580095,1921000.0,-0.1887622200365906,1.0116406341114612,1965983.6201366289
1921000.0,0.10392980828186496,0.8320757634564198,1330004.4962487724,1921000.0,0.10392896053499892,0.8320766989391067,1330007.486834327
1921000.0,0.09606181174526354,0.7635736736096789,1120028.9744122082,1921000.0,0.09606161943944351,0.7635737443218942,1120029.1818571119
1921000.0,0.09167308537637717,0.6462548436770688,802296.6654370354,1921000.0,0.09167309843794179,0.646254842077792,802296.6614661736
