cur_n,cur_mean,cur_std,cur_S,next_n,next_mean,next_std,next_S
1342000.0,-0.008483741233394512,0.01604776349956065,345.60621729936923,1342000.0,-0.008483739754566143,0.016047764372793292,345.6062549114189
1342000.0,-0.014304962249058441,0.022978245866452456,708.575708919045,1342000.0,-0.014304960917635666,0.022978246747086723,708.575763230942
1342000.0,-0.0044646187517859955,0.008519702486044441,97.40951346485528,1342000.0,-0.004464617278500397,0.00851970342904831,97.4095350284142
1342000.0,-0.000629005122954854,0.055057133453893174,4067.988421062455,1342000.0,-0.0006290038453770374,0.05505713348838213,4067.988426159003
1342000.0,-0.000991188412478781,0.06443324740114943,5571.505403422673,1342000.0,-0.0009911873679498914,0.06443324742858218,5571.50540816686
1342000.0,-0.0007069916911737219,0.04861670384076454,3171.9295835210974,1342000.0,-0.0007069902484155892,0.0486167038904742,3171.929590007574
