cur_n,cur_mean,cur_std,cur_S,next_n,next_mean,next_std,next_S
2122000.0,-0.01047378006661848,0.02032343903719462,876.4754938615575,2122000.0,-0.010473776054881609,0.02032344194486244,876.4757446557035
2122000.0,-0.017414852133583635,0.030404896764655635,1961.699339705596,2122000.0,-0.0174148485743906,0.030404899245288202,1961.6996598024214
2122000.0,-0.004607658841534041,0.00935810393768205,185.8322599525527,2122000.0,-0.00460765475535378,0.0093581078426483,185.8324150414168
2122000.0,-0.0004572688038507307,0.05147765117459338,5623.190866501511,2122000.0,-0.00045727203820776816,0.05147765136147326,5623.190907329374
2122000.0,-0.0007147665653423947,0.06324235799640732,8487.142382974871,2122000.0,-0.000714769140714329,0.06324235807857191,8487.142405027893
2122000.0,-0.0005197766212860356,0.043556110919401564,4025.720042254056,2122000.0,-0.0005197802564896683,0.04355611119792089,4025.7200937389484
