cur_n,cur_mean,cur_std,cur_S,next_n,next_mean,next_std,next_S
801000.0,-0.00872329226491435,1.1548966481773357,1068362.800644967,801000.0,-0.008723297115169561,1.154896648148869,1068362.8005922993
801000.0,-0.09318658803505127,1.1149960580464005,995816.1837766685,801000.0,-0.0931865621431679,1.1149960604510945,995816.18807199
801000.0,-0.11294005552760593,0.8260475376241958,546565.9820664127,801000.0,-0.11294005835065794,0.8260475372420804,546565.9815607487
801000.0,0.09894160924038728,1.4114554471831005,1595757.3899856594,801000.0,0.09894172428848044,1.4114554428740633,1595757.3802422732
801000.0,0.1090333197089352,1.2499984793276007,1251559.454855373,801000.0,0.10903328473279393,1.249998482770418,1251559.4617496058
801000.0,0.09342935564896496,0.7224953506462735,418121.6248960908,801000.0,0.09342935040603807,0.7224953513394972,418121.6256984539
