cur_n,cur_mean,cur_std,cur_S,next_n,next_mean,next_std,next_S
1682000.0,-0.009191706491530787,0.017047337353206255,488.8088976228238,1682000.0,-0.009191707402818773,0.01704733690281942,488.8088717943808
1682000.0,-0.015379625681859242,0.0249275772933978,1045.1680725462168,1682000.0,-0.015379632201492317,0.024927574705006998,1045.1678554931714
1682000.0,-0.0046579026132579655,0.008664396427570853,126.27070949380051,1682000.0,-0.004657906106928295,0.008664395734140021,126.27068928235232
1682000.0,-0.0006216870634921625,0.0550862964409888,5104.029093493121,1682000.0,-0.0006216842311640014,0.055086296595426076,5104.029122111939
1682000.0,-0.0009876611604886483,0.06504688546205714,7116.705672584114,1682000.0,-0.0009876550249844863,0.06504688604192939,7116.70579947044
1682000.0,-0.0007029014539994779,0.0483704514451774,3935.3763638032638,1682000.0,-0.0007028952008758601,0.04837045221588833,3935.3764892119593
