cur_n,cur_mean,cur_std,cur_S,next_n,next_mean,next_std,next_S
3641000.0,-0.3013987799103249,1.3285252253683753,6426289.538236376,3641000.0,-0.30139871758268105,1.3285252448318452,6426289.726532227
3641000.0,-0.37166924957717806,1.3376667505459106,6515031.853613957,3641000.0,-0.37166927323686444,1.3376667447339599,6515031.797000389
3641000.0,-0.20515029369819007,0.9965791664904066,3616132.09773616,3641000.0,-0.20515028780387898,0.9965791677672479,3616132.1070023114
3641000.0,0.09791662382563335,0.8305508009756185,2511615.0787575203,3641000.0,0.09791673136285874,0.8305508136455917,2511615.1553864176
3641000.0,0.08675206710474345,0.735969500174572,1972151.673986629,3641000.0,0.08675206442483294,0.7359695005082194,1972151.6757747557
3641000.0,0.10017384955077435,0.6471470708018947,1524848.3650720476,3641000.0,0.10017386377989554,0.6471470691688715,1524848.3573763848
