cur_n,cur_mean,cur_std,cur_S,next_n,next_mean,next_std,next_S
1391000.0,-0.06990441608963806,1.159984542184398,1871679.716106485,1391000.0,-0.06990440745094026,1.1599845427497488,1871679.7179309162
1391000.0,-0.09337488136336082,1.1248746428256051,1760092.060242197,1391000.0,-0.09337488588277436,1.1248746424630427,1760092.0591075944
1391000.0,-0.1345100536760462,0.8889267994937978,1099155.4791078765,1391000.0,-0.1345100532371945,0.8889267995603525,1099155.479272466
1391000.0,0.1068055044527232,1.2469677972650037,2162905.804195566,1391000.0,0.10680550164148149,1.2469677975102003,2162905.8050461686
1391000.0,0.10503742932476691,1.1132179175501908,1723802.4975491036,1391000.0,0.10503742019724559,1.1132179184635067,1723802.5003776178
1391000.0,0.09937204109198777,0.6911609416637838,664485.4951686617,1391000.0,0.09937204044010481,0.6911609417579319,664485.4953496903
