cur_n,cur_mean,cur_std,cur_S,next_n,next_mean,next_std,next_S
5301000.0,-0.30900642227436265,1.3421334296058138,9548808.679329824,5301000.0,-0.3090063910901515,1.3421334387060289,9548808.808819503
5301000.0,-0.3928614400018209,1.3662077859367021,9894442.209790902,5301000.0,-0.39286144765614567,1.3662077838493825,9894442.17955705
5301000.0,-0.21735488246230503,1.0028680567615913,5331450.742484957,5301000.0,-0.21735488387007176,1.0028680564617158,5331450.739296557
5301000.0,0.09602810125246514,0.8220388720918005,3582139.6562260156,5301000.0,0.09602811296057638,0.8220388711661031,3582139.648158326
5301000.0,0.0874775738892171,0.7299064013104373,2824178.5431266255,5301000.0,0.08747759416419573,0.7299064003732878,2824178.5358745246
5301000.0,0.09677650905318891,0.6370892298933454,2151584.1229711543,5301000.0,0.09677651576279407,0.6370892290614228,2151584.1173520004
