cur_n,cur_mean,cur_std,cur_S,next_n,next_mean,next_std,next_S
1851000.0,-0.115818633009387,1.2087827035395684,2704599.0607207688,1851000.0,-0.1158184573737376,1.2087827439865526,2704599.2417175304
1851000.0,-0.12238874721699233,1.1752699143384897,2556711.096737571,1851000.0,-0.12238890944583627,1.1752699181694544,2556711.1134055206
1851000.0,-0.16701511275811365,0.9750506043115749,1759789.533472448,1851000.0,-0.167015097948993,0.9750506070563297,1759789.5433800176
1851000.0,0.10504503746044418,1.1454630987548466,2428670.6503373613,1851000.0,0.10504562378519708,1.1454633227468811,2428671.6001766603
1851000.0,0.10782412594152584,1.0382155413874097,1995177.1857103303,1851000.0,0.10782362928848753,1.0382158128520391,1995178.2290776935
1851000.0,0.09830920650085458,0.6625139430754392,812449.665548097,1851000.0,0.09830922981771781,0.6625139403749988,812449.6589249249
