cur_n,cur_mean,cur_std,cur_S,next_n,next_mean,next_std,next_S
3442000.0,-0.0047163618053955875,0.031458676278669814,3406.369494055544,3442000.0,-0.004716363258355474,0.03145867617633063,3406.369471892814
3442000.0,-0.014725511250461341,0.05163090127488478,9175.511384544647,3442000.0,-0.014725515063263599,0.051630900672021376,9175.511170270642
3442000.0,-0.022792343257665274,0.07447547757218645,19091.386046561263,3442000.0,-0.02279234351084458,0.07447547749617603,19091.38600759154
3442000.0,-0.0003177645923393093,0.16490416517057488,93599.62666305981,3442000.0,-0.00031776562751664375,0.16490416517976436,93599.6266734917
3442000.0,-0.0005008005645205319,0.13556532305002872,63256.92735261306,3442000.0,-0.000500800628533396,0.1355653230498408,63256.9273524377
3442000.0,-0.0005183625285522657,0.13536955631343991,63074.36354470466,3442000.0,-0.0005183638496927853,0.1353695563305684,63074.36356066644
