cur_n,cur_mean,cur_std,cur_S,next_n,next_mean,next_std,next_S
2921000.0,-0.3230830119987611,1.3565270553366808,5375123.869084246,2921000.0,-0.3230827909443977,1.3565271605953777,5375124.70324167
2921000.0,-0.3913972142170651,1.37135085726654,5493241.8704526955,2921000.0,-0.39139718448884264,1.3713508666925145,5493241.945968245
2921000.0,-0.17254393240406532,0.9935225635688268,2883281.3732998115,2921000.0,-0.17254407242486666,0.9935225680725117,2883281.3994399137
2921000.0,0.10117500824798674,0.8494767702457585,2107825.0976897096,2921000.0,0.10117456729369442,0.8494771570650214,2107827.0173361665
2921000.0,0.09385650066789429,0.7693284375302945,1728841.3010397812,2921000.0,0.09385609761360082,0.769328795103684,1728842.9081239796
2921000.0,0.09306884383493921,0.6526050609247153,1244034.5207556344,2921000.0,0.09306919983920676,0.6526052937904661,1244035.4085608374
