cur_n,cur_mean,cur_std,cur_S,next_n,next_mean,next_std,next_S
3501000.0,-0.3025923134199566,1.329905318463821,6192037.194430329,3501000.0,-0.3025923722948281,1.3299053096306195,6192037.112175583
3501000.0,-0.3674652210883792,1.3364236726041807,6252884.84267166,3501000.0,-0.3674652487581557,1.336423665998909,6252884.780861914
3501000.0,-0.1997216186663562,0.9919010712110737,3444520.9404789344,3501000.0,-0.19972162988394337,0.9919010691744576,3444520.926334042
3501000.0,0.0989120192834764,0.8339864844380255,2435062.6302447645,3501000.0,0.09891215164074883,0.833986505510706,2435062.7533002296
3501000.0,0.0856502626313634,0.7374768184953433,1904096.0744208652,3501000.0,0.08565024635592497,0.7374768210142985,1904096.0874282783
3501000.0,0.09860159563552129,0.6489065261333473,1474199.9584842285,3501000.0,0.09860163021256561,0.648906524104523,1474199.9492659739
