cur_n,cur_mean,cur_std,cur_S,next_n,next_mean,next_std,next_S
5001000.0,-0.3075696624417555,1.339295846170627,8970360.531213049,5001000.0,-0.30756958795578526,1.33929587363495,8970360.899115156
5001000.0,-0.38689868207046696,1.359601598419681,9244431.048633184,5001000.0,-0.3868987153768414,1.3596015909819983,9244430.947490105
5001000.0,-0.21501270410082984,1.0006208262069043,5007211.431232778,5001000.0,-0.21501271051667026,1.0006208249311457,5007211.418464719
5001000.0,0.09661808251958318,0.8223233946343577,3381755.0425802306,5001000.0,0.09661806401845076,0.822323397848972,3381755.0690200436
5001000.0,0.08648351291136136,0.7305158552709565,2668800.7274260875,5001000.0,0.08648337772913017,0.730515933826079,2668801.3013985152
5001000.0,0.09736149761980546,0.6379422903825984,2035258.799658836,5001000.0,0.09736148074425566,0.6379422940743351,2035258.8232146958
