cur_n,cur_mean,cur_std,cur_S,next_n,next_mean,next_std,next_S
141000.0,0.11413434994285174,1.3973012772645934,275295.57118178223,141000.0,0.114134781845585,1.397301251397627,275295.5609891898
141000.0,0.01299316607337803,1.393776202948224,273908.3066505724,141000.0,0.012993148259618096,1.3937762031303396,273908.306722152
141000.0,0.02650433996302261,1.298412746799281,237708.46820817035,141000.0,0.02650427335621771,1.2984127483997994,237708.468794204
141000.0,0.01411514077949287,0.8933676736223766,112532.91783855746,141000.0,0.014116358966619908,0.8933677714823616,112532.94249239391
141000.0,0.01865692203104203,0.7903663596029087,88079.73651726557,141000.0,0.018656840469401095,0.7903663621215774,88079.7370786348
141000.0,0.021833315074856197,0.786248668504949,87164.36259033854,141000.0,0.02183241183509197,0.7862487667399899,87164.38437122185
