cur_n,cur_mean,cur_std,cur_S,next_n,next_mean,next_std,next_S
3882000.0,-0.004207810442355264,0.03022176672287529,3545.644823713046,3882000.0,-0.004207812749299809,0.03022176674348338,3545.644828548565
3882000.0,-0.0139583859803356,0.049182983385542334,9390.425447955235,3882000.0,-0.013958390627583181,0.049182982918950444,9390.425269784004
3882000.0,-0.020336512526474334,0.07058475192881729,19340.92836923809,3882000.0,-0.02033651408352906,0.07058475154686315,19340.928159919582
3882000.0,-0.0002888185381711695,0.16253168704014298,102549.04435199038,3882000.0,-0.00028881523131433866,0.16253168717661165,102549.04452419965
3882000.0,-0.00046104708362765576,0.13012447394541882,65731.49418937843,3882000.0,-0.0004610428313222876,0.13012447423020074,65731.49447708974
3882000.0,-0.0005536559768082221,0.12948257624066825,65084.59316879125,3882000.0,-0.0005536578605243491,0.12948257628580462,65084.593214166955
