cur_n,cur_mean,cur_std,cur_S,next_n,next_mean,next_std,next_S
2791000.0,-0.3017598629516333,1.3248981230017995,4899195.906407333,2791000.0,-0.3017596989624551,1.324898188677672,4899196.392118601
2791000.0,-0.36085643403549106,1.323306789554668,4887434.138254616,2791000.0,-0.36085653585870875,1.3233067727218248,4887434.013915481
2791000.0,-0.19079355968758369,0.9873543669198506,2720858.3906390755,2791000.0,-0.19079356481313228,0.987354365966545,2720858.385385016
2791000.0,0.09736207643185839,0.8384489072866939,1962063.4272335304,2791000.0,0.09736214613510197,0.8384489072791242,1962063.427198103
2791000.0,0.08730977808882517,0.7431765844504611,1541501.2169701904,2791000.0,0.08731045830711187,0.743177373365661,1541504.4897169685
2791000.0,0.09699169870508212,0.6525953744609773,1188633.097245106,2791000.0,0.09699173782967209,0.6525953719193669,1188633.0879865598
