cur_n,cur_mean,cur_std,cur_S,next_n,next_mean,next_std,next_S
4301000.0,-0.30302648333563004,1.3331465581627144,7644080.185572236,4301000.0,-0.3030264907012107,1.3331465565761116,7644080.167377508
4301000.0,-0.38457915003503973,1.3557798543603237,7905835.897017481,4301000.0,-0.3845791382611665,1.3557798579200295,7905835.93853226
4301000.0,-0.20907148720033794,0.9993430688122519,4295350.934056466,4301000.0,-0.20907148842539333,0.9993430685592122,4295350.931881249
4301000.0,0.09668024736680284,0.8251290373022095,2928283.929185065,4301000.0,0.0966802242723461,0.8251290413982825,2928283.958258007
4301000.0,0.08863185051159622,0.7339927132884339,2317143.5488933837,4301000.0,0.08863184490475891,0.7339927140575856,2317143.553749658
4301000.0,0.09756697436830084,0.6419501576009045,1772442.120833296,4301000.0,0.09756697610390092,0.6419501573471758,1772442.119432192
