cur_n,cur_mean,cur_std,cur_S,next_n,next_mean,next_std,next_S
3642000.0,-0.004465777418953579,0.030845350603225453,3465.128651270351,3642000.0,-0.004465779305881905,0.03084535054023711,3465.128637118285
3642000.0,-0.0143692082402266,0.05044817979144762,9268.958630832154,3642000.0,-0.0143692135163153,0.05044817929347613,9268.95844784529
3642000.0,-0.021611327294280613,0.07262009405147694,19206.735494685192,3642000.0,-0.021611331758752742,0.07262009322265947,19206.73505626995
3642000.0,-0.00030482320307005504,0.16359216279161737,97468.6452371478,3642000.0,-0.0003048157559569998,0.1635921634228311,97468.64598930541
3642000.0,-0.000485289281122611,0.13288077233906626,64307.885352348254,3642000.0,-0.0004852796349944264,0.13288077364941656,64307.886620640944
3642000.0,-0.0005336974774183358,0.13252135302038792,63960.47260114229,3642000.0,-0.0005336938507573141,0.13252135321572536,63960.4727896987
