cur_n,cur_mean,cur_std,cur_S,next_n,next_mean,next_std,next_S
2081000.0,-0.34549534756827643,1.3679034040133675,3893883.382962336,2081000.0,-0.3454952888648348,1.3679034214615193,3893883.4822983984
2081000.0,-0.4043225491506736,1.379966856594308,3962866.041146752,2081000.0,-0.4043224426402573,1.379966896355055,3962866.269509507
2081000.0,-0.18725485803184752,1.0113225270048807,2128391.140798906,2081000.0,-0.18725482331051455,1.0113225346741874,2128391.1730799717
2081000.0,0.10340207131677011,0.8364711685685612,1456042.4369764712,2081000.0,0.10340186108627065,0.8364712495337766,1456042.7188482196
2081000.0,0.09492548143281837,0.7637596361973672,1213907.1951013005,2081000.0,0.09492559280752841,0.7637596392538352,1213907.204817102
2081000.0,0.09213102830112212,0.6474767341005881,872409.558220454,2081000.0,0.09213104702900594,0.6474767319993712,872409.5525580985
