cur_n,cur_mean,cur_std,cur_S,next_n,next_mean,next_std,next_S
1922000.0,-0.009709780154991387,0.01771791415764339,603.3628545916258,1922000.0,-0.009709780169394656,0.01771791414976023,603.3628540547222
1922000.0,-0.016149426320878093,0.02616033505213613,1315.3459359369226,1922000.0,-0.0161494263292033,0.02616033504700005,1315.3459354204367
1922000.0,-0.004809916139285554,0.00873233075728344,146.55942007373812,1922000.0,-0.004809916134648041,0.00873233075984044,146.55942015956913
1922000.0,-0.0006251760874925041,0.05494048262758719,5801.473645458947,1922000.0,-0.0006251748090566399,0.05494048267072211,5801.473654568663
1922000.0,-0.0009916878717273587,0.06516044796706644,8160.5890081545795,1922000.0,-0.0009916865896040777,0.06516044801082434,8160.589019114918
1922000.0,-0.0007068913553648135,0.04807629317692373,4442.376193947633,1922000.0,-0.0007068900676582431,0.048076293229001636,4442.376203571903
