cur_n,cur_mean,cur_std,cur_S,next_n,next_mean,next_std,next_S
2502000.0,-0.011057392992011639,0.02003601298712059,1004.4074246830022,2502000.0,-0.011057394287408557,0.020036012376995545,1004.4073635117389
2502000.0,-0.018360756516186044,0.03038855546851296,2310.507687264148,2502000.0,-0.018360758710160414,0.030388554341072908,2310.5075158207333
2502000.0,-0.005114275389203226,0.008996802178632975,202.51800850252056,2502000.0,-0.005114277313154175,0.008996801599656932,202.51798243702106
2502000.0,-0.0006258584988325848,0.05512189729990258,7602.1357519764,2502000.0,-0.000625855846871367,0.055121897489624684,7602.135804307443
2502000.0,-0.0010109617992013912,0.06633669076061736,11010.192465756581,2502000.0,-0.0010109586327577357,0.06633669099795533,11010.192544540634
2502000.0,-0.0007131679933694168,0.04766253708311955,5683.837037881765,2502000.0,-0.0007131648568947505,0.04766253738825285,5683.837110657075
