cur_n,cur_mean,cur_std,cur_S,next_n,next_mean,next_std,next_S
3722000.0,-0.014059368958378868,0.024726030677399213,2275.543679368155,3722000.0,-0.014059368041735406,0.02472603126184687,2275.5437869419266
3722000.0,-0.023287534290282984,0.03918895704492494,5716.152146589116,3722000.0,-0.02328753351770101,0.039188957532368035,5716.152288787281
3722000.0,-0.005694814961175846,0.009410437879266445,329.6067014980209,3722000.0,-0.005694813906418922,0.009410438737571912,329.606761623437
3722000.0,-0.0006514070094081055,0.05519526865125951,11339.138810486093,3722000.0,-0.0006514086637370267,0.05519526872400837,11339.13884037668
3722000.0,-0.0010322871480372942,0.06815409562300043,17288.61835220378,3722000.0,-0.0010322883914510189,0.06815409564638204,17288.618364066187
3722000.0,-0.0007354115919741616,0.04667669999133491,8109.174706785798,3722000.0,-0.000735413415523335,0.04667670009518251,8109.174742868823
