cur_n,cur_mean,cur_std,cur_S,next_n,next_mean,next_std,next_S
2451000.0,-0.006619313593309554,0.01858987708691184,847.0252322910067,2451000.0,-0.006619319337395961,0.01858987721670643,847.025244118873
2451000.0,-0.00840730473068796,0.020404482577967675,1020.4564706320114,2451000.0,-0.008407311247122904,0.02040448244338294,1020.4564571704727
2451000.0,-0.007387003082364688,0.019364451729640717,919.0808594252737,2451000.0,-0.007387008548796232,0.01936445153545359,919.0808409921495
2451000.0,-0.0013817730296593214,0.07079741166515582,12285.082344788061,2451000.0,-0.0013817774859755183,0.07079741192193517,12285.082433903059
2451000.0,-0.0016832128025832294,0.07416793028432661,13482.661494401455,2451000.0,-0.0016832187816866993,0.07416793073933536,13482.66165982953
2451000.0,-0.0015686932640570617,0.06891286590722999,11639.75754757981,2451000.0,-0.0015686971836689292,0.0689128660912155,11639.757609732113
