cur_n,cur_mean,cur_std,cur_S,next_n,next_mean,next_std,next_S
1001000.0,-0.030681254598109883,0.15030906699798569,22615.40843742675,1001000.0,-0.0306812242230116,0.15030907627041976,22615.411227676126
1001000.0,-0.015021259623683237,0.033801177959275244,1143.662151066029,1001000.0,-0.015021284326369986,0.03380117601705616,1143.6620196361484
1001000.0,-0.005992422014827523,0.03272488592151549,1071.9890767347788,1001000.0,-0.005992455957813472,0.0327248973268378,1071.989823957128
1001000.0,0.10544123663886086,0.4400808502697038,193864.82592887955,1001000.0,0.10544123518134711,0.44008085062133906,193864.82623868494
1001000.0,0.0011105602345903988,0.09660234285332243,9341.344657395606,1001000.0,0.0011105775134897607,0.09660234420153074,9341.34491813625
1001000.0,0.002036538801844953,0.08251341751355858,6815.272533836603,1001000.0,0.002036574893514697,0.0825134245239663,6815.273691898955
