cur_n,cur_mean,cur_std,cur_S,next_n,next_mean,next_std,next_S
5531000.0,-0.30978653462949335,1.3427901249639347,9972864.903264347,5531000.0,-0.3097865303181695,1.3427901259968849,9972864.918607732
5531000.0,-0.39265682853662387,1.3650952465884603,10306935.713421261,5531000.0,-0.39265684504380155,1.365095242392398,10306935.650057854
5531000.0,-0.21922928272946973,1.0039515286975678,5574798.174689206,5531000.0,-0.2192292837184875,1.0039515284843181,5574798.172320919
5531000.0,0.09667220807274211,0.8218441198609802,3735790.925903233,5531000.0,0.0966721898801777,0.8218441231146842,3735790.9554834357
5531000.0,0.08693658194215326,0.7285505692422803,2935776.98957812,5531000.0,0.08693660646726042,0.7285505685989409,2935776.984393301
5531000.0,0.09638085802666786,0.6364782948233542,2240633.6520100636,5531000.0,0.09638085773163645,0.636478294868395,2240633.6523271836
