cur_n,cur_mean,cur_std,cur_S,next_n,next_mean,next_std,next_S
1081000.0,0.18589160580890196,1.485035236196906,2383961.354618859,1081000.0,0.18589165420927156,1.4850352309909438,2383961.337904356
1081000.0,0.0025361408633771984,1.5024503928419384,2440203.1147699174,1081000.0,0.002536145525056638,1.5024503928418924,2440203.114769768
1081000.0,0.04035118976415803,1.3415302965703564,1945479.5230820563,1081000.0,0.04035118427994574,1.3415302967473877,1945479.5235955159
1081000.0,0.0057515439424120265,0.8737589862313415,825294.6020676433,1081000.0,0.005751658117934318,0.8737589935437118,825294.6158812003
1081000.0,0.01247429859664669,0.7629362474483993,629219.5268019674,1081000.0,0.012474282509658334,0.7629362478948072,629219.5275383029
1081000.0,0.0017404442567350716,0.6953819873075819,522724.15304186125,1081000.0,0.0017403266728623877,0.6953819983483615,522724.1696407444
