cur_n,cur_mean,cur_std,cur_S,next_n,next_mean,next_std,next_S
1091000.0,-0.35607671277505776,1.3675747621965155,2040454.45664477,1091000.0,-0.35607713235079763,1.3675747231717164,2040454.3401928924
1091000.0,-0.3942057880892288,1.3372489309792108,1950964.0614149007,1091000.0,-0.39420568753355806,1.337248964746595,1950964.1599439818
1091000.0,-0.21398646656011394,1.0373171064105644,1173945.2161639167,1091000.0,-0.2139865812944573,1.0373170896648278,1173945.1782611827
1091000.0,0.09896528110464702,0.8093502318886804,714657.1474633624,1091000.0,0.09896446812180375,0.8093507767701601,714658.1097255815
1091000.0,0.09312606336539757,0.7483629727057286,611011.4285583979,1091000.0,0.09312579349967806,0.748363059373433,611011.5700805278
1091000.0,0.09067363101961377,0.6318953861212198,435627.3308904023,1091000.0,0.09067391904713888,0.6318954164079702,435627.3726496456
