cur_n,cur_mean,cur_std,cur_S,next_n,next_mean,next_std,next_S
3442000.0,-0.013697921727059038,0.0243504422963415,2040.9133857745076,3442000.0,-0.013697920689435103,0.024350442956132663,2040.9134963742754
3442000.0,-0.02272363698047557,0.03848247714970754,5097.261405762659,3442000.0,-0.022723635984389295,0.03848247778226304,5097.261573335073
3442000.0,-0.005631473192647992,0.009415336117593842,305.1283235814133,3442000.0,-0.005631472127325408,0.009415336962228103,305.1283783265322
3442000.0,-0.0006527284643464618,0.05552383565554252,10611.329153760515,3442000.0,-0.0006527286519288545,0.05552383565442571,10611.329153333643
3442000.0,-0.0010381864463350438,0.06833389098096121,16072.490100009942,3442000.0,-0.0010381866398118886,0.06833389097896328,16072.490099070097
3442000.0,-0.0007357906801793951,0.04709983106205287,7635.712444266435,3442000.0,-0.0007357908859634914,0.04709983106038402,7635.712443725335
