cur_n,cur_mean,cur_std,cur_S,next_n,next_mean,next_std,next_S
3671000.0,-0.31005078123197005,1.346160934973964,6652399.943922265,3671000.0,-0.31005153757163445,1.3461615407655922,6652405.931273401
3671000.0,-0.3849384050267803,1.36368251478702,6826701.7341697095,3671000.0,-0.38493967516901983,1.3636843276813149,6826719.885164122
3671000.0,-0.16174711322273544,0.9779114042789846,3510616.633365966,3671000.0,-0.16174694801924333,0.9779114828300371,3510617.1973488415
3671000.0,0.09819774563732118,0.8558521503313937,2688944.737745842,3671000.0,0.09819786173166704,0.855852165916348,2688944.8356764982
3671000.0,0.09438548825379534,0.7681191669327546,2165915.8974713604,3671000.0,0.09438605748183194,0.7681198712667483,2165919.8695865194
3671000.0,0.09262023774549383,0.6559191513276251,1579374.0843306303,3671000.0,0.09262017418278863,0.655919171609105,1579374.1820013388
