cur_n,cur_mean,cur_std,cur_S,next_n,next_mean,next_std,next_S
1401000.0,-0.02430068917657278,0.0853749180913129,10211.716171376838,1401000.0,-0.02430069401088507,0.08537491690705203,10211.715888077339
1401000.0,-0.021703564170755456,0.0810374736892494,9200.468070852041,1401000.0,-0.021703566159414295,0.08103747319082807,9200.467957677007
1401000.0,-0.000237858450886638,0.10544583615965321,15577.47293313521,1401000.0,-0.00023785731623975848,0.1054458361707677,15577.47293641909
1401000.0,0.03373893515531683,0.13970027029343737,27342.14789360331,1401000.0,0.03373894063678433,0.13970026912026823,27342.147434377795
1401000.0,0.033195234374161095,0.14443815850925856,29228.19666859753,1401000.0,0.03319521708689316,0.1444381639316391,29228.198863120215
1401000.0,0.050076319845155426,0.3585250416173494,180084.82785887766,1401000.0,0.050076317489672985,0.358525041957185,180084.82820027217
