cur_n,cur_mean,cur_std,cur_S,next_n,next_mean,next_std,next_S
1211000.0,0.1969346365040364,1.5365675190133417,2859219.125729534,1211000.0,0.19693468451907264,1.536567513767945,2859219.106208442
1211000.0,0.028232651416465186,1.5412067889482692,2876510.5415895847,1211000.0,0.02823265006993922,1.541206788973662,2876510.541684371
1211000.0,0.04710782458031438,1.370381954714265,2274193.455887659,1211000.0,0.04710781731366232,1.370381954987344,2274193.4567940263
1211000.0,0.0036808922181451797,0.8586478363190353,892841.365353402,1211000.0,0.003681012190813845,0.8586478459546324,892841.385392024
1211000.0,0.005409826584907327,0.7468563896794961,675489.0993009656,1211000.0,0.0054098183805759035,0.7468563897935414,675489.0995072605
1211000.0,-0.001626758639566568,0.6812636194273035,562049.4642969349,1211000.0,-0.0016268650556106872,0.6812636292381625,562049.4804850534
