cur_n,cur_mean,cur_std,cur_S,next_n,next_mean,next_std,next_S
1201000.0,-0.005350351990063566,0.0221176164501797,587.5159378821487,1201000.0,-0.005350364619589611,0.022117617725643315,587.5160056430874
1201000.0,-0.0035899814611546005,0.021266159419763404,543.1516932966169,1201000.0,-0.0035900002640323974,0.021266166228868982,543.1520411147391
1201000.0,-0.005509409335993186,0.02246952184232632,606.3601735991582,1201000.0,-0.0055094270278258604,0.0224695258693524,606.3603909449896
1201000.0,-0.0011656908986343126,0.07718484108324747,7154.957131348445,1201000.0,-0.0011656810124620358,0.0771848419929455,7154.957300004631
1201000.0,-0.0011958519506873669,0.07603405826286394,6943.1947971206255,1201000.0,-0.0011958424084174896,0.07603405913207692,6943.194955868305
1201000.0,-0.0012363297490767073,0.07728680575598221,7173.873663099472,1201000.0,-0.0012363275087361669,0.07728680583082008,7173.873676992593
