cur_n,cur_mean,cur_std,cur_S,next_n,next_mean,next_std,next_S
1822000.0,0.00023615182873106604,0.01405585415374283,359.96713957612957,1822000.0,0.00023614918616788125,0.014055854650737647,359.96716503197223
1822000.0,-0.00739647019330913,0.020221266713215922,745.01512128134,1822000.0,-0.007396472142800891,0.02022126617135684,745.0150813537518
1822000.0,-0.005954430565222294,0.013884469010726635,351.2423900313071,1822000.0,-0.0059544338556000295,0.01388446830999333,351.2423545777028
1822000.0,-0.0001821218967663027,0.11529339222112947,24219.05578011617,1822000.0,-0.00018211833572624674,0.11529339232695744,24219.055824577583
1822000.0,-0.0001520317457470832,0.06983624545390853,8886.078348317575,1822000.0,-0.00015202836915935927,0.0698362456099881,8886.078388037218
1822000.0,-0.0007298484909364266,0.060211499338176856,6605.523716948417,1822000.0,-0.0007298471600550537,0.06021149938110688,6605.523726367724
