cur_n,cur_mean,cur_std,cur_S,next_n,next_mean,next_std,next_S
4302000.0,-0.014748424107996696,0.025583747804778345,2815.78010877903,4302000.0,-0.014748425100540839,0.02558374731542715,2815.780001061791
4302000.0,-0.0244539628600079,0.040830701214249324,7172.0627874066895,4302000.0,-0.024453963901053803,0.040830700647852027,7172.062588427157
4302000.0,-0.005801366720047412,0.009466198875725449,385.4975788078883,4302000.0,-0.005801367701848334,0.009466198493061937,385.49754764102687
4302000.0,-0.000649803483868746,0.05522177030123225,13118.707723199246,4302000.0,-0.000649803870158513,0.055221770302498197,13118.707723800731
4302000.0,-0.0010242489807876086,0.06861768326621097,20255.478537248455,4302000.0,-0.001024249359326612,0.06861768326505022,20255.478536563158
4302000.0,-0.0007376325559446064,0.04647232673132703,9290.931107143462,4302000.0,-0.0007376329293407979,0.046472326731852295,9290.931107353486
