cur_n,cur_mean,cur_std,cur_S,next_n,next_mean,next_std,next_S
2002000.0,-0.00982375039033436,0.017809318605801053,634.9780020642689,2002000.0,-0.009823752355128597,0.01780931773898581,634.9779402529656
2002000.0,-0.016257928428163204,0.026278629787155568,1382.5138997477407,2002000.0,-0.016257930472559867,0.02627862868154588,1382.5137834158968
2002000.0,-0.004854150392655465,0.008736320378969462,152.79923411552224,2002000.0,-0.004854152404159026,0.008736319724924318,152.7992112368756
2002000.0,-0.0006270141694870572,0.05461182384242049,5970.867509397926,2002000.0,-0.0006270125812733096,0.05461182390688804,5970.86752349477
2002000.0,-0.0009900115966087557,0.06481628263151097,8410.703289324158,2002000.0,-0.0009900098948757226,0.06481628270222736,8410.703307676786
2002000.0,-0.0007087305479645129,0.04773688851607116,4562.178671442005,2002000.0,-0.0007087292858019855,0.04773688856821369,4562.17868140845
