cur_n,cur_mean,cur_std,cur_S,next_n,next_mean,next_std,next_S
1902000.0,-0.009666374126243256,0.017686371119599364,594.9602898691375,1902000.0,-0.009666372631000323,0.017686372057030397,594.9603529385201
1902000.0,-0.016100917491101516,0.026134400048547717,1299.0790589371038,1902000.0,-0.01610091606025811,0.026134401004563414,1299.0791539796523
1902000.0,-0.004791433184992007,0.008729112959719936,144.92747964687314,1902000.0,-0.0047914317008500105,0.008729114014341824,144.92751466617054
1902000.0,-0.0006237748641684963,0.054987986027767555,5751.036711255703,1902000.0,-0.0006237756619169667,0.054987986029723504,5751.036711664838
1902000.0,-0.0009906087624698234,0.06522040478074294,8090.539681951044,1902000.0,-0.000990609635503993,0.06522040477859764,8090.5396814188
1902000.0,-0.0007057817000879411,0.04813808697646023,4407.457844566681,1902000.0,-0.0007057825419904886,0.04813808697811758,4407.45784487017
