cur_n,cur_mean,cur_std,cur_S,next_n,next_mean,next_std,next_S
3742000.0,-0.014080655044115136,0.02474932741729215,2292.0842948703666,3742000.0,-0.014080651558422332,0.024749330318927683,2292.0848323228406
3742000.0,-0.02331925213295998,0.03921598080814261,5754.796170086329,3742000.0,-0.023319249981944908,0.03921598230796482,5754.796610272758
3742000.0,-0.005694724353319523,0.009405406274260807,331.0235586021708,3742000.0,-0.0056947211204481105,0.009405410310766273,331.023842732096
3742000.0,-0.0006492322403227485,0.055165519196420494,11387.783529724207,3742000.0,-0.000649233625441247,0.05516551924518682,11387.783549857812
3742000.0,-0.0010290419876165147,0.06812856413121511,17368.497679674438,3742000.0,-0.0010290393123630762,0.06812856436817215,17368.497800492714
3742000.0,-0.0007331946335960968,0.04663718743458784,8138.9519762688205,3742000.0,-0.0007331949059558174,0.04663718743327948,8138.951975812161
