cur_n,cur_mean,cur_std,cur_S,next_n,next_mean,next_std,next_S
2102000.0,-0.006815702057987439,0.03576090685628347,2688.1268492043096,2102000.0,-0.0068157064803357125,0.03576090658820229,2688.1268089012924
2102000.0,-0.015715017922746877,0.06111646451751935,7851.437138224766,2102000.0,-0.01571502971184218,0.06111646387620173,7851.436973448712
2102000.0,-0.03317217927114182,0.09211105892786686,17834.307965660846,2102000.0,-0.03317220116094239,0.09211105651195135,17834.307030134074
2102000.0,-0.0004031361554159237,0.16166347812953336,54935.93849829191,2102000.0,-0.0004031379474810596,0.1616634781459461,54935.93850944655
2102000.0,-0.0004977206613040208,0.15648003534279303,51469.57507077345,2102000.0,-0.0004977195832774108,0.1564800353540293,51469.575078165144
2102000.0,-0.00046315588149641225,0.15952788394116824,53494.104376477866,2102000.0,-0.0004631296113293981,0.15952788856409503,53494.10747686792
