cur_n,cur_mean,cur_std,cur_S,next_n,next_mean,next_std,next_S
2982000.0,-0.013199027048244947,0.024579408796788955,1801.567358336605,2982000.0,-0.01319902740313898,0.0245794086138526,1801.5673315196734
2982000.0,-0.022173506513914105,0.0390424576829468,4545.50286273943,2982000.0,-0.022173506851566896,0.0390424574955358,4545.502819100926
2982000.0,-0.0053119826169767586,0.009944897079579879,294.92271616768727,2982000.0,-0.005311982963486312,0.00994489691249632,294.9227062577333
2982000.0,-0.0004712624346645153,0.05214561939378276,8108.551884688454,2982000.0,-0.00047126627539857533,0.05214561978085122,8108.552005065382
2982000.0,-0.0007202646062686784,0.06586028277127462,12934.654156895936,2982000.0,-0.0007202684490098221,0.065860283063549,12934.654271698606
2982000.0,-0.0005370012738236148,0.04322026790203033,5570.350824534401,2982000.0,-0.0005370050998706094,0.04322026835949049,5570.350942451931
