cur_n,cur_mean,cur_std,cur_S,next_n,next_mean,next_std,next_S
281000.0,0.12539537098412182,1.3875158396723113,540981.2577009781,281000.0,0.12539560383771964,1.3875158241187946,540981.2455725962
281000.0,-0.015111387159687064,1.3648969039238208,523487.13989377377,281000.0,-0.015111394761482938,1.3648969038456051,523487.13983377663
281000.0,0.039825977219796825,1.225656200356244,422127.5071335492,281000.0,0.03982593974987729,1.2256562017347041,422127.50808305846
281000.0,0.02445928127590824,0.9553018675774686,256441.06595335685,281000.0,0.02445968554112639,0.9553018812630384,256441.07330086076
281000.0,0.02282927028128327,0.839678595664165,198121.90046864894,281000.0,0.02282923387709973,0.839678596875685,198121.9010403645
281000.0,0.020114036845635244,0.8194582811421174,188694.8367436026,281000.0,0.02011356233823605,0.8194583313932906,188694.85988605517
