cur_n,cur_mean,cur_std,cur_S,next_n,next_mean,next_std,next_S
1291000.0,-0.05443971956058041,1.1523843077111604,1714434.5641226796,1291000.0,-0.05443966677612811,1.152384311765424,1714434.576185963
1291000.0,-0.09174611757717915,1.1193203650640493,1617465.6008244276,1291000.0,-0.09174610159930213,1.1193203665208815,1617465.605034797
1291000.0,-0.1321618866786061,0.8760711514278349,990843.3551120433,1291000.0,-0.1321618560601394,0.8760711567376199,990843.3671228606
1291000.0,0.10257804926210387,1.2726656623596182,2091004.153600676,1291000.0,0.10257801007551176,1.2726656662969524,2091004.1665388462
1291000.0,0.1063701487099052,1.136030894011994,1666120.9540652505,1291000.0,0.10637007815903539,1.1360309034461478,1666120.98173781
1291000.0,0.09940792415770117,0.6965562576831452,626381.0905717547,1291000.0,0.09940789644482201,0.6965562623498283,626381.0989648227
