cur_n,cur_mean,cur_std,cur_S,next_n,next_mean,next_std,next_S
3151000.0,-0.2972652092365718,1.3237003015126934,5521127.02039633,3151000.0,-0.29726518214134234,1.3237003084713834,5521127.07844544
3151000.0,-0.36100315649073034,1.3277196932333588,5554707.528552806,3151000.0,-0.36100312654062894,1.3277197024411622,5554707.605597163
3151000.0,-0.1941164324023049,0.9890154291072352,3082155.436407343,3151000.0,-0.19411641958697257,0.9890154318841587,3082155.4537152834
3151000.0,0.09682821926311169,0.835040951434176,2197171.4736926677,3151000.0,0.09682821117411633,0.8350409524956168,2197171.479278424
3151000.0,0.08512820751516255,0.7387484526133411,1719655.9694278473,3151000.0,0.08512819413168374,0.7387484545375426,1719655.9783861458
3151000.0,0.09762547329337956,0.6512658344806278,1336487.7867466696,3151000.0,0.09762547803980208,0.6512658338236035,1336487.7840500593
