cur_n,cur_mean,cur_std,cur_S,next_n,next_mean,next_std,next_S
1001000.0,0.18681258316354887,1.4695995383463638,2161882.525910954,1001000.0,0.18681264650409732,1.469599531661032,2161882.506241783
1001000.0,0.0025321254169895515,1.4723075879223706,2169857.3230872424,1001000.0,0.0025321248358202903,1.4723075879234957,2169857.3230905593
1001000.0,0.045710460189514565,1.3338224447322442,1780861.396385572,1001000.0,0.0457104540920649,1.333822444955108,1780861.396980688
1001000.0,0.004041282477078747,0.8835513706343987,781443.6875744746,1001000.0,0.004041422900247701,0.8835513811619762,781443.706196389
1001000.0,0.011611305630534306,0.7725734962788178,597466.6769596288,1001000.0,0.011611293544053292,0.7725734965551464,597466.6773870243
1001000.0,0.0007759455864985519,0.7080178109417374,501790.50983134063,1001000.0,0.0007758128456895307,0.7080178235428918,501790.5276928678
