cur_n,cur_mean,cur_std,cur_S,next_n,next_mean,next_std,next_S
582000.0,0.0002744696798408226,0.013778758907096829,110.49514266558191,582000.0,0.0002744834401255547,0.013778762631861625,110.49520240513841
582000.0,-0.007372963765749028,0.020187855051674752,237.19380410388413,582000.0,-0.007372949330527647,0.020187863327320216,237.1939985705302
582000.0,-0.005872864408131054,0.014658896085152596,125.06204244134581,582000.0,-0.0058728603088816,0.014658898061034405,125.06207615573057
582000.0,-0.00018674789014730119,0.1138092744574023,7538.384654366828,582000.0,-0.00018673607462859693,0.11380927483375025,7538.384704223145
582000.0,-0.00014496967475619325,0.06915296299931573,2783.2009937023126,582000.0,-0.00014496006311813487,0.06915296340822231,2783.20102661686
582000.0,-0.0007521199073654192,0.05960387776376458,2067.6261462860734,582000.0,-0.0007521039184396642,0.05960387921364189,2067.626246876988
