cur_n,cur_mean,cur_std,cur_S,next_n,next_mean,next_std,next_S
4201000.0,-0.3023998544724416,1.3327466511581028,7461873.485563351,4201000.0,-0.3023998454323853,1.3327466533381878,7461873.509975371
4201000.0,-0.3825867588364679,1.352742837918197,7687465.292449244,4201000.0,-0.3825867591867772,1.352742837819375,7687465.291326059
4201000.0,-0.20843765801125752,0.998194987356184,4185847.970921434,4201000.0,-0.2084376423959424,0.9981949911300259,4185848.002572021
4201000.0,0.09638173908900702,0.8254022239462085,2862094.380271753,4201000.0,0.09638166897340553,0.8254022446444345,2862094.5238145613
4201000.0,0.08856647959220108,0.7341921014370087,2264498.813654274,4201000.0,0.08856644982909916,0.7341921075617516,2264498.8514358657
4201000.0,0.09792767100173744,0.6427479713808092,1735537.9347541253,4201000.0,0.09792767307670495,0.6427479710787126,1735537.9331226922
