cur_n,cur_mean,cur_std,cur_S,next_n,next_mean,next_std,next_S
861000.0,-0.3803426537608639,1.3791908998976532,1637766.2505283891,861000.0,-0.38034289518730463,1.3791908515124984,1637766.1356152582
861000.0,-0.4206588631913081,1.372345008445858,1621547.8379195912,861000.0,-0.4206586676294291,1.3723450803877615,1621548.007931127
861000.0,-0.207072334814631,1.023511743782257,901963.185397429,861000.0,-0.20707235438440494,1.0235117399840603,901963.1787031562
861000.0,0.1052829075294955,0.791456023482383,539332.6705487364,861000.0,0.10528290640357856,0.7914560236328394,539332.6707537916
861000.0,0.09288917355942891,0.7327625900315833,462306.2124941729,861000.0,0.0928883637172384,0.7327630780015578,462306.828223275
861000.0,0.08626162061157784,0.627672821906795,339210.90054133814,861000.0,0.08626175217685174,0.6276728156975875,339210.8938301001
