cur_n,cur_mean,cur_std,cur_S,next_n,next_mean,next_std,next_S
1511000.0,-0.07842618101017781,1.161287771921862,2037718.416004231,1511000.0,-0.07842617678686498,1.1612877722186992,2037718.4170459553
1511000.0,-0.10130532373113024,1.1361733466871329,1950534.5991943048,1511000.0,-0.10130531555876378,1.1361733474601947,1950534.6018486244
1511000.0,-0.1377942757643013,0.9007295514069452,1225895.0381391905,1511000.0,-0.1377942626250754,0.9007295535617668,1225895.044004625
1511000.0,0.10760330488129856,1.2203680719557386,2250329.627114989,1511000.0,0.10760324488636507,1.220368079473937,2250329.6548417467
1511000.0,0.1072415589373495,1.0933106387489577,1806140.8388832991,1511000.0,0.10724149780681368,1.0933106473275143,1806140.8672267192
1511000.0,0.09800391972256131,0.6832724014836752,705427.2348648248,1511000.0,0.0980038899426137,0.6832724067356979,705427.2457094596
