cur_n,cur_mean,cur_std,cur_S,next_n,next_mean,next_std,next_S
3422000.0,-0.013654346194276782,0.024212597538076266,2006.1470877888123,3422000.0,-0.013654346368948573,0.024212597441728,2006.1470718228427
3422000.0,-0.02262327947672889,0.03824235194427208,5004.59794418959,3422000.0,-0.02262329052244327,0.03824235086863206,5004.597662661626
3422000.0,-0.005624701856615552,0.00939580808443129,302.09829911248715,3422000.0,-0.00562470293841979,0.00939580764993517,302.0982711722537
3422000.0,-0.0006527857378437211,0.05537460180397798,10493.037808375891,3422000.0,-0.0006527773728726951,0.055374604064648746,10493.03866513345
3422000.0,-0.0010370632343785061,0.06813180468956151,15884.728296697933,3422000.0,-0.0010370788127103678,0.06813181054698904,15884.731027981781
3422000.0,-0.0007349595594284812,0.04700082922380373,7559.46473711551,3422000.0,-0.0007349520835533953,0.04700083137525426,7559.465429180521
