cur_n,cur_mean,cur_std,cur_S,next_n,next_mean,next_std,next_S
291000.0,-0.02599728105382565,1.1239157117616008,367587.27939907444,291000.0,-0.02599709331604093,1.1239157206669579,367587.2852242372
291000.0,-0.11851758014114008,1.1163771219569096,362672.6826227787,291000.0,-0.11851748642876461,1.1163771330502457,362672.6898304683
291000.0,-0.09984100535798096,0.8054827033200781,188801.49413621586,291000.0,-0.09984080807310322,0.8054827348044998,188801.5088958276
291000.0,0.085020783860498,1.5149693259326402,667883.4290283882,291000.0,0.08501936965449698,1.5149695973788848,667883.6683658612
291000.0,0.10523905818361169,1.3838766482626594,557298.3420835475,291000.0,0.10523901435529069,1.383876651797608,557298.3449306524
291000.0,0.09634737601567203,0.7703914435816409,172709.36611604714,291000.0,0.09634726863445976,0.7703914591887839,172709.3731137879
