cur_n,cur_mean,cur_std,cur_S,next_n,next_mean,next_std,next_S
1922000.0,0.00023725186656521448,0.014049793521129818,379.396453529825,1922000.0,0.000237251686679464,0.01404979352638092,379.3964538134235
1922000.0,-0.007418386199652062,0.020246590147159797,787.874720992345,1922000.0,-0.0074183865458969205,0.020246590025986118,787.874711561653
1922000.0,-0.0059958631191184995,0.013891091532494208,370.87377885906227,1922000.0,-0.0059958637912455905,0.01389109127363453,370.87376503664
1922000.0,-0.00018917146506812883,0.11521810377363834,25514.95638228474,1922000.0,-0.0001891714274280639,0.11521810377371447,25514.956382318458
1922000.0,-0.00015633080863141662,0.06986058173669314,9380.322692492411,1922000.0,-0.00015633070917672276,0.06986058173705265,9380.322692588952
1922000.0,-0.000734376034658464,0.06026480256265144,6980.40883445332,1922000.0,-0.0007343758472099359,0.060264802565494664,6980.408835111977
