cur_n,cur_mean,cur_std,cur_S,next_n,next_mean,next_std,next_S
1621000.0,0.17341530479711237,1.5778730170092732,4035776.560903438,1621000.0,0.17341534079030932,1.577873013718936,4035776.544071837
1621000.0,0.02900182360631449,1.593686017257034,4117072.7321145516,1621000.0,0.029001821711897777,1.5936860172933616,4117072.732302247
1621000.0,0.03999510219653788,1.4558929684996111,3435911.048212834,1621000.0,0.03999510209352238,1.4558929685023874,3435911.0482259383
1621000.0,0.014017109904255209,0.8188060804456363,1086788.747144463,1621000.0,0.01401720277859852,0.8188060873938338,1086788.7655889348
1621000.0,0.002113779048835971,0.708628753676516,813992.7857806918,1621000.0,0.0021137738915181247,0.7086287537223548,813992.7858860005
1621000.0,1.4338218410727835e-05,0.6483965457322708,681497.7085189335,1621000.0,1.4245975674686041e-05,0.6483965563702375,681497.7308810207
