cur_n,cur_mean,cur_std,cur_S,next_n,next_mean,next_std,next_S
3001000.0,-0.04739193532479758,0.1498108083086035,67352.2781365175,3001000.0,-0.047392074383684375,0.14981095800032374,67352.41273406126
3001000.0,-0.04100234840927806,0.1455072582773484,63538.2589963843,3001000.0,-0.041002354759977155,0.14550725690369562,63538.25779672588
3001000.0,0.008049145259833286,0.2719585883616724,221958.3828248044,3001000.0,0.008049253488408285,0.27195864978588313,221958.4830872753
3001000.0,0.028991772958942535,0.16084221954423966,77636.5289833401,3001000.0,0.02899198813148877,0.16084261268512506,77636.90851218683
3001000.0,0.02930862852853814,0.173315728506646,90145.06358511608,3001000.0,0.02930862686545484,0.17331572881182405,90145.06390257478
3001000.0,0.054827587675408594,0.4354043697280235,568920.4724999504,3001000.0,0.054828069489854615,0.4354051090791149,568922.4046456
