cur_n,cur_mean,cur_std,cur_S,next_n,next_mean,next_std,next_S
822000.0,-0.00790236347554381,0.016414812143633904,221.4846594382703,822000.0,-0.007902364935868291,0.016414811494004762,221.48464190741032
822000.0,-0.013251387515770771,0.02309307962230902,438.364648335574,822000.0,-0.013251389026609927,0.023093078795977075,438.3646169638633
822000.0,-0.004003247178434093,0.008950463045743796,65.85106833871122,822000.0,-0.004003248631270968,0.008950462492861416,65.85106020328982
822000.0,-0.0004431796967636287,0.05126458132315519,2160.2630991519577,822000.0,-0.0004431756008386658,0.051264581493066286,2160.263113471891
822000.0,-0.0006790635875443233,0.06113900255715839,3072.6176148884288,822000.0,-0.0006790593827763293,0.06113900272271282,3072.617631528722
822000.0,-0.0004972297510439313,0.04421446520635972,1606.943363324172,822000.0,-0.0004972255792670639,0.04421446541505247,1606.9433784937523
