cur_n,cur_mean,cur_std,cur_S,next_n,next_mean,next_std,next_S
482000.0,-0.006990450367713066,0.015166512855574289,110.87114007958067,482000.0,-0.006990457550166298,0.015166510364824193,110.87110366352609
482000.0,-0.012615004401704011,0.021106595008388487,214.72538607279853,482000.0,-0.012615012686979695,0.02110659084025066,214.72530126471696
482000.0,-0.004203646147729395,0.009289747474216138,41.59631472092786,482000.0,-0.0042036535785565324,0.009289745544211749,41.59629743712939
482000.0,-0.0006396514356539402,0.058754625746377256,1663.9151144596851,482000.0,-0.000639644642909493,0.05875462600958974,1663.915129367898
482000.0,-0.0010579475081296393,0.06806537606072822,2233.055591614987,482000.0,-0.0010579399018790373,0.06806537638380178,2233.055612813466
482000.0,-0.0007353024037359913,0.052665482181609914,1336.900752469149,482000.0,-0.0007352959860375268,0.052665482459684554,1336.9007665868667
