cur_n,cur_mean,cur_std,cur_S,next_n,next_mean,next_std,next_S
1402000.0,-0.007918550409718795,0.038808109755761065,2111.5092747069066,1402000.0,-0.007918553863916156,0.038808109266475974,2111.509221463911
1402000.0,-0.014570683537233486,0.059930082194171036,5035.443882023736,1402000.0,-0.014570686934626454,0.05993008150317899,5035.4437659067025
1402000.0,-0.03075752393960035,0.08614872921187543,10405.088169839095,1402000.0,-0.03075755354693594,0.08614872577414413,10405.087339417178
1402000.0,-0.0004268062145372198,0.15166442496168775,32248.941114141096,1402000.0,-0.0004268084961890487,0.15166442497932756,32248.94112164273
1402000.0,-0.0004980404469372749,0.1536303661988339,33090.4097645797,1402000.0,-0.0004980412798662932,0.15363036619929923,33090.40976478016
1402000.0,-0.000445346267545965,0.15676032654122518,34452.4675681908,1402000.0,-0.0004453177417595968,0.15676033026105657,34452.469203264845
