cur_n,cur_mean,cur_std,cur_S,next_n,next_mean,next_std,next_S
1522000.0,0.0002274114926609382,0.013908606318245661,294.4298798276654,1522000.0,0.00022741048660688813,0.013908606390074076,294.42988286872236
1522000.0,-0.00736663010060994,0.020063210633868726,612.6543446691322,1522000.0,-0.007366629067720268,0.020063211053582407,612.6543703020599
1522000.0,-0.0059260522662897145,0.013731731124248876,286.9889891757085,1522000.0,-0.005926052743338926,0.013731730930986,286.98898109743834
1522000.0,-0.00020003767276605353,0.1141247019214067,19823.209229925193,1522000.0,-0.00019999559226473054,0.11412471380290097,19823.213357504155
1522000.0,-0.0001659390900159225,0.06920674355480481,7289.730643966907,1522000.0,-0.00016589997243397815,0.06920676047456177,7289.734208373483
1522000.0,-0.0007435642768185279,0.05969881353025067,5424.329368791694,1522000.0,-0.0007435261651790142,0.05969883252037206,5424.332819737648
