cur_n,cur_mean,cur_std,cur_S,next_n,next_mean,next_std,next_S
1691000.0,-0.09169743377227682,1.1766864281679108,2341343.2968466342,1691000.0,-0.09169739493213315,1.1766864322786752,2341343.313205641
1691000.0,-0.11149332699471665,1.1605261183254065,2277474.0933944015,1691000.0,-0.1114932968411544,1.1605261218846938,2277474.1073642457
1691000.0,-0.14876183903475687,0.9320994999553898,1469156.8269886952,1691000.0,-0.14876180996046867,0.932099505362344,1469156.8440333644
1691000.0,0.10412523186814839,1.1764957558760585,2340584.5677380934,1691000.0,0.10412521976332113,1.1764957570526862,2340584.5724197878
1691000.0,0.10735344821124557,1.0618831429130935,1906764.5133622547,1691000.0,0.10735341939248799,1.061883146487896,1906764.5262004028
1691000.0,0.09690851839554945,0.6708891925977233,761106.0940868227,1691000.0,0.09690850364390506,0.6708891950028264,761106.0995438749
