cur_n,cur_mean,cur_std,cur_S,next_n,next_mean,next_std,next_S
1291000.0,-0.36490539624452123,1.384468473785658,2474528.0647841487,1291000.0,-0.36490535883981845,1.3844684842967576,2474528.102358151
1291000.0,-0.41575639042200535,1.3845004603733413,2474642.4084832263,1291000.0,-0.415756347379835,1.3845004741624416,2474642.4577762294
1291000.0,-0.20296216536445474,1.0202470529640641,1343807.1273646785,1291000.0,-0.20296215117562555,1.0202470559140882,1343807.1351358613
1291000.0,0.1019310180145452,0.8202550155727651,868608.4131288099,1291000.0,0.10193107113554989,0.8202550111921877,868608.4038511916
1291000.0,0.09150350607040447,0.7550342308406026,735969.006455709,1291000.0,0.09150351361436207,0.755034229975006,735969.0047682298
1291000.0,0.09196247552251724,0.6391561984054125,527400.1539344362,1291000.0,0.0919624306681181,0.6391562068909827,527400.1679381839
