cur_n,cur_mean,cur_std,cur_S,next_n,next_mean,next_std,next_S
621000.0,-0.37042648301422876,1.3699488326892104,1165467.8383998354,621000.0,-0.37042657890445346,1.3699488088450638,1165467.7978295817
621000.0,-0.4131965307260278,1.3278732757145466,1094976.6579776227,621000.0,-0.41319660609818576,1.3278732535892195,1094976.6214881218
621000.0,-0.21042445122902215,1.0254458300938363,653005.8124336958,621000.0,-0.2104243789892038,1.025445846497803,653005.8333258488
621000.0,0.10406367659721952,0.7904468192331284,388004.6340762132,621000.0,0.10406353549589463,0.7904468456301392,388004.6599910817
621000.0,0.09268541568014292,0.7159441289633347,318309.69338997925,621000.0,0.09268545773795302,0.7159441242857215,318309.68923063343
621000.0,0.0809298597775024,0.6081892068553398,229704.24313923824,621000.0,0.08092987743179454,0.6081892046652471,229704.2414849057
