cur_n,cur_mean,cur_std,cur_S,next_n,next_mean,next_std,next_S
1671000.0,0.1777296620113395,1.5834546469913737,4189746.1224803,1671000.0,0.1777297011432026,1.5834546434071524,4189746.10351294
1671000.0,0.03587835583078284,1.596418136202431,4258628.496410989,1671000.0,0.0358783560690222,1.596418136197119,4258628.496382648
1671000.0,0.03819534824373896,1.456575815676146,3545215.501483904,1671000.0,0.03819534100978639,1.4565758158957784,3545215.502553048
1671000.0,0.012750477878159038,0.8152496718342864,1110600.1178286986,1671000.0,0.012750581695576742,0.8152496812563261,1110600.1434996526
1671000.0,-0.0007010251649890813,0.7050568239907308,830662.6639684027,1671000.0,-0.0007010326984657125,0.705056824050527,830662.6641093007
1671000.0,0.0010519147882723375,0.6443828281066855,693848.0419243048,1671000.0,0.0010518323379818104,0.6443828370555241,693848.0611958744
