cur_n,cur_mean,cur_std,cur_S,next_n,next_mean,next_std,next_S
2162000.0,-0.0105936493546537,0.020503131447198435,908.8580989430526,2162000.0,-0.010593643473112839,0.020503136309941897,908.8585300522531
2162000.0,-0.017608412785159615,0.030742378720479375,2043.2929023884944,2162000.0,-0.017608407789360236,0.030742382459541584,2043.2933994222346
2162000.0,-0.004637124295577262,0.0093783618043648,190.15583482877528,2162000.0,-0.004637118388308815,0.009378368747482478,190.15611638644063
2162000.0,-0.0004566991201600191,0.05150754637590822,5735.845095386619,2162000.0,-0.0004567026371149159,0.051507546604312913,5735.845146256599
2162000.0,-0.0007146434286024652,0.06334544994435207,8675.340713946516,2162000.0,-0.0007146461510694151,0.06334545004012111,8675.340740178208
2162000.0,-0.0005206808916959486,0.0435501614536617,4100.485008427683,2162000.0,-0.0005206850946247599,0.04355016184187993,4100.485081533407
