cur_n,cur_mean,cur_std,cur_S,next_n,next_mean,next_std,next_S
1251000.0,-0.3450827355095383,1.3632136618027073,2324797.7111446583,1251000.0,-0.34508484351226537,1.3632151671282435,2324802.8454524945
1251000.0,-0.3893496314138242,1.3383629585841588,2240810.476546589,1251000.0,-0.3893513251054209,1.3383638065334058,2240813.315976873
1251000.0,-0.20718146816329014,1.02331329439916,1310009.7932160716,1251000.0,-0.20718195407369885,1.0233133403424552,1310009.9108460648
1251000.0,0.09534023787577584,0.811208916755979,823232.9431871353,1251000.0,0.09534202246985242,0.8112111626997932,823237.5016614267
1251000.0,0.09479943510934134,0.75387437526045,710976.5436665916,1251000.0,0.09480181239508786,0.7538787654185024,710984.8243791056
1251000.0,0.09224273912408508,0.6340048363730739,502854.6278131048,1251000.0,0.09224358083043994,0.6340054128764204,502855.5423093071
