cur_n,cur_mean,cur_std,cur_S,next_n,next_mean,next_std,next_S
1421000.0,-0.07116144132197916,1.1602006803495095,1912759.2441492034,1421000.0,-0.07116141331031017,1.160200682548145,1912759.2513987431
1421000.0,-0.09362020974197577,1.129113284847853,1811628.3670382902,1421000.0,-0.09362019371702202,1.1291132863381173,1811628.3718204587
1421000.0,-0.13526923871943164,0.8917627776534783,1130037.250135319,1421000.0,-0.13526923342387753,0.891762778479082,1130037.2522277206
1421000.0,0.10700660148885006,1.2399787319817297,2184854.650444933,1421000.0,0.10700661455634286,1.2399787309518824,2184854.646815731
1421000.0,0.10537003344034954,1.1086167727353795,1746453.2624308853,1421000.0,0.1053700772059116,1.1086167698032336,1746453.253192606
1421000.0,0.09896132992872413,0.6889633759535491,674506.8279689475,1421000.0,0.09896133576460595,0.6889633751504137,674506.8263963812
