cur_n,cur_mean,cur_std,cur_S,next_n,next_mean,next_std,next_S
561000.0,0.1736456080799925,1.4115948866574777,1117848.6695850585,561000.0,0.17364571509767354,1.4115948757686485,1117848.6523392277
561000.0,-0.019340169796883324,1.408708931203012,1113282.5384494853,561000.0,-0.01934017508318914,1.408708931135978,1113282.5383435332
561000.0,0.04902890079157638,1.232959073194791,852825.5107332538,561000.0,0.049028886678553076,1.2329590738012797,852825.5115722581
561000.0,0.006205381834377079,0.9463556055188331,502425.39090637065,561000.0,0.0062056272153094335,0.9463556217565863,502425.4081477955
561000.0,0.021145314845123584,0.8170686368369046,374524.2492467123,561000.0,0.021145297515768147,0.8170686373884777,374524.2497523675
561000.0,0.004647919533920147,0.7593490001615545,323478.7171700037,561000.0,0.004647708245193751,0.759349017945678,323478.7323218918
