cur_n,cur_mean,cur_std,cur_S,next_n,next_mean,next_std,next_S
561000.0,-0.3653074830214184,1.3502991158224067,1022875.620929024,561000.0,-0.3653075926890946,1.3502990886514987,1022875.5797641312
561000.0,-0.40201902470046735,1.3067926792826516,958023.6868175963,561000.0,-0.4020191123538855,1.306792653966272,958023.6496981792
561000.0,-0.20204763212093965,1.0108690723728189,573261.3739102145,561000.0,-0.20204764074350587,1.0108690706700139,573261.3719789013
561000.0,0.10818297277824347,0.7893509812740026,349545.0590890475,561000.0,0.10818269911224004,0.7893510453943507,349545.11587735155
561000.0,0.09469271644265824,0.7150668024054964,286850.81839725823,561000.0,0.09469286154968619,0.7150667914493752,286850.80960710807
561000.0,0.07940836101644633,0.6063731037408736,206273.15926753092,561000.0,0.07940833694573006,0.6063731071610977,206273.16159448252
