cur_n,cur_mean,cur_std,cur_S,next_n,next_mean,next_std,next_S
1681000.0,-0.3301012643345232,1.345454756432618,3043027.731201628,1681000.0,-0.33010131424210426,1.3454547457440063,3043027.68285256
1681000.0,-0.37920651729752286,1.3320081612248926,2982507.0915786987,1681000.0,-0.3792065498142245,1.3320081526350191,2982507.053111429
1681000.0,-0.19850266929035218,1.0025857270942014,1689704.4536308274,1681000.0,-0.19850267868574611,1.0025857253080268,1689704.4476101806
1681000.0,0.09634793679612955,0.8195751307570415,1129133.4069200638,1681000.0,0.09634793339803985,0.8195751311683598,1129133.408053415
1681000.0,0.09513117596488814,0.7521414620795315,950969.9054639265,1681000.0,0.09513117788269917,0.7521414618410988,950969.9048610018
1681000.0,0.10006962047380907,0.6497958266423118,709776.3900368876,1681000.0,0.1000696211439989,0.6497958265396643,709776.3898126424
