cur_n,cur_mean,cur_std,cur_S,next_n,next_mean,next_std,next_S
2101000.0,-0.02124305312037951,0.15472246180439048,50295.92343249005,2101000.0,-0.02124300779241658,0.1547224819778493,50295.93654813978
2101000.0,-0.020559580531314733,0.033509115236188346,2359.1305490194272,2101000.0,-0.020559626112035396,0.033509152402155865,2359.135782187618
2101000.0,-8.356203460700166e-05,0.03272415740669514,2249.8988742321153,2101000.0,-8.355290947728014e-05,0.032724160103037504,2249.8992449978355
2101000.0,0.10645956024880664,0.4593057024000549,443230.59106839367,2101000.0,0.10645958287326752,0.4593056983267772,443230.58320695726
2101000.0,0.00027067529666041244,0.0947307921512952,18854.21218436659,2101000.0,0.0002706759202077225,0.09473079215382357,18854.212185373028
2101000.0,0.002671433197845164,0.08473446060492458,15085.03043822979,2101000.0,0.0026714277439409398,0.08473446114563508,15085.03063075204
