cur_n,cur_mean,cur_std,cur_S,next_n,next_mean,next_std,next_S
3021000.0,-0.32272022668520045,1.3563208181296373,5557450.214471075,3021000.0,-0.32271981576661884,1.3563211039511496,5557452.556747284
3021000.0,-0.392051327921176,1.3730920732924639,5695738.543892302,3021000.0,-0.39205136733362506,1.3730920637480668,5695738.464709861
3021000.0,-0.16984507754645406,0.9900392123837332,2961116.6566554136,3021000.0,-0.1698451014128724,0.9900392091583682,2961116.6373618706
3021000.0,0.1016105888708002,0.8521708660681013,2193835.653810254,3021000.0,0.10161040930242653,0.8521709446342254,2193836.0583328186
3021000.0,0.09447451664474793,0.7704444173040155,1793219.0770680255,3021000.0,0.09447504220384685,0.7704448943878507,1793221.2979059734
3021000.0,0.09244730494844514,0.6526938351081596,1286973.9212547445,3021000.0,0.09244733959860962,0.6526938329788936,1286973.912857822
