cur_n,cur_mean,cur_std,cur_S,next_n,next_mean,next_std,next_S
1601000.0,-0.04947249992177439,0.13968564625041657,31238.839709202828,1601000.0,-0.04947250141878635,0.13968564573306677,31238.839477806003
1601000.0,-0.0546271249469846,0.1450174816368714,33669.14203846083,1601000.0,-0.05462712389772173,0.1450174820381962,33669.142224814386
1601000.0,-0.06631137232528685,0.20544233417790617,67572.69082861883,1601000.0,-0.06631136979114385,0.20544233502088322,67572.69138315134
1601000.0,0.03287448843178623,0.15540931497664554,38667.44034559787,1601000.0,0.03287448284133224,0.15540931632020752,38667.44101418202
1601000.0,0.03254169324630917,0.12019193835743042,23128.209375832284,1601000.0,0.03254169530049298,0.12019193782937022,23128.209172605893
1601000.0,0.05190408357960686,0.3240923075745052,168162.35395017723,1601000.0,0.05190407847130642,0.32409230845709563,168162.35486607978
