cur_n,cur_mean,cur_std,cur_S,next_n,next_mean,next_std,next_S
5691000.0,-0.30782662119228466,1.3410655540006395,10235017.763342997,5691000.0,-0.30782662487971973,1.341065553183104,10235017.750864128
5691000.0,-0.39260315054792133,1.364338211474651,10593334.136354532,5691000.0,-0.3926031702354149,1.3643382066177694,10593334.060932515
5691000.0,-0.22028651714609013,1.004718756020402,5744835.600577058,5691000.0,-0.22028650618727763,1.0047187587633066,5744835.631944116
5691000.0,0.09560532559930963,0.8205720533196845,3831969.373276711,5691000.0,0.09560533364943517,0.8205720526065211,3831969.366615942
5691000.0,0.08667230505587725,0.7278804328314328,3015148.280323091,5691000.0,0.08667232635119167,0.7278804320685616,3015148.2740029055
5691000.0,0.09652226376888132,0.6357049729176317,2299851.5444622496,5691000.0,0.0965222629561953,0.6357049730439654,2299851.545376349
