cur_n,cur_mean,cur_std,cur_S,next_n,next_mean,next_std,next_S
2251000.0,-0.03474317868723433,0.11834402146900944,31525.946996696533,2251000.0,-0.03474318587553296,0.11834401985010072,31525.946134166606
2251000.0,-0.030471796200786567,0.1138690478496789,29186.826290991234,2251000.0,-0.030471807437701552,0.11386904609068872,29186.82538926524
2251000.0,0.00708135599039756,0.20051945278223615,90508.32267514082,2251000.0,0.007081356651532076,0.20051945276134722,90508.32265628358
2251000.0,0.03176096294750142,0.14926995073880686,50155.69745371668,2251000.0,0.0317609523464794,0.1492699538417941,50155.69953896543
2251000.0,0.03155284095838555,0.16020538266440879,57773.63619259637,2251000.0,0.03155284124051115,0.16020538260939512,57773.63615291806
2251000.0,0.05257823222951931,0.4015125613101055,362888.97033894254,2251000.0,0.05257822530333823,0.40151256235156485,362888.9722214945
