cur_n,cur_mean,cur_std,cur_S,next_n,next_mean,next_std,next_S
411000.0,-0.33325792974455454,1.3184159660315458,714408.6910491135,411000.0,-0.33325787952708213,1.318415979118156,714408.7052315692
411000.0,-0.4153149389068622,1.2953828438770592,689664.8687187283,411000.0,-0.4153148256425536,1.2953828822260893,689664.9095529562
411000.0,-0.22769426969231818,1.004572333634654,414767.05071021564,411000.0,-0.2276942832137335,1.0045723306073198,414767.04821036896
411000.0,0.1054130205701587,0.7784847521976953,249081.8273651702,411000.0,0.10541294176006026,0.7784847645087533,249081.8352431943
411000.0,0.10566780068637106,0.7116835754664593,208168.83326296537,411000.0,0.10566781391905879,0.7116835735523018,208168.8321431758
411000.0,0.09539287702501656,0.6144150172177995,155154.88930030976,411000.0,0.09539301217138911,0.6144150023440629,155154.88178834194
