cur_n,cur_mean,cur_std,cur_S,next_n,next_mean,next_std,next_S
1181000.0,-0.3496013000334724,1.369451361042885,2214843.89273967,1181000.0,-0.34960275417187553,1.3694519015902389,2214845.6412183326
1181000.0,-0.38986874823417694,1.3385177506643706,2115914.757004299,1181000.0,-0.38986814314713,1.338518088429216,2115915.8248746516
1181000.0,-0.2127235222245811,1.0324820340959615,1258968.6170132337,1181000.0,-0.21272327789819506,1.0324821185759423,1258968.8230364772
1181000.0,0.09737291907397552,0.8139618911484926,782452.607045838,1181000.0,0.09737489888042203,0.8139644978537157,782457.6186479431
1181000.0,0.09358223149706445,0.7508265429719441,665777.527702448,1181000.0,0.0935817929845085,0.7508267488597675,665777.8928347308
1181000.0,0.09344031277955903,0.634147246773742,474930.56482763716,1181000.0,0.09343994014713525,0.6341474309780102,474930.84073910804
