cur_n,cur_mean,cur_std,cur_S,next_n,next_mean,next_std,next_S
431000.0,-0.3471534307786092,1.3213861764068406,752552.4751228078,431000.0,-0.34715367880489584,1.3213861212781577,752552.4123293163
431000.0,-0.3902039250439734,1.2764982260603808,702291.9678093138,431000.0,-0.3902039941834238,1.2764982057326333,702291.9454418503
431000.0,-0.18778763831285183,0.9868955088458915,419777.94325886236,431000.0,-0.18778762440584765,0.9868955115343604,419777.94554595347
431000.0,0.11015228579359074,0.7827341744550036,264061.9715675548,431000.0,0.11015231625441689,0.7827341704237734,264061.9688476158
431000.0,0.09703420403583174,0.7197262605316769,223260.53863263072,431000.0,0.09703417126467205,0.7197262652714836,223260.54157322604
431000.0,0.07453056542854317,0.6068643971928301,158730.5749260736,431000.0,0.07453063020562228,0.6068643907274162,158730.57154390492
