cur_n,cur_mean,cur_std,cur_S,next_n,next_mean,next_std,next_S
2382000.0,-0.010791398015393236,0.019583616195208948,913.5399314559379,2382000.0,-0.010791397029371442,0.01958361679767556,913.5399876638734
2382000.0,-0.017930737960557726,0.029613429755279374,2088.907338496402,2382000.0,-0.017930736998482483,0.029613430375036574,2088.907425930745
2382000.0,-0.005065406151018089,0.008938444276250701,190.31176244169993,2382000.0,-0.005065405147185112,0.008938444979389627,190.31179238328917
2382000.0,-0.0006284029750980954,0.055051487258134385,7219.0470059100935,2382000.0,-0.0006284031501027083,0.055051487256798,7219.047005559607
2382000.0,-0.0010086372944389096,0.06604229852434482,10389.29593301001,2382000.0,-0.0010086374940045325,0.0660422985220159,10389.295932277275
2382000.0,-0.0007143473807705325,0.04771366943216477,5422.847505124273,2382000.0,-0.0007143475806539229,0.0477136694301675,5422.847504670277
