cur_n,cur_mean,cur_std,cur_S,next_n,next_mean,next_std,next_S
3402000.0,-0.013647586795366082,0.024198848662516793,1992.1577089639113,3402000.0,-0.0136475885562883,0.02419884788736378,1992.1575813357706
3402000.0,-0.022602668694973224,0.03818671444770105,4960.881995375506,3402000.0,-0.022602670652934385,0.03818671345955282,4960.881738632458
3402000.0,-0.005629583459004789,0.009401756866617645,300.7130954729309,3402000.0,-0.005629585005261679,0.009401756373322226,300.7130639170439
3402000.0,-0.0006542795025257177,0.05539946086728254,10441.079099439707,3402000.0,-0.0006542848144096967,0.055399461670900596,10441.079402353836
3402000.0,-0.001038713231083506,0.06813363802032404,15792.739326867222,3402000.0,-0.0010387188078166813,0.06813363871173388,15792.739647391876
3402000.0,-0.0007364910755619458,0.04703039452960777,7524.740948695128,3402000.0,-0.0007364967122467727,0.04703039559047708,7524.741288167797
