cur_n,cur_mean,cur_std,cur_S,next_n,next_mean,next_std,next_S
2082000.0,-0.010319543183014635,0.02008766341619395,840.116609209422,2082000.0,-0.010319540927005004,0.02008766483891966,840.1167282133615
2082000.0,-0.01714216012031021,0.029919340698765035,1863.7375854211552,2082000.0,-0.017142157930895754,0.02991934211996396,1863.7377624799979
2082000.0,-0.004575813392427526,0.00934197023189392,181.70115306789887,2082000.0,-0.004575811094397534,0.009341971945965599,181.7012197452316
2082000.0,-0.0004567976941122076,0.05136017558387945,5492.040418166423,2082000.0,-0.0004567963096818697,0.05136017563503924,5492.040429107647
2082000.0,-0.0007152995957845474,0.06299980384728594,8263.406542946324,2082000.0,-0.0007152982879897668,0.06299980389039511,8263.406554255203
2082000.0,-0.0005188902670323817,0.04350923877353616,3941.338133714676,2082000.0,-0.0005188888214792103,0.04350923884077022,3941.338145895638
