cur_n,cur_mean,cur_std,cur_S,next_n,next_mean,next_std,next_S
2691000.0,-0.3290503428257074,1.3639476468437846,5006210.416342907,2691000.0,-0.3290502306981604,1.3639476862969018,5006210.705959022
2691000.0,-0.3931618042752976,1.3711577352562,5059277.882558285,2691000.0,-0.39316208100092226,1.371157731052813,5059277.851539091
2691000.0,-0.17572531629844418,1.0000383200967284,2691206.2427121364,2691000.0,-0.17572580166565321,1.0000385517710249,2691207.4896311252
2691000.0,0.10187836334939691,0.8482273054562831,1936146.4105928973,2691000.0,0.10187812677642476,0.8482274226476226,1936146.9455900744
2691000.0,0.09430622784934244,0.7686187478654783,1589774.931823666,2691000.0,0.09430654612210682,0.7686188861404009,1589775.5038264329
2691000.0,0.0927929821413733,0.652790627046023,1146730.9070248455,2691000.0,0.092793773143774,0.6527918042357509,1146735.0428717944
