cur_n,cur_mean,cur_std,cur_S,next_n,next_mean,next_std,next_S
962000.0,-0.008591904243937878,0.04148935996941147,1655.9550450258894,962000.0,-0.00859190151089826,0.04148936062198492,1655.9550971179103
962000.0,-0.013081209987164924,0.0498118223012441,2386.9313706138314,962000.0,-0.013081200492071916,0.049811825665358155,2386.931693023624
962000.0,-0.025195616622705804,0.07212599660118679,5004.477329057261,962000.0,-0.025195613746543277,0.07212599766107847,5004.477476138873
962000.0,-0.0004745547364843048,0.14563686288389446,20404.112189097108,962000.0,-0.00047453635235084995,0.14563686406004062,20404.112518659527
962000.0,-0.0004882460598712303,0.14478087703017892,20164.965264189934,962000.0,-0.0004882267694913943,0.1447808783315099,20164.965626686626
962000.0,-0.00046653625675792697,0.1473074958572791,20874.917398984086,962000.0,-0.0004665133410109867,0.1473074976445522,20874.91790553236
