cur_n,cur_mean,cur_std,cur_S,next_n,next_mean,next_std,next_S
1061000.0,0.1864667995533718,1.4821086101810244,2330641.334247464,1061000.0,0.18646684591046717,1.4821086051179642,2330641.318323965
1061000.0,0.006646355020263869,1.4929957904645128,2365007.6525957854,1061000.0,0.006646343396548653,1.4929957905642801,2365007.652911862
1061000.0,0.04400863684367998,1.3390196306255373,1902344.959043784,1061000.0,0.04400862335483638,1.3390196311409055,1902344.9605081507
1061000.0,0.005466590133012856,0.8765625539215787,815231.9875047094,1061000.0,0.005466726747540595,0.8765625643648027,815232.0069297927
1061000.0,0.011081624119235373,0.7649788547750381,620889.3997963576,1061000.0,0.011081617226631243,0.7649788549078712,620889.4000119835
1061000.0,0.000648425040429432,0.6983405456011046,517427.96820590575,1061000.0,0.0006483134717075019,0.6983405551605686,517427.9823718714
