cur_n,cur_mean,cur_std,cur_S,next_n,next_mean,next_std,next_S
2151000.0,-0.3196908422390708,1.337998163522746,3850804.273104609,2151000.0,-0.3196910277041463,1.3379981468581872,3850804.177182274
2151000.0,-0.37103313212266215,1.3301097221865472,3805531.7189416788,2151000.0,-0.3710344461336438,1.3301107517573703,3805537.6102841375
2151000.0,-0.19443373118608911,0.992972429684281,2120873.623389288,2151000.0,-0.19443472927378982,0.9929733132211565,2120877.3976549814
2151000.0,0.09843580642557018,0.8341163063675195,1496558.2769911645,2151000.0,0.09843561020528314,0.8341163791684407,1496558.5382276976
2151000.0,0.09236321443056829,0.751834597455027,1215864.0684122096,2151000.0,0.0923639193078204,0.7518352216070786,1215866.0871657236
2151000.0,0.0996266317454664,0.6529702192636114,917122.1006843582,2151000.0,0.09962722113710361,0.6529707015068766,917123.455343749
