cur_n,cur_mean,cur_std,cur_S,next_n,next_mean,next_std,next_S
301000.0,0.1368263039060022,1.3893691076713983,581034.3017228369,301000.0,0.13682653766543323,1.3893690905696616,581034.2874189409
301000.0,-0.03230978990008541,1.3684489230444055,563668.3889493993,301000.0,-0.03230979754752307,1.3684489228702745,563668.3888059491
301000.0,0.04526117077704659,1.233448206842671,457939.73816798365,301000.0,0.04526114022602106,1.2334482080776146,457939.7390849733
301000.0,0.018662075593250747,0.9464539048612594,269628.27320216486,301000.0,0.018662434723561917,0.9464539182887436,269628.2808526788
301000.0,0.03071132623259899,0.841057189267953,212920.5358814121,301000.0,0.030711296407529568,0.8410571905162035,212920.53651342186
301000.0,0.017208800425833067,0.8178397615009126,201327.42452305276,301000.0,0.01720839441167791,0.8178398003795266,201327.443664532
