cur_n,cur_mean,cur_std,cur_S,next_n,next_mean,next_std,next_S
1162000.0,-0.008098623712466505,0.03980741668936405,1841.3405520845265,1162000.0,-0.00809863508434842,0.039807416263264846,1841.340512665051
1162000.0,-0.014892282394468529,0.059638806466957094,4132.986769165276,1162000.0,-0.014892257835897087,0.05963881847503647,4132.9884334922845
1162000.0,-0.028002726582013367,0.0809779580945389,7619.733308100963,1162000.0,-0.028002788241344882,0.08097796404995114,7619.734428866558
1162000.0,-0.0004643434948076309,0.14942592436348792,25945.260185127827,1162000.0,-0.00046434547092427626,0.14942592437252852,25945.260188267323
1162000.0,-0.0005429596927602882,0.1523409386799194,26967.41897673536,1162000.0,-0.0005429531299329693,0.15234093886757552,26967.4190431732
1162000.0,-0.0004954283623610351,0.15408980092876073,27590.14076380806,1162000.0,-0.000495335621978248,0.15408983365638795,27590.15248372635
