cur_n,cur_mean,cur_std,cur_S,next_n,next_mean,next_std,next_S
71000.0,0.10359825452147552,1.4635815525643523,152087.03823147426,71000.0,0.10359905861358623,1.4635815113299884,152087.02966179507
71000.0,0.04138757815504818,1.5040030072510673,160603.77825323804,71000.0,0.041387473788017055,1.5040030103801603,160603.77892151347
71000.0,-0.05777683506560187,1.392708171006504,137714.15952076798,71000.0,-0.05777675017725238,1.3927081747118069,137714.16025354556
71000.0,0.005631762780018459,0.8204902971160954,47797.507263977765,71000.0,0.0056341870563778144,0.8204905347565546,47797.53495138188
71000.0,0.01747037356593446,0.7925322421266626,44595.62219153236,71000.0,0.017470196529937553,0.7925322474330717,44595.622788713416
71000.0,0.05276093089929488,0.7555529180855071,40531.07505395428,71000.0,0.05275876605122713,0.7555532894560811,40531.11489776124
