cur_n,cur_mean,cur_std,cur_S,next_n,next_mean,next_std,next_S
3462000.0,-0.004687972067449568,0.031405729384578016,3414.639279769976,3462000.0,-0.004687972820468595,0.03140572930342901,3414.6392621238583
3462000.0,-0.01469350073997571,0.05151465907954613,9187.317466483415,3462000.0,-0.01469350367496304,0.05151465853185624,9187.31727112928
3462000.0,-0.022672155655885564,0.07428465703564051,19104.043957865266,3462000.0,-0.022672158791742583,0.07428465630769183,19104.043583447077
3462000.0,-0.0003168446063311768,0.1648955140142695,94133.61673650838,3462000.0,-0.00031684430206940886,0.1648955140158263,94133.61673828584
3462000.0,-0.0005003333114272035,0.1353197548780072,63394.19164056456,3462000.0,-0.000500332116680674,0.13531975490068057,63394.191661808465
3462000.0,-0.000521245757221086,0.13510499642018148,63193.13251974789,3462000.0,-0.0005212448434540438,0.13510499643440282,63193.13253305148
