cur_n,cur_mean,cur_std,cur_S,next_n,next_mean,next_std,next_S
1801000.0,-0.02591999549454739,0.14952027743309004,40263.72036796646,1801000.0,-0.025919987821220285,0.14952027911791357,40263.72127536531
1801000.0,-0.017998742412723836,0.03215171167447632,1861.7523470411809,1801000.0,-0.01799874926506404,0.03215170915358516,1861.7520550956135
1801000.0,-0.0020509313248003444,0.032673840884712015,1922.7113605652205,1801000.0,-0.002050908421803499,0.03267385677898501,1922.713231181338
1801000.0,0.10652802182477211,0.4612374027035075,383144.6349164723,1801000.0,0.1065280027459373,0.4612374078206336,383144.64341794857
1801000.0,0.0005171307738725036,0.09436202703192235,16036.450054177418,1801000.0,0.000517144710639755,0.0943620288091219,16036.450658233363
1801000.0,0.002459571066383988,0.0830302475505552,12416.133636959965,1801000.0,0.002459593178181394,0.08303025219822459,12416.135026961503
