cur_n,cur_mean,cur_std,cur_S,next_n,next_mean,next_std,next_S
1551000.0,-0.0479439082667699,0.13734798195389972,29258.79009570039,1551000.0,-0.04794391014489512,0.13734798131822515,29258.78982486906
1551000.0,-0.053025361297441946,0.14269964772487792,31583.306853707396,1551000.0,-0.053025373655624645,0.14269964396271329,31583.305188369046
1551000.0,-0.06439882412366706,0.20292213147002963,63866.13412396732,1551000.0,-0.06439883430028971,0.2029221286361867,63866.13234016395
1551000.0,0.03297260820665752,0.15605063253246046,37769.641666274336,1551000.0,0.03297260645017625,0.15605063291893015,37769.641853352354
1551000.0,0.03269873100679882,0.12045115220344244,22502.65258412926,1551000.0,0.03269873535336469,0.12045115114512404,22502.652188699736
1551000.0,0.052047888179726186,0.3270328976110778,165880.2505019613,1551000.0,0.05204788998553496,0.32703289733144314,165880.25021828426
