cur_n,cur_mean,cur_std,cur_S,next_n,next_mean,next_std,next_S
4401000.0,-0.302533051017718,1.3341913715523877,7834073.176685225,4401000.0,-0.3025330698789814,1.3341913678623574,7834073.133351164
4401000.0,-0.3849083000249172,1.3565564522581266,8098920.041326045,4401000.0,-0.38490832212369763,1.3565564467800872,8098919.97591601
4401000.0,-0.21014953326476513,0.998746947719327,4389977.544011736,4401000.0,-0.21014953864720834,0.9987469466506471,4389977.534617003
4401000.0,0.09627042736772984,0.8249004395699663,2994707.6956271864,4401000.0,0.09627042428867816,0.824900439954628,2994707.6984201283
4401000.0,0.08843723377352376,0.7334542987680672,2367540.872086353,4401000.0,0.08843723764259123,0.7334542983464599,2367540.8693645135
4401000.0,0.09776363372632692,0.6409497314768489,1808003.6729913566,4401000.0,0.09776363107782687,0.6409497319048737,1808003.6754061184
