cur_n,cur_mean,cur_std,cur_S,next_n,next_mean,next_std,next_S
101000.0,-0.123909006633635,1.205859513463338,146863.81378721388,101000.0,-0.12389785197653812,1.2058658704327219,146865.36224492107
101000.0,-0.13476299600357294,1.1337554617693553,129825.54615627626,101000.0,-0.1347576920606858,1.133757345258234,129825.97751062684
101000.0,-0.09261487529247438,0.8339243275431657,70238.40819090043,101000.0,-0.09261486092922955,0.8339243291508273,70238.40846171539
101000.0,0.13011672021589976,1.77031775241143,316536.5193948088,101000.0,0.13011570452840812,1.7703178564912048,316536.55661417305
101000.0,0.08070333135952966,1.4917591062757782,224759.86834682754,101000.0,0.08070387390829122,1.4917590868889297,224759.862504885
101000.0,0.08592791859538002,0.7799382729737966,61438.67467458419,101000.0,0.08592763164066712,0.7799383099199261,61438.68049535582
