cur_n,cur_mean,cur_std,cur_S,next_n,next_mean,next_std,next_S
1521000.0,-0.35662330125380615,1.378528194442073,2890417.1139478893,1521000.0,-0.3566233404328353,1.3785281851533115,2890417.074995628
1521000.0,-0.41584705986491843,1.3877596647973953,2929258.745489879,1521000.0,-0.41584711134893765,1.3877596508226293,2929258.6864944976
1521000.0,-0.19278856894922994,1.0173099127238192,1574112.4964182659,1521000.0,-0.1927885533051377,1.0173099158714651,1574112.5061591496
1521000.0,0.10062021872677394,0.8249101691419732,1035005.1932609889,1521000.0,0.1006201867107126,0.8249101739921779,1035005.2054319796
1521000.0,0.09348863042997785,0.7587530873532257,875649.2025510068,1521000.0,0.09348858350113316,0.7587530953428746,875649.2209921302
1521000.0,0.0911290540741382,0.6456362551822623,634023.0306627842,1521000.0,0.0911290979315479,0.6456362512576135,634023.0229546741
