cur_n,cur_mean,cur_std,cur_S,next_n,next_mean,next_std,next_S
701000.0,-0.018069013887196287,1.1457278790677234,920197.3533839898,701000.0,-0.018068943745752315,1.145727881678989,920197.3575784933
701000.0,-0.0985118753176815,1.1145312511193421,870768.1167148739,701000.0,-0.09851184959524857,1.114531253600959,870768.1205925811
701000.0,-0.10854213421309789,0.8181612297845504,469240.8463437201,701000.0,-0.10854211909377838,0.8181612318882999,469240.8487568514
701000.0,0.09788042133684771,1.4164525896518434,1406442.8950507208,701000.0,0.09788044892621255,1.4164525879336944,1406442.8916387064
701000.0,0.11114350482146303,1.2718050407725026,1133859.1312757772,701000.0,0.11114363936611585,1.2718050340034355,1133859.119206052
701000.0,0.0927098979574919,0.7299247625865724,373485.9014849818,701000.0,0.09270992731632845,0.7299247592715072,373485.89809249504
