cur_n,cur_mean,cur_std,cur_S,next_n,next_mean,next_std,next_S
2281000.0,-0.3132728901422804,1.3328996987776571,4052473.8855705797,2281000.0,-0.31327297718726427,1.332899684802578,4052473.800592478
2281000.0,-0.36721049877897194,1.3275717157938052,4020140.8327731895,2281000.0,-0.36721030128585086,1.3275718039284976,4020141.3665505867
2281000.0,-0.19251039062307995,0.9913480423410203,2241700.5165427444,2281000.0,-0.19251020046599351,0.9913481208677543,2241700.871682251
2281000.0,0.09803481813820034,0.8381433239444731,1602366.5319892056,2281000.0,0.09803516326466027,0.8381434456576579,1602366.997372971
2281000.0,0.09123513410437821,0.7511329901008746,1286941.953673586,2281000.0,0.09123495185310025,0.7511330626712903,1286942.2023483696
2281000.0,0.09887149399460371,0.6542271368674657,976297.9874260817,2281000.0,0.09887116818463312,0.6542273711587732,976298.6866883409
