cur_n,cur_mean,cur_std,cur_S,next_n,next_mean,next_std,next_S
2751000.0,-0.04481746847705792,0.13844062481936945,52725.13395763826,2751000.0,-0.04481746864122942,0.1384406247664933,52725.13391736248
2751000.0,-0.041212384811709885,0.1339651422949222,49371.259872121664,2751000.0,-0.0412123863772931,0.13396514183846384,49371.25953567706
2751000.0,-0.009001157029008777,0.2112973079266603,122822.6654792353,2751000.0,-0.009001156969682867,0.21129730792920937,122822.66548219873
2751000.0,0.0295184117632664,0.15110557913440378,62813.29702129033,2751000.0,0.02951841049639807,0.15110557939650296,62813.297239195126
2751000.0,0.031024135198053998,0.15770338285323027,68418.35200618279,2751000.0,0.031024155732693987,0.15770338249140903,68418.35169223628
2751000.0,0.04841617642975263,0.3856307775337252,409104.2266950613,2751000.0,0.04841617628406216,0.3856307775520845,409104.22673401504
