cur_n,cur_mean,cur_std,cur_S,next_n,next_mean,next_std,next_S
1551000.0,-0.0056162214325574476,0.020469801911935204,649.8888377768064,1551000.0,-0.005616223558106585,0.02046980149991969,649.8888116149236
1551000.0,-0.005466121082682518,0.02102609513384353,685.6919453716073,1551000.0,-0.005466117475466614,0.021026096551524685,685.6920378369532
1551000.0,-0.006019078512876033,0.0210000640747611,683.9951739644551,1551000.0,-0.006019082758070631,0.021000063523507508,683.9951380545848
1551000.0,-0.0012416412729727793,0.07486202951067146,8692.305690270256,1551000.0,-0.0012417429385316653,0.07486213489436058,8692.330162700175
1551000.0,-0.0013563227980480815,0.07707623654433966,9214.097417990291,1551000.0,-0.0013564028059404587,0.07707629954245725,9214.112480246982
1551000.0,-0.0013598395575158929,0.07400709398045562,8494.904487079015,1551000.0,-0.001359897909440481,0.07400712858774634,8494.912431876795
