cur_n,cur_mean,cur_std,cur_S,next_n,next_mean,next_std,next_S
3661000.0,-0.31000828314935575,1.3466204940224995,6638808.909767249,3661000.0,-0.31000813342717787,1.346620558962054,6638809.550068364
3661000.0,-0.3858671665503999,1.3645925160876986,6817194.722697917,3661000.0,-0.3858672726604157,1.3645925011864584,6817194.5738114845
3661000.0,-0.16195128629653643,0.9779238848811067,3501142.89123732,3661000.0,-0.1619513404015618,0.9779238814003682,3501142.866313984
3661000.0,0.09821470852311427,0.8559816657146134,2682431.5846768445,3661000.0,0.0982145501697954,0.8559817375079302,2682432.0346413148
3661000.0,0.09476070911120839,0.7685399159099999,2162382.838192183,3661000.0,0.09476102759322946,0.7685401182279381,2162383.9766858015
3661000.0,0.09263019275986152,0.655922498896226,1575087.8622078253,3661000.0,0.09263033692069979,0.6559225365354832,1575088.0429765556
