cur_n,cur_mean,cur_std,cur_S,next_n,next_mean,next_std,next_S
1642000.0,-0.007585296614605543,0.037708149813501034,2334.7672913909128,1642000.0,-0.0075852798558006295,0.03770815929963076,2334.7684660923137
1642000.0,-0.014714414626239847,0.06186980293381273,6285.366669743006,1642000.0,-0.014714356589416173,0.06186986143289202,6285.378555616875
1642000.0,-0.032763276649391396,0.09250570935934291,14051.096885611516,1642000.0,-0.03276332568687382,0.09250571333323584,14051.098092835506
1642000.0,-0.00041794275297119416,0.1553166484664719,39610.395039588184,1642000.0,-0.00041795723431247225,0.1553166495360251,39610.395585124366
1642000.0,-0.00048010173634152896,0.15791906447127554,40948.9035763589,1642000.0,-0.00048011183555011025,0.1579190649708261,40948.903835428915
1642000.0,-0.00043621507430677,0.16211647880228047,43154.63793216892,1642000.0,-0.0004360361553161891,0.1621166414006463,43154.724498040276
