cur_n,cur_mean,cur_std,cur_S,next_n,next_mean,next_std,next_S
2851000.0,-0.11200380609175217,0.22254474659662007,141199.0942418362,2851000.0,-0.11200397260974246,0.22254484040221442,141199.21327648385
2851000.0,-0.11264891670666083,0.2064059992257678,121462.39750822121,2851000.0,-0.1126491589825275,0.20640627238274345,121462.71899425588
2851000.0,-0.14093418273174618,0.30158413406013906,259306.974252808,2851000.0,-0.14093433304095293,0.3015841706084766,259307.03710252928
2851000.0,0.01921193733560414,0.1601084874681363,73084.60884186225,2851000.0,0.019211897676791746,0.16010850623027112,73084.62597054026
2851000.0,0.02272330960470819,0.11973880395516652,40875.87372312195,2851000.0,0.022723348324075094,0.1197388144552049,40875.8808920304
2851000.0,0.04177530499643032,0.30987942398848395,273768.00888000004,2851000.0,0.04177501740462282,0.3098798432349733,273768.74966073845
