cur_n,cur_mean,cur_std,cur_S,next_n,next_mean,next_std,next_S
742000.0,-0.007475808511452778,0.015167769228579093,170.70542774160162,742000.0,-0.007475805793011919,0.015167770749184965,170.7054619688746
742000.0,-0.013085992066057494,0.02134738958752171,338.13759331346125,742000.0,-0.01308598951959029,0.021347391261205707,338.13764633497937
742000.0,-0.004261312554390288,0.008784217162623507,57.254553600816,742000.0,-0.00426130973392618,0.008784218866837275,57.25457581657096
742000.0,-0.0006180514445229133,0.056526658159044285,2370.88520731105,742000.0,-0.0006180546953686491,0.05652665819286019,2370.885210147716
742000.0,-0.001008888679093907,0.06563540863095778,3196.541094685383,742000.0,-0.0010088919030330214,0.06563540864015373,3196.541095581095
742000.0,-0.0007021222315819339,0.050323640574873325,1879.0918501261053,742000.0,-0.0007021256606763756,0.05032364061371851,1879.0918530270749
