cur_n,cur_mean,cur_std,cur_S,next_n,next_mean,next_std,next_S
831000.0,-0.37308712653877724,1.3843397872681638,1592525.6133359557,831000.0,-0.37308709294834014,1.3843397966596411,1592525.6349436108
831000.0,-0.4247308925051272,1.3563480618492794,1528774.1339171883,831000.0,-0.42473077044698604,1.3563481046347639,1528774.230366389
831000.0,-0.2346861264346199,1.0606742382958276,934899.796860865,831000.0,-0.23468607562483076,1.0606742505493685,934899.8184619041
831000.0,0.09826866364675119,0.7928934579721294,522433.10966254584,831000.0,0.09826858930693826,0.7928934700815504,522433.12562020676
831000.0,0.09041338204815856,0.7278966721178062,440291.6927478271,831000.0,0.09041345165308314,0.7278966662376043,440291.68563416897
831000.0,0.09177387916146129,0.6188456640091423,318248.03332208336,831000.0,0.09177385225383575,0.6188456684856113,318248.03792622796
