cur_n,cur_mean,cur_std,cur_S,next_n,next_mean,next_std,next_S
941000.0,-0.018566076960883207,1.159174758515183,1264408.6396527875,941000.0,-0.01856603614069092,1.1591747598453628,1264408.6425546636
941000.0,-0.08234394169267223,1.1119101034619023,1163399.7775679994,941000.0,-0.08234393348023693,1.111910104098566,1163399.7789002913
941000.0,-0.12188949001964275,0.84374042561913,669895.9293803376,941000.0,-0.12188947267020314,0.8437404282933396,669895.9336267671
941000.0,0.10328832397043075,1.3820463435982084,1797359.02219784,941000.0,0.10328826579547906,1.3820463490981127,1797359.0365031527
941000.0,0.10736231441469347,1.2193549071443164,1399103.632591886,941000.0,0.10736222348531582,1.219354918340893,1399103.65828608
941000.0,0.09830415445782309,0.7211174054667311,489329.7040315127,941000.0,0.0983041235604001,0.7211174103015845,489329.71059309994
