cur_n,cur_mean,cur_std,cur_S,next_n,next_mean,next_std,next_S
4661000.0,-0.3059812257379148,1.3381299470632095,8345948.171114855,4661000.0,-0.3059812408116573,1.338129944012202,8345948.133056443
4661000.0,-0.38740904500061046,1.356525814656841,8576996.414255524,4661000.0,-0.38740905353657057,1.3565258123442907,8576996.38501209
4661000.0,-0.21376455213757437,1.001500512904093,4674998.27571512,4661000.0,-0.21376454562984898,1.0015005143917188,4674998.289603575
4661000.0,0.09670449583377426,0.8241045236718652,3165510.067529708,4661000.0,0.09670450740639398,0.8241045226926335,3165510.060006954
4661000.0,0.08856641688894024,0.7316659428055038,2495196.6767262965,4661000.0,0.08856641018607958,0.7316659437599767,2495196.683236365
4661000.0,0.09749507429631228,0.6390180694960088,1903291.8181367537,4661000.0,0.09749507047926573,0.6390180701314853,1903291.8219222403
