cur_n,cur_mean,cur_std,cur_S,next_n,next_mean,next_std,next_S
671000.0,-0.36993423951060006,1.3689463867233793,1257463.53472413,671000.0,-0.3699342895081223,1.3689463738250758,1257463.5110283208
671000.0,-0.4237318928133015,1.3442405657850458,1212485.3908291091,671000.0,-0.42373203597030196,1.3442405257739376,1212485.318650238
671000.0,-0.21680139860998585,1.0332656930064086,716385.0928628332,671000.0,-0.2168014192547946,1.0332656888130636,716385.0870481625
671000.0,0.09953331027540772,0.7860028587101444,414544.1314072484,671000.0,0.09953329629549733,0.7860028605638575,414544.1333625743
671000.0,0.09447579330130387,0.7171437437720969,345092.04513430904,671000.0,0.0944757694295435,0.7171437471835519,345092.04841751675
671000.0,0.08210560626720782,0.6072184943842504,247407.2952478471,671000.0,0.08210557795899354,0.6072184986547187,247407.29872779714
