cur_n,cur_mean,cur_std,cur_S,next_n,next_mean,next_std,next_S
1131000.0,-0.3525412726346006,1.3697914391090602,2122127.6315084677,1131000.0,-0.35254086427519865,1.3697916130514456,2122128.1704634577
1131000.0,-0.39287283538096995,1.3382110509115395,2025404.7717801786,1131000.0,-0.39287260965129656,1.3382111387134104,2025405.0375593829
1131000.0,-0.21306338919360646,1.0344800383406454,1210338.4621392724,1131000.0,-0.21306336977289173,1.034480042546763,1210338.471981562
1131000.0,0.09773241042347042,0.8122133658542574,746110.0139413733,1131000.0,0.09773188495317003,0.8122136213297435,746110.4833078145
1131000.0,0.09318657230442629,0.7497512023424651,635765.4847832023,1131000.0,0.09318586640183697,0.7497516659203463,635766.2709824283
1131000.0,0.09110716658293228,0.6321347198098517,451941.15781164914,1131000.0,0.09110714761120951,0.6321347228661557,451941.1621818238
