cur_n,cur_mean,cur_std,cur_S,next_n,next_mean,next_std,next_S
2111000.0,-0.34379779365544694,1.3664883926987812,3941850.3033002326,2111000.0,-0.34379789131752153,1.3664883754949704,3941850.204046047
2111000.0,-0.4037764111229112,1.3794933372902882,4017236.942563335,2111000.0,-0.40377642242113476,1.3794933340810096,4017236.9238717877
2111000.0,-0.1873602754322925,1.010088709047508,2153809.391506646,2111000.0,-0.18736027182240833,1.0100887097307352,2153809.394420333
2111000.0,0.1030297748454689,0.8370239568641087,1478985.8193133525,2111000.0,0.10302980696857521,0.837023954211274,1478985.8099384597
2111000.0,0.09488906109293138,0.7636721297031752,1231124.901877844,2111000.0,0.09488905595414036,0.7636721303782039,1231124.9040542876
2111000.0,0.09243879325367453,0.6476671564946712,885506.965965596,2111000.0,0.09243880043278052,0.6476671555540099,885506.9633934039
