cur_n,cur_mean,cur_std,cur_S,next_n,next_mean,next_std,next_S
1261000.0,-0.36319825921907667,1.3780819197990792,2394777.429650843,1261000.0,-0.3631982574653791,1.3780819202626888,2394777.4312621285
1261000.0,-0.4187685333578342,1.3869714415596424,2425772.8122042627,1261000.0,-0.4187685006706676,1.38697145191466,2425772.848425514
1261000.0,-0.2034929525296867,1.0228808301355832,1319365.6279428224,1261000.0,-0.20349294399044485,1.0228808318793394,1319365.6324411996
1261000.0,0.10088009560943455,0.8159327163919909,839505.9552729833,1261000.0,0.10088015059773382,0.8159327119298841,839505.9460909389
1261000.0,0.09251149012330624,0.7536119935505902,716161.0374341748,1261000.0,0.09251148764421693,0.7536119938600674,716161.03802237
1261000.0,0.09127906701670818,0.6387664120653315,514516.40929953207,1261000.0,0.09127901422363034,0.638766422360435,514516.42588462366
