cur_n,cur_mean,cur_std,cur_S,next_n,next_mean,next_std,next_S
2262000.0,-0.006537208936782208,0.03520375273336603,2803.3061151300903,2262000.0,-0.0065371868056747435,0.035203772578498715,2803.3092757020845
2262000.0,-0.015797672958038068,0.059814819005751904,8093.012039426723,2262000.0,-0.015797667451963197,0.05981482103319974,8093.01258805866
2262000.0,-0.03207423564339921,0.08953717949716311,18134.2425308389,2262000.0,-0.03207420985641781,0.08953719713425999,18134.249675031417
2262000.0,-0.000382464634626211,0.1636309193072026,60565.22587801042,2262000.0,-0.0003824496870620106,0.16363092088646428,60565.227047084576
2262000.0,-0.0004986972194772362,0.15341839699570198,53241.156662085115,2262000.0,-0.0004986867904689994,0.15341839783141278,53241.15724212259
2262000.0,-0.0004515733805023151,0.156281943420307,55247.19168833381,2262000.0,-0.0004515543685656912,0.15628194609105817,55247.19357660703
