cur_n,cur_mean,cur_std,cur_S,next_n,next_mean,next_std,next_S
281000.0,-0.29568479747767856,1.2467426307327178,436777.17962746095,281000.0,-0.29568506893775554,1.2467425746560905,436777.14033628744
281000.0,-0.34219265891390566,1.2133926901604957,413722.4315703138,281000.0,-0.3421929180689795,1.2133926248520073,413722.3870347135
281000.0,-0.2065010642055498,0.9809093907466727,270373.48843225744,281000.0,-0.20650102338629162,0.9809093995786091,270373.4933010486
281000.0,0.10225059173681879,0.7822424646119449,171944.81983724973,281000.0,0.10225061567776615,0.7822424615854674,171944.81850674888
281000.0,0.09108060088139741,0.7148702499712183,143602.0922765893,281000.0,0.09108058737361184,0.7148702517280979,143602.09298242815
281000.0,0.09492885223074417,0.6266095494381171,110331.70721261826,281000.0,0.09492890812012901,0.6266095416714887,110331.70447756464
