cur_n,cur_mean,cur_std,cur_S,next_n,next_mean,next_std,next_S
3411000.0,-0.31678440953157705,1.3527004178502677,6241442.4121627575,3411000.0,-0.31678420257802475,1.3527005203162867,6241443.357731743
3411000.0,-0.3869402497921585,1.365552343740927,6360604.957126012,3411000.0,-0.3869402563787685,1.3655523419287787,6360604.940244404
3411000.0,-0.16546785359241722,0.9833172328353017,3298139.4939132747,3411000.0,-0.16546786259650342,0.9833172314607335,3298139.4846924096
3411000.0,0.10038186533044677,0.8562483307207706,2500812.8663736437,3411000.0,0.10038232794766522,0.8562487027664043,2500815.0396139915
3411000.0,0.09410109709960852,0.76878634943204,2016011.6906101492,3411000.0,0.09410099561769425,0.7687863847003449,2016011.8755804377
3411000.0,0.09317572235068039,0.655797616666342,1466970.5233401426,3411000.0,0.09317573459647521,0.6557976153164479,1466970.5173009175
