cur_n,cur_mean,cur_std,cur_S,next_n,next_mean,next_std,next_S
2901000.0,-0.04613779144924282,0.14132401987291948,57940.16039841293,2901000.0,-0.046137790496616184,0.14132402019324006,57940.16066106362
2901000.0,-0.04215830302551347,0.13706088653758672,54497.27688017922,2901000.0,-0.042158300165157606,0.13706088750398723,54497.277648687246
2901000.0,-0.01015407684837042,0.2186949576161669,138747.53249602413,2901000.0,-0.0101540757883742,0.21869495767282915,138747.53256792107
2901000.0,0.028850673273642,0.15169550817337238,66756.44040713528,2901000.0,0.028850671999016236,0.1516955084313338,66756.44063417675
2901000.0,0.030598263078896945,0.1585451222787784,72921.14837113749,2901000.0,0.030598241630947636,0.1585451306266911,72921.15605020561
2901000.0,0.04787492386384405,0.38982084973895825,440836.81547938124,2901000.0,0.04787491602329293,0.3898208509306043,440836.81817457546
