cur_n,cur_mean,cur_std,cur_S,next_n,next_mean,next_std,next_S
2371000.0,-0.3375752144614736,1.3667477687426677,4429026.727633817,2371000.0,-0.33757523119132393,1.3667477648532729,4429026.7024261905
2371000.0,-0.39829698833963384,1.3744101173379701,4478826.517589746,2371000.0,-0.3982969311502842,1.3744101367322723,4478826.643991196
2371000.0,-0.184000099261613,1.0062461486083145,2400711.739777676,2371000.0,-0.18400009782129184,1.0062461488741001,2400711.7410459043
2371000.0,0.10367570468081366,0.846278016712598,1698078.1478048603,2371000.0,0.10367563191581122,0.8462780330439347,1698078.2133433376
2371000.0,0.09419623298111254,0.7661580081928276,1391772.4797311802,2371000.0,0.09419612534628735,0.7661580393523271,1391772.592937423
2371000.0,0.09421082047529983,0.6509587290531008,1004704.7698920456,2371000.0,0.0942108149459882,0.6509587299090055,1004704.7725340916
