cur_n,cur_mean,cur_std,cur_S,next_n,next_mean,next_std,next_S
3502000.0,-0.004640514318468831,0.03126227897181263,3422.6099629630567,3502000.0,-0.0046405165705551395,0.031262278921594944,3422.609951967341
3502000.0,-0.014618671521600627,0.05126101965716969,9202.177861297167,3502000.0,-0.014618676865150424,0.05126101910863774,9202.177664356544
3502000.0,-0.022429369418878846,0.07390095619746644,19125.652346803286,3502000.0,-0.022429369276702964,0.07390095624108625,19125.652369381
3502000.0,-0.00031649016830585986,0.16440355038766738,94653.90288500616,3502000.0,-0.0003164898813011697,0.16440355038909774,94653.90288665319
3502000.0,-0.000498719437561367,0.13469872140705674,63539.396911533004,3502000.0,-0.0004987176840062529,0.13469872145351636,63539.39695536439
3502000.0,-0.0005238174627552611,0.13445444203022294,63309.14542976835,3502000.0,-0.0005238186371330595,0.13445444204360674,63309.14544237213
