cur_n,cur_mean,cur_std,cur_S,next_n,next_mean,next_std,next_S
701000.0,-0.02567642888090851,0.1021816304828979,7319.201011308585,701000.0,-0.025676441011012345,0.1021816279395326,7319.200646949522
701000.0,-0.03596569271428333,0.11549639061406725,9350.930787658917,701000.0,-0.035965643252590634,0.1154964134408131,9350.934483901554
701000.0,-0.02930606705148479,0.14766902163688134,15286.104105786804,701000.0,-0.029306074400625347,0.14766902030658252,15286.103830372424
701000.0,0.03466800286940247,0.1844762016528357,23856.059752356654,701000.0,0.03466799405653832,0.18447620345657448,23856.060218867773
701000.0,0.03311661890654044,0.12465221729571936,10892.260868994206,701000.0,0.03311660617692,0.12465222113326169,10892.261539652354
701000.0,0.054595998496414444,0.4268406080673672,127717.22619141915,701000.0,0.054596015430548206,0.4268406061368553,127717.2250361419
