cur_n,cur_mean,cur_std,cur_S,next_n,next_mean,next_std,next_S
1171000.0,-0.046822229236212494,1.1562114472315708,1565421.9704406178,1171000.0,-0.046822209711706836,1.1562114482153105,1565421.9731044346
1171000.0,-0.09364130649878476,1.118135507618782,1464015.832688954,1171000.0,-0.09364132158862182,1.118135506474238,1464015.8296917675
1171000.0,-0.1301403640061215,0.8599661847200201,866003.493307294,1171000.0,-0.13014035944156302,0.8599661854249728,866003.4947270977
1171000.0,0.10342859953376381,1.3059906128623202,1997271.0441157483,1171000.0,0.10342856263983137,1.305990616394407,1997271.0549190948
1171000.0,0.10699009122024744,1.160589469596312,1577299.4307342207,1171000.0,0.10699005667346888,1.1605894733831923,1577299.4410273426
1171000.0,0.09987577545090927,0.7038653434362385,580144.339799709,1171000.0,0.09987576000021936,0.7038653458271883,580144.3437410764
