cur_n,cur_mean,cur_std,cur_S,next_n,next_mean,next_std,next_S
2941000.0,-0.32284636862906296,1.3561353209831823,5408801.948934205,2941000.0,-0.32284606292305673,1.3561354950980287,5408803.3378115045
2941000.0,-0.39092883148780877,1.3710286227663218,5528255.003751325,2941000.0,-0.3909300424222359,1.371029850235158,5528264.902543606
2941000.0,-0.17172891011165917,0.9924370783073251,2896683.1132879877,2941000.0,-0.17172863627962903,0.99243723679469,2896684.0384604144
2941000.0,0.1011757280095761,0.8497189258503727,2123467.445920983,2941000.0,0.10117521135960182,0.8497194493041508,2123470.0621682284
2941000.0,0.09367950884804707,0.7689506558752971,1738969.511954057,2941000.0,0.09367971840258998,0.7689507143227844,1738969.7763101675
2941000.0,0.09264648786508445,0.6525317620771215,1252271.03722777,2941000.0,0.09264632613725651,0.6525318439823037,1252271.3515955906
