cur_n,cur_mean,cur_std,cur_S,next_n,next_mean,next_std,next_S
1981000.0,-0.35162376356935016,1.3703971115487006,3720294.7100585643,1981000.0,-0.35162360852975016,1.3703971687032692,3720295.020380064
1981000.0,-0.40990966909469007,1.383208299042828,3790178.35830963,1981000.0,-0.409909658136751,1.3832083023762023,3790178.3765774244
1981000.0,-0.1876705493608492,1.0129954102234828,2032822.3679461416,1981000.0,-0.18767054594048377,1.0129954108686,2032822.3705353108
1981000.0,0.10373083564047685,0.8323059910498526,1372304.5934829426,1981000.0,0.10373068968931215,0.8323060345903172,1372304.7370618228
1981000.0,0.09633683847879308,0.7630637724876553,1153469.5816694058,1981000.0,0.09633688799649404,0.7630637694188883,1153469.572391729
1981000.0,0.09113907438389732,0.6462313032118797,827295.1114540811,1981000.0,0.09113908090454052,0.6462313023574174,827295.1092663431
