cur_n,cur_mean,cur_std,cur_S,next_n,next_mean,next_std,next_S
3701000.0,-0.05271058746642966,0.16035239232894877,95163.40487450892,3701000.0,-0.05271058610193653,0.16035239279896743,95163.40543238743
3701000.0,-0.04484198594979771,0.15607910129401945,90158.89837063124,3701000.0,-0.04484198221182557,0.15607910253361282,90158.89980273039
3701000.0,0.010971478994722488,0.30033028252731186,333823.8291094623,3701000.0,0.010971477533821584,0.30033028259382644,333823.8292573272
3701000.0,0.02791500624458981,0.16558386593468413,101474.07965079705,3701000.0,0.027915012533018133,0.1655838653164703,101474.07889308214
3701000.0,0.028545859749477313,0.1802999506229411,120312.37519234415,3701000.0,0.028545860330141306,0.18029995053446735,120312.3750742688
3701000.0,0.056693509320399425,0.44995085123151873,749288.7993072068,3701000.0,0.05669351081945582,0.449950851051871,749288.7987088833
