cur_n,cur_mean,cur_std,cur_S,next_n,next_mean,next_std,next_S
3651000.0,-0.05248788754757954,0.1598866910745055,93333.26579103617,3651000.0,-0.052487894614345845,0.15988668932479272,93333.26374825941
3651000.0,-0.04471911385253308,0.1555373397986614,88324.49572557322,3651000.0,-0.044719131980771445,0.15553733844362314,88324.49418661064
3651000.0,0.011120538920953231,0.2988584615306723,326094.1034839817,3651000.0,0.011120594355212711,0.2988584782383214,326094.139944492
3651000.0,0.02794789266093077,0.16515311393979112,99583.03686167915,3651000.0,0.027947896879814606,0.1651531134225837,99583.0362379539
3651000.0,0.028571938604533532,0.18009149727712387,118412.69092642605,3651000.0,0.028571950176905742,0.1800914967986177,118412.69029717697
3651000.0,0.05667185059577414,0.4487712081236949,735295.3255261633,3651000.0,0.05667183890125674,0.4487712101568153,735295.3321885512
