cur_n,cur_mean,cur_std,cur_S,next_n,next_mean,next_std,next_S
3811000.0,-0.3026340998450972,1.330393972946436,6745272.297714144,3811000.0,-0.30263409696400073,1.3303939736137675,6745272.304481061
3811000.0,-0.3746899707959453,1.3425690712368412,6869295.910780125,3811000.0,-0.37468992923059447,1.3425690852892052,6869296.0545788305
3811000.0,-0.20348086586282735,0.9940704022581975,3765938.601265047,3811000.0,-0.20348086347416383,0.9940704027580862,3765938.6050526067
3811000.0,0.09796647904428667,0.8292117500317591,2620413.593675081,3811000.0,0.09796652235734846,0.8292117492256451,2620413.588580238
3811000.0,0.08703806216192596,0.7357446541955022,2062971.267631534,3811000.0,0.08703803836137315,0.7357446584781737,2062971.291648096
3811000.0,0.09805876711680088,0.6452648925463081,1586773.8044977153,3811000.0,0.09805877195458006,0.6452648918802161,1586773.8012217355
