cur_n,cur_mean,cur_std,cur_S,next_n,next_mean,next_std,next_S
3111000.0,-0.2969662887074755,1.3246248454780618,5458656.98269295,3111000.0,-0.2969662380234818,1.324624859857524,5458657.10120583
3111000.0,-0.3614150887111169,1.3279642755405592,5486214.643335314,3111000.0,-0.3614151017135188,1.3279642721999285,5486214.6157330405
3111000.0,-0.19372740094681215,0.9883549875383248,3038966.6037101457,3111000.0,-0.1937274042672536,0.988354986904851,3038966.59981457
3111000.0,0.09637371198388878,0.8354527582060375,2171419.8591247695,3111000.0,0.0963737996821958,0.8354527624091999,2171419.8809735943
3111000.0,0.08561968825565536,0.7394966325420089,1701266.7435419606,3111000.0,0.08561976880910271,0.7394966368644761,1701266.7634302722
3111000.0,0.0975802253865091,0.6513161966492655,1319725.9835229549,3111000.0,0.09758024335357147,0.6513161947283584,1319725.9757384993
