cur_n,cur_mean,cur_std,cur_S,next_n,next_mean,next_std,next_S
181000.0,-0.0703956671380069,1.1518023756652738,240123.41697845847,181000.0,-0.0703952742330531,1.1518024118082957,240123.43204838064
181000.0,-0.10864217214532061,1.1078519123457566,222147.79060355522,181000.0,-0.10864155856509194,1.1078520032712633,222147.82706853937
181000.0,-0.09158709808932636,0.8131453467455743,119678.16924305042,181000.0,-0.09158706423423332,0.8131453506863507,119678.17040305192
181000.0,0.09654646986197708,1.6141802560539469,471609.5997252237,181000.0,0.09653888369355487,1.6141839363447983,471611.75024399936
181000.0,0.08871315116576306,1.43870404154748,374646.3467688746,181000.0,0.08871452153697483,1.438704075175407,374646.3642826645
181000.0,0.08679396974220918,0.7846421604088079,111435.06090027124,181000.0,0.08679398908821401,0.7846421583120015,111435.06030469337
