cur_n,cur_mean,cur_std,cur_S,next_n,next_mean,next_std,next_S
5241000.0,-0.30858009065223607,1.3414904300755148,9431685.64425114,5241000.0,-0.3085801209670903,1.3414904248974986,9431685.571440449
5241000.0,-0.3915863409002725,1.3647720135638914,9761900.483446939,5241000.0,-0.39158633956286437,1.364772013951132,9761900.48898662
5241000.0,-0.21667901632018702,1.0015955528547251,5257737.927502917,5241000.0,-0.216679010005051,1.0015955543252528,5257737.942941583
5241000.0,0.09594399386708365,0.8220646216998363,3541816.6596348444,5241000.0,0.09594400228291902,0.8220646209434044,3541816.65311676
5241000.0,0.08725544146249634,0.7297536989711675,2791044.5569505733,5241000.0,0.08725545871384165,0.729753697977179,2791044.549347279
5241000.0,0.0968740222214149,0.6373648909310166,2129072.4159676866,5241000.0,0.09687402917309379,0.6373648900731006,2129072.410236071
