cur_n,cur_mean,cur_std,cur_S,next_n,next_mean,next_std,next_S
1871000.0,-0.11992521994687998,1.2118723044925952,2747815.116563278,1871000.0,-0.11992515304451258,1.211872314568369,2747815.16225516
1871000.0,-0.1215031711020346,1.1762361931451804,2588587.59004299,1871000.0,-0.12150328362549483,1.1762361915917807,2588587.5832057395
1871000.0,-0.16917118237773868,0.9786773260484083,1792061.2162432822,1871000.0,-0.16917106242336583,0.9786773605375314,1792061.3425497152
1871000.0,0.10552986872667955,1.1412489612559622,2436882.4374233778,1871000.0,0.1055298212985983,1.1412489674854318,2436882.464026661
1871000.0,0.1065271176109566,1.034658245785941,2002938.5897067848,1871000.0,0.10652681310544897,1.0346583609746964,2002939.035682095
1871000.0,0.09837951727440167,0.6611441786797336,817835.8503789284,1871000.0,0.09837951235347604,0.6611441794462608,817835.8522753177
