cur_n,cur_mean,cur_std,cur_S,next_n,next_mean,next_std,next_S
5101000.0,-0.05780094218696753,0.16984888631424933,147156.93397335522,5101000.0,-0.05780099541525939,0.16984891074514394,147156.97630717186
5101000.0,-0.04878233855347272,0.16602379370162104,140603.45428297503,5101000.0,-0.04878234461208004,0.1660237924853373,140603.45222286438
5101000.0,0.016766831417480928,0.33366930036982057,567920.8654493655,5101000.0,0.016766823637857625,0.3336693012233583,567920.8683548884
5101000.0,0.026990919336284794,0.17190598194364695,150743.0514694763,5101000.0,0.02699093306661463,0.17190598258486578,150743.05259403618
5101000.0,0.027911602755537213,0.18850417541235231,181258.03697839144,5101000.0,0.027911611013915455,0.188504175112312,181258.036401378
5101000.0,0.06069938333124462,0.4716340374778673,1134659.6317344469,5101000.0,0.06069939061603012,0.47163403682727634,1134659.6286040565
