cur_n,cur_mean,cur_std,cur_S,next_n,next_mean,next_std,next_S
651000.0,-0.021625401977987728,0.07997582378279683,4163.882185718769,651000.0,-0.02162535888314035,0.07997584299422308,4163.88418617644
651000.0,-0.020334458786260043,0.0793482738242413,4098.792711835292,651000.0,-0.02033445723379601,0.07934827423197491,4098.792753958844
651000.0,-0.006477678733733933,0.08421056710631981,4616.514167651564,651000.0,-0.006477623255349482,0.08421058327067976,4616.515939947048
651000.0,0.032692164059181364,0.1387325809917161,12529.620597633615,651000.0,0.032692195330399555,0.13873257591705204,12529.619680997974
651000.0,0.03380302393660035,0.1466874476402466,14007.701949181765,651000.0,0.03380302809791172,0.14668744671972767,14007.701773374563
651000.0,0.04930065779802285,0.3494333978987617,79489.5084181654,651000.0,0.04930051193208341,0.3494334382981675,79489.52679837236
