cur_n,cur_mean,cur_std,cur_S,next_n,next_mean,next_std,next_S
1021000.0,-0.37206105291298425,1.381997859997155,1950026.3648224866,1021000.0,-0.3720608141996321,1.3819979453129745,1950026.6055871178
1021000.0,-0.4298685176441992,1.390767598500503,1974853.4378126725,1021000.0,-0.4298706161330618,1.3907685663035818,1974856.1863235012
1021000.0,-0.20793522629940583,1.0274009928308654,1077719.4088713147,1021000.0,-0.20793568416174704,1.0274010043300956,1077719.4329961573
1021000.0,0.10223051473719225,0.806599650087793,664265.6584277069,1021000.0,0.10223028623915328,0.8065997120929493,664265.7605549458
1021000.0,0.09582916933200303,0.7427004483183183,563187.6390068077,1021000.0,0.09583241032098339,0.7427072501012132,563197.954599317
1021000.0,0.088472895206764,0.6293807383149652,404438.6361508904,1021000.0,0.0884735807451414,0.6293810231412754,404439.0022084562
