cur_n,cur_mean,cur_std,cur_S,next_n,next_mean,next_std,next_S
1621000.0,-0.08671781792654239,1.168847306856321,2214616.7273540907,1621000.0,-0.08671778600608265,1.1688473099310925,2214616.7390056388
1621000.0,-0.10638158755364736,1.1520584648178687,2151453.9430071353,1621000.0,-0.10638160405489173,1.1520584634856768,2151453.938031434
1621000.0,-0.1430745876757947,0.9164089636215534,1361324.534930212,1621000.0,-0.14307458140481677,0.9164089646353548,1361324.5379422135
1621000.0,0.10520763600743335,1.1918198219167142,2302524.304907927,1621000.0,0.10520762966239021,1.1918198225041972,2302524.30717789
1621000.0,0.1066637323401574,1.0728109669030854,1865646.7839169109,1621000.0,0.10666372450830039,1.0728109677281277,1865646.7867864517
1621000.0,0.0971761505116718,0.6747332480288438,737984.4936687918,1621000.0,0.09717614506719592,0.6747332488485824,737984.4954619579
