cur_n,cur_mean,cur_std,cur_S,next_n,next_mean,next_std,next_S
1771000.0,-0.33205354975374396,1.3469354040507036,3213010.1543355454,1771000.0,-0.3320535977200985,1.3469353937383743,3213010.1051370194
1771000.0,-0.37292409442296576,1.3264077847832505,3115822.330026023,1771000.0,-0.3729240799736891,1.3264077889851578,3115822.349767156
1771000.0,-0.19467448730528286,0.9999601155416126,1770858.7320656453,1771000.0,-0.1946744828771777,0.9999601164210652,1770858.7351805423
1771000.0,0.09925091162241695,0.8253109193274537,1206295.5991167554,1771000.0,0.09925087202066349,0.8253109257725929,1206295.617957517
1771000.0,0.09313120886950024,0.7507401901827605,998154.7855186515,1771000.0,0.093131191076802,0.7507401927634303,998154.7923809666
1771000.0,0.0982404823512589,0.6526214978680296,754295.1452982132,1771000.0,0.09824047031858392,0.6526214998757703,754295.1499392773
