cur_n,cur_mean,cur_std,cur_S,next_n,next_mean,next_std,next_S
2682000.0,-0.011636678866411619,0.02107709169744257,1191.4618566408835,2682000.0,-0.011636679427725845,0.021077091407586325,1191.4618238704554
2682000.0,-0.019234381697377435,0.032075366892825245,2759.319810631676,2682000.0,-0.01923438226550064,0.0320753665656387,2759.319754338488
2682000.0,-0.005200331523220677,0.009033833192533437,218.8784012476916,2682000.0,-0.005200332078454756,0.009033832918674838,218.8783879771939
2682000.0,-0.0006281016483886018,0.05500761692720482,8115.297301467115,2682000.0,-0.0006281011471192668,0.055007616939053046,8115.297304963063
2682000.0,-0.0010086320563900094,0.06645154561124582,11843.196825679184,2682000.0,-0.0010086315396576038,0.0664515456244774,11843.19683039553
2682000.0,-0.0007155205580732647,0.047347569926559634,6012.487157663118,2682000.0,-0.0007155200573781967,0.047347569941224035,6012.487161387472
