cur_n,cur_mean,cur_std,cur_S,next_n,next_mean,next_std,next_S
1241000.0,-0.05045905493550328,1.1511110596376912,1644395.3294806785,1241000.0,-0.05045908131080437,1.1511110588565305,1644395.3272488571
1241000.0,-0.0944962974852821,1.116450004877366,1546857.6212178224,1241000.0,-0.09449635621295509,1.1164500018234746,1546857.6127554008
1241000.0,-0.1312738127308356,0.8670318358835577,932914.5577045952,1241000.0,-0.13127381794451937,0.8670318351136374,932914.5560477475
1241000.0,0.1015408497009677,1.284845642589764,2048677.9516748427,1241000.0,0.10154110092616829,1.2848456532156796,2048677.9855607476
1241000.0,0.10572699756031914,1.1448283825100503,1626494.3435221172,1241000.0,0.10572696418441549,1.1448283861961976,1626494.3539961725
1241000.0,0.0991114765385143,0.6985053131090816,605495.9035000455,1241000.0,0.09911143186499208,0.6985053212206712,605495.917563029
