cur_n,cur_mean,cur_std,cur_S,next_n,next_mean,next_std,next_S
901000.0,-0.025778420494052184,0.09327152022928882,7838.318413780253,901000.0,-0.02577844697271553,0.0932715162975003,7838.3177529438135
901000.0,-0.026941454455475192,0.09795102701341002,8644.557727376583,901000.0,-0.02694144424211345,0.09795103030235783,8644.558307901372
901000.0,-0.02501062547394665,0.10804846343417057,10518.69787588725,901000.0,-0.025010619166132182,0.10804846506017461,10518.698192475656
901000.0,0.03304243387434366,0.14289547618946666,18397.624520988404,901000.0,0.033042409783061236,0.1428954835899794,18397.626426603078
901000.0,0.03384974370564226,0.15089873618478217,20516.156152530206,901000.0,0.03384974632039883,0.15089873561865003,20516.15599858782
901000.0,0.04692350416332831,0.29595670453216827,78918.92423274458,901000.0,0.04692348783956306,0.29595670752588543,78918.9258293358
