cur_n,cur_mean,cur_std,cur_S,next_n,next_mean,next_std,next_S
191000.0,-0.06655963814513986,1.1487889554037451,252065.7682350069,191000.0,-0.06655933171754329,1.148788980963643,252065.77945164565
191000.0,-0.1165585289503612,1.1133615852152745,236758.63771171615,191000.0,-0.11656107658478464,1.1133618752246675,236758.7610539235
191000.0,-0.09408868078780072,0.808148354580368,124742.81873509265,191000.0,-0.09408844628832104,0.8081483883801904,124742.82916952635
191000.0,0.0961340770231926,1.6050927789574592,492077.66035072337,191000.0,0.09613311057045126,1.6050928924141572,492077.729916183
191000.0,0.09631122690787378,1.4314517168783214,391369.31739099376,191000.0,0.09630487143808418,1.4314548392425757,391371.02474707866
191000.0,0.08825092697394636,0.777422145748444,115437.57180572196,191000.0,0.08825094870697439,0.7774221433393902,115437.57109029255
