cur_n,cur_mean,cur_std,cur_S,next_n,next_mean,next_std,next_S
2921000.0,-0.29953130062960376,1.3246005330090056,5125088.956951454,2921000.0,-0.2995312899991685,1.3246005355375472,5125088.976518108
2921000.0,-0.36227996662523787,1.3253903543677594,5131202.666628648,2921000.0,-0.36227996878303675,1.3253903537831206,5131202.662101831
2921000.0,-0.1906968667671863,0.9880327948970442,2851505.915876621,2921000.0,-0.1906968774065263,0.9880327930109031,2851505.904989649
2921000.0,0.0966795587222109,0.8364891171995502,2043864.720167579,2921000.0,0.09667952179182124,0.8364891238491726,2043864.752662751
2921000.0,0.08721857575872516,0.7414355979540654,1605751.824813341,2921000.0,0.08721859194360085,0.7414355965661467,1605751.8188016168
2921000.0,0.09633935681308553,0.6526646738569175,1244261.8065587098,2921000.0,0.09633937785851661,0.6526646717415078,1244261.7984929339
