cur_n,cur_mean,cur_std,cur_S,next_n,next_mean,next_std,next_S
1301000.0,-0.3435641165606087,1.3627956232775704,2416232.6959826765,1301000.0,-0.3435674109488138,1.3627999731770315,2416248.1207256042
1301000.0,-0.3880350142512152,1.3362675300197882,2323079.796232526,1301000.0,-0.38803563369060123,1.3362675369314931,2323079.8202643045
1301000.0,-0.20401644131422264,1.0194299387169985,1352047.8573382588,1301000.0,-0.20401588622532474,1.0194302464198768,1352048.6735377132
1301000.0,0.09583525836666237,0.8125245571637989,858915.1989484899,1301000.0,0.09583715787681608,0.8125272217588302,858920.8324149594
1301000.0,0.09597396752517522,0.7557857801730611,743147.0013108553,1301000.0,0.09597350393356133,0.7557860240202346,743147.4808497134
1301000.0,0.09195668760201021,0.6347748214932595,524223.7352763411,1301000.0,0.09195617261125419,0.6347751678827266,524224.3074024675
