cur_n,cur_mean,cur_std,cur_S,next_n,next_mean,next_std,next_S
881000.0,-0.016148339228975905,1.1619614252479755,1189485.9856663542,881000.0,-0.016148406245330253,1.1619614260192588,1189485.987245461
881000.0,-0.08488666610492954,1.1180732840528729,1101327.4121597558,881000.0,-0.08488673676711153,1.118073280655204,1101327.4054661947
881000.0,-0.12112105211801681,0.8389473145940178,620076.5176614368,881000.0,-0.12112107012216787,0.8389473121648978,620076.5140706504
881000.0,0.10398789365047341,1.3980544549001597,1721964.0640611066,881000.0,0.10398786474707215,1.3980544573132263,1721964.0700053875
881000.0,0.1090082072769974,1.2370094671040641,1348099.523522176,881000.0,0.10900817622751932,1.2370094701835512,1348099.5302342589
881000.0,0.09873536362677703,0.7229595468809026,460472.7161615174,881000.0,0.09873533327602174,0.7229595515872026,460472.72215665993
