cur_n,cur_mean,cur_std,cur_S,next_n,next_mean,next_std,next_S
471000.0,-0.3561558125902985,1.3304735628434177,833745.3135712963,471000.0,-0.3561558051927986,1.3304735648333497,833745.3160652902
471000.0,-0.3823268426336198,1.2785468130005848,769935.1998789916,471000.0,-0.3823266992858842,1.2785468596511018,769935.25606446
471000.0,-0.18795973575387692,0.9891709446118762,460854.26325990946,471000.0,-0.18795979816911063,0.9891709336793644,460854.2530730057
471000.0,0.11275457096173679,0.788442955215257,292793.5202990554,471000.0,0.11275459000345127,0.7884429526004059,292793.5183569708
471000.0,0.09241185960837356,0.7204418153490658,244466.14878192847,471000.0,0.09241193780827571,0.7204418073172396,244466.14333107992
471000.0,0.07598542954664342,0.6087691888093355,174552.56478972448,471000.0,0.07598537753438639,0.6087691963479184,174552.5691128046
