cur_n,cur_mean,cur_std,cur_S,next_n,next_mean,next_std,next_S
4151000.0,-0.054675354481670234,0.16367543140200586,111203.82405207046,4151000.0,-0.05467535943358359,0.16367543005877513,111203.82222684364
4151000.0,-0.04632867931049505,0.15988744211900535,106116.13970568424,4151000.0,-0.04632868015955473,0.1598874418823467,106116.13939154694
4151000.0,0.012780151499569063,0.31264256748797203,405741.05164771073,4151000.0,0.012780130628362776,0.312642571232945,405741.06136800756
4151000.0,0.027737039236487147,0.1683631717905649,117664.90026143932,4151000.0,0.027737058350490174,0.16836317314540789,117664.90215517255
4151000.0,0.028275537131152693,0.18252261975859183,138288.51740941242,4151000.0,0.028275538348107487,0.18252261958690738,138288.51714925855
4151000.0,0.058782349291178204,0.45709189028136754,867280.867064285,4151000.0,0.05878259533697907,0.4570921335245962,867281.7901183093
