cur_n,cur_mean,cur_std,cur_S,next_n,next_mean,next_std,next_S
1571000.0,-0.3336276987794648,1.3502385088998081,2864159.2725690003,1571000.0,-0.33362773759299946,1.3502385001858832,2864159.235600615
1571000.0,-0.37726503728299643,1.3282419858352241,2771600.26028167,1571000.0,-0.37726507405523585,1.3282419761903956,2771600.220030557
1571000.0,-0.2030519949488087,1.0075549246996665,1594827.241196171,1571000.0,-0.20305199733023474,1.0075549242241848,1594827.2396909208
1571000.0,0.09680516281996349,0.8182512798014142,1051839.7314846409,1571000.0,0.09680521426235979,0.8182512762557913,1051839.7223690373
1571000.0,0.09348093328306697,0.7506574634252885,885237.4916392548,1571000.0,0.09348101499179096,0.7506574602361394,885237.484117437
1571000.0,0.10021852061079023,0.6465496604381331,656719.574021297,1571000.0,0.10021850474197846,0.6465496632037967,656719.5796396293
