cur_n,cur_mean,cur_std,cur_S,next_n,next_mean,next_std,next_S
4202000.0,-0.014628319305457636,0.02544404420487595,2720.3722178696607,4202000.0,-0.014628319789659273,0.025444043945856653,2720.372162483113
4202000.0,-0.02424975188351343,0.04057815405622131,6918.956836937025,4202000.0,-0.024249751707835582,0.04057815416280695,6918.956873284733
4202000.0,-0.00578182286498451,0.00946208348570223,376.209362387456,4202000.0,-0.005781823159174011,0.00946208332515419,376.20934962078036
4202000.0,-0.0006463856857765553,0.055159080263855825,12784.686417599964,4202000.0,-0.000646384986313189,0.05515908029068705,12784.686430037764
4202000.0,-0.0010221950907032338,0.06847996118912389,19705.300364917366,4202000.0,-0.0010221965519209143,0.0684799612328187,19705.300390063974
4202000.0,-0.0007340654802946907,0.04645263078711344,9067.272703398381,4202000.0,-0.0007340652453586433,0.04645263079332149,9067.272705821928
