cur_n,cur_mean,cur_std,cur_S,next_n,next_mean,next_std,next_S
3691000.0,-0.31031195448618926,1.3457545468730345,6684605.113885086,3691000.0,-0.3103125649569229,1.3457549171740104,6684608.792588821
3691000.0,-0.38363008529711445,1.363221313287533,6859252.3401641175,3691000.0,-0.38363000376019246,1.363221345233503,6859252.661645991
3691000.0,-0.16166905280362684,0.97817243364366,3531627.45498987,3691000.0,-0.16166925298518767,0.9781724761626032,3531627.7620135914
3691000.0,0.09847479165134344,0.8558593690722442,2703640.0032896795,3691000.0,0.09847594109564706,0.8558620857801001,2703657.167351812
3691000.0,0.09382614892105914,0.7682066516586995,2178212.1275780066,3691000.0,0.0938259879492119,0.7682067335687259,2178212.5920817233
3691000.0,0.09271255053738679,0.6561758214801605,1589221.7217938486,3691000.0,0.09271305676647622,0.656176470709029,1589224.8665885718
