cur_n,cur_mean,cur_std,cur_S,next_n,next_mean,next_std,next_S
1141000.0,-0.35165352755938284,1.3674976114725497,2133726.7275341493,1141000.0,-0.35165413983328253,1.3674976104196823,2133726.7242485406
1141000.0,-0.39197581276234206,1.3376873520703807,2041713.9026054253,1141000.0,-0.39197603890513705,1.3376873076154072,2041713.7669020626
1141000.0,-0.21211479182700457,1.0343930147533802,1220834.5251354394,1141000.0,-0.21211481276579286,1.0343930107014465,1220834.515570911
1141000.0,0.09735657283261072,0.8119125732345048,752149.5123235299,1141000.0,0.097356393429792,0.8119126173621168,752149.5940824873
1141000.0,0.09325037236785129,0.7499930540321513,641800.6120310763,1141000.0,0.09324984145738728,0.7499933344506594,641801.0919629978
1141000.0,0.09073379268193638,0.6314370476916441,454931.2422703928,1141000.0,0.09073387160786905,0.6314370419785856,454931.23403822206
