cur_n,cur_mean,cur_std,cur_S,next_n,next_mean,next_std,next_S
151000.0,-0.31589830170422545,1.2337347723916556,229837.32477985183,151000.0,-0.3158985786089871,1.2337347061823523,229837.30011106707
151000.0,-0.3399182892743667,1.1858781187619671,212352.3437963218,151000.0,-0.33991861469966805,1.1858780322248335,212352.31280432988
151000.0,-0.21183730536970766,0.9994310237834031,150828.21806641194,151000.0,-0.21183718751553576,0.9994310498127862,150828.22592281306
151000.0,0.12088267958503957,0.8057498809899236,98034.1634780067,151000.0,0.12088281131979697,0.8057498628524878,98034.15906450726
151000.0,0.09363118354857869,0.7115999095160659,76462.53911471424,151000.0,0.09363172061910309,0.7115998694526675,76462.53050496307
151000.0,0.10558265929863574,0.6423644988556177,62307.45455789437,151000.0,0.10558198845880182,0.6423646620118724,62307.48620924569
