cur_n,cur_mean,cur_std,cur_S,next_n,next_mean,next_std,next_S
1101000.0,-0.005182812859052093,0.022640395309829132,564.3588372636516,1101000.0,-0.00518282567310978,0.022640396368962028,564.3588900658236
1101000.0,-0.0031220317618735807,0.02147259991145395,507.6408742000667,1101000.0,-0.0031220454276363776,0.021472602712350786,507.6410066339422
1101000.0,-0.005319688201892279,0.022953062163505213,580.0542120125898,1101000.0,-0.005319700568942682,0.022953062965433344,580.0542525441576
1101000.0,-0.0011361860658250303,0.07783838005997676,6670.753564807887,1101000.0,-0.0011361911050995837,0.07783838016601721,6670.753582983233
1101000.0,-0.0011582396155178586,0.07604978672683423,6367.710637377864,1101000.0,-0.0011582460961615361,0.07604978693215102,6367.71067176055
1101000.0,-0.0011830412003569109,0.07819935651107575,6732.768433979704,1101000.0,-0.001183045540544577,0.07819935657802654,6732.768445508294
