cur_n,cur_mean,cur_std,cur_S,next_n,next_mean,next_std,next_S
3541000.0,-0.3025904770842974,1.3297247723282684,6261082.78227801,3541000.0,-0.30259047610587675,1.3297247725522587,6261082.784387352
3541000.0,-0.36906426566503997,1.3375145566197828,6334654.914850311,3541000.0,-0.36906428078075165,1.3375145527513488,6334654.87820743
3541000.0,-0.2011400759819682,0.9931494378080821,3492650.498403342,3541000.0,-0.2011400686162379,0.993149439396571,3492650.509575954
3541000.0,0.09859320361626908,0.8332114522949612,2458308.529117829,3541000.0,0.09859330625546808,0.8332114625352864,2458308.5895439764
3541000.0,0.08600850743872984,0.73722999512285,1924562.0606749936,3541000.0,0.08600851911991761,0.7372299940877481,1924562.0552706614
3541000.0,0.09892010228375227,0.6486136216299623,1489697.390410497,3541000.0,0.09892010709761662,0.6486136209590312,1489697.387328587
