cur_n,cur_mean,cur_std,cur_S,next_n,next_mean,next_std,next_S
4291000.0,-0.3073253832244265,1.3422111359137163,7730368.376894054,4291000.0,-0.30732537509825775,1.3422111378799397,7730368.399542697
4291000.0,-0.38127547999756745,1.362057711560291,7960668.390483095,4291000.0,-0.3812754621124248,1.3620577170707124,7960668.454895401
4291000.0,-0.15687248653842384,0.9719625637523853,4053755.8679172467,4291000.0,-0.15687249465695904,0.9719625625875341,4053755.858200777
4291000.0,0.09802974679775554,0.8589794839477427,3166096.1297408724,4291000.0,0.09802973667149922,0.8589794853594487,3166096.1401476325
4291000.0,0.09509290162996605,0.7695822767070457,2541374.274747285,4291000.0,0.09509289902561911,0.7695822770477622,2541374.2769975653
4291000.0,0.0937057371028025,0.6576197667264022,1855701.9838156332,4291000.0,0.09370573035569836,0.6576197678363294,1855701.990079721
