cur_n,cur_mean,cur_std,cur_S,next_n,next_mean,next_std,next_S
4971000.0,-0.3075954715466815,1.3393958285727834,8917880.473608518,4971000.0,-0.3075954943309644,1.3393958243036874,8917880.416760068
4971000.0,-0.3864335065819074,1.3591491467619448,9182860.710027445,4971000.0,-0.3864335013636971,1.3591491482954121,9182860.73074867
4971000.0,-0.21532010005658953,1.000782355844817,4978781.22446217,4971000.0,-0.21532010047305783,1.0007823557556494,4978781.223574974
4971000.0,0.096621937124583,0.8225719432930324,3363500.8960094852,4971000.0,0.09662189757708263,0.8225719526642425,3363500.9726473386
4971000.0,0.0863737236825263,0.7303165778358575,2651344.0124973957,4971000.0,0.08637372306817027,0.7303165779098124,2651344.013034369
4971000.0,0.09763227792424085,0.6379156183709367,2022880.527059187,4971000.0,0.09763227763572167,0.6379156184153953,2022880.5273411504
