cur_n,cur_mean,cur_std,cur_S,next_n,next_mean,next_std,next_S
1822000.0,-0.009493288409014393,0.017440519686440187,554.2008864721224,1822000.0,-0.009493293694586501,0.017440518268671434,554.2007963683087
1822000.0,-0.01584767798738043,0.025709000599230054,1204.255840920027,1822000.0,-0.015847685786709812,0.02570899794702351,1204.2555924517876
1822000.0,-0.004759285956998578,0.008708830863397953,138.18728518325094,1822000.0,-0.004759291258722208,0.008708830906366576,138.18728654685933
1822000.0,-0.0006229802441152347,0.054961432867344895,5503.823085359283,1822000.0,-0.0006229817535056886,0.0549614328879985,5503.823089495777
1822000.0,-0.000988794991114279,0.06508022814609114,7716.964566087133,1822000.0,-0.000988806141663576,0.06508022971712765,7716.96493866214
1822000.0,-0.000704581031465113,0.0481626161206506,4226.379691868148,1822000.0,-0.0007045825314275226,0.04816261614126269,4226.379695485665
