cur_n,cur_mean,cur_std,cur_S,next_n,next_mean,next_std,next_S
942000.0,0.00025395278791161903,0.013842004204763357,180.48821774121464,942000.0,0.00025395815775183756,0.013842005087415258,180.48824075930816
942000.0,-0.007369790127616191,0.02007612851626551,379.6739819019159,942000.0,-0.007369784824402848,0.020076131122842903,379.6740804916098
942000.0,-0.005908598497636988,0.014100663237085979,187.29663890961697,942000.0,-0.005908599552187339,0.014100662832344374,187.29662815739349
942000.0,-0.0002076431348444676,0.11378412011540484,12195.910082991537,942000.0,-0.00020763576087922357,0.11378412035394404,12195.910134127016
942000.0,-0.00016969306071107463,0.06893593863794789,4476.538145013012,942000.0,-0.00016968613625753707,0.06893593898259573,4476.538189774256
942000.0,-0.0007577406122346858,0.059561898099382435,3341.8577622995463,942000.0,-0.0007577333958651014,0.05956189860299015,3341.857818811693
