cur_n,cur_mean,cur_std,cur_S,next_n,next_mean,next_std,next_S
4351000.0,-0.3081908746468089,1.3443267306927282,7863189.675378101,4351000.0,-0.30819159596331197,1.34432740731658,7863197.590750017
4351000.0,-0.38011432448010135,1.3613727111024716,8063863.45028358,4351000.0,-0.3801148089480897,1.3613729509021053,8063866.291109839
4351000.0,-0.15566038162392654,0.9713882322357458,4105582.2702062055,4351000.0,-0.1556601414519726,0.9713883999067368,4105583.6875326345
4351000.0,0.0982963183934856,0.8594017624466826,3213524.1148289163,4351000.0,0.09829650759163866,0.8594018314208387,3213524.6306531383
4351000.0,0.09449467247204352,0.7696866633894663,2577608.8026881013,4351000.0,0.09449497250285671,0.7696868809895073,2577610.2601327663
4351000.0,0.09313065608843066,0.6572491964146234,1879529.7784225445,4351000.0,0.09313048573881731,0.657249316605799,1879530.4658419143
