cur_n,cur_mean,cur_std,cur_S,next_n,next_mean,next_std,next_S
3482000.0,-0.014505005818901368,0.026546656411477826,2453.8523338023756,3482000.0,-0.014505008417329603,0.026546655434507776,2453.852153189032
3482000.0,-0.024460528363781313,0.04296518370262854,6427.79641091135,3482000.0,-0.024460531306500843,0.04296518237820267,6427.7960146304995
3482000.0,-0.005648241052812405,0.010246818109589849,365.6005337338864,3482000.0,-0.005648244100454702,0.010246818007783258,365.60052646908605
3482000.0,-0.0004989448145343636,0.0526408595187923,9648.8312364345,3482000.0,-0.0004989434931854288,0.05264085958905763,9648.831262193133
3482000.0,-0.0007455756082689142,0.06733320015129399,15786.551771982702,3482000.0,-0.0007455741865047644,0.0673332002193022,15786.551803872324
3482000.0,-0.0005651679718766803,0.043208094318512476,6500.683041767671,3482000.0,-0.0005651680600237731,0.04320809431767143,6500.6830415146005
