cur_n,cur_mean,cur_std,cur_S,next_n,next_mean,next_std,next_S
611000.0,-0.386319579782998,1.3794246979125813,1162618.435796053,611000.0,-0.3863194487219967,1.3794247384215101,1162618.504080213
611000.0,-0.43994859195634506,1.341179385521348,1099043.670074074,611000.0,-0.43994848652677687,1.3411794226374467,1099043.7309044362
611000.0,-0.23381121987976294,1.0375335293404517,657726.7287729547,611000.0,-0.23381122085591582,1.0375335291207413,657726.7284943911
611000.0,0.10701276976003685,0.7789578703586482,370739.74727793876,611000.0,0.1070128533744288,0.7789578616136967,370739.7389537375
611000.0,0.10525375003535754,0.7145999252231936,312009.0154618153,611000.0,0.10525376091330148,0.714599923671593,312009.0141068938
611000.0,0.095386073289223,0.6157464159182532,231656.76936558262,611000.0,0.0953859771612006,0.6157464353942348,231656.7840201317
