cur_n,cur_mean,cur_std,cur_S,next_n,next_mean,next_std,next_S
721000.0,-0.3719179363559669,1.3635782140762336,1340588.1385963014,721000.0,-0.3719178181178761,1.363578250021923,1340588.2092755844
721000.0,-0.4143875397015295,1.3466261681203098,1307462.8684364664,721000.0,-0.4143875419644917,1.3466261674253313,1307462.8670869328
721000.0,-0.21931200215188762,1.0330111113102913,769387.7203412672,721000.0,-0.21931194031710308,1.0330111257723698,769387.7418840086
721000.0,0.10267614616961308,0.7795269998856649,438124.54970008746,721000.0,0.10267621255487316,0.7795269931797246,438124.54216208804
721000.0,0.09414906905712876,0.7223136622337687,376172.39621433197,721000.0,0.09414915324535406,0.7223136547977533,376172.3884691546
721000.0,0.09269113738596386,0.6264039652120106,282907.3698236307,721000.0,0.0926911706009496,0.6264039609319905,282907.3659575977
