cur_n,cur_mean,cur_std,cur_S,next_n,next_mean,next_std,next_S
3501000.0,-0.31404490472521557,1.3506224232567576,6386457.43664405,3501000.0,-0.3140446286225267,1.350622586258598,6386458.978162037
3501000.0,-0.38539344471603293,1.363323220922591,6507134.366678324,3501000.0,-0.38539344218817456,1.363323221645435,6507134.373578584
3501000.0,-0.16507894616129493,0.981389576107011,3371902.3758203373,3501000.0,-0.16507896116233664,0.9813895739850601,3371902.3612389485
3501000.0,0.09977260265670858,0.8566136176091447,2568987.901446864,3501000.0,0.0997724631369049,0.8566136736379503,2568988.2375081303
3501000.0,0.09419742845074967,0.7681102744494211,2065566.8713953923,3501000.0,0.09419717058389765,0.7681104576137509,2065567.8565097158
3501000.0,0.09374404877019239,0.6559181600909846,1506230.443212736,3501000.0,0.09374406096756514,0.6559181587447882,1506230.4370300074
