cur_n,cur_mean,cur_std,cur_S,next_n,next_mean,next_std,next_S
101000.0,-0.01938838483750303,0.07705170000153898,599.6334117858434,101000.0,-0.019388366161060815,0.07705170492966841,599.6334884894374
101000.0,-0.019315448325345944,0.08045142506792526,653.7156113414591,101000.0,-0.01931528912800096,0.08045147919767645,653.7164910145108
101000.0,-0.00877722935920499,0.07826274691394408,618.6308130061224,101000.0,-0.00877730487957687,0.0782627421243799,618.630737287546
101000.0,0.03139971209792781,0.13952690435739964,1966.2434609954535,101000.0,0.03139982685375949,0.13952688329854201,1966.2428674635016
101000.0,0.032989535645050555,0.14812078890928987,2215.916578818151,101000.0,0.03298927863449079,0.14812086867102742,2215.9189653218345
101000.0,0.04802861031869645,0.3358850373414596,11394.694589297245,101000.0,0.04802845165694034,0.3358850638134817,11394.696385391653
