cur_n,cur_mean,cur_std,cur_S,next_n,next_mean,next_std,next_S
2791000.0,-0.3253392189301863,1.3607461995545331,5167899.942909475,2791000.0,-0.3253391387596737,1.3607462253138636,5167900.138569244
2791000.0,-0.3915228680412049,1.3699022445163644,5237680.357250946,2791000.0,-0.39152386022148805,1.3699029637636486,5237685.857188444
2791000.0,-0.1745330270623433,0.9963996321629409,2770938.925485673,2791000.0,-0.17453376550050317,0.9964002665179299,2770942.4537075516
2791000.0,0.10109223096021373,0.8492537429888425,2012958.2886657398,2791000.0,0.10109206652190904,0.8492538069952142,2012958.592090158
2791000.0,0.09343739225580101,0.7688292957588597,1649755.8744736265,2791000.0,0.09343786883742868,0.768829650101838,1649757.3951741199
2791000.0,0.0932346398456583,0.6524284178001644,1188024.9874258533,2791000.0,0.09323526862863496,0.6524291736091293,1188027.7399744296
