cur_n,cur_mean,cur_std,cur_S,next_n,next_mean,next_std,next_S
2551000.0,-0.3350316869638927,1.3678724469686372,4773112.404529893,2551000.0,-0.3350327778432068,1.3678732894356684,4773118.28401242
2551000.0,-0.39629093316935227,1.3753637025445211,4825536.1767205605,2551000.0,-0.39629214258548945,1.375364710551318,4825543.250013303
2551000.0,-0.17803619238953952,1.0050627647552446,2576895.6119596106,2551000.0,-0.17803698138679028,1.005063415012518,2576898.94636959
2551000.0,0.10312767499403545,0.8485225741414698,1836695.9155693764,2551000.0,0.10312790914883906,0.848522628100914,1836696.1491685684
2551000.0,0.09416338345010677,0.7680116260518826,1504686.5791224355,2551000.0,0.09416401092897408,0.7680122030176036,1504688.8399030638
2551000.0,0.09264392962086702,0.6527466608632373,1086925.496536939,2551000.0,0.09264452511977983,0.6527472692872732,1086927.5227806417
