cur_n,cur_mean,cur_std,cur_S,next_n,next_mean,next_std,next_S
2562000.0,-0.011270170761436724,0.020360820809822152,1062.1104676152977,2562000.0,-0.011270173566199474,0.020360819752255406,1062.1103572805823
2562000.0,-0.018643396929938934,0.03084900484029753,2438.1557372692264,2562000.0,-0.018643400157813596,0.03084900332220764,2438.1554973043067
2562000.0,-0.005142355920297926,0.008994248412625062,207.25684454951767,2562000.0,-0.005142358639298631,0.008994247911006103,207.2568214316416
2562000.0,-0.0006260836007856495,0.05498391100255741,7745.516461929389,2562000.0,-0.0006260844337908812,0.054983911009236996,7745.516463811278
2562000.0,-0.0010076223479752672,0.06623234683019445,11238.786290119304,2562000.0,-0.0010076235470458364,0.06623234683976076,11238.786293365862
2562000.0,-0.0007134812652329234,0.04747684825929064,5774.878971068686,2562000.0,-0.0007134819336885744,0.04747684826129937,5774.878971557352
