cur_n,cur_mean,cur_std,cur_S,next_n,next_mean,next_std,next_S
82000.0,-0.0068557483187063045,0.017882790957011598,26.223125417798407,82000.0,-0.006855597038685076,0.017882901422522652,26.223449389588346
82000.0,-0.011416996596375722,0.021496836172396505,37.8933451646741,82000.0,-0.011417018718057389,0.0214968253568819,37.89330703479101
82000.0,-0.003884855227216383,0.00966875800702263,7.665760274665867,82000.0,-0.003884770378409598,0.009668822626673275,7.665862740857665
82000.0,-0.0004442121315142959,0.0574688253345146,270.8186025969736,82000.0,-0.000443791638472223,0.05746895472782711,270.81982211574143
82000.0,-0.0006813980441737774,0.06362021738455526,331.8976289247615,82000.0,-0.0006808824540184622,0.06362039422040403,331.8994739822886
82000.0,-0.0005045038508085095,0.047592134808008314,185.7309262378582,82000.0,-0.000504203357478982,0.04759221578141933,185.7315582447847
