cur_n,cur_mean,cur_std,cur_S,next_n,next_mean,next_std,next_S
3682000.0,-0.014822353819771835,0.026994876048900857,2683.1593117213088,3682000.0,-0.014822352643202169,0.026994876789339164,2683.15945891324
3682000.0,-0.025046630638460854,0.044028903362994365,7137.720228022955,3682000.0,-0.025046629638968632,0.04402890397334229,7137.720425915358
3682000.0,-0.005731331588686419,0.010311042057667577,391.4613601757918,3682000.0,-0.005731330372205253,0.01031104299805968,391.4614315802504
3682000.0,-0.0005050877612405676,0.05265102877400794,10206.985719599918,3682000.0,-0.0005050921610284622,0.05265102940867601,10206.985965674807
3682000.0,-0.00074799438590959,0.0676649683435468,16858.213518516008,3682000.0,-0.0007479979867283578,0.06766496865651074,16858.21367446119
3682000.0,-0.00057300525728082,0.043117413556186326,6845.247997236287,3682000.0,-0.0005730097297582167,0.04311741435082553,6845.248249547454
