cur_n,cur_mean,cur_std,cur_S,next_n,next_mean,next_std,next_S
1211000.0,-0.3449998673062102,1.3638275785254301,2252491.079039258,1211000.0,-0.34499986525581233,1.363827579046002,2252491.080758806
1211000.0,-0.39153536127673233,1.340769148881039,2176968.5737259253,1211000.0,-0.3915353460357543,1.3407691534366686,2176968.588519617
1211000.0,-0.20963434380405951,1.028328456986053,1280583.3521067,1211000.0,-0.20963435880332695,1.0283284540607958,1280583.344821021
1211000.0,0.09505088528278405,0.8110825577277461,796662.302610171,1211000.0,0.09505081874501486,0.8110825688304054,796662.324420701
1211000.0,0.09503640756082038,0.7528834806744517,686435.4114571703,1211000.0,0.09503653660704817,0.7528834777779395,686435.4061754271
1211000.0,0.09231548934736017,0.6344730227779355,487495.3361425275,1211000.0,0.09231550163352414,0.6344730211343546,487495.33361684706
