cur_n,cur_mean,cur_std,cur_S,next_n,next_mean,next_std,next_S
5811000.0,-0.3073730735869891,1.33998692507448,10434027.978902325,5811000.0,-0.30737307707002376,1.339986924301851,10434027.96686992
5811000.0,-0.391934325304774,1.3650751305539446,10828392.381162465,5811000.0,-0.3919343209277782,1.365075131851471,10828392.401747594
5811000.0,-0.22120216882197316,1.00520992376336,5871707.463726727,5811000.0,-0.22120216542705456,1.0052099245437807,5871707.47284403
5811000.0,0.09547595043752834,0.8199601556956634,3906936.6914112614,5811000.0,0.09547591702652133,0.8199601635416199,3906936.766179908
5811000.0,0.0860828991910988,0.7274387176324929,3074989.947849692,5811000.0,0.08608292091184874,0.7274387169465718,3074989.9420507145
5811000.0,0.09649246399195575,0.6353837972822414,2345973.743391379,5811000.0,0.09649246330937432,0.6353837973880208,2345973.7441724995
