cur_n,cur_mean,cur_std,cur_S,next_n,next_mean,next_std,next_S
5011000.0,-0.30742267232718684,1.339171799529952,8986632.735476667,5011000.0,-0.30742263301821254,1.3391718114447897,8986632.895387849
5011000.0,-0.3871176173593283,1.3599559379969723,9267745.04815235,5011000.0,-0.38711769227028425,1.3599559270118406,9267744.898430735
5011000.0,-0.21479407836124753,1.0003588806676766,5014597.347444872,5011000.0,-0.2147940645730094,1.0003588841044226,5014597.3819003
5011000.0,0.09658104419988925,0.8223392027116248,3388647.480989434,5011000.0,0.09658101003057885,0.8223392102819708,3388647.5433803154
5011000.0,0.08656588893188195,0.73056361860217,2674486.9593345607,5011000.0,0.08656588140563058,0.730563619688252,2674486.967286537
5011000.0,0.0970455480043182,0.6380312626422507,2039897.3833575216,5011000.0,0.09704554314790721,0.6380312634735111,2039897.3886728904
