cur_n,cur_mean,cur_std,cur_S,next_n,next_mean,next_std,next_S
522000.0,-0.00771182519742665,0.016305913358816083,138.79082706284316,522000.0,-0.007711826735826412,0.016305912669116976,138.7908153218379
522000.0,-0.0128226205789703,0.022344680265289713,260.62663227449036,522000.0,-0.01282262213221796,0.022344679402130103,260.6266121388362
522000.0,-0.004015179969148806,0.009061145730047564,42.8584769332851,522000.0,-0.004015181451923783,0.00906114513632896,42.85847131680457
522000.0,-0.00045698344716313285,0.0526616475524483,1447.6360421737843,522000.0,-0.00045698053971716685,0.052661647619573905,1447.6360458642669
522000.0,-0.000703588374052709,0.06211288603385651,2013.8815391794299,522000.0,-0.0007035854159271815,0.062112886104135394,2013.8815437367243
522000.0,-0.0005166602754111754,0.04541525625457091,1076.6487513488744,522000.0,-0.0005166573699224497,0.04541525633614008,1076.6487552163567
