cur_n,cur_mean,cur_std,cur_S,next_n,next_mean,next_std,next_S
721000.0,-0.016843103183799186,1.150222749636233,953891.921495911,721000.0,-0.0168432633000876,1.1502227553267534,953891.9309343288
721000.0,-0.09523841781033891,1.1150229621630927,896402.1446348405,721000.0,-0.0952385550485548,1.1150229565303682,896402.1355781906
721000.0,-0.10978835077730695,0.819170123087431,483819.61689309444,721000.0,-0.1097884153885054,0.8191701162651449,483819.6088343146
721000.0,0.09938902871650676,1.4202306067756911,1454296.638000585,721000.0,0.09938991987519177,1.420230745995501,1454296.923118946
721000.0,0.10965932858466435,1.26740766395742,1158158.2965804215,721000.0,0.10965930131547709,1.2674076665283398,1158158.301279039
721000.0,0.09357048785559328,0.7286051130685101,382753.9611792846,721000.0,0.09357047450734844,0.7286051148709028,382753.96307296597
