cur_n,cur_mean,cur_std,cur_S,next_n,next_mean,next_std,next_S
642000.0,-0.007338052681384543,0.015161519153650499,147.57760767586,642000.0,-0.007338047746112358,0.015161522057966307,147.57766421531568
642000.0,-0.012921441947544727,0.021266957230954463,290.3659876522041,642000.0,-0.012921439560988072,0.021266958766954724,290.36602959541625
642000.0,-0.004266226617549373,0.008912130534907907,50.99153737093473,642000.0,-0.004266221830505761,0.008912133651846522,50.99157303861689
642000.0,-0.0006219627623497746,0.0572647755126242,2105.2813983162187,642000.0,-0.0006219501736116608,0.057264776537695926,2105.2814736876644
642000.0,-0.0010198391480903148,0.06640130884936167,2830.663910455139,642000.0,-0.0010198253783785787,0.0664013099774428,2830.664006634526
642000.0,-0.0007113574887329963,0.05111426969845169,1677.3332198894884,642000.0,-0.0007113445183163982,0.05111427093546203,1677.3333010753713
