cur_n,cur_mean,cur_std,cur_S,next_n,next_mean,next_std,next_S
3861000.0,-0.30311385632845084,1.3325783973700276,6856229.379815005,3861000.0,-0.30311424650113405,1.3325785291614376,6856230.735971136
3861000.0,-0.37704672404225986,1.3452925801741147,6987684.619534366,3861000.0,-0.3770467676342543,1.3452925706834638,6987684.520942168
3861000.0,-0.2047116134731119,0.9950394192723692,3822789.404642655,3861000.0,-0.20471164461990043,0.995039414746638,3822789.3698683204
3861000.0,0.09766596565663672,0.829145607013649,2654369.691689556,3861000.0,0.09766637442749028,0.8291459479080633,2654371.874321845
3861000.0,0.08761720829506804,0.7357729209099539,2090197.8756083946,3861000.0,0.08761717104231881,0.7357729289872648,2090197.9215007548
3861000.0,0.09824113371643105,0.6445851236377754,1604206.8190160026,3861000.0,0.09824121009900849,0.6445851294697216,1604206.8480444348
