cur_n,cur_mean,cur_std,cur_S,next_n,next_mean,next_std,next_S
542000.0,-0.007660396978323087,0.016179051865794592,141.87485184763074,542000.0,-0.007660398604144582,0.01617905114028164,141.87483912351794
542000.0,-0.012734478238535652,0.022220078511081386,267.6026838589325,542000.0,-0.01273447989035611,0.022220077597689215,267.60266185845296
542000.0,-0.003997470682117361,0.008992027767893871,43.82425735118734,542000.0,-0.0039974722688083785,0.00899202713839326,43.824251215219675
542000.0,-0.0004505953784832467,0.05214401190394783,1473.6969037719668,542000.0,-0.0004505935629361416,0.05214401193676768,1473.6969056270796
542000.0,-0.0006899856692232309,0.06154480305261606,2052.967428269632,542000.0,-0.0006899837918843413,0.06154480308918282,2052.9674307091677
542000.0,-0.0005081202032450015,0.04499125889475925,1097.1236502989073,542000.0,-0.000508118375052687,0.04499125893553839,1097.1236522877273
