cur_n,cur_mean,cur_std,cur_S,next_n,next_mean,next_std,next_S
3002000.0,-0.005318110852765804,0.0327565737995148,3221.125367503345,3002000.0,-0.005318110874060626,0.032756573796079595,3221.1253668277413
3002000.0,-0.015455283673818624,0.05443125031967353,8894.208556111606,3002000.0,-0.015455287336412393,0.054431249649634916,8894.208337139486
3002000.0,-0.025878104158519852,0.07913352675391903,18798.869399652685,3002000.0,-0.0258781021921921,0.07913352747027509,18798.869740006125
3002000.0,-0.0003400040516753906,0.16559201671290905,82316.98942914316,3002000.0,-0.0003399959833246976,0.16559201731956158,82316.99003228586
3002000.0,-0.0005192129694661377,0.1416810097096703,60260.67255407977,3002000.0,-0.0005192027922215306,0.14168101084427034,60260.67351923047
3002000.0,-0.00048667365040175407,0.14218142539731216,60687.104299490355,3002000.0,-0.0004866693016503461,0.14218142561184696,60687.10448262955
