cur_n,cur_mean,cur_std,cur_S,next_n,next_mean,next_std,next_S
2842000.0,-0.012741329007668063,0.023852417148149032,1616.9212384260704,2842000.0,-0.012741329407955687,0.023852416943871222,1616.9212107306696
2842000.0,-0.02140152210200953,0.03766839218036136,4032.535880786873,2842000.0,-0.02140152250812423,0.0376683919558451,4032.5358327163376
2842000.0,-0.0051946807208451354,0.009848741087631294,275.66746627382145,2842000.0,-0.0051946811142503085,0.00984874090246161,275.66745590797746
2842000.0,-0.00046743434444695243,0.05201815487524231,7690.134936887385,2842000.0,-0.0004674340448546667,0.05201815488038325,7690.134938407413
2842000.0,-0.0007198239121992798,0.06543664444476326,12169.314507653018,2842000.0,-0.0007198236026350491,0.06543664445024966,12169.314509693644
2842000.0,-0.0005334432253489566,0.043272695364337525,5321.7193583573035,2842000.0,-0.0005334429232514424,0.04327269537105794,5321.719360010269
