cur_n,cur_mean,cur_std,cur_S,next_n,next_mean,next_std,next_S
1261000.0,-0.052772267093395955,1.1497474605739866,1666940.140324473,1261000.0,-0.052772279720614115,1.149747460081863,1666940.1388974804
1261000.0,-0.09388517444262612,1.116489299988511,1571897.4781629213,1261000.0,-0.09388520024561868,1.116489298194703,1571897.4731119417
1261000.0,-0.13146470009697228,0.8701011094669894,954672.7612172598,1261000.0,-0.131464698396765,0.8701011097259767,954672.7617855802
1261000.0,0.10245792037187017,1.2798510134783505,2065541.4756606687,1261000.0,0.10245787514412372,1.2798510181067597,2065541.4906001745
1261000.0,0.10613571445385407,1.1409680441578165,1641579.9860923234,1261000.0,0.10613568554241622,1.1409680473091866,1641579.9951604586
1261000.0,0.09915886675192674,0.6975734458661135,613613.5863080572,1261000.0,0.09915885494328802,0.6975734476707033,613613.5894828363
