cur_n,cur_mean,cur_std,cur_S,next_n,next_mean,next_std,next_S
882000.0,-0.007693634079931922,0.015176290492806792,203.142057533655,882000.0,-0.0076936015202686584,0.015176337804668401,203.14332412036123
882000.0,-0.01327239264565605,0.021535515403629243,409.052569703358,882000.0,-0.013272370545217384,0.021535539026121257,409.05346709041197
882000.0,-0.004279805951897614,0.008618830610684752,65.51870064638668,882000.0,-0.004279775215253653,0.008618894212732795,65.51966763114596
882000.0,-0.0006228502145563784,0.055839298251116,2750.1000161341904,882000.0,-0.0006228920755768359,0.05583931162359874,2750.1013333308792
882000.0,-0.001001014835431862,0.0649812144689926,3724.296362269118,882000.0,-0.0010010298782273334,0.06498121577296859,3724.2965117397957
882000.0,-0.0007024679432627342,0.04962478588136765,2172.0302876665387,882000.0,-0.0007025146927350157,0.04962480464154992,2172.031929897979
