cur_n,cur_mean,cur_std,cur_S,next_n,next_mean,next_std,next_S
542000.0,0.00029434327605795213,0.013878629558167675,104.39806625976225,542000.0,0.00029435783097322944,0.01387863338605918,104.398123848233
542000.0,-0.007353233379005518,0.020291751375375294,223.17130424298446,542000.0,-0.007353214724068042,0.020291762783147822,223.17155517136837
542000.0,-0.005750370212941376,0.014760952301953727,118.09405637041974,542000.0,-0.00575038631797707,0.01476095078984345,118.09403217533753
542000.0,-0.0001793896317272898,0.11460118999661087,7118.320549762501,542000.0,-0.00017945350035500007,0.11460119954279514,7118.321735662972
542000.0,-0.00013925166962293882,0.06957859378293826,2623.919946343635,542000.0,-0.00013931618152761597,0.06957860986343707,2623.9211591863836
542000.0,-0.0007542323927196773,0.05999686386455307,1950.996031081289,542000.0,-0.0007542858078266456,0.05999687608054333,1950.9968255678468
