cur_n,cur_mean,cur_std,cur_S,next_n,next_mean,next_std,next_S
462000.0,0.0003290260319293386,0.01397213079948991,90.19184285406119,462000.0,0.00032899654777026547,0.01397214586608352,90.19203736763903
462000.0,-0.007402448358482933,0.02044973025799969,193.20445804272603,462000.0,-0.0074024689557666175,0.020449727594432136,193.2044077131534
462000.0,-0.005842430842096206,0.015010175994335162,104.09108712198298,462000.0,-0.00584244881783461,0.015010173970388545,104.09105905105439
462000.0,-0.00015678647693459315,0.11508961053594277,6119.475725431525,462000.0,-0.00015678370205861515,0.11508961055517733,6119.475727476982
462000.0,-0.0001217335802761453,0.07005880621497135,2267.6051836593115,462000.0,-0.0001217295803699776,0.07005880627467692,2267.6051875243124
462000.0,-0.0007560854989190633,0.060514757413482716,1691.8605695434496,462000.0,-0.0007560882410178117,0.060514757407923926,1691.8605692326262
