cur_n,cur_mean,cur_std,cur_S,next_n,next_mean,next_std,next_S
2011000.0,-0.3249948940126911,1.3421503864683215,3622550.3640529974,2011000.0,-0.3249947818496813,1.3421504230530237,3622550.5615419364
2011000.0,-0.3693751386357269,1.3272592859710974,3542612.2137271767,2011000.0,-0.36937507619443666,1.3272593063022367,3542612.3222596142
2011000.0,-0.19459343513921173,0.9936736707812404,1985635.9890117724,2011000.0,-0.1945934105353356,0.9936736762120338,1985636.01071624
2011000.0,0.09963155587175118,0.8331635284000022,1395958.706227498,2011000.0,0.09963133628356687,0.8331636128516955,1395958.989223761
2011000.0,0.09252946614085714,0.7511213131866943,1134572.4697449647,2011000.0,0.09252941757488142,0.751121322326945,1134572.4973577526
2011000.0,0.09984839721520221,0.6526726211295664,856648.8977983705,2011000.0,0.09984843400741873,0.6526726175863851,856648.888497345
