cur_n,cur_mean,cur_std,cur_S,next_n,next_mean,next_std,next_S
1801000.0,0.18458118047438787,1.5893679393702418,4549488.894503114,1801000.0,0.18458121474779385,1.5893679360554764,4549488.875526402
1801000.0,0.03944524753652505,1.6052077441693813,4640622.115396379,1801000.0,0.039445248269772776,1.6052077441516779,4640622.115294018
1801000.0,0.052546987022545226,1.4815707693559943,3953288.5522428127,1801000.0,0.052546996603964946,1.4815707690718964,3953288.5507266913
1801000.0,0.010420080421025315,0.8054671379160995,1168447.9357832177,1801000.0,0.010420150370457426,0.8054671424813773,1168447.9490284247
1801000.0,-0.0010189198942418883,0.6968803221167261,874641.5722196749,1801000.0,-0.0010189271132617305,0.6968803221735561,874641.5723623277
1801000.0,-0.0028057123161060187,0.6389505562242599,735272.3217520232,1801000.0,-0.002805798923725231,0.6389505664152292,735272.3452065384
