cur_n,cur_mean,cur_std,cur_S,next_n,next_mean,next_std,next_S
4382000.0,-0.015604397827422341,0.028044923991073948,3446.5208316165345,4382000.0,-0.01560440027705928,0.028044923096883317,3446.5206118372553
4382000.0,-0.026529538164527734,0.04643057459895105,9446.70796475394,4382000.0,-0.02652954209229758,0.04643057308269593,9446.70734776312
4382000.0,-0.00585921897437696,0.010348462739902392,469.27136448882703,4382000.0,-0.005859221846590518,0.010348462860304155,469.2713754085359
4382000.0,-0.0005153585160776567,0.05267056186657793,12156.492198728321,4382000.0,-0.0005153570049986168,0.05267056197634349,12156.49224939663
4382000.0,-0.0007507629813128346,0.06842645462574642,20517.31141318938,4382000.0,-0.0007507620585399246,0.06842645466313027,20517.311435608077
4382000.0,-0.0005866303405626202,0.04286534133281708,8051.6510705708115,4382000.0,-0.000586631088820915,0.04286534135119328,8051.651077474232
