cur_n,cur_mean,cur_std,cur_S,next_n,next_mean,next_std,next_S
1761000.0,-0.33185166271284267,1.3461076895632518,3190942.4108582176,1761000.0,-0.3318516784556742,1.346107685844355,3190942.39322696
1761000.0,-0.37271570540455,1.3267718092683278,3099929.567043577,1761000.0,-0.3727157847980076,1.3267717911483754,3099929.4823710276
1761000.0,-0.1956967356619205,1.0014244775407983,1766020.5832076534,1761000.0,-0.1956967275450579,1.0014244791849294,1766020.589006531
1761000.0,0.09914492810279509,0.8252178171294432,1199213.6088915823,1761000.0,0.09914486415667104,0.8252178291752299,1199213.6439016636
1761000.0,0.09275469396451849,0.7505358375957706,991978.4206309451,1761000.0,0.09275472076599331,0.7505358351262573,991978.4141030652
1761000.0,0.09899694577745066,0.6535042791509772,752066.4712916721,1761000.0,0.09899694205781019,0.6535042797330806,752066.4726314658
