cur_n,cur_mean,cur_std,cur_S,next_n,next_mean,next_std,next_S
91000.0,-0.2959310788319132,1.2559176644439312,143536.95536746917,91000.0,-0.2959318974275889,1.2559174958351575,143536.91682738162
91000.0,-0.36398904914751845,1.1779762952052264,126274.16183795418,91000.0,-0.3639902637285761,1.1779759768855147,126274.09359286382
91000.0,-0.19031462713394462,0.9744939789013207,86417.10485725843,91000.0,-0.19031481532117497,0.9744939438026525,86417.09863223232
91000.0,0.11617294015115932,0.8209721044611356,61333.56286360446,91000.0,0.11617197657827089,0.8209722922703465,61333.59092548208
91000.0,0.11125168467173009,0.7129428123960562,46254.15829099503,91000.0,0.11125192787817484,0.7129427782196018,46254.15385640908
91000.0,0.09405070686406732,0.6445880551897379,37809.932241289265,91000.0,0.09405096071090574,0.6445880226998941,37809.9284297425
