cur_n,cur_mean,cur_std,cur_S,next_n,next_mean,next_std,next_S
1782000.0,-0.009588723649054193,0.018925474997341426,638.2653621052419,1782000.0,-0.00958871667765137,0.018925480817529386,638.2657546792669
1782000.0,-0.015927681084430784,0.02773921134070056,1371.1845732228182,1782000.0,-0.015927675065075142,0.027739215960790042,1371.18502997668
1782000.0,-0.004423605954689062,0.009228682010677907,151.77039468780225,1782000.0,-0.00442359878191871,0.00922869041601497,151.77067114806016
1782000.0,-0.00045173029851736584,0.05116665027201328,4665.322510304276,1782000.0,-0.00045172987992574717,0.0511666502787584,4665.322511534303
1782000.0,-0.0007081703179678059,0.06232345935436163,6921.668610064473,1782000.0,-0.0007081692773195305,0.062323459381668014,6921.668616129789
1782000.0,-0.0005129135810117513,0.04361312667798769,3389.550786799019,1782000.0,-0.0005129121162019308,0.04361312673904788,3389.550796290043
