cur_n,cur_mean,cur_std,cur_S,next_n,next_mean,next_std,next_S
511000.0,0.16398592707136975,1.4106664131916367,1016879.6416758554,511000.0,0.16398603487128588,1.4106664027649676,1016879.6266437152
511000.0,-0.03143748272935274,1.366235333153372,953832.0816194767,511000.0,-0.03143748971070591,1.3662353330018406,953832.0814078941
511000.0,0.05343584624917251,1.2144024220678233,753609.1270320639,511000.0,0.05343583511285679,1.214402422583897,753609.127672573
511000.0,0.01153442939485877,0.9543234893417447,465384.727700105,511000.0,0.011534710045237274,0.9543235070371873,465384.74495879957
511000.0,0.02616042110706406,0.8142458292734528,338791.09421998775,511000.0,0.026160403259652982,0.8142458299468136,338791.0947803312
511000.0,0.002435901486845614,0.7643783842436221,298564.1746067331,511000.0,0.002435654859060799,0.7643784053608771,298564.1911034211
