cur_n,cur_mean,cur_std,cur_S,next_n,next_mean,next_std,next_S
2101000.0,-0.03117925948622388,0.10804855148777764,24528.102394553174,2101000.0,-0.031179228994716708,0.10804856932591995,24528.110493427455
2101000.0,-0.02761738216713294,0.10460699478936064,22990.451676967645,2101000.0,-0.027617411509764222,0.10460699568894327,22990.452072386917
2101000.0,0.007520272354134563,0.17736542750989273,66094.2977339865,2101000.0,0.007520815592011813,0.1773671523295901,66095.58323029235
2101000.0,0.03279974613831504,0.14678012767330453,45264.7967534421,2101000.0,0.03279976576859754,0.14678012604460045,45264.79574890613
2101000.0,0.03216947921236427,0.15584056954781333,51025.48082878936,2101000.0,0.0321694754588808,0.1558405704175911,51025.48139835645
2101000.0,0.0523372895733475,0.3933130110971983,325014.4569912225,2101000.0,0.052337246099793094,0.39331302192998513,325014.47489458334
