cur_n,cur_mean,cur_std,cur_S,next_n,next_mean,next_std,next_S
2271000.0,-0.3417146121186591,1.3664082140935578,4240119.166528668,2271000.0,-0.34171455610412305,1.36640823070918,4240119.269648977
2271000.0,-0.4031698874198317,1.380861391674551,4330293.253632464,2271000.0,-0.40316991617192904,1.3808613839596329,4330293.205245483
2271000.0,-0.185793102634097,1.0094006524181791,2313898.4566991995,2271000.0,-0.18579309841214892,1.0094006532153044,2313898.460353778
2271000.0,0.10461623969079738,0.8428231416531335,1613206.776048858,2271000.0,0.10461626374588338,0.8428231394468273,1613206.767602891
2271000.0,0.0951345697604557,0.7659206905262873,1332246.9589842975,2271000.0,0.09513458473284761,0.7659206889989149,1332246.9536708558
2271000.0,0.09421293852686403,0.6506398048636842,961387.3255335037,2271000.0,0.09421292931418096,0.6506398063457873,961387.3299134236
