cur_n,cur_mean,cur_std,cur_S,next_n,next_mean,next_std,next_S
2551000.0,-0.040474550614666586,0.13431955370430354,46024.48513618169,2551000.0,-0.04047455289137889,0.13431955306748417,46024.48469977041
2551000.0,-0.03563126029104055,0.1293417910366806,42676.441515778264,2551000.0,-0.03563126917844373,0.1293417893672789,42676.44041413704
2551000.0,0.006789608189848852,0.23734615276300175,143705.98358629673,2551000.0,0.006789605566285455,0.23734615287504923,143705.98372197952
2551000.0,0.030588014295952197,0.1559697211845524,62057.039066213285,2551000.0,0.03058802583731746,0.1559697200104244,62057.03813189209
2551000.0,0.030504178700367743,0.16711444573627318,71242.3840710153,2551000.0,0.030504209734225955,0.1671144474223686,71242.38550861046
2551000.0,0.053213865676209324,0.4164435843489159,442407.83556964557,2551000.0,0.053213875256839314,0.41644358340582066,442407.8335658557
