cur_n,cur_mean,cur_std,cur_S,next_n,next_mean,next_std,next_S
1581000.0,0.1781807111168273,1.5785112595546031,3939374.2163307825,1581000.0,0.17818074656086888,1.5785112561828716,3939374.199501619
1581000.0,0.03321394413584374,1.5903443944167366,3998657.758000177,1581000.0,0.03321394359454805,1.5903443944282036,3998657.758057841
1581000.0,0.03990804883776362,1.452041630993521,3333419.7639566907,1581000.0,0.03990805193662486,1.4520416309135376,3333419.7635894595
1581000.0,0.0121454932517938,0.8218260797034306,1067804.4044488017,1581000.0,0.012145582274282272,0.8218260860106784,1067804.4208389048
1581000.0,0.0007895886427717574,0.7115050749023335,800364.6046182165,1581000.0,0.0007895807617838864,0.7115050749801228,800364.6047932253
1581000.0,0.00019698683436860395,0.6514819191907986,671021.7605224239,1581000.0,0.00019688548677050788,0.6514819316845215,671021.7862593164
