cur_n,cur_mean,cur_std,cur_S,next_n,next_mean,next_std,next_S
102000.0,-0.005962086786264814,0.016611911153124593,28.14747040024913,102000.0,-0.005962187196197846,0.016611906068345166,28.147453168799334
102000.0,-0.01056108619764583,0.019938875807922293,40.550994385342385,102000.0,-0.010561536221589155,0.01993915544841253,40.55213183958782
102000.0,-0.0040036357980045316,0.011896608394258467,14.435987711206783,102000.0,-0.0040038482877173265,0.011896730444534312,14.436283917530773
102000.0,-0.0007007328041225465,0.06141247436662561,384.69218479880766,102000.0,-0.0007002600115380276,0.0614126653920743,384.6945779970058
102000.0,-0.001057739930308957,0.06855156361667376,479.3303211776688,102000.0,-0.0010574055977836962,0.06855165193365584,479.33155624897614
102000.0,-0.0008059423204052888,0.05456848589275151,303.7274045679969,102000.0,-0.0008059694623003173,0.05456848618038335,303.7274077699063
