cur_n,cur_mean,cur_std,cur_S,next_n,next_mean,next_std,next_S
3901000.0,-0.053769199244159335,0.16174485966986266,102055.61995516151,3901000.0,-0.05376920620080316,0.1617448579408489,102055.61777326131
3901000.0,-0.04549343499850569,0.15800690262674363,97393.07316429693,3901000.0,-0.045493435645712794,0.158006902445575,97393.07294095773
3901000.0,0.012021627140421784,0.3054497846763408,363961.62631036836,3901000.0,0.012021629595857342,0.3054497846181961,363961.6261718027
3901000.0,0.027824931002842227,0.16719015852447677,109042.89406812217,3901000.0,0.027824930954618573,0.16719015853251906,109042.89407861266
3901000.0,0.02835171799047013,0.1813882034120322,128349.45499481166,3901000.0,0.028351719941403866,0.18138820314802115,128349.45462118564
3901000.0,0.05781441138901287,0.4532550812321637,801422.0979534864,3901000.0,0.05781441195141288,0.45325508116177454,801422.0977045696
