cur_n,cur_mean,cur_std,cur_S,next_n,next_mean,next_std,next_S
2562000.0,-0.011680596144190052,0.022182356351044336,1260.649863075445,2562000.0,-0.01168059998132805,0.022182355180784735,1260.6497300609408
2562000.0,-0.01949565732143327,0.03410342760404212,2979.718149869692,2562000.0,-0.019495663620152613,0.034103425493534845,2979.7177810670764
2562000.0,-0.004912114790491962,0.009606996277235212,236.4581950802184,2562000.0,-0.004912118786234602,0.00960699636309339,236.45819930669438
2562000.0,-0.0004600523747753578,0.05176333956241332,6864.73379263879,2562000.0,-0.0004600518652570557,0.05176333957336376,6864.733795543233
2562000.0,-0.0007164115013536231,0.06439080468564655,10622.502215302742,2562000.0,-0.0007164218142974924,0.06439080668678253,10622.502875554519
2562000.0,-0.0005261982349561558,0.04337634582576195,4820.421900376398,2562000.0,-0.0005261976671434287,0.04337634584217161,4820.421904023616
