cur_n,cur_mean,cur_std,cur_S,next_n,next_mean,next_std,next_S
751000.0,-0.005022530971933799,0.02573172852733381,497.25351160630794,751000.0,-0.0050225265004743514,0.025731729691879222,497.25355661489004
751000.0,-0.001710602493794249,0.023573184694352538,417.32697251217667,751000.0,-0.0017105982606351049,0.023573185286978424,417.32699349523625
751000.0,-0.004863803609802018,0.025942274353132354,505.42420055850477,751000.0,-0.004863799796122368,0.025942275278660713,505.42423662199184
751000.0,-0.0010194332274439635,0.08540717234328826,5478.083200844784,751000.0,-0.0010194248846890786,0.08540717274887877,5478.083252874571
751000.0,-0.0010383961646137406,0.08147714833496347,4985.5328012990285,751000.0,-0.0010383882804936087,0.08147714872191511,4985.532848653658
751000.0,-0.0010155691840506487,0.08638756624787314,5604.571513275234,751000.0,-0.0010155600485029271,0.08638756671803946,5604.571574281254
