cur_n,cur_mean,cur_std,cur_S,next_n,next_mean,next_std,next_S
2871000.0,-0.3241240636463733,1.3576242436533086,5291665.238148431,2871000.0,-0.3241251589346449,1.3576252506303108,5291673.08801882
2871000.0,-0.3892096827385893,1.3697199210978408,5386376.873326282,2871000.0,-0.38921093581479316,1.3697212106396175,5386387.015489166
2871000.0,-0.17308037186427938,0.9942941786644622,2838330.643307454,2871000.0,-0.17308045577443532,0.9942941742231068,2838330.6179507026
2871000.0,0.10131375571701146,0.8494105131324404,2071421.3891029784,2871000.0,0.10131403424196497,0.8494106110145322,2071421.8665048163
2871000.0,0.0924886683344112,0.7688512553733764,1697140.6980449415,2871000.0,0.09248948987826919,0.7688524166951343,1697145.82498697
2871000.0,0.09322983478169544,0.6531217889956317,1224676.932589913,2871000.0,0.09322986519155606,0.6531217866873102,1224676.9239331875
