cur_n,cur_mean,cur_std,cur_S,next_n,next_mean,next_std,next_S
491000.0,-0.3595206291946244,1.3299866052080482,868512.4056861191,491000.0,-0.359520805046487,1.329986563380124,868512.3510568913
491000.0,-0.3853042888821357,1.2812117508203422,805978.2432661023,491000.0,-0.38530432825335037,1.2812117392770908,805978.2287429612
491000.0,-0.18536942547850443,0.9840272158537801,475439.99471660244,491000.0,-0.18536953875090714,0.9840271977167596,475439.9771905327
491000.0,0.1134484450652083,0.7854397813592916,302905.5842195903,491000.0,0.11344865971794545,0.7854397647565649,302905.5714138764
491000.0,0.09274064281632591,0.7200070194673609,254539.36306839585,491000.0,0.09274060395083024,0.7200070249884856,254539.36697208992
491000.0,0.07391567592685677,0.6058254743167673,180209.0321175878,491000.0,0.07391561867803464,0.6058254826296954,180209.03706312014
