cur_n,cur_mean,cur_std,cur_S,next_n,next_mean,next_std,next_S
821000.0,-0.01155739500909756,1.1604151231831226,1105528.4349100355,821000.0,-0.01155745481621764,1.1604151238528129,1105528.4361860643
821000.0,-0.09277016500737162,1.119466510333431,1028881.524829408,821000.0,-0.09277029417897002,1.1194665057473216,1028881.516399387
821000.0,-0.11675923168926658,0.8332748632152429,570058.8850840995,821000.0,-0.11675925898851221,0.8332748597571747,570058.8803526415
821000.0,0.10107467470674959,1.409790174077657,1631744.3429741724,821000.0,0.10107476144451312,1.4097901700496602,1631744.3336498616
821000.0,0.11052485982475922,1.2487737819266427,1280296.921868871,821000.0,0.11052493370346513,1.2487737771820784,1280296.9121402057
821000.0,0.0961426959587151,0.7237213578660872,430017.3077456886,821000.0,0.09614271886294874,0.7237213551209329,430017.3044834833
