cur_n,cur_mean,cur_std,cur_S,next_n,next_mean,next_std,next_S
1141000.0,-0.36884766220243265,1.3885873745995074,2200047.5573596517,1141000.0,-0.3688476799674999,1.388587370010287,2200047.54281753
1141000.0,-0.43289700148775706,1.3950303230351038,2220511.056095853,1141000.0,-0.4328969668545936,1.3950303342728083,2220511.0918706274
1141000.0,-0.20855903695403516,1.0310791360756324,1213024.6949143894,1141000.0,-0.20855902211803456,1.0310791391983265,1213024.7022618467
1141000.0,0.10141920280208264,0.8119662905648499,752249.042252566,1141000.0,0.1014191322039966,0.8119663028848435,752249.0650803692
1141000.0,0.09735543138288566,0.7480776942763275,638526.6900447905,1141000.0,0.09735539738134992,0.7480776995829903,638526.6991038651
1141000.0,0.0910814137240096,0.6355369411595074,460858.1192829353,1141000.0,0.09108139616863191,0.6355369439520766,460858.12333298515
