cur_n,cur_mean,cur_std,cur_S,next_n,next_mean,next_std,next_S
1342000.0,0.00023203765524736124,0.013846333032601422,257.28949939950985,1342000.0,0.00023204927980449572,0.013846339386271141,257.28973552453624
1342000.0,-0.007343992806225025,0.020033404873675272,538.594671137344,1342000.0,-0.007343983382794763,0.02003341130248961,538.5950168125521
1342000.0,-0.005915076823941183,0.013731718362521185,253.0476396897612,1342000.0,-0.0059150704003637,0.013731723145823362,253.04781598285206
1342000.0,-0.00018322554136832655,0.11399716149929373,17439.76349772051,1342000.0,-0.00018322525315583304,0.11399716150024741,17439.763498012304
1342000.0,-0.00014960817021633912,0.06886815367401018,6364.8679164068235,1342000.0,-0.00014961030596996402,0.06886815371381548,6364.86792376452
1342000.0,-0.0007355835783731837,0.05931019628566764,4720.752572582415,1342000.0,-0.0007355870636010424,0.05931019637986195,4720.752587577073
