cur_n,cur_mean,cur_std,cur_S,next_n,next_mean,next_std,next_S
2131000.0,-0.3195022082113013,1.3373405379909693,3811250.2717145206,2131000.0,-0.319501533381164,1.337341062041154,3811253.2586677223
2131000.0,-0.3698501103132041,1.3283793667846808,3760345.002413544,2131000.0,-0.3698500570084376,1.3283793839050595,3760345.0993414735
2131000.0,-0.19420552454156584,0.9930030510950697,2101283.3317606547,2131000.0,-0.1942054330046142,0.9930030779880611,2101283.4455766096
2131000.0,0.09819332535451153,0.8335909275589294,1480776.1413377333,2131000.0,0.09819233995592298,0.8335922847830823,1480780.963239493
2131000.0,0.09196615571327219,0.751727682806567,1204216.398887264,2131000.0,0.09196602335551017,0.7517277238300515,1204216.5303209072
2131000.0,0.09949853139121764,0.6531499781099945,909095.028911739,2131000.0,0.09949834518246721,0.6531500630404007,909095.2653346667
