cur_n,cur_mean,cur_std,cur_S,next_n,next_mean,next_std,next_S
4461000.0,-0.30199788627248003,1.3336523863210292,7934462.575114939,4461000.0,-0.3019979024748321,1.3336523830912457,7934462.536684241
4461000.0,-0.38350160410898093,1.3556817871632312,8198751.934993617,4461000.0,-0.3835016264912717,1.3556817816559426,8198751.868380799
4461000.0,-0.2105981673790836,0.9997448017089416,4458723.411375011,4461000.0,-0.2105981631265093,0.9997448026451319,4458723.419725569
4461000.0,0.09582160577575961,0.824458741555052,3032285.4179248954,4461000.0,0.09582160575185895,0.8244587415578554,3032285.4179455163
4461000.0,0.08772115743102742,0.7329606981321007,2396589.208513089,4461000.0,0.0877211793459768,0.7329606969708221,2396589.200918936
4461000.0,0.09772104738176673,0.641555769914822,1836119.968168971,4461000.0,0.09772103606350727,0.6415557720841527,1836119.9805861348
