cur_n,cur_mean,cur_std,cur_S,next_n,next_mean,next_std,next_S
531000.0,-0.028348263409182374,1.1396636209235818,689680.4126628807,531000.0,-0.028347389769238174,1.1396638204629888,689680.6541699888
531000.0,-0.10821415743337186,1.1038958092387539,647069.1435147431,531000.0,-0.10821403124100548,1.103895825439317,647069.1625072684
531000.0,-0.10361107667515032,0.8147171226501542,352458.67865779286,531000.0,-0.10361111063352031,0.8147171187073198,352458.67524633603
531000.0,0.09739465327199122,1.4177567487701668,1067328.1595008608,531000.0,0.09738899179370906,1.4177631400333695,1067337.7825769957
531000.0,0.10989725030234516,1.275952809367163,864497.5085896685,531000.0,0.10989757491912745,1.2759528033346414,864497.5004152284
531000.0,0.09385358699610355,0.7470960594467726,296378.9892037156,531000.0,0.09385353710413355,0.7470960665990268,296378.99487842864
