cur_n,cur_mean,cur_std,cur_S,next_n,next_mean,next_std,next_S
62000.0,-0.006506637471260695,0.01799081593752396,20.067506402067703,62000.0,-0.0065065554494945135,0.017990857193927057,20.06759843948117
62000.0,-0.009958814003175078,0.018864696637438623,22.06436031180046,62000.0,-0.009958734285988287,0.018864749163266248,22.06448318156318
62000.0,-0.0037774916761432464,0.00956693664023153,5.674629154048683,62000.0,-0.0037774079397298113,0.009566992423389582,5.674695329810007
62000.0,-0.0004865582250489351,0.056288191436421185,196.43835070135836,62000.0,-0.0004867858035706746,0.056288217992524654,196.43853605598653
62000.0,-0.0006958315259344455,0.05902833286453929,216.02933300754464,62000.0,-0.0006960186286976844,0.05902834904356915,216.0294514301847
62000.0,-0.0005492056824790775,0.045081696778511746,126.00628183463994,62000.0,-0.0005494331463388564,0.045081729585244305,126.00646522861967
