cur_n,cur_mean,cur_std,cur_S,next_n,next_mean,next_std,next_S
101000.0,0.12008949058204,1.4193238526099017,203462.50005732878,101000.0,0.12009011337024943,1.4193238137158062,203462.48890625886
101000.0,0.024393813149218343,1.469495694561498,218101.17722981275,101000.0,0.02439376404748533,1.4694956954594456,218101.1774963578
101000.0,0.0029156825846522617,1.370864649534952,189806.25862180322,101000.0,0.0029156584521014923,1.3708646496077523,189806.25864196272
101000.0,-0.006514589399209218,0.8236606217652103,68520.09880451193,101000.0,-0.006512973182595815,0.8236607947023988,68520.12757770851
101000.0,0.017619974085820906,0.8054630392151566,65525.84146171341,101000.0,0.017619843778618614,0.8054630431302772,65525.84209871737
101000.0,0.021285678658872504,0.7703525421848426,59937.746964315615,101000.0,0.02128424569126378,0.7703527163871026,59937.77407214376
