cur_n,cur_mean,cur_std,cur_S,next_n,next_mean,next_std,next_S
631000.0,-0.3871509448945523,1.382207552255433,1205524.0597500438,631000.0,-0.38715201187740844,1.382207513258241,1205523.9917254518
631000.0,-0.441886578574044,1.3486281273652945,1147661.428156038,631000.0,-0.44188679146876164,1.348628068212181,1147661.3274792926
631000.0,-0.2294609328025274,1.0374993703566093,679211.5193424177,631000.0,-0.2294608773537419,1.0374993835550241,679211.5366234217
631000.0,0.10686295473261068,0.7798113384557833,383714.71158163034,631000.0,0.10686415801063996,0.7798117593509827,383715.12579392927
631000.0,0.10518203137583872,0.7177465014047197,325065.9854158694,631000.0,0.10518341546806652,0.7177471406612506,325066.56445219
631000.0,0.09463891159930721,0.616575790595135,239884.56020079795,631000.0,0.09463887921331474,0.6165757961027818,239884.5644864006
