cur_n,cur_mean,cur_std,cur_S,next_n,next_mean,next_std,next_S
571000.0,-0.029205784525713027,1.1371461327123755,738360.8577984882,571000.0,-0.02920549475602038,1.1371461612358562,738360.8948396763
571000.0,-0.1007335062336239,1.099959462422519,690859.0776334901,571000.0,-0.10073341216366245,1.099959473334206,690859.091340246
571000.0,-0.10409165862009509,0.8116381228110469,376149.928610537,571000.0,-0.10409153164897084,0.8116381447658558,376149.9489602464
571000.0,0.09534860577397904,1.4020918382002225,1122506.9294889246,571000.0,0.09534767151216576,1.4020920794664242,1122507.3158017169
571000.0,0.10479885824773447,1.2727858864490809,925010.8141768085,571000.0,0.10479874852188384,1.2727858981843512,925010.8312342761
571000.0,0.0933843170105909,0.7400979619311161,312762.3911483719,571000.0,0.09338424380947019,0.7400979732345593,312762.4007019503
