cur_n,cur_mean,cur_std,cur_S,next_n,next_mean,next_std,next_S
4462000.0,-0.014832708667863221,0.025684529260556196,2943.5592833668716,4462000.0,-0.014832709074224366,0.02568452904022654,2943.5592328653884
4462000.0,-0.024634150248410036,0.04101516147149073,7506.170365515824,4462000.0,-0.024634150671784243,0.04101516122695965,7506.170276012729
4462000.0,-0.0058127467309292335,0.009449261599615275,398.4054867992746,4462000.0,-0.005812747129075378,0.009449261392121005,398.4054693022767
4462000.0,-0.0006522800691619296,0.05514499450836801,13568.810011041258,4462000.0,-0.0006522800697811768,0.05514499450835971,13568.810011037174
4462000.0,-0.0010277055225846043,0.06856606825885321,20977.226106923576,4462000.0,-0.0010277055092015566,0.06856606825905734,20977.226107048482
4462000.0,-0.0007403035189988295,0.0463811188764212,9598.690935876524,4462000.0,-0.0007403035170936723,0.04638111887645033,9598.690935888582
