cur_n,cur_mean,cur_std,cur_S,next_n,next_mean,next_std,next_S
5051000.0,-0.3081856788482874,1.3407496553821268,9079726.28359523,5051000.0,-0.30818567848295486,1.3407496554663905,9079726.284736518
5051000.0,-0.38833815531502686,1.3612234047493204,9359145.175226163,5051000.0,-0.388338130453157,1.3612234129889165,9359145.2885295
5051000.0,-0.21528687334369243,1.001218233352799,5063314.089481204,5051000.0,-0.21528685998879588,1.0012182366743263,5063314.123076148
5051000.0,0.09653790590101075,0.8227727329690063,3419299.5540624205,5051000.0,0.09653789814817072,0.8227727340631701,3419299.563156727
5051000.0,0.08667337744352538,0.7304154044471405,2694742.155084137,5051000.0,0.0866733648993553,0.7304154064797614,2694742.1700821486
5051000.0,0.09685865245354608,0.6381342048254794,2056844.2952730155,5051000.0,0.09685865175657378,0.6381342049331734,2056844.2959672569
