cur_n,cur_mean,cur_std,cur_S,next_n,next_mean,next_std,next_S
1961000.0,-0.13160389125716815,1.229017662528242,2962059.937435319,1961000.0,-0.1316038900296513,1.2290176626609237,2962059.9380748724
1961000.0,-0.12482899579747576,1.1890725758419471,2772645.3312046495,1961000.0,-0.12482895317252823,1.1890725818148506,2772645.35905954
1961000.0,-0.17719494035760783,0.9947125615683129,1940317.4901580594,1961000.0,-0.177194917043236,0.994712566257212,1940317.5084506865
1961000.0,0.10583158757206197,1.1271353968869056,2491321.471917104,1961000.0,0.10583165108303251,1.1271353944324374,2491321.46106682
1961000.0,0.10502523838721661,1.02414213944541,2056828.4258259183,1961000.0,0.10502527734298313,1.024142136903434,2056828.4156156
1961000.0,0.09890613618748932,0.6558454873867043,843491.4078213128,1961000.0,0.09890614141340563,0.6558454866394482,843491.4058992013
