cur_n,cur_mean,cur_std,cur_S,next_n,next_mean,next_std,next_S
1022000.0,-0.008391198479522494,0.0408777232528138,1707.750000016974,1022000.0,-0.008391202861009259,0.04087772259338187,1707.7499449187553
1022000.0,-0.013612182868591114,0.05240625894111237,2806.8371276793846,1022000.0,-0.013612186198281006,0.05240625818435223,2806.8370466164547
1022000.0,-0.025832398364641573,0.07439774909711544,5656.795622273122,1022000.0,-0.025832408594033757,0.0743977462639863,5656.795191442018
1022000.0,-0.0004730262923125202,0.14684268847957047,22037.15621342615,1022000.0,-0.00047302371634614596,0.14684268851095736,22037.15622284682
1022000.0,-0.0004902529845465281,0.14695083417117694,22069.627712204045,1022000.0,-0.0004902492558495931,0.14695083423196548,22069.627730462948
1022000.0,-0.0004571914239491442,0.14931057732610584,22784.108768487044,1022000.0,-0.00045718481737845227,0.14931057749571022,22784.10882024874
