cur_n,cur_mean,cur_std,cur_S,next_n,next_mean,next_std,next_S
1882000.0,0.000238596931897442,0.014076698289240021,372.9247641548833,1882000.0,0.00023859500408958994,0.014076698570353072,372.924779049572
1882000.0,-0.007418442481015873,0.020263518330263505,772.768349577581,1882000.0,-0.0074184444061607185,0.020263517797579768,772.7683089487899
1882000.0,-0.005974760145989891,0.013876260670914058,362.38024840986805,1882000.0,-0.005974763041659434,0.013876259992724162,362.3802129878444
1882000.0,-0.00018485535297220132,0.11550862828157477,25110.101716498088,1882000.0,-0.00018485613451121074,0.1155086282853028,25110.101718118938
1882000.0,-0.00015294615041074687,0.06993316509673442,9204.198746401466,1882000.0,-0.00015294670719208687,0.06993316509968936,9204.198747179293
1882000.0,-0.0007322802388082109,0.06028770155685775,6840.330296854465,1882000.0,-0.0007322803911032275,0.0602877015553689,6840.330296516611
