cur_n,cur_mean,cur_std,cur_S,next_n,next_mean,next_std,next_S
102000.0,0.0006569505803530967,0.015138116279860234,23.37458157926208,102000.0,0.0006569292374523915,0.015138118740700684,23.37458917877043
102000.0,-0.007968923961983756,0.023089309830144324,54.377855300104734,102000.0,-0.007968952555544077,0.02308930176740124,54.37781732282403
102000.0,-0.006617612242109995,0.021677843639813225,47.93274829696345,102000.0,-0.0066176526631234935,0.021677835144287786,47.932710727377696
102000.0,-0.00012201607880558804,0.12354544974462005,1556.8747715652446,102000.0,-0.00012201059972101506,0.12354544976242465,1556.874772013979
102000.0,-0.00010642916099017088,0.07809995650884576,622.159527081727,102000.0,-0.00010642235350718941,0.07809995654838335,622.1595277116554
102000.0,-0.0008890056737998526,0.06908213624879916,486.77883796716037,102000.0,-0.0008890008152966929,0.06908213632874861,486.7788390938686
