cur_n,cur_mean,cur_std,cur_S,next_n,next_mean,next_std,next_S
1411000.0,-0.36169068385733705,1.3795502004803504,2685357.004215624,1411000.0,-0.3616906322819497,1.3795502153627062,2685357.0621539843
1411000.0,-0.4187403942784464,1.391124044568257,2730604.037507459,1411000.0,-0.4187404022967547,1.3911240421873352,2730604.028160551
1411000.0,-0.19502756224984186,1.016418522183613,1457713.4298677049,1411000.0,-0.1950275294706746,1.0164185292189931,1457713.4500475181
1411000.0,0.10173537688536924,0.8221086713459677,953642.2238456496,1411000.0,0.10173535332586515,0.8221086747377495,953642.2317145519
1411000.0,0.09342156116173492,0.7583315124631914,811419.0894233378,1411000.0,0.09342155605869089,0.7583315131160737,811419.0908205135
1411000.0,0.09027868347169575,0.641976912995116,581521.5774712402,1411000.0,0.09027866750202312,0.641976915521113,581521.5820474853
