cur_n,cur_mean,cur_std,cur_S,next_n,next_mean,next_std,next_S
2082000.0,-0.010056443437135843,0.018301439917940233,697.3507077916905,2082000.0,-0.010056445587305765,0.018301438999417087,697.350637793619
2082000.0,-0.016668696875233306,0.02713416687548801,1532.8995910398617,2082000.0,-0.016668699132421153,0.027134165684348323,1532.8994564569568
2082000.0,-0.004904058769492145,0.00879202800263781,160.93809282306654,2082000.0,-0.004904060858153607,0.008792027354146952,160.9380690818141
2082000.0,-0.0006285307482516565,0.054853774711558716,6264.6060014216055,2082000.0,-0.000628535681404839,0.05485377511687296,6264.606093999885
2082000.0,-0.0009985784303324064,0.06524052945501999,8861.67215519551,2082000.0,-0.0009985839022645618,0.06524052984903152,8861.6722622333
2082000.0,-0.000711311979005773,0.04782278043104735,4761.572159221137,2082000.0,-0.0007113169523660434,0.0478227808954854,4761.5722517065715
