cur_n,cur_mean,cur_std,cur_S,next_n,next_mean,next_std,next_S
1242000.0,0.00025340301694940767,0.013924347958389217,240.80823285434207,1242000.0,0.0002534054153801644,0.013924348171290554,240.8082402181907
1242000.0,-0.007359181574670751,0.020135392562008445,503.5490697637218,1242000.0,-0.007359179438403032,0.02013539348352997,503.54911585483393
1242000.0,-0.005939663101069106,0.013875882806312839,239.1348335789241,1242000.0,-0.0059396669925700476,0.013875881818273171,239.13479952347748
1242000.0,-0.00019685479379558476,0.11452784902618093,16290.852227584104,1242000.0,-0.00019686173607499216,0.11452784927557665,16290.852298533988
1242000.0,-0.00016216082778350123,0.0692024567796663,5947.913190232245,1242000.0,-0.00016216893240115913,0.06920245735011012,5947.913288290911
1242000.0,-0.0007472596570453818,0.059617138138341005,4414.320324479094,1242000.0,-0.0007472668092224126,0.059617138581532385,4414.32039011085
