cur_n,cur_mean,cur_std,cur_S,next_n,next_mean,next_std,next_S
4291000.0,-0.30246604851124675,1.3327965365134986,7622303.293822543,4291000.0,-0.3024660541343253,1.3327965352883844,7622303.279809613
4291000.0,-0.3847214754064015,1.3556190899501956,7885584.075207468,4291000.0,-0.38472150372292135,1.3556190831831205,7885583.996479837
4291000.0,-0.20903083994978403,0.9996027816390277,4287591.749070527,4291000.0,-0.2090308404916096,0.9996027815263803,4287591.748104171
4291000.0,0.09637657149431417,0.8248808880250346,2919718.6052297084,4291000.0,0.09637648079456675,0.8248809200189806,2919718.8317189454
4291000.0,0.08877131219385935,0.73405007826951,2312117.45919547,4291000.0,0.08877134631345705,0.7340500775459059,2312117.4546370404
4291000.0,0.0974791558829346,0.6420292197337112,1768756.7179941484,4291000.0,0.09747916539985681,0.6420292185913918,1768756.711700089
