cur_n,cur_mean,cur_std,cur_S,next_n,next_mean,next_std,next_S
121000.0,0.10881108541294679,1.400345105398398,237276.93611980331,121000.0,0.1088116214216235,1.4003450761614276,237276.92621187607
121000.0,0.00820306237940935,1.4059727307948464,239187.87768838485,121000.0,0.00820304757535081,1.4059727308906549,239187.87772098326
121000.0,0.017857595348928914,1.309693592995963,207550.97421169566,121000.0,0.017857549603599164,1.3096935937163736,207550.97444002685
121000.0,0.004005080166611461,0.8440899266432679,86211.02431553713,121000.0,0.004006370249279041,0.8440900398103973,86211.04743216129
121000.0,0.024145502296152723,0.7857203962388772,74700.14146895918,121000.0,0.02414541455880103,0.7857203995278024,74700.14209432965
121000.0,0.016130001520611545,0.7539881958891457,68788.28214436042,121000.0,0.016128868941532867,0.7539883230441108,68788.30534571131
