cur_n,cur_mean,cur_std,cur_S,next_n,next_mean,next_std,next_S
4221000.0,-0.30891361613604196,1.3426483009884758,7609215.526281504,4221000.0,-0.30891363122717347,1.3426482978743481,7609215.490983996
4221000.0,-0.38154597937173435,1.3627278600094097,7838511.897501828,4221000.0,-0.38154600200156424,1.362727854466507,7838511.833735452
4221000.0,-0.1561522583011428,0.971721624312626,3985649.3448767187,4221000.0,-0.15615226087537737,0.9717216239133167,3985649.341601075
4221000.0,0.0987932058066201,0.8585376374707675,3111243.6991803567,4221000.0,0.09879319753657981,0.8585376385904827,3111243.7072958006
4221000.0,0.0947732042952991,0.76938029986531,2498604.2594097415,4221000.0,0.0947731966111409,0.7693803009738212,2498604.2666096417
4221000.0,0.09278319745050541,0.6570750892046896,1822406.9271139936,4221000.0,0.09278319990453947,0.6570750888775133,1822406.9252991374
