cur_n,cur_mean,cur_std,cur_S,next_n,next_mean,next_std,next_S
3901000.0,-0.3091498813692753,1.3427095110907843,7032991.310408419,3901000.0,-0.30914978190650677,1.342709548362364,7032991.700858771
3901000.0,-0.3814737074558753,1.361710588189882,7233451.587080885,3901000.0,-0.3814738949336061,1.361710586014823,7233451.563972914
3901000.0,-0.16021900167419556,0.975209868665305,3709984.757262528,3901000.0,-0.16021883402309997,0.9752099524250551,3709985.3945559347
3901000.0,0.0983883864579724,0.8578555243678072,2870808.708785314,3901000.0,0.09838819062497538,0.8578556340254263,2870809.442722577
3901000.0,0.09371357885496175,0.7682997217387314,2302699.6879152907,3901000.0,0.09371390750868207,0.7682999558667268,2302701.0913429614
3901000.0,0.09315814598960334,0.6564005722121646,1680791.5353929834,3901000.0,0.09315791672124055,0.6564007609448154,1680792.5019378064
