cur_n,cur_mean,cur_std,cur_S,next_n,next_mean,next_std,next_S
2351000.0,-0.08838475250631936,0.19738523715603218,91597.15077263335,2351000.0,-0.0883847673142098,0.1973852318312456,91597.14583067031
2351000.0,-0.0937810496164478,0.19213343553552642,86787.76932615877,2351000.0,-0.09378106226649367,0.1921334303400366,86787.76463249401
2351000.0,-0.11498345547066817,0.2704237137985325,171926.2436987725,2351000.0,-0.11498347149212292,0.2704237081020487,171926.23645550944
2351000.0,0.024868919723502813,0.15726794077839518,58147.76541738719,2351000.0,0.024868920940701502,0.15726794059698904,58147.76528324208
2351000.0,0.02590006448038688,0.12121826709900317,34545.28432271888,2351000.0,0.025900065887901183,0.12121826681748246,34545.284162261
2351000.0,0.045548647388822014,0.30441287261547784,217860.58017993075,2351000.0,0.04554866241996648,0.3044128712388741,217860.57820952995
