cur_n,cur_mean,cur_std,cur_S,next_n,next_mean,next_std,next_S
451000.0,-0.02128910608725587,0.07940753965150432,2843.806366430859,451000.0,-0.02128911727826647,0.07940753700685187,2843.806177006041
451000.0,-0.019512974164073226,0.07770115168406698,2722.8985068367033,451000.0,-0.019512993626863897,0.07770114789573557,2722.8982413260524
451000.0,-0.006822016395512277,0.0834814722117815,3143.0894473935473,451000.0,-0.00682193506378557,0.08348149672609709,3143.091293328841
451000.0,0.03283268493948492,0.13655323358355206,8409.700306557983,451000.0,0.032832696852687235,0.1365532309535271,8409.699982615135
451000.0,0.03434933812004858,0.14956431758720912,10088.637777992724,451000.0,0.034349268245689214,0.14956434099601926,10088.640936005662
451000.0,0.049750162975193614,0.35431249389650554,56617.34184235374,451000.0,0.04975006842431799,0.3543125128624143,56617.3479036662
