cur_n,cur_mean,cur_std,cur_S,next_n,next_mean,next_std,next_S
1702000.0,-0.009389833007344424,0.01864462759984358,591.652879449317,1702000.0,-0.00938982465374293,0.01864463499199464,591.653348601978
1702000.0,-0.01565608041323353,0.02734621507654101,1272.781945279171,1702000.0,-0.01565607422552534,0.02734621981058198,1272.7823859545902
1702000.0,-0.0043719355330390985,0.009200519877570906,144.07356136191666,1702000.0,-0.004371928017780812,0.00920052867271293,144.0738368133165
1702000.0,-0.00045470847259877886,0.05116490953830697,4455.577241643457,1702000.0,-0.000454719598490021,0.05116491149828851,4455.577583004338
1702000.0,-0.0007121067185191004,0.06223344423478614,6591.84869141385,1702000.0,-0.0007121135266612981,0.06223344479069864,6591.8488091798245
1702000.0,-0.0005155196407744747,0.0436891678347176,3248.6812431253893,1702000.0,-0.0005155314786758257,0.043689170424669015,3248.681628297607
