cur_n,cur_mean,cur_std,cur_S,next_n,next_mean,next_std,next_S
1601000.0,-0.024901990495092546,0.08800176808889006,12398.64221002003,1601000.0,-0.024901991821650506,0.08800176772951682,12398.642108755244
1601000.0,-0.02240489126288613,0.08334131323145848,11120.184960321665,1601000.0,-0.022404893286189113,0.08334131272684758,11120.184825661767
1601000.0,0.0021548728599068514,0.11587726075409155,21497.490835354634,1601000.0,0.002154869424468407,0.11587726089950992,21497.490889310517
1601000.0,0.033901138577331076,0.14231619673467308,32426.4936646885,1601000.0,0.033901142169462335,0.14231619595156655,32426.49330782963
1601000.0,0.033164199080355665,0.14626006928251375,34248.60459430769,1601000.0,0.03316420794440454,0.14626006770263764,34248.60385441261
1601000.0,0.050859333536237096,0.36748897160237654,216212.07894324508,1601000.0,0.05085933748292118,0.36748897109009687,216212.0783404458
