cur_n,cur_mean,cur_std,cur_S,next_n,next_mean,next_std,next_S
3542000.0,-0.01459738390574614,0.026693168324660232,2523.764383109018,3542000.0,-0.014597383800117021,0.026693168383163744,2523.764394171705
3542000.0,-0.024628398683623702,0.043286190332733,6636.625116813465,3542000.0,-0.024628398592390303,0.04328619038497987,6636.6251328344115
3542000.0,-0.005675862158259465,0.010277119985616107,374.1031893939725,3542000.0,-0.005675862054670371,0.010277120044676177,374.10319369372974
3542000.0,-0.000500918359194017,0.052661320209204346,9822.726276756646,3542000.0,-0.0005009195064202997,0.052661320242550394,9822.726289196482
3542000.0,-0.0007461644914675065,0.06745417688031864,16116.333696205855,3542000.0,-0.0007461656218682344,0.06745417690136175,16116.333706261208
3542000.0,-0.0005679948347428049,0.04319662034421544,6609.187848452821,3542000.0,-0.0005679959880476074,0.043196620383581644,6609.187860499071
