cur_n,cur_mean,cur_std,cur_S,next_n,next_mean,next_std,next_S
1831000.0,-0.3569293453066316,1.3731856366391102,3452604.6293823556,1831000.0,-0.3569292000645878,1.3731856884556957,3452604.889947543
1831000.0,-0.4091243115174426,1.3839822831502437,3507110.143895057,1831000.0,-0.40912436083800774,1.3839822701795566,3507110.0781577583
1831000.0,-0.18675744628797025,1.0134667550644922,1880647.315289962,1831000.0,-0.1867574072022266,1.0134667636470762,1880647.3471426372
1831000.0,0.10356626704188261,0.8279671840809357,1255204.8036422075,1831000.0,0.10356619559781356,0.8279671986613916,1255204.847850381
1831000.0,0.09294664909050962,0.7607066774824562,1059553.282623674,1831000.0,0.09294667611234199,0.7607066750595637,1059553.2758742035
1831000.0,0.09061452566327179,0.6482124898067997,769348.5398849421,1831000.0,0.0906145566031039,0.6482124868336597,769348.5328274388
