cur_n,cur_mean,cur_std,cur_S,next_n,next_mean,next_std,next_S
4111000.0,-0.30985795034733193,1.3447091539341762,7433685.775360327,4111000.0,-0.30985797403886883,1.344709149332995,7433685.724488753
4111000.0,-0.38239983240219894,1.3627081135282006,7634017.658399341,4111000.0,-0.38239981554858904,1.3627081186860988,7634017.716189391
4111000.0,-0.15738033880122362,0.972284212667564,3886278.7223228267,4111000.0,-0.15738033767343265,0.9722842128527589,3886278.7238032967
4111000.0,0.09891401406613544,0.8588039265536414,3032044.1415091073,4111000.0,0.09891401881270766,0.8588039260607977,3032044.138029096
4111000.0,0.0949845050466885,0.7688460906930296,2430112.0432361257,4111000.0,0.09498452095933975,0.7688460894041163,2430112.0350883217
4111000.0,0.09284774122870518,0.6561492573762221,1769916.4269445168,4111000.0,0.09284774474069422,0.6561492569179026,1769916.4244719478
