cur_n,cur_mean,cur_std,cur_S,next_n,next_mean,next_std,next_S
3282000.0,-0.014017033359545518,0.025842847451202126,2191.892772715194,3282000.0,-0.01401703432217494,0.025842846987918215,2191.8926941272093
3282000.0,-0.023560673900033087,0.0414554013095608,5640.282077171965,3282000.0,-0.02356067546816673,0.0414554005156701,5640.281861143786
3282000.0,-0.005522662698104014,0.010135114562327662,337.1288358825235,3282000.0,-0.005522664515278833,0.010135114106796909,337.1288055774789
3282000.0,-0.0004930451109079365,0.0523975180295562,9010.730657548465,3282000.0,-0.0004930413447142255,0.05239751850921705,9010.730822521726
3282000.0,-0.0007423886876149042,0.06666344476929376,14585.256798445487,3282000.0,-0.0007423847565275806,0.06666344519347499,14585.25698405822
3282000.0,-0.0005564173401033378,0.04316118563873253,6113.998237922393,3282000.0,-0.0005564140018476867,0.043161186105463115,6113.998370151846
