cur_n,cur_mean,cur_std,cur_S,next_n,next_mean,next_std,next_S
4341000.0,-0.30246874232884985,1.3330300417287035,7713822.829028486,4341000.0,-0.30246874080469216,1.3330300420784094,7713822.83307576
4341000.0,-0.38467351791134885,1.3561719147877818,7983977.021335206,4341000.0,-0.3846735286487987,1.356171911926736,7983976.98764844
4341000.0,-0.2093898162133493,0.998297561164021,4326232.007537606,4341000.0,-0.2093898203595233,0.9982975603317775,4326232.000324369
4341000.0,0.09640642075435023,0.8251493431512729,2955662.9145414233,4341000.0,0.09640647084500213,0.8251493438989113,2955662.9198974646
4341000.0,0.08854434331785468,0.7338543564640061,2337811.761831712,4341000.0,0.08854435255828355,0.7338543556016355,2337811.7563372697
4341000.0,0.09766298760937525,0.6411072554384811,1784231.3648282166,4341000.0,0.09766298030066284,0.6411072567326673,1784231.3720317772
