cur_n,cur_mean,cur_std,cur_S,next_n,next_mean,next_std,next_S
142000.0,-0.006947402005977714,0.016178086102300995,37.165726730551974,142000.0,-0.006947470861921522,0.016178077340367008,37.165686473187286
142000.0,-0.010910423735114949,0.019624611849409695,54.68780541407878,142000.0,-0.010910519067433424,0.019624591729015716,54.68769327533839
142000.0,-0.003782707261034203,0.00882335455396112,11.054925153056713,142000.0,-0.003782777070411647,0.008823363840324162,11.054948423141072
142000.0,-0.0004904299050871087,0.05209197940430562,385.3275531927213,142000.0,-0.0004904022059326069,0.05209198071080961,385.32757252130114
142000.0,-0.0006876128934025108,0.058464073905346435,485.36280714059296,142000.0,-0.0006875865962655403,0.058464075054448866,485.3628262200568
142000.0,-0.0005382508079229902,0.0437446952011948,271.73096687085183,142000.0,-0.0005382501095264743,0.04374469521057935,271.7309669874407
