cur_n,cur_mean,cur_std,cur_S,next_n,next_mean,next_std,next_S
5611000.0,-0.3100154302064092,1.3417533038347031,10101494.119979376,5611000.0,-0.3100154302552598,1.341753303823451,10101494.11980995
5611000.0,-0.3920168597007842,1.3638222250913152,10436522.066935128,5611000.0,-0.39201685188648466,1.363822227463113,10436522.103235053
5611000.0,-0.2193080697513859,1.0040636563568648,5656695.007779795,5611000.0,-0.21930806901698785,1.0040636565188135,5656695.0096045695
5611000.0,0.09664246766483617,0.8213312173303242,3785096.2585975234,5611000.0,0.09664247337952835,0.8213312167694986,3785096.2534284056
5611000.0,0.08661027716275138,0.728040983606009,2974075.0537479385,5611000.0,0.08661027602393302,0.7280409837465261,2974075.0548959738
5611000.0,0.09601230290261956,0.6361852235122324,2270949.224270499,5611000.0,0.09601229455121385,0.6361852250801774,2270949.2354644826
