cur_n,cur_mean,cur_std,cur_S,next_n,next_mean,next_std,next_S
2821000.0,-0.30053522144415484,1.3234329412566415,4940910.269759042,2821000.0,-0.3005351756507691,1.32343295389084,4940910.364096184
2821000.0,-0.3598341599249959,1.3219560750673602,4929888.9454935575,2821000.0,-0.35983414983973566,1.3219560779211128,4929888.966778203
2821000.0,-0.1911406381969851,0.9868477635495979,2747283.06226084,2821000.0,-0.1911406131823679,0.986847769289002,2747283.094216666
2821000.0,0.09707103025447952,0.8378672578286235,1980402.7692520863,2821000.0,0.09707106051823651,0.8378672558642875,1980402.7599661844
2821000.0,0.08672405997729198,0.7425968415832509,1555640.6450140935,2821000.0,0.08672405927239202,0.7425968416665036,1555640.6453629
2821000.0,0.09732804618530945,0.6528767257807228,1202445.6617856289,2821000.0,0.09732801569969907,0.6528767323332011,1202445.685921883
