cur_n,cur_mean,cur_std,cur_S,next_n,next_mean,next_std,next_S
1711000.0,-0.3593572020509526,1.3803024952940286,3259857.048239031,1711000.0,-0.35935715931878653,1.38030250755093,3259857.1061332207
1711000.0,-0.4107710419469217,1.3850189773436512,3282172.918167113,1711000.0,-0.41077106788329043,1.3850189700669775,3282172.8836790635
1711000.0,-0.1861354266024051,1.0125514018726243,1754220.4441939448,1711000.0,-0.18613544319288644,1.012551399055386,1754220.434432353
1711000.0,0.10377071830956612,0.8299931765260578,1178688.5196395644,1711000.0,0.10377066423759879,0.829993186300049,1178688.547400013
1711000.0,0.092152657011617,0.7600907640552639,988509.6659892184,1711000.0,0.09215264723118709,0.7600907653486952,988509.6693534732
1711000.0,0.08956292525242207,0.6478314735334408,718082.0925699712,1711000.0,0.08956293035221345,0.6478314728627148,718082.0910830527
