cur_n,cur_mean,cur_std,cur_S,next_n,next_mean,next_std,next_S
5381000.0,-0.3093133294780347,1.3421251957264853,9692795.520641752,5381000.0,-0.30931331271302476,1.3421252001537345,9692795.584588723
5381000.0,-0.39246950490398286,1.3657237384733751,10036648.35581357,5381000.0,-0.39246947928362125,1.3657237471290997,10036648.483034711
5381000.0,-0.21792052476971271,1.002974028677158,5413054.090742981,5381000.0,-0.21792053299815,1.0029740270709693,5413054.073405771
5381000.0,0.09628798799611131,0.8222237921096335,3637835.6199582755,5381000.0,0.09628792627303419,0.8222238118041666,3637835.7942307196
5381000.0,0.08696212296421868,0.7296910202828772,2865107.9887233702,5381000.0,0.0869621454828766,0.7296910194689439,2865107.9823316047
5381000.0,0.09653836097143141,0.6368067185763424,2182118.1697097775,5381000.0,0.09653834427533016,0.6368067222851912,2182118.1951276823
