cur_n,cur_mean,cur_std,cur_S,next_n,next_mean,next_std,next_S
3841000.0,-0.30319412844832455,1.3319628753091541,6814414.513716227,3841000.0,-0.30319446184030263,1.331962959682011,6814415.3770310385
3841000.0,-0.3770666847791291,1.3451485058188495,6949999.514896371,3841000.0,-0.3770679819712241,1.3451505446336318,6950020.58286385
3841000.0,-0.20419703239662967,0.9944666990885113,3798610.7839042344,3841000.0,-0.2041975152414547,0.9944670501792253,3798613.4660598245
3841000.0,0.09770683062797496,0.8290858122444896,2640239.1940940684,3841000.0,0.09770669216783003,0.829085872970204,2640239.580858417
3841000.0,0.08768728899978967,0.7358585271920077,2079854.5324102135,3841000.0,0.0876874988864506,0.7358586171525549,2079855.040945092
3841000.0,0.09805205050962953,0.6445837953681673,1595890.4421939799,3841000.0,0.09805214810230814,0.6445838088998449,1595890.5091986896
