cur_n,cur_mean,cur_std,cur_S,next_n,next_mean,next_std,next_S
3201000.0,-0.29748424224010755,1.3240082230267887,5611345.876630817,3201000.0,-0.29748423859009043,1.3240082238630675,5611345.883719369
3201000.0,-0.3611518711622797,1.327501595650844,5640995.817144174,3201000.0,-0.361151865491146,1.327501597232513,5640995.830586249
3201000.0,-0.19418579847890466,0.9888347664503943,3129919.219286559,3201000.0,-0.19418579485857498,0.9888347671825577,3129919.2239215346
3201000.0,0.09691273383144533,0.8344995734995369,2229142.9116850793,3201000.0,0.09691274285729658,0.8344995726076093,2229142.9069199865
3201000.0,0.08501752551438507,0.7381082088248258,1743916.7331186307,3201000.0,0.08501752683671689,0.7381082086762851,1743916.7324167218
3201000.0,0.09718221023199222,0.6507054532197576,1355359.6955066265,3201000.0,0.09718221049131681,0.650705453181165,1355359.6953458567
