cur_n,cur_mean,cur_std,cur_S,next_n,next_mean,next_std,next_S
862000.0,-0.00900654944265739,0.042779813411649686,1577.5569194316545,862000.0,-0.009006550890211495,0.04277981312800311,1577.5568985120394
862000.0,-0.012171051166251353,0.047010496818510196,1905.0086311881619,862000.0,-0.012171055343392405,0.04701049589701682,1905.0085565047214
862000.0,-0.024710336360811744,0.0711664126149644,4365.7354412246605,862000.0,-0.024710346064291268,0.0711664098159706,4365.735097813612
862000.0,-0.0004955616730364681,0.1446829074931063,18044.369887207846,862000.0,-0.0004955590393869656,0.14468290752278565,18044.369894610863
862000.0,-0.000503375443316868,0.1430965814876411,17650.856468033133,862000.0,-0.0005033718720982112,0.1430965815386176,17650.85648060896
862000.0,-0.00048824858738418794,0.14726069290064306,18693.083462623807,862000.0,-0.0004882401755116574,0.1472606931356258,18693.083522280624
