cur_n,cur_mean,cur_std,cur_S,next_n,next_mean,next_std,next_S
1982000.0,-0.009965456457662794,0.01944931172622197,749.7424901682832,1982000.0,-0.00996545804293462,0.01944931104200778,749.7424374173737
1982000.0,-0.016532681763840155,0.0287054949524962,1633.1787830071496,1982000.0,-0.016532683386916307,0.028705494108645188,1633.178686986541
1982000.0,-0.004508304087245718,0.009292630408295333,171.15160617205706,1982000.0,-0.004508305669255598,0.0092926299076884,171.15158773170708
1982000.0,-0.0004565822771058648,0.05118433525603806,5192.515300044158,1982000.0,-0.0004565817419699177,0.05118433526635483,5192.515302137375
1982000.0,-0.0007162624917168057,0.06254760075912645,7753.9850789531365,1982000.0,-0.0007162619191223242,0.06254760077087812,7753.985081866832
1982000.0,-0.0005180608930915725,0.0434963016760327,3749.8018103140266,1982000.0,-0.0005180603888797164,0.04349630168782871,3749.801812347886
