cur_n,cur_mean,cur_std,cur_S,next_n,next_mean,next_std,next_S
1881000.0,-0.3309338126071753,1.34233648655136,3389312.28432198,1881000.0,-0.3309338610886382,1.3423364762458048,3389312.232280267
1881000.0,-0.3738902335836797,1.3296965388395254,3325782.7174408115,1881000.0,-0.3738902048041542,1.3296965475177682,3325782.760852145
1881000.0,-0.19341636548657257,0.9963603026162686,1867332.3767962446,1881000.0,-0.19341636047254346,0.9963603036133438,1867332.3805335888
1881000.0,0.100405845248619,0.8279994295694061,1289581.7271458197,1881000.0,0.10040587792169783,0.827999426819936,1289581.7185814022
1881000.0,0.09420388197126023,0.751760832499751,1063036.520997032,1881000.0,0.0942039067242063,0.7517608301645103,1063036.5143926812
1881000.0,0.09868945235793142,0.6532601606844775,802714.5634080549,1881000.0,0.09868942623963611,0.6532601656123311,802714.5755185743
