cur_n,cur_mean,cur_std,cur_S,next_n,next_mean,next_std,next_S
221000.0,-0.2747639753072731,1.2726217640362976,357924.1201000476,221000.0,-0.2747643384785347,1.2726216970782742,357924.0824362395
221000.0,-0.3527063242465432,1.206327554351368,321604.98321360495,221000.0,-0.3527066569818637,1.2063274672074267,321604.93674873776
221000.0,-0.20143592122603526,0.9637721057553157,205277.32447487983,221000.0,-0.20143577934834822,0.963772137716732,205277.33809003653
221000.0,0.10023254315072304,0.7924427389169466,138780.37427614443,221000.0,0.10023305913697825,0.7924427107773354,138780.3644199731
221000.0,0.09499699519103685,0.7143445684324015,112773.68390120112,221000.0,0.09499671489828909,0.7143446178598836,112773.69950744965
221000.0,0.08836079098963118,0.621244389806915,85293.75480251112,221000.0,0.08836067005506792,0.6212444096090226,85293.76023997234
