cur_n,cur_mean,cur_std,cur_S,next_n,next_mean,next_std,next_S
3342000.0,-0.014152762938945075,0.026096800542244006,2276.0457011262515,3342000.0,-0.014152765458215165,0.02609679958238382,2276.045533696868
3342000.0,-0.023804595938926386,0.04191331038994845,5870.976914575184,3342000.0,-0.023804599606145643,0.041913308843320334,5870.976481289543
3342000.0,-0.005555733680365037,0.01017355154333945,345.9008466586582,3342000.0,-0.005555737268138631,0.010173551698309241,345.900857196607
3342000.0,-0.0004926239309565422,0.052497963480978155,9210.672878970687,3342000.0,-0.00049262179775279,0.05249796364583668,9210.672936818948
3342000.0,-0.0007409893066916639,0.06688163366407555,14949.277063905673,3342000.0,-0.0007409870149147931,0.06688163382068849,14949.27713391742
3342000.0,-0.0005569858850071296,0.043194478836019456,6235.379952401043,3342000.0,-0.0005569844733991408,0.04319447893130716,6235.379979911736
