cur_n,cur_mean,cur_std,cur_S,next_n,next_mean,next_std,next_S
151000.0,-0.025922921746333153,0.09537594958187946,1373.582335555427,151000.0,-0.025922962185783487,0.09537593988508816,1373.5820562535566
151000.0,-0.032968283721961165,0.10565987126757194,1685.765267838261,151000.0,-0.032968254784040224,0.10565988089522953,1685.7655750499073
151000.0,-0.017106024413694996,0.10334685918035288,1612.766568668997,151000.0,-0.01710612242468984,0.10334684997524878,1612.7662813707934
151000.0,0.034046541978333685,0.1533668133576327,3551.7282953607164,151000.0,0.03404655031351813,0.15336681154147103,3551.7282112419607
151000.0,0.031174873972627196,0.12702093445167614,2436.281986135528,151000.0,0.03117495511987399,0.12702091844958652,2436.2813722902533
151000.0,0.0482890014429017,0.32096426076601814,15555.726560050553,151000.0,0.048289055985236605,0.3209642532599036,15555.725832473814
