cur_n,cur_mean,cur_std,cur_S,next_n,next_mean,next_std,next_S
1262000.0,-0.008021967702687325,0.039302985036709356,1949.4424865882995,1262000.0,-0.008021974172999883,0.03930298438821296,1949.442422256981
1262000.0,-0.014745263597290845,0.06025633148380626,4582.101760664564,1262000.0,-0.014745267136070467,0.06025633074897419,4582.101648906173
1262000.0,-0.02943283162184541,0.08400750759667237,8906.263801747467,1262000.0,-0.02943287078647339,0.08400750539620426,8906.26333517133
1262000.0,-0.0004508722568589694,0.15050612341725592,28586.941600845916,1262000.0,-0.0004508722268137349,0.15050612341734773,28586.9416008808
1262000.0,-0.0005322750706787265,0.15359896234400036,29773.913236239896,1262000.0,-0.0005322725851322815,0.15359896237799348,29773.913249418474
1262000.0,-0.00047384582342102535,0.156016178571113,30718.40254562797,1262000.0,-0.0004737968845378412,0.15601618840625983,30718.406418559764
