cur_n,cur_mean,cur_std,cur_S,next_n,next_mean,next_std,next_S
3011000.0,-0.29828271351035873,1.3237801023441962,5276457.609440219,3011000.0,-0.2982828604120943,1.3237800937859174,5276457.5412153
3011000.0,-0.36173536655930516,1.32678665846163,5300452.5024231225,3011000.0,-0.36173531931480013,1.3267866738750924,5300452.62557529
3011000.0,-0.19242899053990548,0.9880926410693264,2939720.799746759,3011000.0,-0.19242898681740686,0.9880926418153911,2939720.8041860634
3011000.0,0.09626518184224335,0.8351746194903742,2100222.618218124,3011000.0,0.09626541379650631,0.8351746897402946,2100222.9715346033
3011000.0,0.08620995178156114,0.7403545696067987,1650404.0399891187,3011000.0,0.08621007565914944,0.7403545863871275,1650404.1148027927
3011000.0,0.09730556920514273,0.6517975201058067,1279193.2617276153,3011000.0,0.09730558739794262,0.6517975181542878,1279193.2540676603
