cur_n,cur_mean,cur_std,cur_S,next_n,next_mean,next_std,next_S
4841000.0,-0.3063327570608031,1.3370954345793764,8654856.957878549,4841000.0,-0.3063327487170382,1.3370954366170251,8654856.984257456
4841000.0,-0.3856959315523748,1.3577289633530596,8924034.647508353,4841000.0,-0.3856959493054392,1.3577289588717794,8924034.58859954
4841000.0,-0.21459482074580583,1.000463152052329,4845485.2766127065,4841000.0,-0.21459482133255237,1.0004631519273226,4845485.2754018335
4841000.0,0.09682603491333623,0.823144393541067,3280100.3589641787,4841000.0,0.0968260730461419,0.8231443933314282,3280100.3572934233
4841000.0,0.08697324617485003,0.7304996962366085,2583301.8918228038,4841000.0,0.08697324453700798,0.730499696440519,2583301.893265002
4841000.0,0.09789161778265093,0.6385145712943862,1973679.8523931834,4841000.0,0.09789161800424669,0.6385145712605761,1973679.8521841664
