cur_n,cur_mean,cur_std,cur_S,next_n,next_mean,next_std,next_S
1781000.0,0.18414886435758285,1.58831408088795,4493002.824413088,1781000.0,0.18414889954553512,1.5883140775025104,4493002.80525971
1781000.0,0.03551497945764386,1.602156183628468,4571656.801832046,1781000.0,0.03551497749693835,1.6021561836740947,4571656.802092433
1781000.0,0.04919407939658431,1.4781512892498414,3891362.5275954353,1781000.0,0.04919407401765668,1.4781512894462143,3891362.528629373
1781000.0,0.010539132178353006,0.8062867250025794,1157825.041872301,1781000.0,0.010539218411721174,0.806286732088258,1157825.0622223224
1781000.0,0.00029495466394410065,0.6977220876248424,867019.4946875912,1781000.0,0.00029495037438409646,0.6977220876501838,867019.4947505718
1781000.0,-0.0016538119866064498,0.6392316295988436,727747.0128539554,1781000.0,-0.0016538917993507453,0.6392316382663354,727747.032589341
