cur_n,cur_mean,cur_std,cur_S,next_n,next_mean,next_std,next_S
671000.0,0.15867001453462265,1.4306574707193451,1373389.9158103247,671000.0,0.15867011429811445,1.4306574619888808,1373389.8990483365
671000.0,-0.012550944027645672,1.4149709842096807,1343437.8766102146,671000.0,-0.01255094863700362,1.4149709841738154,1343437.8765421102
671000.0,0.038879265474646645,1.2565391363226925,1059435.593345198,671000.0,0.03887925351092433,1.2565391367310552,1059435.5940338098
671000.0,0.014030331433117178,0.9297955010140292,580092.7010566788,671000.0,0.014030588505699286,0.9297955209808882,580092.7259710374
671000.0,0.017476573938855662,0.8016963047980611,431263.08360012685,671000.0,0.017476557481433487,0.8016963052701713,431263.0841080592
671000.0,0.0077998191858592286,0.7424341678393167,369860.8991889986,671000.0,0.0077996224142041805,0.7424341874033408,369860.9186815487
