cur_n,cur_mean,cur_std,cur_S,next_n,next_mean,next_std,next_S
1962000.0,-0.009757355175994697,0.017750564599197046,618.1919505241046,1962000.0,-0.009757358531720536,0.017750563376921068,618.1918653886555
1962000.0,-0.016172280847838453,0.026170378099479686,1343.7516095244023,1962000.0,-0.016172284487649794,0.026170376346828738,1343.7514295401895
1962000.0,-0.0048203836561202884,0.008717288471746538,149.09457410390362,1962000.0,-0.004820386972882504,0.008717287875669558,149.09455371411374
1962000.0,-0.0006251282529970633,0.05471938166181819,5874.641451184284,1962000.0,-0.0006251331923942983,0.05471938204278477,5874.641532984992
1962000.0,-0.0009894092469839408,0.06491530325959893,8267.861323874535,1962000.0,-0.0009894155091346632,0.0649153037567652,8267.86145051653
1962000.0,-0.0007060669570549008,0.047855949479489804,4493.356508944789,1962000.0,-0.0007060718443242767,0.04785594989700858,4493.356587349282
