cur_n,cur_mean,cur_std,cur_S,next_n,next_mean,next_std,next_S
4362000.0,-0.014803044512400698,0.025664125738305715,2873.0197403142506,4362000.0,-0.014803046657703217,0.02566412489201321,2873.0195508345805
4362000.0,-0.024559164938973324,0.04094150661283563,7311.614775785304,4362000.0,-0.024559173968373888,0.040941505539659626,7311.6143924750595
4362000.0,-0.005813607902738162,0.009472329591882073,391.38057168778175,4362000.0,-0.0058136102007599,0.00947232939740548,391.38055561689697
4362000.0,-0.0006511060391436016,0.055278109882326044,13328.830063092877,4362000.0,-0.0006511025746820885,0.05527811039669031,13328.830311143107
4362000.0,-0.0010273084560420028,0.0686916965074837,20582.311475510596,4362000.0,-0.0010273162835785464,0.06869169833578555,20582.312571150404
4362000.0,-0.0007393930923638197,0.04651156539061376,9436.426769202251,4362000.0,-0.0007393921660956987,0.04651156544556821,9436.426791500948
