cur_n,cur_mean,cur_std,cur_S,next_n,next_mean,next_std,next_S
2321000.0,-0.3396788941149486,1.3663354330233057,4333011.108556698,2321000.0,-0.33967885512127605,1.3663354440087798,4333011.178232388
2321000.0,-0.4003858615633009,1.3771886677747363,4402121.462448042,2321000.0,-0.4003858405949026,1.377188674241353,4402121.50378854
2321000.0,-0.18483743958471063,1.0075644620876623,2356247.0431531025,2321000.0,-0.1848374209620387,1.0075644659034038,2356247.060999762
2321000.0,0.1043596109453045,0.8442983109228849,1654500.7993970155,2321000.0,0.10435951597613417,0.8442983350584727,1654500.8939900037
2321000.0,0.09440533093939461,0.7664442029371401,1363440.6183372154,2321000.0,0.09440537300453654,0.7664442004350611,1363440.6094352338
2321000.0,0.09423876851943398,0.6503632778693945,981718.9246195749,2321000.0,0.09423873964509029,0.6503632835410135,981718.9417421151
