cur_n,cur_mean,cur_std,cur_S,next_n,next_mean,next_std,next_S
4191000.0,-0.3090119122486336,1.3431380540997826,7560647.117466654,4191000.0,-0.3090119002160826,1.343138057093993,7560647.151176023
4191000.0,-0.3817821052184168,1.3621341647674603,7776021.142526897,4191000.0,-0.3817820889280935,1.3621341697416287,7776021.199319008
4191000.0,-0.15742911844091292,0.9726749771082781,3965090.8970890413,4191000.0,-0.15742912584379506,0.9726749760281398,3965090.8882827153
4191000.0,0.09882206919621907,0.858403621270737,3088166.7524519064,4191000.0,0.09882205890292514,0.8584036227143126,3088166.762838633
4191000.0,0.09504835986800612,0.7693014098799638,2480337.1468886705,4191000.0,0.09504833520318057,0.7693014145844264,2480337.177224383
4191000.0,0.09353750223739594,0.6571178130232319,1809689.810426496,4191000.0,0.0935375017888606,0.6571178130877274,1809689.810781735
