cur_n,cur_mean,cur_std,cur_S,next_n,next_mean,next_std,next_S
2362000.0,-0.006359410813694674,0.03489403707704884,2875.956611188393,2362000.0,-0.006359409723307017,0.034894037316012066,2875.9566505789553
2362000.0,-0.015836702011649675,0.05901479283161699,8226.245515728384,2362000.0,-0.01583670844535666,0.059014791933466676,8226.245265336758
2362000.0,-0.031247741254314038,0.08794653006055385,18269.106657572273,2362000.0,-0.03124773898388428,0.08794653093646147,18269.107021476335
2362000.0,-0.00037833245412591525,0.16482505560384947,64169.16013126611,2362000.0,-0.00037832291068915126,0.16482505627833993,64169.16065644703
2362000.0,-0.0005088910860368332,0.15174618238063775,54389.54693408494,2362000.0,-0.0005088755670031439,0.15174618430707942,54389.54831505268
2362000.0,-0.0004534014156937554,0.15444394027984412,56340.62228780551,2362000.0,-0.0004533923931298469,0.1544439409288373,56340.622761306484
