cur_n,cur_mean,cur_std,cur_S,next_n,next_mean,next_std,next_S
4011000.0,-0.30960182426926147,1.3445311743376582,7250941.719929634,4011000.0,-0.3096018246608652,1.3445311742477413,7250941.718959805
4011000.0,-0.3813240206289211,1.3609388514065435,7428991.929200994,4011000.0,-0.3813240273339092,1.3609388495941404,7428991.90941417
4011000.0,-0.1586840476310688,0.973434170282454,3800719.6504165675,4011000.0,-0.15868403563126218,0.973434172535221,3800719.6680081743
4011000.0,0.09880603160209252,0.8587721437521302,2958070.7650822485,4011000.0,0.09880607397824724,0.8587721430700747,2958070.7603835203
4011000.0,0.09421865738605051,0.768001696734166,2365794.5174142835,4011000.0,0.09421866745536882,0.7680016957636142,2365794.511434802
4011000.0,0.0931051158056019,0.6564091730497692,1728231.6128826302,4011000.0,0.0931050954053083,0.6564091772148654,1728231.6348148368
