cur_n,cur_mean,cur_std,cur_S,next_n,next_mean,next_std,next_S
4651000.0,-0.3063575615610435,1.3385758407733428,8333593.344266089,4651000.0,-0.3063575625137649,1.3385758405569455,8333593.341571633
4651000.0,-0.3878418999019346,1.3571642045770735,8566652.148239926,4651000.0,-0.387841908366924,1.357164202280836,8566652.119251437
4651000.0,-0.21392377412203772,1.0017264842224136,4667073.61969477,4651000.0,-0.21392377657851652,1.0017264837118716,4667073.61493751
4651000.0,0.0967290275656208,0.8242124174141723,3159545.733050689,4651000.0,0.09672903518814266,0.8242124166835603,3159545.727449215
4651000.0,0.08873053464346346,0.731910429948133,2491507.5730983703,4651000.0,0.08873053170748794,0.7319104303314569,2491507.5757081276
4651000.0,0.09759467916678576,0.6390185111761008,1899211.002617226,4651000.0,0.09759468615335647,0.639018510286678,1899210.9973303634
