cur_n,cur_mean,cur_std,cur_S,next_n,next_mean,next_std,next_S
1601000.0,-0.026765022705667208,0.14805710453716106,35095.370832488465,1601000.0,-0.026765012318966885,0.14805710699811947,35095.37199917681
1601000.0,-0.017425160311872336,0.033104592050142795,1754.5583377050102,1601000.0,-0.0174251640527619,0.033104590419455966,1754.5581648507368
1601000.0,-0.0033266238106336218,0.03222935807330599,1663.0091664296158,1601000.0,-0.0033266124955613915,0.032229362421194625,1663.0096151248163
1601000.0,0.10598898105580389,0.45609996346871484,333051.509858537,1601000.0,0.1059888648132559,0.4561000141967195,333051.58394334663
1601000.0,0.0007112004037636091,0.09521631129081147,14514.899643261766,1601000.0,0.0007111981939203218,0.09521631134837494,14514.899660811867
1601000.0,0.00228177273112449,0.07859361427020088,9889.30688268905,1601000.0,0.002281639262268274,0.07859379958519205,9889.353518512971
