cur_n,cur_mean,cur_std,cur_S,next_n,next_mean,next_std,next_S
4671000.0,-0.3058347689346227,1.337879947897395,8360729.18853931,4671000.0,-0.30583478734079494,1.3378799442812974,8360729.143343606
4671000.0,-0.38727504205412694,1.3563827647073659,8593585.308729967,4671000.0,-0.38727502898777505,1.3563827687320975,8593585.359728662
4671000.0,-0.21401289241140375,1.0014082099739108,4684164.760427724,4671000.0,-0.21401289189953504,1.0014082100839539,4684164.761457193
4671000.0,0.09665208875768548,0.8237956554180943,3169924.085688234,4671000.0,0.09665206502038394,0.8237956598005405,3169924.119415097
4671000.0,0.08844511082106826,0.7315760897400743,2499935.899195771,4671000.0,0.08844508091572091,0.7315760962106135,2499935.9434179203
4671000.0,0.09772701127117131,0.6389742724807811,1907113.8126881365,4671000.0,0.09772700966914909,0.6389742727351556,1907113.8142065736
