cur_n,cur_mean,cur_std,cur_S,next_n,next_mean,next_std,next_S
5401000.0,-0.3092313810854875,1.3428488266414478,9739315.287517702,5401000.0,-0.30923135820005143,1.3428488329648258,9739315.379241165
5401000.0,-0.3925956763053208,1.3651641322730446,10065698.456550043,5401000.0,-0.3925956735788645,1.3651641330718889,10065698.468330204
5401000.0,-0.2182350360320677,1.0032105149678696,5435735.652984672,5401000.0,-0.21823502370224754,1.0032105180593,5435735.686485515
5401000.0,0.0962277452868377,0.8220668540042303,3649962.9211554797,5401000.0,0.09622774877342265,0.8220668536360743,3649962.917886268
5401000.0,0.08705669675081343,0.7294460675818373,2873826.5453227847,5401000.0,0.08705668646821627,0.7294460692004983,2873826.5580769856
5401000.0,0.09659798354459592,0.6367818677909244,2190057.685742558,5401000.0,0.09659798554496102,0.6367818675044487,2190057.68377203
