cur_n,cur_mean,cur_std,cur_S,next_n,next_mean,next_std,next_S
1611000.0,-0.08676400490765442,1.166680029782062,2192800.232238452,1611000.0,-0.08676399808713076,1.1666800303214433,2192800.234266009
1611000.0,-0.10722664545828287,1.1494944960892715,2128674.86802518,1611000.0,-0.1072266837410828,1.149494493545152,2128674.858602598
1611000.0,-0.14383156830726757,0.9146599485869027,1347767.1455154319,1611000.0,-0.14383157959778228,0.9146599469236838,1347767.1406138684
1611000.0,0.10562131170291407,1.1942706317324492,2297740.8526698025,1611000.0,0.10562137680422355,1.194270628833406,2297740.841514458
1611000.0,0.10725408913020563,1.074514661576281,1860031.21204519,1611000.0,0.10725411661074603,1.0745146593994157,1860031.2045086941
1611000.0,0.09782520056736761,0.6753298140689158,734729.346368044,1611000.0,0.09782521297381352,0.6753298124553703,734729.34285711
