cur_n,cur_mean,cur_std,cur_S,next_n,next_mean,next_std,next_S
1962000.0,-0.009915797178205206,0.01936937404973708,736.0887414162685,1962000.0,-0.009915801545156186,0.019369372780006232,736.0886449098405
1962000.0,-0.01643500917920919,0.02854481211386143,1598.649957883906,1962000.0,-0.016435021209607256,0.028544810161169616,1598.6497391632101
1962000.0,-0.004495665772596597,0.009275500209808722,168.80048192692115,1962000.0,-0.004495672007571317,0.009275501299335206,168.8005215824874
1962000.0,-0.00045370483116355474,0.05110728395729326,5124.654676990138,1962000.0,-0.0004537019048824681,0.05110728414763798,5124.654715162816
1962000.0,-0.0007129025072675708,0.06243243743247007,7647.501736255727,1962000.0,-0.000712892007784121,0.06243243928454657,7647.502189986481
1962000.0,-0.000515368364732724,0.043444864889555554,3703.189231703148,1962000.0,-0.0005153782286708726,0.0434448669695471,3703.189586295227
