cur_n,cur_mean,cur_std,cur_S,next_n,next_mean,next_std,next_S
471000.0,-0.028015149556281767,1.1307234351423847,602190.2142734717,471000.0,-0.02801499125719247,1.1307234442834961,602190.2240100487
471000.0,-0.11801396469828351,1.0872555486754227,556780.699847108,471000.0,-0.11801389864929557,1.0872555567894862,556780.708157489
471000.0,-0.10075594318082973,0.8117368537122708,310349.774966782,471000.0,-0.10075592805791891,0.8117368556557366,310349.77645286504
471000.0,0.09648753865846205,1.435297983854074,970297.8224565735,471000.0,0.09648744787524316,1.4352979913091901,970297.8325362685
471000.0,0.1099452066063593,1.2868165819122468,779927.4471931139,471000.0,0.1099451160961808,1.2868165911446334,779927.4583844395
471000.0,0.09246118124533799,0.7517716887491247,266190.6765142188,471000.0,0.09246116729157575,0.7517716905262996,266190.67777275876
