cur_n,cur_mean,cur_std,cur_S,next_n,next_mean,next_std,next_S
2361000.0,-0.3109025365393457,1.332237881959962,4190439.2047189604,2361000.0,-0.3109020753200643,1.3322381780887047,4190441.06761394
2361000.0,-0.364199039367967,1.3249718507420898,4144854.506816307,2361000.0,-0.3641987865963896,1.3249719771488613,4144855.2976824697
2361000.0,-0.1923387252562366,0.9898381963348414,2313259.7652741754,2361000.0,-0.19233883027682255,0.9898381890816894,2313259.7313728277
2361000.0,0.09829404724978652,0.840763738376551,1668952.330158405,2361000.0,0.0982936228660377,0.8407640408684038,1668953.5310774036
2361000.0,0.09007023617427898,0.7503365439115345,1329254.6376738194,2361000.0,0.09007030481726934,0.7503365430848182,1329254.6347446903
2361000.0,0.09912933770331105,0.65463726984672,1011806.4439258593,2361000.0,0.09912964231520634,0.6546373910446521,1011806.8185726011
