cur_n,cur_mean,cur_std,cur_S,next_n,next_mean,next_std,next_S
2031000.0,-0.32404736594927686,1.340945822809491,3652013.6061114627,2031000.0,-0.3240473607335225,1.3409458240905408,3652013.61308924
2031000.0,-0.3686723944957525,1.3265413344998631,3573974.893549593,2031000.0,-0.36867241535923884,1.3265413290347678,3573974.864101414
2031000.0,-0.19345661994106905,0.9921781012256042,1999351.708024392,2031000.0,-0.19345661407189804,0.9921781024052431,1999351.7127786044
2031000.0,0.09930054571773182,0.8331719726317162,1409870.5135734,2031000.0,0.09930061056687706,0.8331719700284745,1409870.5047631334
2031000.0,0.09231287891419791,0.7506726139770374,1144487.537324865,2031000.0,0.09231286846713342,0.7506726154094224,1144487.5416925396
2031000.0,0.09939888863802322,0.6523773996281126,864386.0275089878,2031000.0,0.09939888275884869,0.6523774005776823,864386.0300253069
