cur_n,cur_mean,cur_std,cur_S,next_n,next_mean,next_std,next_S
2541000.0,-0.30266990358419016,1.3259561677814937,4467483.947308451,2541000.0,-0.3026699255699288,1.3259561632261028,4467483.916611907
2541000.0,-0.36133611922074554,1.3247160537136975,4459131.3349586185,2541000.0,-0.3613361257907267,1.3247160519630663,4459131.323173007
2541000.0,-0.1893806343643383,0.9872166445711955,2476450.22313208,2541000.0,-0.18938062389009516,0.9872166467216742,2476450.233921107
2541000.0,0.09635722138341048,0.8384133406575254,1786162.7386027721,2541000.0,0.09635717865536488,0.838413348334762,1786162.7713140696
2541000.0,0.087871400628262,0.7479350479207683,1421452.7700428427,2541000.0,0.08787139211705512,0.7479350490437762,1421452.7743114026
2541000.0,0.09736281609398757,0.6538715099860699,1086399.3449430878,2541000.0,0.09736282597486097,0.6538715087044786,1086399.340684392
