cur_n,cur_mean,cur_std,cur_S,next_n,next_mean,next_std,next_S
3391000.0,-0.30227120591015905,1.3299138929892333,5997563.234738752,3391000.0,-0.3022711665773999,1.329913903901442,5997563.333161158
3391000.0,-0.36481915788610386,1.3338860948945577,6033443.919093002,3391000.0,-0.3648191135852189,1.3338861095055248,6033444.051269881
3391000.0,-0.19790741982220533,0.9902373323549635,3325112.783154708,3391000.0,-0.19790741829117692,0.9902373326649554,3325112.785236548
3391000.0,0.09874739651131541,0.8356875916237517,2368185.388942137,3391000.0,0.09874738747197581,0.8356875928576745,2368185.3959355587
3391000.0,0.08504915308164415,0.7379154162925562,1846464.476993116,3391000.0,0.08504912437836354,0.7379154214937761,1846464.5030228414
3391000.0,0.09832686732726961,0.6495231856465662,1430596.3302361446,3391000.0,0.09832686686765899,0.649523185716678,1430596.3305449914
