cur_n,cur_mean,cur_std,cur_S,next_n,next_mean,next_std,next_S
2782000.0,-0.005654787781879841,0.03343604041310295,3110.1891974455098,2782000.0,-0.0056547899012820415,0.033436040241534994,3110.1891655273294
2782000.0,-0.015711307556250432,0.05595321498095585,8709.780625973483,2782000.0,-0.01571131499537498,0.055953214267867646,8709.780403972234
2782000.0,-0.02766511016234832,0.08183051547600624,18628.92093785767,2782000.0,-0.027665105383446013,0.08183051747985212,18628.92185021871
2782000.0,-0.00035430687051571185,0.16535163203305545,76063.11328489799,2782000.0,-0.00035429798198236104,0.16535163271673148,76063.11391389121
2782000.0,-0.0005234588885588243,0.14497623306028207,58472.37687983554,2782000.0,-0.0005234451783762284,0.14497623491328376,58472.378374555214
2782000.0,-0.00047150390744636487,0.1460658869413359,59354.64693838229,2782000.0,-0.000471498917281836,0.14606588719458752,59354.64714420256
