cur_n,cur_mean,cur_std,cur_S,next_n,next_mean,next_std,next_S
622000.0,-0.007287778692490326,0.015080057897650248,141.4478669342128,622000.0,-0.007287785778874134,0.015080055508628207,141.44782211713755
622000.0,-0.01284749758277568,0.021134623899556202,277.8301876276805,622000.0,-0.012847516174078285,0.021134617684212705,277.83002421717424
622000.0,-0.004252148395527282,0.008916728546869946,49.45400584266768,622000.0,-0.004252160148005275,0.008916727759832481,49.45399711252559
622000.0,-0.0006246299035312669,0.05712016885023353,2029.4079148560552,622000.0,-0.0006246210045656573,0.05712016937871674,2029.407952408746
622000.0,-0.0010246992499360664,0.06621334636212893,2726.9769010851187,622000.0,-0.0010246862106722834,0.06621334736250471,2726.9769834854756
622000.0,-0.000714753195792102,0.051045241617448535,1620.6935822894613,622000.0,-0.0007147452746318081,0.05104524211064335,1620.6936136074708
