cur_n,cur_mean,cur_std,cur_S,next_n,next_mean,next_std,next_S
3051000.0,-0.29705167849395886,1.3236157976455478,5345226.2370992,3051000.0,-0.2970516781634284,1.3236157977199265,5345226.237699933
3051000.0,-0.36069867346992596,1.3272643444673933,5374735.082928195,3051000.0,-0.3606986557077569,1.3272643496571046,5374735.124959496
3051000.0,-0.19258772592679263,0.9880713882803066,2978645.7434997642,3051000.0,-0.1925877140856998,0.98807139080477,2978645.7587202885
3051000.0,0.0962560782683378,0.8365360837439816,2135067.2818068448,3051000.0,0.0962561307912225,0.8365360827310996,2135067.276636545
3051000.0,0.08547393666401876,0.7400652908430113,1671022.4325018907,3051000.0,0.08547397229101092,0.7400652893446354,1671022.4257354075
3051000.0,0.09723898345259047,0.6516923723990063,1295768.695089531,3051000.0,0.09723899411359753,0.6516923710742875,1295768.6898216181
