cur_n,cur_mean,cur_std,cur_S,next_n,next_mean,next_std,next_S
2751000.0,-0.3269780988765956,1.362948135447225,5110333.582397354,2751000.0,-0.32697906910643604,1.362948852698837,5110338.9610260315
2751000.0,-0.39099026837091044,1.3685100769755754,5152127.354485946,2751000.0,-0.3909909651653633,1.3685103659000846,5152129.529955531
2751000.0,-0.17465310863567993,0.9982526621984872,2741394.5467400956,2751000.0,-0.17465296421635945,0.99825271620482,2741394.8433637377
2751000.0,0.10151893624230318,0.8495093543983773,1985303.5599716664,2751000.0,0.10151976670739181,0.8495103718508156,1985308.3155476872
2751000.0,0.09329013884308207,0.7680227883501699,1622702.1184226424,2751000.0,0.0932909061944639,0.7680237497097249,1622706.1808051297
2751000.0,0.09280226330332716,0.6530112867574561,1173091.7104803612,2751000.0,0.09280213132871151,0.6530113422006428,1173091.9096804266
