cur_n,cur_mean,cur_std,cur_S,next_n,next_mean,next_std,next_S
5271000.0,-0.30897395565073443,1.341992160454478,9492770.335419854,5271000.0,-0.30897395216847245,1.341992161280096,9492770.347100103
5271000.0,-0.39283146713129,1.3661567651353783,9837711.681802524,5271000.0,-0.392831484592981,1.3661567607026377,9837711.617962085
5271000.0,-0.21742765866664457,1.0025472102014903,5297886.889666993,5271000.0,-0.21742765092469452,1.0025472120381012,5297886.909077861
5271000.0,0.09612280027938097,0.8222340320741284,3563558.663253132,5271000.0,0.09612281063913115,0.8222340312070531,3563558.655737331
5271000.0,0.0875181840016076,0.7298519916248795,2807776.993336972,5271000.0,0.08751818787433939,0.7298519912146786,2807776.990180845
5271000.0,0.09703127408100493,0.6372160024809768,2140259.156453815,5271000.0,0.09703128347828134,0.6372160014152571,2140259.14929481
