cur_n,cur_mean,cur_std,cur_S,next_n,next_mean,next_std,next_S
171000.0,0.12517294170390852,1.3929639953281645,331799.62637998303,171000.0,0.12517325142039928,1.392963973384584,331799.61592619994
171000.0,0.010647139807672413,1.386820761539056,328879.48201271624,171000.0,0.010647120353155466,1.386820761711746,328879.4820946218
171000.0,0.04041955348989871,1.283546595314598,281721.108460772,171000.0,0.04041951571922972,1.2835465965990356,281721.1090246054
171000.0,0.012997786930559434,0.9078561468586476,140938.67595952417,171000.0,0.01299850999956242,0.9078561857450897,140938.68803325153
171000.0,0.014800311703498333,0.8088088826529326,111863.3792805668,171000.0,0.014800247595455288,0.8088088842604932,111863.37972523838
171000.0,0.02085755699871567,0.8080841559834329,111663.00053889917,171000.0,0.020856790645102336,0.808084237903033,111663.02317859269
