cur_n,cur_mean,cur_std,cur_S,next_n,next_mean,next_std,next_S
211000.0,-0.30603951172321187,1.242515771573825,325751.38839064626,211000.0,-0.30603961753608444,1.242515746462112,325751.3752235291
211000.0,-0.32054668202358666,1.1732542534342443,290446.8896155262,211000.0,-0.3205470562971552,1.1732541637744702,290446.84522378177
211000.0,-0.2046641984938454,0.9812937203613998,203179.7841459713,211000.0,-0.20466436817020342,0.9812936880679869,203179.77077307712
211000.0,0.11363818306194945,0.7947989382054341,133289.82930839446,211000.0,0.11363784199514666,0.7947990024111057,133289.85084330832
211000.0,0.08782549009099744,0.7092297574091372,106134.44509566556,211000.0,0.08782455522832879,0.7092300031799275,106134.51865363658
211000.0,0.09904983424524556,0.6438753538034706,87475.42443069987,211000.0,0.09904983157915014,0.6438753542147767,87475.42454245809
