cur_n,cur_mean,cur_std,cur_S,next_n,next_mean,next_std,next_S
631000.0,0.16121819093459086,1.4358640623562704,1300936.237112305,631000.0,0.1612182859527112,1.4358640536715082,1300936.2213749907
631000.0,-0.015146401814545343,1.4069936669053948,1249147.2737672022,631000.0,-0.01514640733412328,1.4069936668527911,1249147.2736737975
631000.0,0.03959643916851911,1.2449593031735133,978001.8335982747,631000.0,0.03959642901870351,1.2449593035224091,978001.8341464383
631000.0,0.013374153244012827,0.9414908320199364,559321.5466566607,631000.0,0.013374392137550374,0.9414908477509228,559321.5653476121
631000.0,0.01893472520900522,0.8061627145743958,410085.84141544404,631000.0,0.018934708897641674,0.8061627150616358,410085.8419111509
631000.0,0.00815884465353898,0.7458202348064094,350992.3760900599,631000.0,0.008158644563500426,0.7458202539314402,350992.39409101993
