cur_n,cur_mean,cur_std,cur_S,next_n,next_mean,next_std,next_S
3721000.0,-0.31055212498776585,1.3450207112475858,6731589.335621742,3721000.0,-0.3105520952581445,1.345020719334465,6731589.416568525
3721000.0,-0.3830275119244008,1.3631318668122954,6914096.097593644,3721000.0,-0.3830274822170623,1.363131876364338,6914096.194493649
3721000.0,-0.16075358295797024,0.9771397971682013,3552818.9237240884,3721000.0,-0.16075357247167063,0.9771397991026812,3552818.937791384
3721000.0,0.09876347629479501,0.8562664289183952,2728208.1661259923,3721000.0,0.09876340116886495,0.8562664498466231,2728208.299487668
3721000.0,0.09366342936558751,0.7682233980737941,2196012.1115640835,3721000.0,0.09366339320514377,0.7682234056492591,2196012.1548739146
3721000.0,0.09246338658173217,0.6558943247079752,1600764.3958501504,3721000.0,0.09246336083655583,0.6558943302174796,1600764.4227429538
