cur_n,cur_mean,cur_std,cur_S,next_n,next_mean,next_std,next_S
1951000.0,-0.1308942470228954,1.2274403172010997,2939395.587699226,1951000.0,-0.1308942672931736,1.2274403153660578,2939395.578910344
1951000.0,-0.12344132973216908,1.1864112651172882,2746172.367184546,1951000.0,-0.1234413501178181,1.1864112633378792,2746172.358946991
1951000.0,-0.176388157282513,0.9925711500619973,1922120.2989619575,1951000.0,-0.17638815799233235,0.9925711499363054,1922120.2984751512
1951000.0,0.10604054420107879,1.1285724965052892,2484941.641622822,1951000.0,0.10604051346891057,1.1285725002092066,2484941.6579337246
1951000.0,0.10470944079899121,1.025003100815494,2049781.7768853684,1951000.0,0.10470942172990151,1.025003103109601,2049781.7860607917
1951000.0,0.09892387969304237,0.6563611903505063,840510.3337989489,1951000.0,0.09892387177792537,0.6563611916365687,840510.3370927105
