cur_n,cur_mean,cur_std,cur_S,next_n,next_mean,next_std,next_S
862000.0,0.0002689239654298035,0.01390894746383021,166.76150245346955,862000.0,0.0002689353679371171,0.01390895127223647,166.76159377535262
862000.0,-0.0073992583608092875,0.020148770277859378,349.94867747797645,862000.0,-0.007399246448982435,0.020148777687436833,349.9489348606626
862000.0,-0.005855568445407139,0.014316636669407024,176.68076572152407,862000.0,-0.005855566967111481,0.014316637339826589,176.6807822687408
862000.0,-0.00020070220904954593,0.11425875463772417,11253.46431579547,862000.0,-0.00020069975855715056,0.11425875466468008,11253.464321105303
862000.0,-0.00016368874749829793,0.0692101911486896,4129.023581718488,862000.0,-0.0001636892623603342,0.06921019114912452,4129.023581770381
862000.0,-0.0007540153121952594,0.05979805740779539,3082.3462113210458,862000.0,-0.0007540101803130509,0.05979805766232494,3082.346237560969
