cur_n,cur_mean,cur_std,cur_S,next_n,next_mean,next_std,next_S
202000.0,-0.007244244333976047,0.016170272171685356,52.81849582548913,202000.0,-0.007244231163869174,0.016170279155240025,52.81854144759478
202000.0,-0.011639785634519917,0.02055096302021189,85.31310037373954,202000.0,-0.011639772974720693,0.0205509709782114,85.313166445752
202000.0,-0.003851192894196577,0.008858121086777868,15.850194455979782,202000.0,-0.0038511798729529085,0.00885812868116933,15.85022163389525
202000.0,-0.00046876279365438295,0.052322969883979956,553.0140218509345,202000.0,-0.00046882931286097864,0.05232297782927292,553.0141898023622
202000.0,-0.0006684978916437728,0.06006401284566026,728.7524991029753,202000.0,-0.0006685564554733672,0.06006401796104327,728.7526232321547
202000.0,-0.0005188821318968806,0.04461293414934359,402.0434064695609,202000.0,-0.0005189470775135086,0.04461294294298157,402.0435649628132
