cur_n,cur_mean,cur_std,cur_S,next_n,next_mean,next_std,next_S
2302000.0,-0.006463704654808307,0.03508686929403257,2833.9654895637223,2302000.0,-0.006463707063193408,0.035086869040635536,2833.965448629979
2302000.0,-0.015812210613103436,0.05949283580066651,8147.693071714864,2302000.0,-0.01581222179812449,0.05949283524825409,8147.692920406333
2302000.0,-0.03174864266300128,0.08890146388799607,18193.788587848794,2302000.0,-0.03174864181407991,0.08890146420048708,18193.7887157521
2302000.0,-0.00037831505063356635,0.16421011517558534,62073.34235360367,2302000.0,-0.0003783019645476599,0.16421011640604882,62073.34328386282
2302000.0,-0.0005023000178683061,0.15274130127737962,53705.441576818484,2302000.0,-0.0005022792561473301,0.15274130459387703,53705.44390904898
2302000.0,-0.0004509096696377613,0.1555688286378439,55712.22234151445,2302000.0,-0.0004508898141231315,0.15556883161225568,55712.224471903835
