cur_n,cur_mean,cur_std,cur_S,next_n,next_mean,next_std,next_S
2331000.0,-0.33952667669437553,1.3668511483250532,4354965.485770291,2331000.0,-0.3395267208233455,1.366851139023857,4354965.426500649
2331000.0,-0.4000691659398787,1.3770483658980952,4420187.192914713,2331000.0,-0.40006915634754686,1.377048368762851,4420187.211305872
2331000.0,-0.18472693564155082,1.0068138240082052,2362874.2716548927,2331000.0,-0.18472690725478763,1.0068138301492975,2362874.3004797427
2331000.0,0.10434379197388784,0.8448312226393518,1663727.4615536302,2331000.0,0.10434410951636072,0.844831322526113,1663727.8549679667
2331000.0,0.09422004154131135,0.7666383918228137,1370008.9419166576,2331000.0,0.09422005188544857,0.766638390714177,1370008.9379543148
2331000.0,0.09431409674638476,0.650325991569183,985835.599968638,2331000.0,0.09431410884628288,0.6503259900767577,985835.5954438738
