cur_n,cur_mean,cur_std,cur_S,next_n,next_mean,next_std,next_S
4391000.0,-0.30262479151699767,1.334068855493211,7814837.071865876,4391000.0,-0.3026247743699729,1.3340688598668664,7814837.123106718
4391000.0,-0.384743198065825,1.3562636842635418,8077030.1368780425,4391000.0,-0.3847432095715825,1.3562636812139752,8077030.100555547
4391000.0,-0.20990894978947705,0.9988179859222766,4380625.687287048,4391000.0,-0.20990895716680186,0.998817984491531,4380625.674737093
4391000.0,0.09627595513136819,0.8250473813566919,2988967.6698942003,4391000.0,0.09627595616662978,0.8250473812387698,2988967.6690397877
4391000.0,0.08846154896579052,0.733569891508452,2362905.934130427,4391000.0,0.08846158383182508,0.7335698909422272,2362905.930482688
4391000.0,0.09762587623976604,0.6409681983070392,1803999.4553791082,4391000.0,0.09762587647817107,0.640968198270891,1803999.4551756305
