cur_n,cur_mean,cur_std,cur_S,next_n,next_mean,next_std,next_S
401000.0,-0.3265154057338571,1.312586907427182,690876.6402092507,401000.0,-0.32651534189061965,1.3125869239312535,690876.6575829996
401000.0,-0.4169875234659576,1.2931075829397163,670523.0156435344,401000.0,-0.4169875702313465,1.2931075681984139,670523.0003557382
401000.0,-0.23002293559166725,0.9989988883106683,400197.51031722635,401000.0,-0.23002295039861373,0.9989988849453245,400197.50762092276
401000.0,0.10341568645846229,0.779511704512281,243663.0374861283,401000.0,0.1034158485452645,0.7795116897661618,243663.02826732083
401000.0,0.10643486487192294,0.7116349274120003,203076.13223498582,401000.0,0.10643522978506786,0.7116349103517958,203076.12249819483
401000.0,0.09840608516902546,0.613659471005129,151007.7564880722,401000.0,0.09840608964540136,0.6136594702938519,151007.75613801373
