cur_n,cur_mean,cur_std,cur_S,next_n,next_mean,next_std,next_S
3891000.0,-0.3091922033900864,1.3427044626125284,7014909.8708211575,3891000.0,-0.3091921885180685,1.3427044663576768,7014909.909953937
3891000.0,-0.38121497580271596,1.3617920606853682,7215772.405979324,3891000.0,-0.38121503716974064,1.3617920488866522,7215772.280942836
3891000.0,-0.16013185612660835,0.9745651855841371,3695583.478006736,3891000.0,-0.16013186517919664,0.9745651842602571,3695583.467966343
3891000.0,0.09850443562804823,0.8581944098439631,2865712.337035183,3891000.0,0.0985043144407262,0.8581944570474417,2865712.6522821547
3891000.0,0.09363247466162924,0.7682786160792117,2296670.656218575,3891000.0,0.09363229931991286,0.7682787153029927,2296671.2494522175
3891000.0,0.09309085812214292,0.6562414208485265,1675670.054283507,3891000.0,0.09309089179117083,0.6562414194331271,1675670.0470552447
