cur_n,cur_mean,cur_std,cur_S,next_n,next_mean,next_std,next_S
2761000.0,-0.3013083356130249,1.3247266948281937,4845281.152949577,2761000.0,-0.3013083835942629,1.3247266863140943,4845281.090667742
2761000.0,-0.3594293924100717,1.3214251349279222,4821159.873112425,2761000.0,-0.35942940887193453,1.3214251307334186,4821159.842505512
2761000.0,-0.19082107515487312,0.9866496473734185,2687771.451114034,2761000.0,-0.19082107994256434,0.9866496464795527,2687771.446244003
2761000.0,0.09707353140494944,0.8388704889508718,1942925.908059415,2761000.0,0.09707354935610396,0.8388704874038944,1942925.9008934398
2761000.0,0.0868953502857696,0.7434239269029046,1525947.0919882809,2761000.0,0.08689535984775322,0.7434239259550321,1525947.0880970873
2761000.0,0.09711664905044147,0.6524085222798391,1175183.4255236262,2761000.0,0.09711664896831419,0.6524085222920537,1175183.4255676304
