cur_n,cur_mean,cur_std,cur_S,next_n,next_mean,next_std,next_S
201000.0,-0.0069541335434342875,0.036689216312911756,270.5658173247816,201000.0,-0.006954010944773017,0.03668928072192596,270.56676729834993
201000.0,-0.005913741996852876,0.035334054759581006,250.94758057636696,201000.0,-0.005913602892181233,0.03533413307786216,250.94869303317864
201000.0,-0.007003691160789304,0.03816199910979931,292.723973387321,201000.0,-0.007003524553450104,0.03816210278693213,292.725563913195
201000.0,-0.000741174626870611,0.11302586997689434,2567.744304090799,201000.0,-0.0007415515924224771,0.11302599385896235,2567.7499328490453
201000.0,-0.000813666060885747,0.11056602755429848,2457.194136276716,201000.0,-0.0008138446921864622,0.11056605524368908,2457.1953670022517
201000.0,-0.000722450406013261,0.11605823716617594,2707.372397238189,201000.0,-0.0007228502188746836,0.11605837309813469,2707.378739203353
