cur_n,cur_mean,cur_std,cur_S,next_n,next_mean,next_std,next_S
242000.0,0.0004568889012112101,0.014456963196743864,50.57891593902559,242000.0,0.00045686832244639796,0.014456967391520895,50.57894529059863
242000.0,-0.007537507070253831,0.02132794326010621,110.081241616927,242000.0,-0.00753752535308599,0.021327938695134576,110.08119449398735
242000.0,-0.005925873327188945,0.017040828170752167,70.27433758831437,242000.0,-0.005925896288805713,0.017040823929621984,70.2743026084913
242000.0,-0.0001355982913120066,0.11806072037433417,3373.0767542642275,242000.0,-0.00013559750258634998,0.11806072037587668,3373.0767543523684
242000.0,-0.00011558649797819327,0.07285964426013612,1284.6637183346882,242000.0,-0.00011558486187918367,0.07285964426717809,1284.6637185830161
242000.0,-0.0007873092658743135,0.06325740517723007,968.3628329610132,242000.0,-0.000787310250705622,0.06325740516682822,968.3628326425444
