cur_n,cur_mean,cur_std,cur_S,next_n,next_mean,next_std,next_S
822000.0,-0.007596312329695668,0.015206486248143705,190.07699814031656,822000.0,-0.007596319608837116,0.015206484043988664,190.0769430376273
822000.0,-0.013257143911951274,0.021586797552696962,383.04363909368357,822000.0,-0.01325715250542275,0.02158679368118628,383.04350169883344
822000.0,-0.0042671216695035945,0.008707242511098804,62.320811304904865,822000.0,-0.004267128523072535,0.008707241369544785,62.32079496389497
822000.0,-0.0006218544683211732,0.056438542443888705,2618.3240581626956,822000.0,-0.000621855473388807,0.056438542440170436,2618.3240578176956
822000.0,-0.001014384749274571,0.06563722606041175,3541.3777557124004,822000.0,-0.0010143861617025525,0.06563722605107712,3541.3777547051222
822000.0,-0.0007056647979528173,0.05020277403668205,2071.7018242440454,822000.0,-0.0007056657959890471,0.050202774030808146,2071.7018237592524
