cur_n,cur_mean,cur_std,cur_S,next_n,next_mean,next_std,next_S
3001000.0,-0.32297642294982004,1.3558845946661966,5517107.525193402,3001000.0,-0.32297771512644163,1.3558861346725826,5517120.057802267
3001000.0,-0.3919494919820544,1.3723788831432813,5652154.820491699,3001000.0,-0.39195034129107054,1.3723794292480336,5652159.318767298
3001000.0,-0.17021191978660818,0.9908118323007792,2946105.9691687096,3001000.0,-0.17021144413539233,0.9908122566402169,2946108.4926533457
3001000.0,0.10155493569340471,0.8515106148233013,2175936.0517974263,3001000.0,0.10155506947449175,0.8515106304060084,2175936.131437008
3001000.0,0.09439613675377194,0.770052874581656,1779537.2703840665,3001000.0,0.0943964838567214,0.770053066796591,1779538.1587741883
3001000.0,0.09245640894204303,0.6530629640252552,1279900.1961793366,3001000.0,0.09245619309073826,0.6530631016349298,1279900.735565821
