cur_n,cur_mean,cur_std,cur_S,next_n,next_mean,next_std,next_S
3962000.0,-0.004125401385819436,0.030015924262032735,3569.586520262786,3962000.0,-0.00412540348707032,0.030015924264635403,3569.586520881821
3962000.0,-0.013799037358335436,0.04876584220479212,9422.061383864915,3962000.0,-0.01379904160024342,0.04876584173543777,9422.061202496758
3962000.0,-0.019950740633159537,0.06993975745634991,19380.399044636193,3962000.0,-0.019950740406495502,0.06993975752245121,19380.399081269712
3962000.0,-0.0002859009798272285,0.16208350203701177,104085.94618828986,3962000.0,-0.00028590073523139276,0.1620835020381741,104085.9461897827
3962000.0,-0.00045518422751323457,0.12918482067443815,66120.70029082485,3962000.0,-0.00045518288439284606,0.1291848207068289,66120.70032398202
3962000.0,-0.0005604886367091332,0.1284908667332877,65412.23502779887,3962000.0,-0.000560490270251825,0.12849086676730137,65412.235062430285
