cur_n,cur_mean,cur_std,cur_S,next_n,next_mean,next_std,next_S
2341000.0,-0.31190798967103817,1.3312676460011048,4148892.369522305,2341000.0,-0.31190812858980577,1.331267630421226,4148892.272412997
2341000.0,-0.3652406111991661,1.3258437077335394,4115153.8589050253,2341000.0,-0.36524052265399043,1.3258437390474485,4115154.0532892565
2341000.0,-0.1921845176864804,0.9900720583515565,2294748.1155853905,2341000.0,-0.1921845347217918,0.9900720553878689,2294748.101847165
2341000.0,0.09857488326012857,0.8400083837948584,1651842.5726236673,2341000.0,0.09857493192497695,0.8400083813841016,1651842.563142355
2341000.0,0.09051540687975333,0.7507145051790766,1319322.680058148,2341000.0,0.09051510641482395,0.7507146821683857,1319323.302148265
2341000.0,0.09908571113402383,0.6545494636195001,1002966.3357598305,2341000.0,0.09908570693532735,0.6545494642866059,1002966.3378042433
