cur_n,cur_mean,cur_std,cur_S,next_n,next_mean,next_std,next_S
201000.0,-0.3026498144213581,1.2430653237601479,310587.49122611916,201000.0,-0.30264968624397276,1.2430653562958631,310587.5074846152
201000.0,-0.32496849169901276,1.1772099978864612,278550.49920389225,201000.0,-0.3249686085543977,1.1772099667943217,278550.4844898975
201000.0,-0.20182620511688915,0.9873562952914817,195949.36322419567,201000.0,-0.20182643101071868,0.9873562543103412,195949.3469580752
201000.0,0.11236535535188416,0.7970174089699995,127682.58679045153,201000.0,0.11236534724355436,0.7970174101214136,127682.58715936575
201000.0,0.08849880510829009,0.7148711059976505,102719.18033625111,201000.0,0.08849847355202853,0.7148711624976318,102719.19657311383
201000.0,0.0973507697087126,0.6452912263461592,83696.55412666536,201000.0,0.09735071022714893,0.6452912358707741,83696.55659741783
