cur_n,cur_mean,cur_std,cur_S,next_n,next_mean,next_std,next_S
2342000.0,-0.006390087206567799,0.03496670009138669,2863.4934099880597,2342000.0,-0.00639008925744899,0.034966699857451815,2863.4933716732644
2342000.0,-0.015829375820283806,0.05918825909456946,8204.611534300662,2342000.0,-0.015829382695685092,0.059188258191029734,8204.611283805292
2342000.0,-0.031417986453155806,0.08826842024733526,18247.257418352754,2342000.0,-0.03141799132812406,0.08826841882742542,18247.25683129206
2342000.0,-0.0003775614034401051,0.16470007756030106,63529.36261428062,2342000.0,-0.00037756193722482753,0.16470007756110436,63529.36261490034
2342000.0,-0.0005059346448214075,0.15210117603851303,54181.626075883636,2342000.0,-0.0005059320487096216,0.15210117609903798,54181.62611900415
2342000.0,-0.00045248012005429984,0.15484643313817792,56155.11261785315,2342000.0,-0.0004524781393654063,0.1548464331736403,56155.112643574044
