cur_n,cur_mean,cur_std,cur_S,next_n,next_mean,next_std,next_S
741000.0,-0.36915996134671997,1.361995878742814,1374579.285320896,741000.0,-0.3691598430394212,1.361995914616692,1374579.3577315265
741000.0,-0.412356636179658,1.3499696103474736,1350411.7001065272,741000.0,-0.4123565982686545,1.3499696223221032,1350411.724063629
741000.0,-0.2158990997880425,1.0268165903099316,781275.0618105639,741000.0,-0.2158990820330536,1.0268165941568381,781275.0676645639
741000.0,0.10238006588833043,0.7803812501062899,451265.21757843473,741000.0,0.10238007597668515,0.7803812488310952,451265.21610364015
741000.0,0.09298313171592859,0.7244968826850008,388947.73816803034,741000.0,0.0929831064539926,0.7244968862535179,388947.7419995627
741000.0,0.09092499299160513,0.6252088977134317,289646.6488430128,741000.0,0.0909249803365199,0.6252088996487818,289646.65063623
