cur_n,cur_mean,cur_std,cur_S,next_n,next_mean,next_std,next_S
2531000.0,-0.3028254022103438,1.3254936939491895,4446798.77126134,2531000.0,-0.30282542368486204,1.3254936894833877,4446798.741297377
2531000.0,-0.36152523417864246,1.3250696893255693,4443954.304052053,2531000.0,-0.3615252558859542,1.325069683853111,4443954.267345523
2531000.0,-0.18982473459503094,0.9875116939004833,2468178.923688801,2531000.0,-0.1898247376465049,0.9875116933258262,2468178.920816214
2531000.0,0.09635972536229812,0.8384911511555733,1779463.616143048,2531000.0,0.09635972851530278,0.8384911508082457,1779463.6146688364
2531000.0,0.08795218937217696,0.7483357856779265,1417376.320207411,2531000.0,0.08795217519892469,0.748335787683435,1417376.3278044292
2531000.0,0.09750649530111123,0.653937960749529,1082343.8218249185,2531000.0,0.0975064947522506,0.6539379608319367,1082343.8220977068
