cur_n,cur_mean,cur_std,cur_S,next_n,next_mean,next_std,next_S
1751000.0,-0.0536599746020319,0.1455670590769534,37103.28497323647,1751000.0,-0.05365997950042394,0.14556705741558731,37103.284126312195
1751000.0,-0.05929578030765654,0.15143971728708017,40157.41293895583,1751000.0,-0.05929577224409982,0.15143972082023602,40157.4148127364
1751000.0,-0.07217615180920077,0.21285900952308168,79335.98534444306,1751000.0,-0.07217616872494627,0.21285900496421634,79335.98194611784
1751000.0,0.0325832203273514,0.15365081831092664,41338.61301729805,1751000.0,0.032583226554205307,0.15365081721139168,41338.612425654595
1751000.0,0.032394995381164,0.11971552158888958,25094.9924973841,1751000.0,0.032394991741055,0.11971552267080693,25094.992950971202
1751000.0,0.05133135391219849,0.3157064164817763,174523.1180049961,1751000.0,0.05133134896075784,0.3157064173548539,174523.11897027414
