cur_n,cur_mean,cur_std,cur_S,next_n,next_mean,next_std,next_S
2282000.0,-0.006498436051407461,0.03516849769839773,2822.430611686555,2282000.0,-0.006498442258063362,0.03516849780135075,2822.4306282114435
2282000.0,-0.015803701738945658,0.05966974374688275,8125.011523544166,2282000.0,-0.015803716437370215,0.05966974398512939,8125.011588426521
2282000.0,-0.03191683359338275,0.0892298476058662,18169.205735994256,2282000.0,-0.0319168429742554,0.08922984537567481,18169.204827759917
2282000.0,-0.0003804760011121707,0.16414733387325575,61487.00035078706,2282000.0,-0.00038047402664671267,0.16414733390493255,61487.00037451831
2282000.0,-0.0005022646728928268,0.1531415946194477,53518.25814190411,2282000.0,-0.0005022573128865616,0.153141595047186,53518.25844086676
2282000.0,-0.0004531529022420449,0.15599621582245315,55532.05775881173,2282000.0,-0.0004531515668206242,0.15599621583938242,55532.05777086479
