cur_n,cur_mean,cur_std,cur_S,next_n,next_mean,next_std,next_S
1011000.0,0.1822090695290279,1.4736927816278143,2195659.889182766,1011000.0,0.18220912171505327,1.4736927761096545,2195659.872739716
1011000.0,0.0009499455601849857,1.478058191233709,2208687.232856467,1011000.0,0.0009499453764168866,1.4780581912338555,2208687.232856905
1011000.0,0.046832450234430965,1.3340461209730827,1799255.5224650456,1011000.0,0.046832446781587114,1.3340461210987633,1799255.5228040616
1011000.0,0.0061374967837571695,0.8848865385682534,791637.4521868373,1011000.0,0.006137647289744383,0.8848865504645016,791637.4734720875
1011000.0,0.012721960791898468,0.7727887368446839,603771.658543736,1011000.0,0.012721948824771826,0.7727887371354096,603771.658998018
1011000.0,-0.00012252735488763096,0.7068306845436307,505105.3223951543,1011000.0,-0.000122655752951407,0.7068306963115772,505105.33921404055
