cur_n,cur_mean,cur_std,cur_S,next_n,next_mean,next_std,next_S
21000.0,-0.08605155138560996,1.6362637659314903,56224.541345706355,21000.0,-0.08604839236035973,1.6362639961010672,56224.557163669306
21000.0,0.07023731232176787,1.5077706405123315,47740.8183922103,21000.0,0.07023769834875868,1.5077706235675195,47740.81731915692
21000.0,-0.06563718541103651,1.3534574082226734,38468.78607332957,21000.0,-0.06563632672903608,1.353457455585172,38468.78876566084
21000.0,0.12655550088581,0.9418655232041319,18629.323939812453,21000.0,0.1265661644088148,0.9418653579769577,18629.31740369832
21000.0,0.0003461303739724211,0.7448870270107139,11651.990343186058,21000.0,0.0003452142838984808,0.744887039265574,11651.990726582488
21000.0,0.06219538915256668,0.7077286659806507,10518.47715766578,21000.0,0.0621874997837962,0.7077302826911955,10518.525213801351
