cur_n,cur_mean,cur_std,cur_S,next_n,next_mean,next_std,next_S
51000.0,-0.1652278685233392,1.1472840567807774,67129.29605411126,51000.0,-0.16522961996041294,1.147283872723737,67129.27451521078
51000.0,-0.13240613441925614,1.0891735723146512,60501.252602061584,51000.0,-0.13242493578931108,1.089179562564881,60501.9180949603
51000.0,-0.06831789568950103,0.8634368033724508,38021.67878431984,51000.0,-0.06831830193387738,0.8634367761029841,38021.676382682854
51000.0,0.12873774249908435,1.3455024898226482,92329.22445606624,51000.0,0.12875597428389504,1.3455070448889412,92329.84960013434
51000.0,0.08166841214682473,1.1915777588282397,72412.73532204065,51000.0,0.08168651073867154,1.1915835280627247,72413.43652187093
51000.0,0.051740098974262974,0.7207114187684052,26490.672406301543,51000.0,0.05173991121545853,0.7207114334949611,26490.673488888446
