cur_n,cur_mean,cur_std,cur_S,next_n,next_mean,next_std,next_S
662000.0,-0.00736901582872298,0.015168940764759213,152.32405771820027,662000.0,-0.00736901692661155,0.015168940257710973,152.32404753480705
662000.0,-0.012954166236700728,0.021263901805073766,299.32563022399245,662000.0,-0.012954167391477013,0.021263901122330845,299.3256110024541
662000.0,-0.004269322122713139,0.008873026089710424,52.119651896507385,662000.0,-0.00426932361015468,0.008873025456551397,52.11964445822725
662000.0,-0.0006249588598423991,0.05711643262176802,2159.6339115392716,662000.0,-0.0006249536658370369,0.05711643283493962,2159.633927659768
662000.0,-0.0010229980227702369,0.06622696528532312,2903.539236258047,662000.0,-0.0010229926750921158,0.06622696551085863,2903.539256034016
662000.0,-0.0007120119530871481,0.05094039558924805,1717.8396236463725,662000.0,-0.0007120069172984621,0.05094039582441304,1717.839639507095
