cur_n,cur_mean,cur_std,cur_S,next_n,next_mean,next_std,next_S
641000.0,-0.020655795379949996,1.1398285154756345,832792.9976471802,641000.0,-0.02065606727689318,1.1398285313355991,832793.0208227148
641000.0,-0.09631751770758328,1.1058652324269342,783903.2017783242,641000.0,-0.09631870324160509,1.105865536506818,783903.6328782814
641000.0,-0.10852909895282813,0.8145356543581638,425283.20095345716,641000.0,-0.10852916929084429,0.814535646932987,425283.1931998299
641000.0,0.09286327912008341,1.4022369098585197,1260378.0132278944,641000.0,0.09286341580063752,1.402236905076749,1260378.0046318597
641000.0,0.10995071907114268,1.2760102419078434,1043677.5701078299,641000.0,0.10995097580033773,1.2760102363408852,1043677.5610011487
641000.0,0.09428994117577183,0.7345791402460108,345887.77501540835,641000.0,0.09428999691870629,0.7345791344466066,345887.76955393277
