cur_n,cur_mean,cur_std,cur_S,next_n,next_mean,next_std,next_S
301000.0,-0.004437668467105433,0.03234250384121247,314.8573039703718,301000.0,-0.004437709259392847,0.032342505987308034,314.8573457552559
301000.0,-0.003138778934013022,0.03111394944294074,291.3914328312996,301000.0,-0.003138820256256518,0.03111395353373223,291.3915094542737
301000.0,-0.004595769457990932,0.033606693093856214,339.95235603209744,301000.0,-0.004595808409130151,0.03360669456160185,339.9523857263965
301000.0,-0.0008245506287436123,0.10636225476974036,3405.1917011506494,301000.0,-0.0008245558596883568,0.10636225476790674,3405.1917010332436
301000.0,-0.0008407519774571731,0.10332919542092489,3213.7537105270417,301000.0,-0.00084075582545859,0.10332919541117885,3213.7537099207966
301000.0,-0.0008061800618335825,0.10867773805693137,3555.066075500468,301000.0,-0.0008061925726604814,0.1086777381808794,3555.066083609644
