cur_n,cur_mean,cur_std,cur_S,next_n,next_mean,next_std,next_S
722000.0,0.0002785227532888224,0.013873886227229395,138.97396715128818,722000.0,0.00027852106566741725,0.013873886335215855,138.97396931467722
722000.0,-0.007417966944176858,0.02022435850415495,295.3158167251102,722000.0,-0.007417969569910849,0.02022435766414307,295.3157921934258
722000.0,-0.005807185997308781,0.014334693177712398,148.35903537638944,722000.0,-0.005807190124404244,0.014334691934718768,148.35900964729632
722000.0,-0.00018715701907740678,0.11415733868500974,9409.030338414985,722000.0,-0.00018715722685605334,0.11415733868480477,9409.030338381195
722000.0,-0.0001475552428929192,0.06934615532773926,3472.018044809515,722000.0,-0.000147555240618394,0.06934615532774578,3472.0180448101673
722000.0,-0.0007479848591311354,0.059781982294410334,2580.345263889516,722000.0,-0.0007479846139532455,0.05978198229783975,2580.3452641855606
