cur_n,cur_mean,cur_std,cur_S,next_n,next_mean,next_std,next_S
561000.0,-0.029134943881267986,1.137583753817331,725988.303088462,561000.0,-0.02913467509714548,1.1375837785150298,725988.3346118388
561000.0,-0.10208113375374289,1.0963756600475343,674344.2088369579,561000.0,-0.10208110879477827,1.096375662530768,674344.2118916669
561000.0,-0.10336512022768525,0.8129762694275879,370781.9626199953,561000.0,-0.10336508336358208,0.8129762745835187,370781.9673230259
561000.0,0.09524268072910673,1.4046685400946695,1106905.5699252782,561000.0,0.0952427545361407,1.4046685361780389,1106905.563752519
561000.0,0.10445135361982191,1.2687678741681105,903082.0462903182,561000.0,0.10445138884823721,1.2687678715422919,903082.0425523143
561000.0,0.09325049984199459,0.7426103622819736,309374.7542445645,561000.0,0.09325050627267908,0.742610361490075,309374.75358474755
