cur_n,cur_mean,cur_std,cur_S,next_n,next_mean,next_std,next_S
2591000.0,-0.3018416976663729,1.3258228675875796,4554476.061681233,2591000.0,-0.30184172805686754,1.3258228615712815,4554476.020346774
2591000.0,-0.3600245437715601,1.3244155521689598,4544812.353556785,2591000.0,-0.36002455264620964,1.3244155498335421,4544812.3375285305
2591000.0,-0.18959900609113728,0.9868912007842714,2523515.4415024263,2591000.0,-0.18959901149578706,0.986891199784265,2523515.436388323
2591000.0,0.0964484146786861,0.8385547439630906,1821923.9858922043,2591000.0,0.096448384337931,0.8385547488750066,1821924.0072363985
2591000.0,0.08709338149849719,0.7476537609861769,1448333.1051067647,2591000.0,0.08709338945093935,0.7476537601694011,1448333.1019422961
2591000.0,0.09758567754131629,0.6534669777355229,1106406.4647571587,2591000.0,0.09758569825997374,0.6534669754924958,1106406.4571616724
