cur_n,cur_mean,cur_std,cur_S,next_n,next_mean,next_std,next_S
1301000.0,-0.026778579724505494,0.14793251713953393,28471.122545037284,1301000.0,-0.026778582731807117,0.14793251663492873,28471.12235080445
1301000.0,-0.017131697811029623,0.03511917661354932,1604.596892383784,1301000.0,-0.017131698925988835,0.03511917609268017,1604.5968447867108
1301000.0,-0.004799942713244274,0.031892939013457536,1323.3245861498744,1301000.0,-0.004799915032040746,0.03189295880820448,1323.3262288259182
1301000.0,0.10589374144643449,0.4530176886008243,266997.7590669887,1301000.0,0.10589372323442474,0.4530176933341811,266997.76464644267
1301000.0,0.0009347401387406553,0.09736363644702095,12333.060690546154,1301000.0,0.0009347532985859371,0.09736363747772993,12333.060951666155
1301000.0,0.00203966754004379,0.07568531327008526,7452.47490487302,1301000.0,0.0020397020970768184,0.07568532260259662,7452.47674275432
