cur_n,cur_mean,cur_std,cur_S,next_n,next_mean,next_std,next_S
321000.0,-0.3236067759949599,1.284198077511079,529381.8694328917,321000.0,-0.32360674993983035,1.2841980841616005,529381.8749159484
321000.0,-0.3692614925617876,1.2467402157537328,498949.93415043026,321000.0,-0.36926130374222504,1.2467402762683852,498949.982586796
321000.0,-0.21087920089702156,0.9918678947454591,315800.41652119934,321000.0,-0.2108791844684346,0.9918678982819914,315800.4187731895
321000.0,0.10789757308329619,0.7821828650888603,196391.0210547964,321000.0,0.10789778508053298,0.782182845067094,196391.0110006384
321000.0,0.0960734625054599,0.7169164254852667,164984.10072291363,321000.0,0.09607330308988883,0.7169164525378425,164984.1131741417
321000.0,0.09259304609246119,0.6224092146471059,124353.22698331828,321000.0,0.09259304593334236,0.6224092146707878,124353.22699278127
