cur_n,cur_mean,cur_std,cur_S,next_n,next_mean,next_std,next_S
721000.0,-0.3768069048717655,1.377855295262626,1368807.8397866292,721000.0,-0.376807033478488,1.377855264419545,1368807.7785055197
721000.0,-0.43693617598868184,1.354631025319437,1323053.17984051,721000.0,-0.4369362829975073,1.3546309938510606,1323053.1183708787
721000.0,-0.2303402494112135,1.0538563305127464,800752.0922258514,721000.0,-0.23034022253106054,1.0538563366350666,800752.1015297015
721000.0,0.09996182808741078,0.7839262397371768,443083.59188024653,721000.0,0.09996164652329709,0.7839262780488467,443083.63518858823
721000.0,0.09655380560403372,0.7199715763553557,373736.8900176829,721000.0,0.09655379355678237,0.719971578043671,373736.89177049027
721000.0,0.08664059759299429,0.6090207377129463,267423.4127133478,721000.0,0.08664066567798163,0.609020730770959,267423.4066168397
