cur_n,cur_mean,cur_std,cur_S,next_n,next_mean,next_std,next_S
4901000.0,-0.3067409739099365,1.3381569008147918,8776043.730762616,4901000.0,-0.30674098623416435,1.3381568982679366,8776043.6973565
4901000.0,-0.38517360362525555,1.3576146615161195,9033119.206470449,4901000.0,-0.3851736043877646,1.3576146613008682,9033119.203606026
4901000.0,-0.21459346344620361,1.000172088113806,4902686.952831305,4901000.0,-0.21459346529263282,1.0001720877260085,4902686.949029459
4901000.0,0.09648154091812304,0.82286684823984,3318515.3745175544,4901000.0,0.09648153234014441,0.8228668494647458,3318515.384397327
4901000.0,0.08634286230057772,0.7303316415092691,2614116.486595745,4901000.0,0.08634285798222055,0.7303316420823923,2614116.4906985685
4901000.0,0.09767547239705605,0.6383746364133822,1997266.1866144137,4901000.0,0.09767546905990147,0.6383746369667067,1997266.1900767582
