cur_n,cur_mean,cur_std,cur_S,next_n,next_mean,next_std,next_S
3951000.0,-0.30222088525865154,1.3331607359609587,7022181.63178437,3951000.0,-0.302220918953634,1.333160730004931,7022181.569039786
3951000.0,-0.3743503482873892,1.343049354034213,7126740.972685654,3951000.0,-0.3743503488310624,1.3430493538831771,7126740.971082743
3951000.0,-0.20503798762199452,0.9942039706776811,3905332.506014817,3951000.0,-0.20503798800628747,0.994203970598727,3905332.505394538
3951000.0,0.09710274555319406,0.8290117954073173,2715366.460408556,3951000.0,0.09710274865728101,0.8290117950667194,2715366.45817735
3951000.0,0.0863550840627712,0.7350314396174031,2134611.5792600526,3951000.0,0.08635506900775917,0.7350314419952982,2134611.593071387
3951000.0,0.09831001808308736,0.6439243734780323,1638237.1036971111,3951000.0,0.09831001840271736,0.6439243734295143,1638237.1034502373
