cur_n,cur_mean,cur_std,cur_S,next_n,next_mean,next_std,next_S
1221000.0,-0.3650133209799396,1.3815120509838892,2330370.7429037425,1221000.0,-0.3650133040638033,1.3815120555798086,2330370.7584087774
1221000.0,-0.4255527343414782,1.389781647098812,2358352.9854940907,1221000.0,-0.42555279167086774,1.3897816309883182,2358352.930817543
1221000.0,-0.20587416338452844,1.0242129691435695,1280843.9037236632,1221000.0,-0.2058741573692228,1.024212970374263,1280843.9068017856
1221000.0,0.10054729428198231,0.8132283581059301,807496.5825241811,1221000.0,0.100547276861497,0.8132283604876077,807496.5872539636
1221000.0,0.09521385313075348,0.7515863597940803,689720.990655019,1221000.0,0.09521384363232044,0.7515863610706709,689720.9929980399
1221000.0,0.09149182570377577,0.6363310370092563,494403.8873554174,1221000.0,0.09149181969805395,0.6363310379073538,494403.88875098934
