cur_n,cur_mean,cur_std,cur_S,next_n,next_mean,next_std,next_S
961000.0,-0.37075254260886165,1.3782567008196425,1825507.4635534296,961000.0,-0.37075488478026725,1.3782579832668396,1825510.8607696637
961000.0,-0.4199770086104626,1.3778241320680313,1824361.7646915722,961000.0,-0.41998129977747023,1.3778292457599381,1824375.3066830155
961000.0,-0.2045232624494949,1.0193234265892281,998498.4583218549,961000.0,-0.20452392006676756,1.0193234984986892,998498.5992025345
961000.0,0.10206076495170627,0.8028631634328844,619450.2780887575,961000.0,0.10206069516725151,0.8028631752184919,619450.296275164
961000.0,0.09245414784529023,0.7369132850351806,521862.583264549,961000.0,0.09245554830055921,0.7369143881678597,521864.14568474743
961000.0,0.08718145785282568,0.6267319169186847,377473.9727528709,961000.0,0.0871820152236286,0.6267320775625157,377474.1662610399
