cur_n,cur_mean,cur_std,cur_S,next_n,next_mean,next_std,next_S
51000.0,-0.2552676203028472,1.279009053037567,83429.07204535475,51000.0,-0.25526554307824756,1.2790095536398804,83429.13735340639
51000.0,-0.32223961523630307,1.0826118781378027,59774.472412938085,51000.0,-0.3222410464505515,1.0826115003833239,59774.43069887381
51000.0,-0.20396841993809842,0.9928899676318227,50277.354879020015,51000.0,-0.20396840472808525,0.9928899707623398,50277.35519606243
51000.0,0.0988845853663094,0.8564849122923345,37411.8866542048,51000.0,0.09888836379953453,0.8564849011027325,37411.885676664824
51000.0,0.09627133668360464,0.7194215918755978,26395.938769697786,51000.0,0.09627253494972211,0.7194214824190011,26395.93073766361
51000.0,0.1121806083203566,0.6833448563214187,23814.969825707958,51000.0,0.1121805763458457,0.6833448616086325,23814.970194232978
