cur_n,cur_mean,cur_std,cur_S,next_n,next_mean,next_std,next_S
4021000.0,-0.30982309065278957,1.3444359699768833,7267989.979095452,4021000.0,-0.3098230739085208,1.3444359742548742,7267990.025348894
4021000.0,-0.38102345653933223,1.360318901136005,7440729.868920018,4021000.0,-0.3810234475181125,1.3603189037831405,7440729.897878844
4021000.0,-0.15897323347882605,0.9730762561146399,3807394.0262608323,4021000.0,-0.15897323966572285,0.973076255182919,3807394.01896967
4021000.0,0.09899649518757299,0.8589726617878104,2966830.6495030196,4021000.0,0.09899652458393401,0.8589726604224179,2966830.6400710824
4021000.0,0.09419394284456051,0.7677346797079804,2370043.901012213,4021000.0,0.09419393182605358,0.7677346813777772,2370043.9113217434
4021000.0,0.09339222175724082,0.6563979662076294,1732481.1842569204,4021000.0,0.09339221840674394,0.656397966718727,1732481.186954878
