cur_n,cur_mean,cur_std,cur_S,next_n,next_mean,next_std,next_S
4242000.0,-0.014680642485408455,0.025493878558166386,2757.0363339872692,4242000.0,-0.014680643743703595,0.025493877965302215,2757.0362057566394
4242000.0,-0.024323046892979157,0.04065895810184629,7012.66600720127,4242000.0,-0.024323045504503926,0.040658959033031496,7012.666328414169
4242000.0,-0.005786157617245736,0.00945646108591905,379.3393918952246,4242000.0,-0.005786158470828056,0.009456460727053553,379.33936310394296
4242000.0,-0.0006484151758723965,0.05516610213661039,12909.673615424876,4242000.0,-0.0006484218336160602,0.055166103762561904,12909.67437641769
4242000.0,-0.0010211123889296854,0.0685060895797007,19908.063640907385,4242000.0,-0.001021124212052718,0.068506093731356,19908.06605387303
4242000.0,-0.0007357421536155099,0.04644529812538591,9150.696975569252,4242000.0,-0.000735749030614854,0.046445300176162656,9150.697783661251
