cur_n,cur_mean,cur_std,cur_S,next_n,next_mean,next_std,next_S
701000.0,-0.3768185586216887,1.368624757491354,1313066.7424996053,701000.0,-0.37681854742097154,1.3686247606073583,1313066.7484786315
701000.0,-0.4161852524190693,1.3435777760668535,1265446.0694788669,701000.0,-0.41618514662635775,1.343577811756792,1265446.136707864
701000.0,-0.22031992277195409,1.0310987038725499,745278.3405264841,701000.0,-0.22031985680925034,1.0310987194461725,745278.3630397192
701000.0,0.10406180463131565,0.7802434850581239,426754.7070789284,701000.0,0.10406185905482176,0.7802434791301527,426754.70059431257
701000.0,0.09487584262606995,0.7196806221307835,363076.07870725676,701000.0,0.09487581058690842,0.719680626854469,363076.08347341866
701000.0,0.09257915559310921,0.623434066520048,272457.6947437043,701000.0,0.09257906060908194,0.623434085697273,272457.7115056455
