cur_n,cur_mean,cur_std,cur_S,next_n,next_mean,next_std,next_S
4442000.0,-0.015632123691416807,0.028076092127528256,3501.481788139643,4442000.0,-0.01563212396848623,0.028076091979335638,3501.4817511762544
4442000.0,-0.026580043328226798,0.046492950329622466,9601.802459626879,4442000.0,-0.02658004362486052,0.04649295016423896,9601.802391316318
4442000.0,-0.005858672594418258,0.010340354746413694,474.95168296322345,4442000.0,-0.005858672868663419,0.010340354607185742,474.9516701732272
4442000.0,-0.0005144435157598741,0.05265525540373927,12315.782243893844,4442000.0,-0.0005144444503303252,0.052655255431446536,12315.78225685501
4442000.0,-0.0007490683479625849,0.06843614431924912,20804.13298252439,4442000.0,-0.000749069298520757,0.06843614433816227,20804.132994023326
4442000.0,-0.0005856094957701868,0.0428386744433469,8151.745308656127,4442000.0,-0.0005856104300620615,0.04283867447582976,8151.745321018412
