cur_n,cur_mean,cur_std,cur_S,next_n,next_mean,next_std,next_S
1861000.0,-0.11890090842932022,1.2120457851443385,2733911.3276175363,1861000.0,-0.1189009444036335,1.2120457826088509,2733911.316179357
1861000.0,-0.12176376663616983,1.1751955985488205,2570198.617113096,1861000.0,-0.1217638205686714,1.1751955952638011,2570198.602744166
1861000.0,-0.16869697579744866,0.9763116314346599,1773876.1715164438,1861000.0,-0.16869699062819402,0.9763116290816373,1773876.1629659554
1861000.0,0.10545202566273935,1.1434929656627906,2433399.2384502487,1861000.0,0.10545202464377913,1.1434929657575708,2433399.2388536404
1861000.0,0.10703626416376245,1.036380811254214,1998872.53102679,1861000.0,0.10703623712202846,1.036380814703625,1998872.5443325802
1861000.0,0.09854505743064733,0.6617611316632629,814983.6272026309,1861000.0,0.09854505380817513,0.661761132221168,814983.6285767929
