cur_n,cur_mean,cur_std,cur_S,next_n,next_mean,next_std,next_S
3901000.0,-0.3034465550227938,1.3340176768721965,6942231.935771427,3901000.0,-0.303446562856083,1.3340176751801702,6942231.918160807
3901000.0,-0.37617885445455973,1.3439359222275848,7045844.839672519,3901000.0,-0.37617886292635483,1.3439359199604863,7045844.815901111
3901000.0,-0.20539930265447895,0.9946455719524421,3859336.5936517473,3901000.0,-0.2053993086221405,0.9946455707899438,3859336.5846304987
3901000.0,0.09769506248493733,0.8297306150119357,2685654.7374970196,3901000.0,0.09769507847468252,0.8297306137303079,2685654.7292003273
3901000.0,0.0871279298185528,0.7352116764612378,2108631.7521084854,3901000.0,0.0871279234965636,0.7352116773164664,2108631.7570141815
3901000.0,0.09850910872850603,0.6440152593742439,1617961.8074511176,3901000.0,0.0985091066487816,0.6440152597054281,1617961.8091151882
