cur_n,cur_mean,cur_std,cur_S,next_n,next_mean,next_std,next_S
2911000.0,-0.2992458180308091,1.3245884686508382,5107450.253444152,2911000.0,-0.29924581945196815,1.3245884683320848,5107450.250986003
2911000.0,-0.3622810166276376,1.3251601437029683,5111859.822201774,2911000.0,-0.36228103950744533,1.3251601380229505,5111859.778379971
2911000.0,-0.19047779598889,0.987250785754244,2837247.2357735755,2911000.0,-0.19047778792746983,0.9872507874053997,2837247.2452640454
2911000.0,0.096449940934337,0.8366297701519599,2037552.6227784618,2911000.0,0.09644991386342014,0.8366297745477453,2037552.6441897105
2911000.0,0.08728234678467064,0.7413827289918525,1600026.3493168007,2911000.0,0.08728234130381898,0.7413827296960698,1600026.352356435
2911000.0,0.09621494920254882,0.6524768660509558,1239288.5627899116,2911000.0,0.09621496966991833,0.6524768639672636,1239288.5548745478
