cur_n,cur_mean,cur_std,cur_S,next_n,next_mean,next_std,next_S
2711000.0,-0.30053468558692215,1.3237915012619221,4750821.298122839,2711000.0,-0.3005347248358897,1.3237914939288467,4750821.245488975
2711000.0,-0.35845277155778027,1.319950953819025,4723295.381042301,2711000.0,-0.35845276927751196,1.319950954443635,4723295.385512493
2711000.0,-0.1887738426673451,0.98414434976471,2625712.214282182,2711000.0,-0.18877385283647719,0.984144347956552,2625712.204633796
2711000.0,0.09671824224301614,0.8390841117503621,1908712.4794106253,2711000.0,0.09671829941096582,0.8390841104404053,1908712.4734509583
2711000.0,0.08711726959189549,0.7447860766463855,1503808.779208682,2711000.0,0.08711727491270013,0.744786076075545,1503808.7769034964
2711000.0,0.09632634907446998,0.6521685025935572,1153052.7019063574,2711000.0,0.09632632054387086,0.6521685084993952,1153052.722789741
