cur_n,cur_mean,cur_std,cur_S,next_n,next_mean,next_std,next_S
1002000.0,0.0002342648153302496,0.013776928769151415,190.18337384289245,1002000.0,0.00023426589460965604,0.013776928793158765,190.18337450571056
1002000.0,-0.0073584810561692525,0.01996691591496358,399.4750866175363,1002000.0,-0.007358480654769323,0.019966916066935632,399.47509269850036
1002000.0,-0.005948003636063819,0.014040401307549811,197.52713461480056,1002000.0,-0.005948004929266476,0.014040400819379045,197.52712087915742
1002000.0,-0.00020450376988613805,0.11330416155264897,12863.508691199075,1002000.0,-0.00020450441311922895,0.11330416155331882,12863.508691351173
1002000.0,-0.00016615216599475332,0.06856074974198131,4709.977557992956,1002000.0,-0.00016615265476965574,0.06856074974254377,4709.977558070235
1002000.0,-0.0007506281344755422,0.05918837804090866,3510.270623303745,1002000.0,-0.0007506284707973096,0.059188378037600305,3510.27062291133
