cur_n,cur_mean,cur_std,cur_S,next_n,next_mean,next_std,next_S
3081000.0,-0.32111800553168196,1.355679472402701,5662467.709065617,3081000.0,-0.32111954852029595,1.3556818123056804,5662487.255922772
3081000.0,-0.38995212693184095,1.3701754259343493,5784209.93002771,3081000.0,-0.3899530695630657,1.3701761566693185,5784216.099640027
3081000.0,-0.16831725693938185,0.9882605437321748,3009086.077979564,3081000.0,-0.1683182088855659,0.9882617941849844,3009093.692818677
3081000.0,0.1011692672037212,0.8526145877578097,2239737.9882281106,3081000.0,0.10116965248794628,0.8526148102485115,2239739.1571523794
3081000.0,0.09410806693803896,0.7695056848241905,1824380.2558473551,3081000.0,0.09410857240515587,0.7695061344951587,1824382.3880501243
3081000.0,0.09206291434490714,0.6528343314987647,1313099.5989653755,3081000.0,0.0920634171228047,0.6528348570972986,1313101.7133256923
