cur_n,cur_mean,cur_std,cur_S,next_n,next_mean,next_std,next_S
1541000.0,0.1793170314246502,1.5728123326240726,3812031.2344613937,1541000.0,0.17931706548735477,1.5728123293090004,3812031.2183918883
1541000.0,0.03682208759542924,1.5878736764493788,3885389.273848095,1541000.0,0.036822084040090616,1.5878736765379733,3885389.2742816615
1541000.0,0.04236156282128613,1.446394083183464,3223858.0554007944,1541000.0,0.04236155737765033,1.4463940833586304,3223858.056181648
1541000.0,0.011524934918676092,0.8249650124688807,1048754.1658403797,1541000.0,0.011525030327409657,0.8249650196378149,1048754.1840676973
1541000.0,2.1384666202178314e-05,0.7153613327979714,788594.1699886972,1541000.0,2.13785964220753e-05,0.7153613328378731,788594.17007667
1541000.0,-0.0006877206811788071,0.6547273396356565,660577.2173594983,1541000.0,-0.0006878197085331953,0.654727351072051,660577.2404366521
