cur_n,cur_mean,cur_std,cur_S,next_n,next_mean,next_std,next_S
2662000.0,-0.011578651817223923,0.020955979451371953,1169.0254850279532,2662000.0,-0.011578653936469134,0.020955978565695147,1169.0253862133177
2662000.0,-0.019151428940168195,0.03192365065566565,2712.8960322944217,2662000.0,-0.019151430265086738,0.03192364993401875,2712.8959096422223
2662000.0,-0.0051870412189722066,0.009022889205793735,216.72015384851753,2662000.0,-0.005187043127362044,0.009022888645943965,216.7201269545322
2662000.0,-0.0006269446238187671,0.055015531861500724,8057.0986818621195,2662000.0,-0.0006269509673106578,0.055015532762740474,8057.098945837671
2662000.0,-0.0010072400424945458,0.06645483821659226,11756.045580611366,2662000.0,-0.0010072485271401675,0.06645483952983794,11756.046045244992
2662000.0,-0.0007145995528701116,0.047370822041644674,5973.514106758912,2662000.0,-0.0007146062680964723,0.04737082320737555,5973.5144007588715
