cur_n,cur_mean,cur_std,cur_S,next_n,next_mean,next_std,next_S
1791000.0,0.18462049949836415,1.5896207868065575,4525667.59431287,1791000.0,0.1846205354807775,1.5896207833569305,4525667.574670619
1791000.0,0.03878351662023611,1.6030164329822458,4602264.076780322,1791000.0,0.038783515973183635,1.6030164329981478,4602264.076871631
1791000.0,0.05238467234989015,1.4803564445957063,3924896.2686733683,1791000.0,0.05238467203046037,1.4803564446069992,3924896.2687332504
1791000.0,0.01049030455625774,0.8059813546716788,1163444.2458444044,1791000.0,0.010490388491564903,0.8059813614068135,1163444.2652889085
1791000.0,-0.0007899154161053867,0.6969422220482195,869939.673424456,1791000.0,-0.0007899216601477435,0.6969422220912832,869939.6735319622
1791000.0,-0.0028338123640658706,0.639094531784535,731519.3006173973,1791000.0,-0.002833894663401484,0.6390945409101669,731519.321508128
