cur_n,cur_mean,cur_std,cur_S,next_n,next_mean,next_std,next_S
551000.0,-0.3702889021946647,1.3629441198895398,1023546.787341751,551000.0,-0.37028957632240345,1.3629440286005687,1023546.6502289692
551000.0,-0.4424431004790516,1.3367720643754262,984614.7132040906,551000.0,-0.44244362296422346,1.3367719477054527,984614.5413348986
551000.0,-0.2357289444464587,1.04252171736881,598855.1936832728,551000.0,-0.23572909649785578,1.0425216890974722,598855.1612034943
551000.0,0.10359602190809027,0.7753922324960872,331279.44593261165,551000.0,0.10359491136720421,0.7753928190653736,331279.9471458391
551000.0,0.10582686986780249,0.7154159935442972,282012.84414425463,551000.0,0.10582936182247198,0.7154180162688466,282014.4388391305
551000.0,0.09641874525155536,0.6200580703732661,211844.07785989504,551000.0,0.09641884693569609,0.6200580591554598,211844.07019472326
