cur_n,cur_mean,cur_std,cur_S,next_n,next_mean,next_std,next_S
2751000.0,-0.04407162203833723,0.14314290983137393,56367.69463886533,2751000.0,-0.0440717392576963,0.14314300577625985,56367.77020242416
2751000.0,-0.038432652373745206,0.13793520533626358,52340.858516553446,2751000.0,-0.038432693910174606,0.13793521096760053,52340.86279028495
2751000.0,0.007186614940912797,0.25648962559629995,180979.8390339964,2751000.0,0.007186685921602746,0.2564896506266073,180979.87435691597
2751000.0,0.029838946291155077,0.15809648547353256,68759.86597619702,2751000.0,0.02983893999680928,0.1580964870062073,68759.86730938934
2751000.0,0.029924400478503886,0.16983176430415817,79346.62028649027,2751000.0,0.02992442205770717,0.1698317642733763,79346.62025772725
2751000.0,0.05416716441547861,0.42741090113369373,502552.8957001773,2751000.0,0.05416719505405941,0.42741090027177164,502552.8936732686
