cur_n,cur_mean,cur_std,cur_S,next_n,next_mean,next_std,next_S
3441000.0,-0.3158769324521286,1.352213353209456,6291802.957889584,3441000.0,-0.31587678807354375,1.3522134134588184,6291803.518566083
3441000.0,-0.38593976987663564,1.3639178802855783,6401195.897503867,3441000.0,-0.38593981799734217,1.3639178695901726,6401195.797111627
3441000.0,-0.16586259859502153,0.9827576854872232,3323361.3919100454,3441000.0,-0.16586259832178452,0.9827576855334331,3323361.3922225796
3441000.0,0.10006104902012623,0.8568618015224646,2526423.997511541,3441000.0,0.10006111600255807,0.8568618027092392,2526424.0045098593
3441000.0,0.09395377601041137,0.7684339611686699,2031878.67996284,3441000.0,0.09395380576053648,0.768433959512881,2031878.671206428
3441000.0,0.09376041896544005,0.6558810377436367,1480249.158646216,3441000.0,0.09376042837796877,0.6558810366304846,1480249.1536216997
