cur_n,cur_mean,cur_std,cur_S,next_n,next_mean,next_std,next_S
2091000.0,-0.3186849779093398,1.3362965464763588,3733874.5701206294,2091000.0,-0.31868465946989666,1.3362967017558223,3733875.437883216
2091000.0,-0.3686218247243137,1.3262725916451554,3678066.882547088,2091000.0,-0.3686218975099209,1.3262725755915326,3678066.7935061185
2091000.0,-0.19334913852765312,0.9914343483112741,2055331.8621208388,2091000.0,-0.19334911153102338,0.9914343543447113,2055331.8871365462
2091000.0,0.09766423919418957,0.831859179279087,1446950.4504694825,2091000.0,0.09766406795871849,0.8318592362350066,1446950.6486097404
2091000.0,0.09195860143283424,0.7504658647109418,1177649.1384754505,2091000.0,0.09195879055202522,0.7504658913641081,1177649.2221250348
2091000.0,0.09935321932608723,0.6519776048626216,888831.4010338598,2091000.0,0.09935324651041569,0.6519776019050905,888831.3929699432
