cur_n,cur_mean,cur_std,cur_S,next_n,next_mean,next_std,next_S
1942000.0,-0.009868016607606587,0.01929019595709267,722.6408438424128,1942000.0,-0.009868022140058167,0.019290194667631596,722.6407472319678
1942000.0,-0.01635552399824194,0.028417506637146008,1568.271195303085,1942000.0,-0.016355532908476536,0.02841750422167285,1568.2709286986383
1942000.0,-0.004484871262875628,0.009264941006021207,166.69959404309338,1942000.0,-0.004484876681527758,0.009264941460241578,166.6996103882279
1942000.0,-0.0004529134264824345,0.05107434652898631,5065.8795920709,1942000.0,-0.00045291503316111797,0.05107434656381343,5065.879598979652
1942000.0,-0.0007106651185266235,0.06236997454534508,7554.406653536341,1942000.0,-0.0007106756906218286,0.062369976164948195,7554.407045877072
1942000.0,-0.0005138911151869216,0.04342176097590662,3661.5425915751057,1942000.0,-0.0005138916365146686,0.0434217609758131,3661.5425915593337
