cur_n,cur_mean,cur_std,cur_S,next_n,next_mean,next_std,next_S
4501000.0,-0.3023854627111998,1.3342635616341836,8012946.892823221,4501000.0,-0.30238545592291094,1.3342635632504325,8012946.912236053
4501000.0,-0.38496151704543724,1.3573922001438266,8293153.646135853,4501000.0,-0.3849614959111828,1.3573922068781974,8293153.728424778
4501000.0,-0.21140823256260957,0.9999853822244231,4500868.411746028,4501000.0,-0.2114082371529476,0.9999853813014374,4500868.403437432
4501000.0,0.09600179358047842,0.824692693109673,3061211.289346252,4501000.0,0.09600181140693181,0.8246926919017276,3061211.280378606
4501000.0,0.08797217164334065,0.733026991028643,2418515.8916638545,4501000.0,0.08797219033234609,0.7330269898580704,2418515.8839395866
4501000.0,0.09779791767825849,0.640784771306916,1848133.6592479942,4501000.0,0.09779791292935854,0.6407847721108775,1848133.6638855205
