cur_n,cur_mean,cur_std,cur_S,next_n,next_mean,next_std,next_S
3601000.0,-0.31112049810194753,1.3479506413790843,6542912.32467102,3601000.0,-0.31112013205235883,1.347950904844669,6542914.882379494
3601000.0,-0.3862256184000061,1.3649880380551984,6709355.630865642,3601000.0,-0.38622584101656343,1.3649880404356065,6709355.654266586
3601000.0,-0.16294637306123974,0.9792105803044976,3452830.9514495553,3601000.0,-0.16294671380384068,0.9792107370890606,3452832.0571374353
3601000.0,0.0987446208144851,0.8565244889339141,2641816.754716753,3601000.0,0.09874416438820659,0.85652497947266,2641819.7806987674
3601000.0,0.09477260286548346,0.7683166188518495,2125707.8469209815,3601000.0,0.09477290869870325,0.7683168003176781,2125708.851047072
3601000.0,0.09261405701091108,0.6557468331992086,1548444.0772120971,3601000.0,0.09261460474587786,0.6557475795941418,1548447.6022050146
