cur_n,cur_mean,cur_std,cur_S,next_n,next_mean,next_std,next_S
1161000.0,-0.35169117725840005,1.3687501373387383,2175106.7255576504,1161000.0,-0.35169150296966195,1.368750098642249,2175106.602571006
1161000.0,-0.39290101365872176,1.3392153193253669,2082250.796629779,1161000.0,-0.3929013941626393,1.3392152704506355,2082250.6446460842
1161000.0,-0.21351298059729032,1.0339119847964748,1241078.8050670177,1161000.0,-0.2135131306176049,1.0339119664520664,1241078.7610267962
1161000.0,0.09784976755701165,0.8128092012520812,767024.8640600936,1161000.0,0.09785015497968642,0.8128092618094687,767024.9783526573
1161000.0,0.09460440071222165,0.7513358423753757,655390.9412720196,1161000.0,0.09460579113869508,0.7513371610002267,655393.2417493614
1161000.0,0.09269759936333385,0.6323533726589131,464249.9847671117,1161000.0,0.09269789793689347,0.6323534107266375,464250.040662887
