cur_n,cur_mean,cur_std,cur_S,next_n,next_mean,next_std,next_S
351000.0,-0.3203062644182741,1.2907994055464376,584823.2499810219,351000.0,-0.3203064873355524,1.2907993569867173,584823.2059790604
351000.0,-0.3710834946430981,1.2557652082650166,553508.1366593969,351000.0,-0.37108369408722364,1.255765154887669,553508.089604748
351000.0,-0.20847404860486982,0.9921295511754186,345496.6872567536,351000.0,-0.2084740257485395,0.9921295560705773,345496.6906661091
351000.0,0.10313499015337746,0.7857516245194377,216709.3710176623,351000.0,0.10313509992552031,0.7857516128025117,216709.36455463365
351000.0,0.09123633581299785,0.7231412567878338,183549.58032130942,351000.0,0.09123622721097752,0.7231412733521848,183549.58873012217
351000.0,0.08832730571269247,0.6191259092380617,134544.22891293967,351000.0,0.0883273824682797,0.6191258999577622,134544.22487947665
