cur_n,cur_mean,cur_std,cur_S,next_n,next_mean,next_std,next_S
1602000.0,-0.007645049121071373,0.03788472641092093,2299.2744973589884,1602000.0,-0.007645036168084712,0.03788473257218561,2299.2752452297655
1602000.0,-0.014569219687582917,0.06139107767946386,6037.720798670838,1602000.0,-0.014569195749148039,0.06139109083733453,6037.723386784972
1602000.0,-0.032418902437886074,0.09139517475538556,13381.630905645077,1602000.0,-0.03241893391352142,0.09139517227338285,13381.63017883989
1602000.0,-0.0004130067263426429,0.15449026806347843,38235.32316797332,1602000.0,-0.0004129688278407544,0.15449027561169343,38235.32690424035
1602000.0,-0.00048209781981795974,0.15708155890756906,39528.73507042901,1602000.0,-0.00048207284045754276,0.15708156216601044,39528.736710367746
1602000.0,-0.0004269385042498442,0.1611920547339478,41624.57137198194,1602000.0,-0.00042673987746670003,0.16119225130873885,41624.672894931355
