cur_n,cur_mean,cur_std,cur_S,next_n,next_mean,next_std,next_S
1482000.0,-0.007817779750770311,0.03842854032920402,2188.5475189368913,1482000.0,-0.007817783363186084,0.03842853984593453,2188.547463891436
1482000.0,-0.01451236892016994,0.05990256037489817,5317.88540789205,1482000.0,-0.014512372129029564,0.05990255972487026,5317.885292478823
1482000.0,-0.03124293501172481,0.08724329386947788,11280.083425940584,1482000.0,-0.031242962575829366,0.08724329045159712,11280.082542113814
1482000.0,-0.00041620573140346904,0.15255659826711793,34491.35023010519,1482000.0,-0.0004162077163928729,0.15255659828084292,34491.35023631132
1482000.0,-0.0004861165784977093,0.15406711557865105,35177.75398423907,1482000.0,-0.00048611785157801546,0.15406711558243075,35177.753985965086
1482000.0,-0.000429676537631533,0.15757582896196093,36798.270255858864,1482000.0,-0.00042965006536962785,0.1575758323295641,36798.27182871396
