cur_n,cur_mean,cur_std,cur_S,next_n,next_mean,next_std,next_S
1231000.0,-0.3643010894390844,1.3807441339777828,2346845.321485805,1231000.0,-0.36430093772395894,1.380744184267497,2346845.492440263
1231000.0,-0.4225042333969743,1.3878231669737937,2370971.4187734686,1231000.0,-0.42250427489741266,1.3878231551034446,2370971.378214615
1231000.0,-0.20598770355237425,1.0244126197133268,1291837.5161917708,1231000.0,-0.20598766933089882,1.0244126272981866,1291837.5353215754
1231000.0,0.10060318661520917,0.8140088227663692,815673.3575195745,1231000.0,0.1006032366472857,0.8140088184756721,815673.3489206325
1231000.0,0.09396561781312425,0.7514447271614966,695107.7580919226,1231000.0,0.093965597479368,0.7514447300428374,695107.763422567
1231000.0,0.09156408438874383,0.6375785784688105,500409.4322221626,1231000.0,0.09156407210056719,0.6375785803793027,500409.4352210974
