cur_n,cur_mean,cur_std,cur_S,next_n,next_mean,next_std,next_S
501000.0,-0.02555659415175561,1.1300035390151315,639730.9070915477,501000.0,-0.025555345329390838,1.1300039129820156,639731.3305206881
501000.0,-0.1098021046550028,1.0846729903445793,589434.263487509,501000.0,-0.10980180902246392,1.0846730404558742,589434.317950587
501000.0,-0.09809317719996785,0.8060063317746612,325472.74963728344,501000.0,-0.09809316541696714,0.8060063332518361,325472.75083027704
501000.0,0.09575598014133314,1.4248519286911212,1017131.7123660987,501000.0,0.09575357259492391,1.4248531095165713,1017133.3982332202
501000.0,0.10748431137716576,1.2761689562358403,815932.2096348971,501000.0,0.10748302270311227,1.2761693907487326,815932.7652558796
501000.0,0.0901975185951522,0.7483785674581586,280595.31059559353,501000.0,0.09019744558549657,0.7483785780417759,280595.3185319871
