cur_n,cur_mean,cur_std,cur_S,next_n,next_mean,next_std,next_S
1442000.0,-0.007865443033736588,0.038655732210113584,2154.731042353418,1442000.0,-0.007865450730889187,0.03865573174899089,2154.730990946017
1442000.0,-0.014552561662351136,0.06007331452916518,5203.894096905852,1442000.0,-0.014552561303097906,0.060073314617740334,5203.894112251625
1442000.0,-0.03103747674072037,0.0868500849925393,10876.915533550693,1442000.0,-0.03103750223246124,0.08685008127725151,10876.91460296161
1442000.0,-0.0004195522885282082,0.15229030568700175,33443.35025139871,1442000.0,-0.00041955495481710146,0.15229030571331517,33443.350262955704
1442000.0,-0.0004889715703256691,0.15410759564878354,34246.27579484781,1442000.0,-0.000488977267572088,0.15410759578256628,34246.27585430706
1442000.0,-0.0004358354611354699,0.15739310684257674,35722.07489760776,1442000.0,-0.00043576210206879197,0.1573931316979791,35722.08618001564
