cur_n,cur_mean,cur_std,cur_S,next_n,next_mean,next_std,next_S
1201000.0,-0.36777746507996095,1.3849271493503368,2303545.874018188,1201000.0,-0.36777750392742364,1.3849271396884701,2303545.8418770703
1201000.0,-0.4292667093185024,1.3936193949327609,2332552.196537238,1201000.0,-0.4292666600658394,1.3936194111490465,2332552.2508208295
1201000.0,-0.2071067807603243,1.0266042480512385,1265753.4548223352,1201000.0,-0.20710678044798855,1.026604248114311,1265753.4549778663
1201000.0,0.10116226145639443,0.8128523244211239,793535.4104815056,1201000.0,0.10116209767061968,0.8128523646225224,793535.4889735838
1201000.0,0.09624374843323158,0.7515606840579558,678376.9976478168,1201000.0,0.09624390492067805,0.7515606835846569,678376.9967933943
1201000.0,0.09201341598617731,0.6366320987938964,486765.8154868804,1201000.0,0.09201341554556385,0.6366320988577501,486765.8155845249
