cur_n,cur_mean,cur_std,cur_S,next_n,next_mean,next_std,next_S
1621000.0,-0.32994368325637335,1.3459963651843725,2936775.774660149,1621000.0,-0.3299437032162474,1.345996360531557,2936775.754356564
1621000.0,-0.3745251000895383,1.3271915732369146,2855290.142227215,1621000.0,-0.37452510920305165,1.3271915707159128,2855290.131379961
1621000.0,-0.19930297927833246,1.0028890054343436,1630379.685055382,1621000.0,-0.1993030009468941,1.0028890015076504,1630379.6722882641
1621000.0,0.09582946452456148,0.8178626914413726,1084285.8983058475,1621000.0,0.09582941193125008,0.8178627003449217,1084285.9219137046
1621000.0,0.09279418292827123,0.7510928870106777,914471.7908921343,1621000.0,0.09279425202451458,0.7510928836260687,914471.7826504654
1621000.0,0.1000769760229496,0.6489006718580294,682557.8448211767,1621000.0,0.10007696685838817,0.6489006733763332,682557.8480152873
