cur_n,cur_mean,cur_std,cur_S,next_n,next_mean,next_std,next_S
3802000.0,-0.01419804437015508,0.024909442590321396,2359.066215270288,3802000.0,-0.014198044074986592,0.024909442765211155,2359.066248396402
3802000.0,-0.023490246008295985,0.039471054698232894,5923.379732483376,3802000.0,-0.02349024572501043,0.039471054870690254,5923.379784244365
3802000.0,-0.0057180487590245315,0.009421405748213676,337.47649360794503,3802000.0,-0.005718048425368448,0.009421405973179331,337.4765097245678
3802000.0,-0.0006506255636186609,0.05521312778324112,11590.357001471564,3802000.0,-0.0006506243310792168,0.055213127850067545,11590.357029528011
3802000.0,-0.001028758750233215,0.06823572672333439,17702.546954356894,3802000.0,-0.0010287575404983838,0.0682357267823418,17702.546984973742
3802000.0,-0.0007355349227891113,0.046639543847809904,8270.28928536144,3802000.0,-0.000735533689585281,0.04663954392924274,8270.289314241356
