cur_n,cur_mean,cur_std,cur_S,next_n,next_mean,next_std,next_S
1401000.0,-0.00550151586317797,0.02108300264342372,622.7346936481188,1401000.0,-0.005501521417645872,0.021083002219095922,622.7346685811353
1401000.0,-0.004662764435628543,0.021047074290608436,620.6140500083412,1401000.0,-0.00466277438327096,0.021047075380300914,620.6141142717605
1401000.0,-0.005782627222295488,0.02153293940634131,649.5981387475101,1401000.0,-0.005782641218061379,0.02153294202013063,649.5982964512725
1401000.0,-0.001211274915558087,0.07562477225035388,8012.46775526297,1401000.0,-0.001211263555318339,0.07562477362772674,8012.468047129123
1401000.0,-0.0012863468238750455,0.07649501694464213,8197.934151922882,1401000.0,-0.001286324169848835,0.07649502202524563,8197.935240894583
1401000.0,-0.001308369362750647,0.07513127904004227,7908.237435359966,1401000.0,-0.0013083411712808178,0.07513128694105535,7908.239098664292
