cur_n,cur_mean,cur_std,cur_S,next_n,next_mean,next_std,next_S
1882000.0,-0.007189518345497444,0.03664792890742377,2527.659044609151,1882000.0,-0.007189506047809,0.03664793520313518,2527.6599130573127
1882000.0,-0.015470000849470412,0.06280611043968994,7423.75133111468,1882000.0,-0.015469993285012374,0.06280611316023918,7423.751974258519
1882000.0,-0.034465242323948556,0.09590292326687533,17309.45164071076,1882000.0,-0.0344652385822737,0.09590292474890921,17309.452175693285
1882000.0,-0.0004168750674189621,0.15924145337135698,47723.45576796911,1882000.0,-0.0004168621509522531,0.15924145439104764,47723.456379156225
1882000.0,-0.00048626868848019314,0.16010482118893915,48242.34819126718,1882000.0,-0.00048625327529561326,0.1601048226320259,48242.349060921115
1882000.0,-0.0004484255923946066,0.16474029897584955,51076.287012719615,1882000.0,-0.00044835273154869446,0.16474032949758793,51076.305938716774
