cur_n,cur_mean,cur_std,cur_S,next_n,next_mean,next_std,next_S
191000.0,-0.3126175172046119,1.2358688183198239,291728.0015941904,191000.0,-0.3126176369548526,1.2358687891366624,291727.987816765
191000.0,-0.3282146946001823,1.1758282286429247,264071.25644524954,191000.0,-0.3282149786174146,1.1758281559153816,264071.2237784831
191000.0,-0.19728309926159987,0.9822157054314674,184266.8091712809,191000.0,-0.197283088120249,0.982215707681352,184266.81001545204
191000.0,0.11764160086173689,0.7981485804409298,121674.86088383546,191000.0,0.11764020801031382,0.7981490178651905,121674.99425136115
191000.0,0.09061253149425186,0.7134556241377377,97222.61517422984,191000.0,0.09061265209113593,0.7134556107680532,97222.61153045543
191000.0,0.09577946425552493,0.643521828882282,79096.98575136745,191000.0,0.09577953266997435,0.6435218193943247,79096.98341898715
