cur_n,cur_mean,cur_std,cur_S,next_n,next_mean,next_std,next_S
531000.0,-0.3537383060326958,1.3360007841326458,947780.8885528165,531000.0,-0.353740449620853,1.336001129710995,947781.378870788
531000.0,-0.400295246943446,1.2985057639170212,895328.243249561,531000.0,-0.40029589414788236,1.2985056500460197,895328.0862199626
531000.0,-0.20140940312389496,0.998662821546324,529580.8659347373,531000.0,-0.2014094388062919,0.9986628146884257,529580.858661388
531000.0,0.1071217862476952,0.7873122176642151,329145.9404122559,531000.0,0.1071184371743342,0.7873164557157345,329149.4839650574
531000.0,0.09528161745717477,0.7180711661434704,273797.51201236766,531000.0,0.09528251979640423,0.7180713474592235,273797.65028225153
531000.0,0.08131139566119783,0.6041032754128793,193783.54747058626,531000.0,0.08131138252603809,0.6041032772566629,193783.54865347975
