cur_n,cur_mean,cur_std,cur_S,next_n,next_mean,next_std,next_S
2121000.0,-0.32002058544118867,1.3371373234692236,3792212.7264684257,2121000.0,-0.3200202620900535,1.3371374837823133,3792213.6357862116
2121000.0,-0.3699928851960191,1.3284722761776473,3743222.646362525,2121000.0,-0.36999290127198103,1.3284722719066948,3743222.622294088
2121000.0,-0.19428607819956198,0.9920480011336946,2087401.7407296742,2121000.0,-0.19428608491435032,0.9920479998668474,2087401.7353984425
2121000.0,0.09847040295182996,0.8336517000062872,1474042.3078344734,2121000.0,0.09847011665421848,0.8336518380940511,1474042.7961612483
2121000.0,0.09203897117981179,0.7519776497699092,1199362.688183123,2121000.0,0.0920390138276192,0.7519776471150884,1199362.679714539
2121000.0,0.09986668595591006,0.6523049354745649,902489.1668791343,2121000.0,0.0998667107848037,0.6523049326755437,902489.1591340256
