cur_n,cur_mean,cur_std,cur_S,next_n,next_mean,next_std,next_S
11000.0,-1.3461446390918381,3.2297553445918195,114744.51544511365,11000.0,-1.3466023853076183,3.229921336307987,114756.31022611329
11000.0,0.15170746245214176,3.4314187174647652,129520.97856024289,11000.0,0.15107425190136933,3.4320892544864527,129571.60315837515
11000.0,0.265514235473943,1.4655733379283309,23626.95729731028,11000.0,0.2655232494969776,1.4655720097767246,23626.91447425087
11000.0,-0.5653206776054559,4.122132889472778,186911.7751432051,11000.0,-0.5660300277148909,4.1227068763231145,186963.83186890083
11000.0,0.3193444212114208,5.165820305480535,293542.6937136651,11000.0,0.31959339681647114,5.165870906822595,293548.4444855171
11000.0,0.266533669721552,1.824750483437378,36626.85759485439,11000.0,0.2665305205401136,1.8247509733143201,36626.877260727146
