cur_n,cur_mean,cur_std,cur_S,next_n,next_mean,next_std,next_S
1121000.0,-0.3705766415786619,1.390726195883809,2168147.7934994623,1121000.0,-0.3705766026772095,1.3907262068595145,2168147.8277218016
1121000.0,-0.43123938206789203,1.3926284597891108,2174083.1242833566,1121000.0,-0.43123936828532183,1.3926284641335047,2174083.1378477407
1121000.0,-0.20839679676492193,1.0311963662831607,1192033.2252817017,1121000.0,-0.2083968491811169,1.031196357183608,1192033.2042440611
1121000.0,0.1024555666264368,0.81301900937143,740980.8986608168,1121000.0,0.10245549143947888,0.81301902274365,740980.9230355475
1121000.0,0.09657560916107648,0.7468200796795902,625226.7994135576,1121000.0,0.09657570107916574,0.7468200741341837,625226.7901284919
1121000.0,0.09064163386204854,0.6343552891572443,451097.8354604652,1121000.0,0.09064160738404108,0.6343552935600766,451097.8417222816
