cur_n,cur_mean,cur_std,cur_S,next_n,next_mean,next_std,next_S
3841000.0,-0.30828433524814425,1.3426389936924688,6924091.83422012,3841000.0,-0.3082841830673273,1.3426390617612758,6924092.53629221
3841000.0,-0.38194199715015525,1.3626082934929908,7131589.929505677,3841000.0,-0.38194203783388114,1.3626082844221126,7131589.834555742
3841000.0,-0.15984129707113484,0.9738166153398634,3642492.511998344,3841000.0,-0.15984126676793844,0.9738166221247483,3642492.562755113
3841000.0,0.09790835722285737,0.8571994574391837,2822331.8846725123,3841000.0,0.0979080544416656,0.8571996974175434,2822333.464931728
3841000.0,0.09386648197527692,0.7687341661906447,2269847.47037056,3841000.0,0.09386658396122145,0.7687341797223669,2269847.5502810073
3841000.0,0.09252328425805754,0.6555188603247066,1650496.8137432258,3841000.0,0.09252323795565666,0.6555188731411773,1650496.878283075
