cur_n,cur_mean,cur_std,cur_S,next_n,next_mean,next_std,next_S
611000.0,-0.3701046154920728,1.366734555143095,1141325.6033197602,611000.0,-0.370104655276586,1.366734544723456,1141325.5859174044
611000.0,-0.409917831517488,1.322322098483216,1068355.3323357413,611000.0,-0.4099179319509793,1.3223220696793614,1068355.285792238
611000.0,-0.21173069289554705,1.0259141745248948,643077.4349230597,611000.0,-0.21173063948386012,1.025914186397632,643077.4498075201
611000.0,0.10479980592220359,0.7890956026147234,380452.5126102609,611000.0,0.10480002829010872,0.7890955922256959,380452.5025923833
611000.0,0.09198288648532528,0.7157997523112313,313057.63338478905,611000.0,0.09198291586300977,0.7157997489044468,313057.6304048497
611000.0,0.08233893137313451,0.6082629044074456,226060.07789656878,611000.0,0.08233889832240826,0.6082629094300551,226060.08162986077
