cur_n,cur_mean,cur_std,cur_S,next_n,next_mean,next_std,next_S
2741000.0,-0.30006326579783354,1.3230384043975107,4797930.3280788595,2741000.0,-0.30006324261303385,1.3230384102126764,4797930.370255654
2741000.0,-0.3585960643813808,1.3200845659761784,4776530.35930146,2741000.0,-0.35859608570061696,1.320084560656799,4776530.320806689
2741000.0,-0.18917234154528167,0.9849183797944244,2658946.0129226916,2741000.0,-0.18917234074280256,0.98491837994946,2658946.013759779
2741000.0,0.09661018238003798,0.838553683988776,1927395.222032277,2741000.0,0.09661018374723596,0.8385536838343283,1927395.2213222878
2741000.0,0.08707743404121901,0.7442031936220552,1518071.0363019065,2741000.0,0.08707745560053183,0.7442031919554248,1518071.029502518
2741000.0,0.09641781097534263,0.6522719361716376,1166182.2383635624,2741000.0,0.09641779968508934,0.6522719381083493,1166182.2452887686
