cur_n,cur_mean,cur_std,cur_S,next_n,next_mean,next_std,next_S
3362000.0,-0.004817457960836105,0.03171276453971721,3381.161499634696,3362000.0,-0.004817459379902942,0.03171276443089253,3381.161476429287
3362000.0,-0.014861782252878092,0.052125702994321205,9134.852924336652,3362000.0,-0.01486178572122821,0.05212570239338452,9134.852713712417
3362000.0,-0.02329330777486095,0.07526234589449421,19043.782425481848,3362000.0,-0.02329330845786954,0.07526234569351603,19043.782323774027
3362000.0,-0.00032126345990663867,0.16542514762570504,92002.74196800796,3362000.0,-0.00032126429064580894,0.16542514763110594,92002.74197401549
3362000.0,-0.0005045262017831914,0.13669567076737446,62821.34493879567,3362000.0,-0.0005045261355593062,0.13669567076766756,62821.34493906505
3362000.0,-0.0005131670741000317,0.13657532648483045,62710.780182520655,3362000.0,-0.0005131679120819667,0.13657532649032272,62710.78018756438
