cur_n,cur_mean,cur_std,cur_S,next_n,next_mean,next_std,next_S
2641000.0,-0.30219557668423874,1.3261796933708447,4644865.561427364,2641000.0,-0.30219558674822866,1.3261796911784987,4644865.546070241
2641000.0,-0.3593827037020543,1.3242605925879147,4631432.215211701,2641000.0,-0.3593826611697901,1.3242606059343298,4631432.308566464
2641000.0,-0.19004814342011916,0.9860926466251864,2568052.167110347,2641000.0,-0.19004814356849467,0.98609264659662,2568052.166961558
2641000.0,0.09699500905083241,0.8390339314501276,1859205.7345872202,2641000.0,0.09699498429634652,0.8390339352762578,1859205.751543777
2641000.0,0.08664550649335298,0.7469648418065064,1473563.0501977452,2641000.0,0.08664552585844658,0.7469648402231733,1473563.0439507551
2641000.0,0.09774412412543144,0.6529578626317888,1126000.8357542318,2641000.0,0.097744126986494,0.6529578622200275,1126000.8343340987
