cur_n,cur_mean,cur_std,cur_S,next_n,next_mean,next_std,next_S
1222000.0,0.0002512721230896921,0.013948051063444196,237.73781298844196,1222000.0,0.00025126443321361224,0.013948053792371047,237.73790601493891
1222000.0,-0.00735478469602776,0.02014003302733108,495.6687768779078,1222000.0,-0.007354788806391001,0.020140032038854422,495.66872822287297
1222000.0,-0.005942736607488034,0.013897440725183258,236.01568534359822,1222000.0,-0.005942743392996688,0.013897439847887964,236.0156555459617
1222000.0,-0.00019390867413129448,0.11474787673434356,16090.165912779008,1222000.0,-0.00019389355142332843,0.11474787797764215,16090.166261454404
1222000.0,-0.0001593998920543129,0.06924735889238094,5859.730383982796,1222000.0,-0.00015938573424203794,0.06924736069357383,5859.730688817668
1222000.0,-0.0007438433156443483,0.05964473764856179,4347.258559040564,1222000.0,-0.0007438407064855913,0.059644737750838374,4347.258573949599
