cur_n,cur_mean,cur_std,cur_S,next_n,next_mean,next_std,next_S
3701000.0,-0.31076364642173876,1.3457521349422208,6702691.641004419,3701000.0,-0.31076453968011175,1.345753025849533,6702700.515564326
3701000.0,-0.38373233519023403,1.3631737504715917,6877356.136380682,3701000.0,-0.3837322751909867,1.3631737722482111,6877356.356111391
3701000.0,-0.1610598304277467,0.9778807094433609,3539083.7737172693,3701000.0,-0.16105981922073825,0.97788071152683,3539083.788797987
3701000.0,0.09861863281678065,0.8560216271096016,2711992.969519748,3701000.0,0.09861965889222608,0.8560237848475519,2712006.6415517177
3701000.0,0.09394371249878702,0.7680970539462516,2183490.3849236513,3701000.0,0.09394326603740726,0.7680975887719237,2183493.425651677
3701000.0,0.09233217198649905,0.6558611497987855,1591999.3907647396,3701000.0,0.09233213753333053,0.6558611579982643,1591999.43057062
