cur_n,cur_mean,cur_std,cur_S,next_n,next_mean,next_std,next_S
2641000.0,-0.33093839391688396,1.3654078966747387,4923718.570880879,2641000.0,-0.33094009360626364,1.36541027863975,4923735.749828826
2641000.0,-0.39469315593068355,1.3734927447151697,4982199.80655274,2641000.0,-0.39469534678691093,1.3734967297941054,4982228.717500224
2641000.0,-0.1761586504331468,1.0019698443784757,2651414.965844747,2641000.0,-0.17615928653653085,1.0019702658035148,2651417.1961970814
2641000.0,0.10243950475127823,0.8486661866200667,1902138.7765606414,2641000.0,0.10243984248179852,0.848666323330702,1902139.3893872763
2641000.0,0.09416915949543354,0.7689745024483957,1561680.8352830163,2641000.0,0.09416954712672036,0.7689747130050589,1561681.690506043
2641000.0,0.0925791251576245,0.652635601469001,1124889.6559529891,2641000.0,0.09257957465455968,0.6526359465153408,1124890.8454043777
