cur_n,cur_mean,cur_std,cur_S,next_n,next_mean,next_std,next_S
282000.0,-0.018959416732821862,0.06459139576359955,1176.5176506865648,282000.0,-0.018959434258374663,0.06459139128983091,1176.5174877092043
282000.0,-0.019625155228762143,0.06308527528483628,1122.2900520893281,282000.0,-0.019625175682679966,0.06308526985690831,1122.289858963142
282000.0,-0.02263515302484181,0.06576964141687547,1219.8320964534355,282000.0,-0.022635175777401595,0.06576963469621791,1219.831847156854
282000.0,-0.0010265252953258152,0.14913681939595994,6272.185033671175,282000.0,-0.0010265198949502286,0.1491368194607038,6272.1850391169855
282000.0,-0.0010582875301450958,0.14728225631040498,6117.16177273524,282000.0,-0.0010582810562249085,0.14728225639704795,6117.1617799324285
282000.0,-0.0009038930316372126,0.1474387475260317,6130.167964716666,282000.0,-0.0009038867250769475,0.14743874760273087,6130.167971094622
