cur_n,cur_mean,cur_std,cur_S,next_n,next_mean,next_std,next_S
922000.0,0.00025966572967606064,0.013841739311832049,176.64943489693283,922000.0,0.00025967299352144373,0.013841740932853078,176.64947627214718
922000.0,-0.007369963766877726,0.020072442772912744,371.4765280798522,922000.0,-0.007369958870208618,0.020072445121496776,371.47661500937073
922000.0,-0.0058799972596782265,0.014135964255012028,184.2390975562975,922000.0,-0.005880009350133167,0.014135963993031518,184.23909072732548
922000.0,-0.00019976875904943603,0.11371427558968883,11922.32342800246,922000.0,-0.00019978259433350642,0.11371427634138406,11922.323585624777
922000.0,-0.00016373962640041698,0.06895031936032238,4383.323109778992,922000.0,-0.000163768325840666,0.06895032479911851,4383.32380129143
922000.0,-0.0007523057791766846,0.0596000358311274,3275.095457928079,922000.0,-0.0007523252927457902,0.05960003853009975,3275.0957545518036
