cur_n,cur_mean,cur_std,cur_S,next_n,next_mean,next_std,next_S
2982000.0,-0.005344787987018475,0.03283550468508851,3215.1040371507684,2982000.0,-0.005344790762117443,0.03283550458307002,3215.10401717239
2982000.0,-0.015494959995207959,0.05458413952081828,8884.65515251436,2982000.0,-0.01549496619247811,0.054584138810670736,8884.654921333067
2982000.0,-0.026033053530421273,0.07937134009732386,18786.032313215936,2982000.0,-0.026033053935881165,0.07937133996741781,18786.032251722223
2982000.0,-0.0003404064734544466,0.1657909960734301,81965.20335823798,2982000.0,-0.00034040787593227103,0.16579099608824568,81965.20337288729
2982000.0,-0.0005189864744013999,0.14204528511657386,60167.40553711699,2982000.0,-0.0005189881176561437,0.14204528513890735,60167.40555603699
2982000.0,-0.00048555806921576406,0.14257070805580963,60613.345064285066,2982000.0,-0.0004855605870775161,0.14257070811353517,60613.345113368625
