cur_n,cur_mean,cur_std,cur_S,next_n,next_mean,next_std,next_S
1401000.0,-0.3625253077489057,1.3810422663418618,2672096.1157331546,1401000.0,-0.3625252580169925,1.3810422806510356,2672096.171105085
1401000.0,-0.42010397357884327,1.392756896700829,2717620.254404121,1401000.0,-0.4201040464596865,1.392756877389004,2717620.1790396315
1401000.0,-0.19529413504685944,1.0181906261787033,1452433.7238846899,1401000.0,-0.19529410494487262,1.0181906325758272,1452433.7421354938
1401000.0,0.10184178823582092,0.8220791238727232,946815.5343561892,1401000.0,0.10184182695471179,0.8220791203535266,946815.5262498406
1401000.0,0.09352274425998977,0.7585331789786507,806096.9896396523,1401000.0,0.09352274429803219,0.7585331789739576,806096.9896296775
1401000.0,0.09003148469156816,0.6421072697905248,577634.7460308964,1401000.0,0.0900314771577903,0.642107270908757,577634.7480428024
