cur_n,cur_mean,cur_std,cur_S,next_n,next_mean,next_std,next_S
4121000.0,-0.30951196180087276,1.344360557790079,7447905.179796949,4121000.0,-0.3095119421029762,1.3443605629198527,7447905.236635969
4121000.0,-0.3823249101730767,1.3623049253509847,7648059.678408109,4121000.0,-0.38232490120542895,1.36230492798938,7648059.70803232
4121000.0,-0.15715133424536065,0.9719199651735084,3892813.713474543,4121000.0,-0.15715133310242055,0.9719199653610354,3892813.71497674
4121000.0,0.09879829984341722,0.8586942811020033,3038643.5336652165,4121000.0,0.09879830406305878,0.8586942806591604,3038643.530531059
4121000.0,0.09507729223718972,0.7686431917365821,2434737.719912564,4121000.0,0.09507727553449463,0.7686431945504871,2434737.737739094
4121000.0,0.09269524809072677,0.6559610178739917,1773203.8955745373,4121000.0,0.0926952471527983,0.6559610180093016,1773203.896306081
