cur_n,cur_mean,cur_std,cur_S,next_n,next_mean,next_std,next_S
2571000.0,-0.3022962361415498,1.32627008474719,4522369.300214663,2571000.0,-0.30229617174447954,1.3262701034447455,4522369.427726025
2571000.0,-0.3597408074521621,1.3229150221806563,4499517.784847814,2571000.0,-0.35974082357107445,1.322915018049914,4499517.756748734
2571000.0,-0.18857882940629,0.9861601410242588,2500327.898848359,2571000.0,-0.18857884278416162,0.9861601386993424,2500327.8870590907
2571000.0,0.09653950961647424,0.8389327616395325,1809490.827057533,2571000.0,0.09653949491901102,0.8389327636618411,1809490.8357813524
2571000.0,0.08718807401213662,0.747688678903979,1437287.6250027874,2571000.0,0.0871880436320752,0.7476886840334327,1437287.644723563
2571000.0,0.0969302146537443,0.6534821052969991,1097916.914056477,2571000.0,0.09693020970186629,0.6534821060797261,1097916.9166866
