cur_n,cur_mean,cur_std,cur_S,next_n,next_mean,next_std,next_S
2761000.0,-0.3265002644445268,1.3621908124886808,5123211.678384488,2761000.0,-0.32650017392944775,1.362190842487113,5123211.904033228
2761000.0,-0.39053085807049237,1.368168621705951,5168275.527058722,2761000.0,-0.39053064691197736,1.3681687269689586,5168276.322323632
2761000.0,-0.17449746064860075,0.9973966534988244,2746643.033057816,2761000.0,-0.17449750710289727,0.9973966483583704,2746643.004746126
2761000.0,0.10147330870919846,0.8493545162299944,1991793.9431974345,2761000.0,0.10147404535885571,0.8493553102225634,1991797.6671320198
2761000.0,0.09317847220674415,0.7679332579890112,1628221.0303714294,2761000.0,0.09317793410197865,0.7679338438114575,1628223.514568541
2761000.0,0.09291173979169144,0.6526816248068265,1176167.5105782826,2761000.0,0.09291180225908346,0.6526816241679173,1176167.5082755848
