cur_n,cur_mean,cur_std,cur_S,next_n,next_mean,next_std,next_S
3642000.0,-0.01473014031980627,0.026861735116638523,2627.895346681235,3642000.0,-0.014730141102536176,0.02686173472894701,2627.8952708251736
3642000.0,-0.024873710125969378,0.04372029727857248,6961.553323409633,3642000.0,-0.024873710943833352,0.043720296841125196,6961.553184100762
3642000.0,-0.0057083625543968034,0.010288993949539537,385.55449002991406,3642000.0,-0.00570836333555846,0.010288993624148314,385.55446564345885
3642000.0,-0.0005043542664875563,0.05259407914497331,10074.271540754304,3642000.0,-0.0005043550893419624,0.05259407916052309,10074.271546711348
3642000.0,-0.0007472929431801313,0.06750051973810849,16594.118040619604,3642000.0,-0.0007472937919196695,0.06750051974814415,16594.11804555388
3642000.0,-0.0005723351444956767,0.043093355428248686,6763.329781282079,3642000.0,-0.0005723359538680235,0.04309335544517917,6763.329786596423
