cur_n,cur_mean,cur_std,cur_S,next_n,next_mean,next_std,next_S
401000.0,-0.0469226017431573,0.1754410305561432,12342.601636243231,401000.0,-0.046922594779527295,0.17544103247402246,12342.601906095952
401000.0,-0.01410624576309087,0.032887720418990594,433.722463897434,401000.0,-0.014106183344296091,0.032887770944258495,433.72379655048724
401000.0,-0.010907621357994045,0.039105535287531454,613.2263989398714,401000.0,-0.010907529040430677,0.03910560473361065,613.2285769541379
401000.0,0.10506892212522236,0.3362034727654454,45326.142814917774,401000.0,0.10506884270625765,0.33620350134661964,45326.150521408315
401000.0,0.0011548763154593646,0.10085502251258341,4078.8659619714967,401000.0,0.0011548940145633534,0.10085502293267046,4078.8659959505426
401000.0,0.002130540836632306,0.11561373738199703,5359.981044844784,401000.0,0.0021305498585031477,0.115613737356897,5359.981042517455
