cur_n,cur_mean,cur_std,cur_S,next_n,next_mean,next_std,next_S
5791000.0,-0.3074767962539678,1.3399782482410325,10397982.018050982,5791000.0,-0.30747676342686925,1.339978258102266,10397982.17109366
5791000.0,-0.3919266134716519,1.3650829456435694,10791247.338187778,5791000.0,-0.3919266186578004,1.3650829442116703,10791247.315548893
5791000.0,-0.22080623587874545,1.004931740875037,5848260.271910805,5791000.0,-0.2208062336998217,1.0049317413675098,5848260.277642756
5791000.0,0.09543722512129603,0.8200082497755289,3893946.7504922724,5791000.0,0.09543723198415287,0.8200082491431323,3893946.74448619
5791000.0,0.08616758997530553,0.7277744493294381,3067235.863919377,5791000.0,0.08616764012571561,0.7277744533980859,3067235.8982143495
5791000.0,0.09642525904770799,0.6354387109478246,2338303.6199536514,5791000.0,0.0964252545606347,0.6354387117204497,2338303.6256399034
