cur_n,cur_mean,cur_std,cur_S,next_n,next_mean,next_std,next_S
2801000.0,-0.04469957571855973,0.1442171954560346,58256.87710203665,2801000.0,-0.044699585307084934,0.14421719337693842,58256.875422325014
2801000.0,-0.03899006542746847,0.13977641110730893,54724.383730812464,2801000.0,-0.038990106746436694,0.1397764166875314,54724.388100279946
2801000.0,0.0074175251608501165,0.2594370309726063,188528.5120847069,2801000.0,0.007417491044964624,0.2594370382309836,188528.52263378756
2801000.0,0.029639680269559984,0.15810358402232258,70015.87792925081,2801000.0,0.029639686037326918,0.15810358323571516,70015.87723255556
2801000.0,0.029797737934058165,0.17069482992545512,81611.96662214742,2801000.0,0.029797762371655878,0.17069483055925908,81611.9672282113
2801000.0,0.054488714941793234,0.42942011213593384,516508.9732118533,2801000.0,0.05448873228520416,0.4294201109162429,516508.9702777507
