cur_n,cur_mean,cur_std,cur_S,next_n,next_mean,next_std,next_S
3542000.0,-0.004588808584543943,0.03113214789710116,3432.9440609772837,3542000.0,-0.004588810748091713,0.031132147844482747,3432.9440493728116
3542000.0,-0.014540947894985511,0.05101763637307911,9219.114841121056,3542000.0,-0.014540951387856571,0.05101763580105878,9219.114634387797
3542000.0,-0.022191443395940463,0.0735250888885093,19147.83486145583,3542000.0,-0.02219144365864677,0.07352508881087039,19147.83482101747
3542000.0,-0.000313534218610831,0.16404842205155298,95321.89588227497,3542000.0,-0.00031353530350484776,0.16404842206218515,95321.8958946308
3542000.0,-0.0004949324220487544,0.13412853376839246,63722.22196798185,3542000.0,-0.0004949338641097553,0.13412853379052322,63722.22198900977
3542000.0,-0.0005256550903118156,0.1338502894513692,63458.117751174665,3542000.0,-0.0005256566706870003,0.13385028947820762,63458.11777662273
