cur_n,cur_mean,cur_std,cur_S,next_n,next_mean,next_std,next_S
2021000.0,-0.32461028430770295,1.3428137324667186,3644163.5633245255,2021000.0,-0.32461030285394815,1.3428137282422414,3644163.5403955295
2021000.0,-0.3690717111233679,1.3268276768632883,3557913.2735467604,2021000.0,-0.36907168160482007,1.326827685737863,3557913.3211414367
2021000.0,-0.19360861996215215,0.9928433331516445,1992176.263935192,2021000.0,-0.19360860349354397,0.992843336639136,1992176.2779307489
2021000.0,0.09948817749158244,0.8337142383914169,1404755.530650389,2021000.0,0.09948819114444132,0.8337142369881493,1404755.5259215552
2021000.0,0.09254295970762205,0.7510222898347768,1139913.683733745,2021000.0,0.0925429587930792,0.7510222899486269,1139913.6840793518
2021000.0,0.09931600727269634,0.6525328283980388,860539.9652091688,2021000.0,0.09931603348140226,0.6525328254727596,860539.9574936345
