cur_n,cur_mean,cur_std,cur_S,next_n,next_mean,next_std,next_S
981000.0,-0.36234826790626573,1.3700688729097854,1841424.03090248,981000.0,-0.36234793731461945,1.3700689994701458,1841424.3711062532
981000.0,-0.4131310644120506,1.353063072784551,1795994.865033441,981000.0,-0.4131314046053271,1.3530630108671002,1795994.7006605843
981000.0,-0.2262477136270111,1.0540403031268342,1089891.94236401,981000.0,-0.22624764468898978,1.0540403201358184,1089891.9775390502
981000.0,0.09803421909178933,0.7993748607393961,626859.1647904684,981000.0,0.09803427317786019,0.799374855901321,626859.1572025598
981000.0,0.0953353802463352,0.7448096828226101,544201.375817417,981000.0,0.09533494194335122,0.7448098654402487,544201.642679636
981000.0,0.09289118094399555,0.6304561218796946,389922.8981048882,981000.0,0.09289100402167176,0.630456172300163,389922.96047273686
