cur_n,cur_mean,cur_std,cur_S,next_n,next_mean,next_std,next_S
61000.0,-0.3083809848449698,1.2974994942238287,102693.80118817656,61000.0,-0.3083807441158731,1.297499552800918,102693.81046063354
61000.0,-0.35806220921703413,1.1289734878570399,77749.44931332947,61000.0,-0.35806314942590134,1.1289732135441557,77749.41153091328
61000.0,-0.214090756597137,0.9904741823012373,59843.385454123585,61000.0,-0.21409040510691146,0.9904742620800728,59843.395094426945
61000.0,0.1162857318457535,0.8447629565444645,43531.09161773443,61000.0,0.116285394981347,0.8447630070125091,43531.0968190258
61000.0,0.11305032422404535,0.7188130415865117,31518.223514045985,61000.0,0.1130504437742316,0.7188130233908508,31518.22191837405
61000.0,0.11299182230522682,0.6697690638405743,27364.026531550644,61000.0,0.11299071073498854,0.6697693076307908,27364.04645209796
