cur_n,cur_mean,cur_std,cur_S,next_n,next_mean,next_std,next_S
551000.0,-0.3639433595037061,1.345386699646715,997346.0197440402,551000.0,-0.36394343613628244,1.3453866801192196,997345.9907922606
551000.0,-0.4017756604674056,1.3034705499212846,936168.5464561651,551000.0,-0.40177581603586493,1.3034705070847765,936168.4849247545
551000.0,-0.1999147203229771,1.009193974019394,561178.3349355785,551000.0,-0.19991475500792177,1.0091939674769501,561178.327659519
551000.0,0.10840299593337777,0.7873758497092473,341598.3615166529,551000.0,0.10840307447466521,0.7873758410543699,341598.35400691803
551000.0,0.09531991875966897,0.7151900159153314,281834.71413459955,551000.0,0.0953199209450994,0.7151900156259089,281834.71390649426
551000.0,0.07852301867127597,0.6057232878832929,202162.28651776473,551000.0,0.07852308072679885,0.6057232815901955,202162.28231707783
