cur_n,cur_mean,cur_std,cur_S,next_n,next_mean,next_std,next_S
4541000.0,-0.3034737084195886,1.334448616478603,8086399.872608346,4541000.0,-0.30347369843186756,1.3344486189197748,8086399.902194037
4541000.0,-0.3855435618756949,1.3575626288633715,8368955.33873167,4541000.0,-0.38554354263599777,1.35756263494657,8368955.413733758
4541000.0,-0.2126403601372541,1.0007483459952224,4547799.02138728,4541000.0,-0.21264035162071998,1.0007483479694235,4547799.039330391
4541000.0,0.09624269129502107,0.8245182484290388,3087109.5829878976,4541000.0,0.09624268462655788,0.8245182493299006,3087109.589733798
4541000.0,0.08809833759467293,0.7325086182618605,2436559.2651344943,4541000.0,0.08809834270923046,0.7325086177278236,2436559.261581737
4541000.0,0.0981539273995576,0.6402906440092084,1861683.3460868057,4541000.0,0.0981539406797685,0.640290642598773,1861683.3378849553
