cur_n,cur_mean,cur_std,cur_S,next_n,next_mean,next_std,next_S
351000.0,-0.023948175873866613,1.1309430037534882,448940.25928637583,351000.0,-0.023948148759988283,1.1309430044417086,448940.2598327691
351000.0,-0.12449125519726935,1.092151728845445,418671.18498585315,351000.0,-0.12449136982568917,1.0921517178907234,418671.1765869721
351000.0,-0.10049331100452731,0.8107368657726116,230710.287198502,351000.0,-0.10049331918595794,0.8107368647729891,230710.28662957955
351000.0,0.08446848595951703,1.4841433771468986,773141.2289390796,351000.0,0.0844680681654231,1.484143421565907,773141.2752178526
351000.0,0.10513335564387236,1.339114226579263,629422.6460512691,351000.0,0.10513318587085546,1.3391142436855012,629422.6621321286
351000.0,0.09553386227668449,0.7617693084227775,203682.66021847574,351000.0,0.09553379539477637,0.761769317841019,203682.66525499395
