cur_n,cur_mean,cur_std,cur_S,next_n,next_mean,next_std,next_S
451000.0,-0.3431590030015243,1.333751973603239,802281.3415178314,451000.0,-0.3431596376690719,1.3337518784131066,802281.226999891
451000.0,-0.42511637353957593,1.3097433348514873,773657.8490377406,451000.0,-0.42511670348105984,1.3097432465018526,773657.7446625028
451000.0,-0.22926869254679091,1.0115183178446112,461449.35760817153,451000.0,-0.22926881052902207,1.0115182942061578,461449.33604069456
451000.0,0.10520285374875629,0.7800931488133399,274453.9396923058,451000.0,0.1052027471288297,0.7800931664780953,274453.95212200546
451000.0,0.10855725377061336,0.713025556602976,229290.85541041166,451000.0,0.10855571909940082,0.7130265351081427,229291.48473551386
451000.0,0.0948050871967326,0.6151522495260136,170663.9428337086,451000.0,0.09480492051572542,0.6151522853986936,170663.96273828732
