cur_n,cur_mean,cur_std,cur_S,next_n,next_mean,next_std,next_S
571000.0,-0.3770440618257374,1.3715392576489078,1074119.483040379,571000.0,-0.37704382354873867,1.371539334971124,1074119.604150002
571000.0,-0.4450117474534877,1.3431682887325436,1030141.7006101812,571000.0,-0.4450118205418376,1.3431682656527235,1030141.6652080874
571000.0,-0.23516657595420015,1.0416270726359524,619527.5532738899,571000.0,-0.23516652171939736,1.041627085686661,619527.5687982053
571000.0,0.1042610121495831,0.777198907966189,344905.77939253073,571000.0,0.10426089109874602,0.7771989295879225,344905.7985831417
571000.0,0.1057968915079266,0.717854120227618,294244.6011567552,571000.0,0.10579661703087534,0.7178541906426206,294244.65888223116
571000.0,0.09507844379977291,0.6173696298292781,217633.94336609327,571000.0,0.0950784653606349,0.6173696267237511,217633.94117658454
