cur_n,cur_mean,cur_std,cur_S,next_n,next_mean,next_std,next_S
2082000.0,-0.006844145362883025,0.035839191815025255,2674.2200488445887,2082000.0,-0.006844148968466527,0.03583919150408427,2674.2200024414988
2082000.0,-0.015681294142483756,0.061291784443022586,7821.413673317107,2082000.0,-0.015681305498309647,0.06129178372788239,7821.413490799748
2082000.0,-0.03323360611539734,0.09242484736661574,17785.177719165295,2082000.0,-0.033233628037226126,0.0924248448967993,17785.176768638998
2082000.0,-0.0004038849979367027,0.1614526947944232,54271.4370705856,2082000.0,-0.00040388681120129944,0.16145269481109098,54271.437081791155
2082000.0,-0.0004954810703835177,0.15688885515111423,51246.582996646044,2082000.0,-0.0004954783865331696,0.15688885520738585,51246.58303340746
2082000.0,-0.00046136334283526295,0.15998198688929102,53287.19962067228,2082000.0,-0.00046134123809060657,0.15998199013248285,53287.20178117317
