cur_n,cur_mean,cur_std,cur_S,next_n,next_mean,next_std,next_S
361000.0,-0.024197278270570832,1.132646720705895,463122.78240722016,361000.0,-0.02419784451353026,1.1326467597049938,463122.81429955014
361000.0,-0.11862538941092314,1.0890255463621314,428137.56726719136,361000.0,-0.11862467230056893,1.089025709708952,428137.6957029582
361000.0,-0.09982927604467613,0.8112876797374121,237605.75944503062,361000.0,-0.09982924026443686,0.8112876844250166,237605.76219079367
361000.0,0.08780574522554788,1.4811932174283382,792009.9383954123,361000.0,0.08780525395770282,1.48119327596128,792010.0009918
361000.0,0.10256669240477083,1.3325275902185,641002.3501083618,361000.0,0.10256514422494456,1.33252803405453,641002.7771163842
361000.0,0.09463117031611905,0.7622640444326215,209757.7769099547,361000.0,0.09463123078198474,0.7622640377918357,209757.77325516744
