cur_n,cur_mean,cur_std,cur_S,next_n,next_mean,next_std,next_S
1491000.0,-0.3580137916651119,1.376252855554188,2824061.2363297953,1491000.0,-0.3580134883155487,1.3762529843131144,2824061.7647546534
1491000.0,-0.41747535572525857,1.3892866470029845,2877805.0248233257,1491000.0,-0.4174753903223805,1.3892866372490333,2877804.984414142
1491000.0,-0.19253771259178004,1.0154966087599038,1537568.943342672,1491000.0,-0.1925376497118569,1.0154966235845577,1537568.9882348508
1491000.0,0.10097916912263435,0.823446389377679,1010993.358663092,1491000.0,0.10097928641443903,0.8234463874492833,1010993.3539278834
1491000.0,0.09394417003693982,0.7591501429089605,859276.6287627346,1491000.0,0.09394460090526434,0.7591502718986609,859276.9207678018
1491000.0,0.09035505963490041,0.6435330537284655,617474.9737404564,1491000.0,0.09035503625384597,0.6435330576445488,617474.9812554811
