cur_n,cur_mean,cur_std,cur_S,next_n,next_mean,next_std,next_S
1381000.0,-0.06819469543921129,1.1591243702836944,1855469.2112898733,1381000.0,-0.06819468269814027,1.1591243711300052,1855469.213999339
1381000.0,-0.0942229758262403,1.1244297899124727,1746056.7887232404,1381000.0,-0.09422296786640164,1.1244297906183445,1746056.7909154491
1381000.0,-0.1331874509564554,0.8878365387263645,1088578.3866262012,1381000.0,-0.13318744807940675,0.8878365391643922,1088578.3877003347
1381000.0,0.10638345275984935,1.2495962574812565,2156418.8040681155,1381000.0,0.1063834653722172,1.2495962564954104,2156418.8006655816
1381000.0,0.10591735270698971,1.115793080145987,1719336.987026005,1381000.0,0.10591737394107863,1.1157930784093957,1719336.981674142
1381000.0,0.09895899180978873,0.691886983432772,661095.1926221509,1381000.0,0.0989589921372163,0.6918869833860426,661095.1925328515
