cur_n,cur_mean,cur_std,cur_S,next_n,next_mean,next_std,next_S
5701000.0,-0.3076358890495054,1.3408486885756252,10249686.547439007,5701000.0,-0.3076358902796331,1.340848688296631,10249686.543173643
5701000.0,-0.3927513651534051,1.364715852555822,10617823.791196054,5701000.0,-0.3927513665299558,1.364715852163646,10617823.785093602
5701000.0,-0.2204025121215292,1.0050642135290262,5758888.371978621,5701000.0,-0.2204025148516891,1.0050642129514973,5758888.365360289
5701000.0,0.0955493776605798,0.8204571614365483,3837627.886343107,5701000.0,0.09554939176465715,0.8204571604851648,3837627.8774430547
5701000.0,0.08665612333548278,0.7278920627351576,3020542.900314195,5701000.0,0.08665611383799432,0.727892064219118,3020542.912630215
5701000.0,0.09647912543358168,0.6358077291466476,2304637.6215913584,5701000.0,0.09647912182316386,0.6358077297529259,2304637.6259865602
