cur_n,cur_mean,cur_std,cur_S,next_n,next_mean,next_std,next_S
3311000.0,-0.2999888880038432,1.3254466961989084,5816794.415122295,3311000.0,-0.299988762253085,1.3254467444111453,5816794.838286313
3311000.0,-0.3620148686652444,1.3298753366843028,5855730.009222251,3311000.0,-0.3620148936830186,1.3298753306531819,5855729.956109582
3311000.0,-0.19608179085586258,0.9899658764924698,3244887.397647178,3311000.0,-0.1960817763515918,0.9899658797171151,3244887.4187865146
3311000.0,0.09770372175286553,0.8344098839258423,2305250.157895678,3311000.0,0.09770339778492695,0.8344101300952405,2305251.518095596
3311000.0,0.08452462960652248,0.737649968573444,1801606.07348763,3311000.0,0.08452460489525493,0.7376499727754684,1801606.0940133347
3311000.0,0.09756657871047138,0.650617429126148,1401556.3624028799,3311000.0,0.09756658344738718,0.6506174284728747,1401556.3595883248
