cur_n,cur_mean,cur_std,cur_S,next_n,next_mean,next_std,next_S
3502000.0,-0.014524374521374063,0.02658581502172955,2475.2330724144117,3502000.0,-0.014524372026780735,0.026585816794435974,2475.233402504853
3502000.0,-0.02448494212140656,0.0430216514359964,6481.720447965859,3502000.0,-0.024484940080714678,0.04302165276690852,6481.72084900116
3502000.0,-0.005652797706410628,0.010251495653030839,368.03625726063393,3502000.0,-0.005652795115942756,0.010251498227632265,368.03644212083844
3502000.0,-0.0004994632186365751,0.052637936306333614,9703.174689740901,3502000.0,-0.0004994645737915217,0.052637936354561106,9703.174707521224
3502000.0,-0.0007453067485080748,0.06735510397806425,15887.558531699258,3502000.0,-0.0007453074664697729,0.06735510398351878,15887.558534272455
3502000.0,-0.0005660533236107615,0.043196992342378046,6534.6624762909905,3502000.0,-0.0005660549638540342,0.043196992429938956,6534.662502782697
