cur_n,cur_mean,cur_std,cur_S,next_n,next_mean,next_std,next_S
4981000.0,-0.30712538256839905,1.3390790095288445,8931593.449522302,4981000.0,-0.3071253975877071,1.3390790065036653,8931593.409166697
4981000.0,-0.38599850091638765,1.358694552466942,9195179.467665557,4981000.0,-0.3859985113180752,1.3586945497102283,9195179.430352569
4981000.0,-0.21512011838115985,1.0005268859867655,4986250.220969806,4981000.0,-0.21512011886013227,1.0005268858843628,4986250.219949133
4981000.0,0.09639608106723213,0.8223138697876109,3368152.7003169227,4981000.0,0.09639607722353587,0.8223138702829439,3368152.7043746365
4981000.0,0.08624529326631833,0.7301822110222599,2655700.151302207,4981000.0,0.0862452740836885,0.7301822145431038,2655700.17691309
4981000.0,0.09752694506336607,0.6379437093960421,2027128.4104391073,4981000.0,0.0975269454558103,0.6379437093366233,2027128.410061489
