cur_n,cur_mean,cur_std,cur_S,next_n,next_mean,next_std,next_S
2651000.0,-0.04260456479287572,0.1394915051082689,51582.839873028424,2651000.0,-0.04260456430665027,0.13949150525902185,51582.839984522885
2651000.0,-0.03731479005182256,0.13407229535259074,47652.73339032878,2651000.0,-0.0373147926978092,0.13407229468537826,47652.73291603992
2651000.0,0.006160176040060672,0.24682690515788214,161508.2544621279,2651000.0,0.006160172931752923,0.24682690528735268,161508.25463156292
2651000.0,0.03019470067665634,0.15744230631950693,65713.19960071365,2651000.0,0.030194673409869824,0.15744231780809648,65713.20919091876
2651000.0,0.030174355183536894,0.16861342209032465,75369.21867498546,2651000.0,0.030174353468348535,0.16861342242038901,75369.21897005916
2651000.0,0.05368962339851601,0.42166066079645154,471341.7368006087,2651000.0,0.05368961990890715,0.4216606612790591,471341.7378795478
