cur_n,cur_mean,cur_std,cur_S,next_n,next_mean,next_std,next_S
5351000.0,-0.058379077837465834,0.17095532049019047,156386.83630248887,5351000.0,-0.05837909129525436,0.17095531872899045,156386.83308026104
5351000.0,-0.04936704200401372,0.16726663091139235,149710.951243813,5351000.0,-0.049367029629110284,0.16726663701322508,149710.9621666276
5351000.0,0.017597196592581077,0.3381750166183766,611952.8913187552,5351000.0,0.01759728630767804,0.3381750756286908,611953.104885895
5351000.0,0.027032735783001166,0.1735890392737681,161242.51002910142,5351000.0,0.027032738529134764,0.17358903896233954,161242.5094505451
5351000.0,0.027818293135229936,0.19045233018648874,194091.95398310228,5351000.0,0.02781828545268403,0.19045233213777715,194091.95796025897
5351000.0,0.0614965137212117,0.4768866740164797,1216929.2351214306,5351000.0,0.06149638006402616,0.47688679147669644,1216929.834596304
