cur_n,cur_mean,cur_std,cur_S,next_n,next_mean,next_std,next_S
402000.0,-0.006828314325775587,0.015109010142704934,91.76943937192894,402000.0,-0.006828313900213978,0.015109010337440875,91.76944173751187
402000.0,-0.012433596649963284,0.020984925288859112,177.02756993035746,402000.0,-0.012433596287580837,0.020984925504829215,177.02757357417912
402000.0,-0.004158050931536073,0.009430671587964906,35.752901773219506,402000.0,-0.004158050631889916,0.00943067172199471,35.75290278946834
402000.0,-0.0006509700860420391,0.05876716599416627,1388.3390791923289,402000.0,-0.0006509646185351405,0.0587671661569735,1388.3390868847753
402000.0,-0.0010728758025342156,0.06804435913961017,1861.2739939095402,402000.0,-0.0010728703056525817,0.06804435931553791,1861.274003534137
402000.0,-0.000748985837594886,0.052733319002784315,1117.882779085864,402000.0,-0.000748980256633145,0.052733319200773204,1117.8827874801154
