cur_n,cur_mean,cur_std,cur_S,next_n,next_mean,next_std,next_S
2622000.0,-0.011440560851396527,0.02068546715342062,1121.923781653448,2622000.0,-0.01144056234445821,0.02068546646893296,1121.9237074039315
2622000.0,-0.018931875090952368,0.03144984811817649,2593.4017061330014,2622000.0,-0.01893187669352874,0.031449847260532134,2593.4015646877197
2622000.0,-0.005163970876256722,0.009011873140245584,212.9427343541969,2622000.0,-0.005163972308049938,0.009011872618029045,212.94270967515112
2622000.0,-0.0006251276748800679,0.05498419862390546,7926.993221776916,2622000.0,-0.0006251298633112078,0.05498419871321444,7926.99324752801
2622000.0,-0.0010046105602371915,0.06633238840410349,11536.762640152036,2622000.0,-0.0010046128297045399,0.0663323884715264,11536.76266360489
2622000.0,-0.000712420989320474,0.04739013519080594,5888.552922942308,2622000.0,-0.0007124231643072442,0.04739013528897337,5888.552947338277
