cur_n,cur_mean,cur_std,cur_S,next_n,next_mean,next_std,next_S
851000.0,0.17874943051965733,1.449841143317145,1788835.4790677465,851000.0,0.17874950055573333,1.4498411361220187,1788835.4613128393
851000.0,-0.007676187912616402,1.4584159810829882,1810057.5749703948,851000.0,-0.007676187544840957,1.4584159810849688,1810057.5749753113
851000.0,0.05172986078964671,1.29689214911977,1431321.7887276697,851000.0,0.051729849078099834,1.296892149631853,1431321.7898579964
851000.0,0.005387263283642985,0.8959287397835503,683087.7490613896,851000.0,0.0053874287809091495,0.89592875179628,683087.7673792494
851000.0,0.016764622949227505,0.790131971297914,531286.5607891256,851000.0,0.01676460998690579,0.7901319716634503,531286.5612807005
851000.0,-0.00012740994896702238,0.718330653353861,439115.08734316495,851000.0,-0.00012754558348424702,0.7183306642269874,439115.10063663597
