cur_n,cur_mean,cur_std,cur_S,next_n,next_mean,next_std,next_S
1622000.0,-0.007607936493278103,0.03777408643415016,2314.4019648259973,1622000.0,-0.007607939674505784,0.03777408601070988,2314.4019129379926
1622000.0,-0.01461520599398618,0.06150435220801359,6135.677822335421,1622000.0,-0.014615216158554866,0.06150435115498054,6135.677612234143
1622000.0,-0.032523889608464016,0.09186298593206513,13687.746875023478,1622000.0,-0.03252392636367202,0.09186298484559278,13687.746551250892
1622000.0,-0.0004186410021442301,0.15465030577808517,38792.915099308004,1622000.0,-0.0004186376194914051,0.15465030584725165,38792.915134007824
1622000.0,-0.0004849913445994037,0.15723446248603423,40100.180785487355,1622000.0,-0.00048498347918869656,0.1572344628293884,40100.18096062153
1622000.0,-0.00043180080143434335,0.16144336210527263,42275.741770259476,1622000.0,-0.0004317609051066588,0.16144337020786176,42275.74601376592
