cur_n,cur_mean,cur_std,cur_S,next_n,next_mean,next_std,next_S
1641000.0,-0.08745522977488245,1.1701512597023724,2246945.765726784,1641000.0,-0.08745525438908013,1.1701512582876052,2246945.7602934595
1641000.0,-0.10801075604877897,1.1556144164197069,2191464.718956215,1641000.0,-0.10801127881645507,1.1556145615948559,2191465.2695658864
1641000.0,-0.1444791563189243,0.9200545851274546,1389107.2214066605,1641000.0,-0.14447915517356544,0.920054585308451,1389107.2219532006
1641000.0,0.10456225567529942,1.1874290984649807,2313790.0846293066,1641000.0,0.10456275108720195,1.187429224431434,2313790.575538526
1641000.0,0.10751547605831845,1.0703586588834515,1880040.6278393674,1641000.0,0.10751554080837224,1.070358655593336,1880040.6162814647
1641000.0,0.09715520094808684,0.6734526109706713,744256.5459452948,1641000.0,0.09715522913881537,0.6734526078720104,744256.5390964131
