cur_n,cur_mean,cur_std,cur_S,next_n,next_mean,next_std,next_S
1251000.0,-0.051362964486633106,1.1498420881568658,1653993.1714488736,1251000.0,-0.05136296216871629,1.1498420882633416,1653993.1717551942
1251000.0,-0.09386548309526462,1.1146605565152086,1554327.6634697441,1251000.0,-0.09386550300104902,1.1146605550612665,1554327.6594148728
1251000.0,-0.13169136148385072,0.86950095037464,945795.9102807051,1251000.0,-0.13169134851773232,0.8695009524593904,945795.9148160616
1251000.0,0.10168282814929547,1.2820275668963605,2056136.947535035,1251000.0,0.101682749023972,1.2820275762267654,2056136.9774635492
1251000.0,0.10574365919286591,1.1423853048862664,1632610.2752099298,1251000.0,0.10574360937334071,1.142385310856792,1632610.2922751734
1251000.0,0.09935709112408032,0.6985156252450111,610393.0224679975,1251000.0,0.09935705775725165,0.6985156309880615,610393.0325050468
