cur_n,cur_mean,cur_std,cur_S,next_n,next_mean,next_std,next_S
3202000.0,-0.0050360424026285894,0.032130339590990015,3305.612628587954,3202000.0,-0.005036044135210158,0.032130339469006654,3305.612603488329
3202000.0,-0.015116103025979181,0.05309209026089134,9025.701694562566,3202000.0,-0.015116107038693762,0.05309208960396873,9025.701471207734
3202000.0,-0.024382919836848146,0.07690348527455744,18937.09564369178,3202000.0,-0.02438291970719326,0.07690348531600584,18937.095664104698
3202000.0,-0.00032907210163335833,0.16512839784826744,87310.17565854608,3202000.0,-0.0003290728888044574,0.16512839785270758,87310.17566324148
3202000.0,-0.0005107946069556347,0.13867953489774076,61580.90690505075,3202000.0,-0.0005107941709733108,0.1386795349015371,61580.90690842227
3202000.0,-0.0004999726069641082,0.1388265357141663,61711.528072906214,3202000.0,-0.0004999739393976471,0.1388265357298403,61711.52808684109
