cur_n,cur_mean,cur_std,cur_S,next_n,next_mean,next_std,next_S
3681000.0,-0.3100242254883596,1.3456461857329287,6665421.022070671,3681000.0,-0.3100245384124632,1.3456462475697064,6665421.634665826
3681000.0,-0.38406346904772476,1.363017183674033,6838620.118048741,3681000.0,-0.3840633725149182,1.3630172234575415,6838620.517257654
3681000.0,-0.16199593584784322,0.9781296029115457,3521750.8114582766,3681000.0,-0.16199590924596166,0.9781296086488356,3521750.8527724445
3681000.0,0.09833730022363586,0.8557942154484425,2695904.543976851,3681000.0,0.09833754812658556,0.8557943191314701,2695905.197216981
3681000.0,0.09403761457043984,0.7681053726049369,2171737.9632658386,3681000.0,0.09403724169596639,0.7681057514054237,2171740.105304235
3681000.0,0.09287006438258627,0.6561261567578734,1584676.1451148174,3681000.0,0.09287002868699143,0.6561261653845267,1584676.1867850104
