cur_n,cur_mean,cur_std,cur_S,next_n,next_mean,next_std,next_S
1022000.0,-0.008094287132784667,0.01673272816123084,286.1438439354358,1022000.0,-0.008094273592571226,0.016732740310094068,286.14425944731795
1022000.0,-0.013486963176217767,0.023605965980889914,569.5009457485324,1022000.0,-0.013486952492959666,0.02360597455525079,569.501359466617
1022000.0,-0.004017829888598438,0.008929436237721845,81.48899781705792,1022000.0,-0.004017817024022215,0.008929451496984118,81.48927632580575
1022000.0,-0.00043596983650740883,0.05103147246031851,2661.5038274605477,1022000.0,-0.0004359738176605222,0.05103147258501541,2661.5038404674738
1022000.0,-0.0006782965684080446,0.0610759102589697,3812.3326838688777,1022000.0,-0.0006782991426843562,0.061075910285825444,3812.332687221526
1022000.0,-0.000491789243928557,0.043939105298954596,1973.1191639110175,1022000.0,-0.000491793386848313,0.04393910545219465,1973.119177673741
