cur_n,cur_mean,cur_std,cur_S,next_n,next_mean,next_std,next_S
251000.0,-0.2902076907903216,1.2328546751629041,381502.59316782845,251000.0,-0.29020689334346284,1.2328549276119727,381502.7494068178
251000.0,-0.32902933026472186,1.1903916522048734,355675.10369540117,251000.0,-0.3290287576734595,1.1903918450369224,355675.21892733243
251000.0,-0.2067417343197769,0.9799480055297684,241034.8214789845,251000.0,-0.2067415479860718,0.9799480492875364,241034.84300491444
251000.0,0.10329479700095087,0.7869628141176648,155446.92817180254,251000.0,0.10329372702327859,0.7869631371335143,155447.05578096263
251000.0,0.09043758615531225,0.7131000480310136,127636.4313039603,251000.0,0.09043752303734025,0.7131000567369709,127636.43442048604
251000.0,0.09814862587430234,0.6365905675843061,101717.13523506456,251000.0,0.09814827958581751,0.6365906446151375,101717.15985169058
