cur_n,cur_mean,cur_std,cur_S,next_n,next_mean,next_std,next_S
1451000.0,0.1836098216948215,1.56957582427746,3574637.5570947444,1451000.0,0.1836098608748929,1.569575820403719,3574637.539450207
1451000.0,0.04223995086829479,1.5808451081109818,3626152.3922215495,1451000.0,0.04223995100220637,1.5808451081074206,3626152.3922052127
1451000.0,0.03993791175416919,1.4240296158862054,2942425.363382391,1451000.0,0.03993789603844473,1.4240296164527424,2942425.365723624
1451000.0,0.009616357514579753,0.8331607619505356,1007221.5969735497,1451000.0,0.009616450767449136,0.833160768446556,1007221.612679839
1451000.0,-0.001054505138290329,0.7242079362430027,761016.3227650735,1451000.0,-0.0010545138419038036,0.7242079363062474,761016.3228979917
1451000.0,0.00019975385029847141,0.6605756869349846,633158.7055841285,1451000.0,0.00019965883665090916,0.6605756968785452,633158.7246458413
