cur_n,cur_mean,cur_std,cur_S,next_n,next_mean,next_std,next_S
461000.0,0.1564630424759144,1.3910249857678938,892012.1855850924,461000.0,0.15646314750714607,1.3910249757819204,892012.1727778314
461000.0,-0.041537982381057034,1.3727505331668455,868728.6961288447,461000.0,-0.041537989311612816,1.3727505329651948,868728.6958736203
461000.0,0.05245109547109514,1.210951144299518,676011.6326588239,461000.0,0.0524510789704018,1.2109511450660135,676011.6335146137
461000.0,0.012702741369059491,0.9452537330211985,411905.6297234257,461000.0,0.01270299321578118,0.945253745103339,411905.64025330055
461000.0,0.030855024209104246,0.8252344822554343,313946.5092742649,461000.0,0.0308550060756973,0.8252344830252776,313946.5098600127
461000.0,0.005823796125874658,0.7751964995630583,277028.55156295135,461000.0,0.005823522111623653,0.7751965239472988,277028.5689911285
