cur_n,cur_mean,cur_std,cur_S,next_n,next_mean,next_std,next_S
1742000.0,0.00022105027396863029,0.013921580670026091,337.6177313492608,1742000.0,0.00022105223353272477,0.013921580879153548,337.6177414925254
1742000.0,-0.007400092450738147,0.02013214361534957,706.0381858084635,1742000.0,-0.0074000906039477,0.020132144441744125,706.0382437720995
1742000.0,-0.006020977914368647,0.013913873191448179,337.2440006409739,1742000.0,-0.006020978974493647,0.0139138728030513,337.2439818130727
1742000.0,-0.0001905048317199679,0.11415363256511787,22700.092284048398,1742000.0,-0.0001905023810694491,0.11415363261503433,22700.09230390074
1742000.0,-0.00015871126775197548,0.06936631677475488,8381.956842844205,1742000.0,-0.00015870885615512653,0.06936631685330051,8381.956861826504
1742000.0,-0.0007318029544945566,0.05985098756557541,6240.089121305062,1742000.0,-0.0007318005157105238,0.059850987681948034,6240.089145571179
