cur_n,cur_mean,cur_std,cur_S,next_n,next_mean,next_std,next_S
511000.0,-0.025288199727459416,1.1328346969144871,655773.6842225357,511000.0,-0.02528810403884709,1.1328347011156583,655773.6890864712
511000.0,-0.1075465099230735,1.0888556239457547,605844.9571669308,511000.0,-0.1075464263421702,1.0888556338402604,605844.96817764
511000.0,-0.09970032909765983,0.8078560542472545,333494.64764019486,511000.0,-0.09970028097844219,0.807856060918127,333494.6531478599
511000.0,0.09584050775997116,1.4218099992122435,1033008.817342419,511000.0,0.09584050176943693,1.4218099996224847,1033008.8179385362
511000.0,0.10698428552390538,1.2749534569053587,830633.7281274862,511000.0,0.10698428341260595,1.274953457083417,830633.7283594966
511000.0,0.09168054878477379,0.7483380894645476,286165.0569293025,511000.0,0.09168054404355233,0.7483380900530768,286165.0573794106
