cur_n,cur_mean,cur_std,cur_S,next_n,next_mean,next_std,next_S
2722000.0,-0.011749574223433128,0.02124878954454571,1229.0130974490514,2722000.0,-0.011749574793706464,0.021248789250041356,1229.0130633812562
2722000.0,-0.019403831329577813,0.032413638430880985,2859.852849124503,2722000.0,-0.019403831913519517,0.03241363809563397,2859.8527899668647
2722000.0,-0.0052205505517415995,0.009048876400700049,222.8832507214281,2722000.0,-0.005220551117627746,0.009048876122388205,222.88323701120717
2722000.0,-0.0006267115284372589,0.05488962370231433,8201.034290874499,2722000.0,-0.0006267115008131307,0.05488962370264739,8201.034290974023
2722000.0,-0.0010046657562743052,0.06635925023479439,11986.463349672886,2722000.0,-0.0010046657086319943,0.06635925023556176,11986.463349950107
2722000.0,-0.0007135429325193464,0.04721147759339517,6067.130084253603,2722000.0,-0.0007135428965231409,0.04721147759397396,6067.130084402363
