cur_n,cur_mean,cur_std,cur_S,next_n,next_mean,next_std,next_S
2351000.0,-0.036885910884037545,0.1248853151950559,36666.999927667246,2351000.0,-0.03688591715006145,0.12488531371390311,36666.999057918416
2351000.0,-0.03202605313836944,0.1192037361742032,33406.60671775713,2351000.0,-0.03202606018717287,0.11920373477038511,33406.605930922764
2351000.0,0.007279350915102455,0.21179527116779695,105459.36392613455,2351000.0,0.00727934028661774,0.21179527216007527,105459.36491430618
2351000.0,0.03139490648421065,0.1526028932092097,54749.24873019624,2351000.0,0.031394908732637214,0.1526028927855751,54749.24842622198
2351000.0,0.031080358534565346,0.1626579918279846,62201.87004026037,2351000.0,0.031080347220442138,0.1626579949149587,62201.872401233355
2351000.0,0.052887413858196154,0.406907782317376,389264.34072285634,2351000.0,0.05288742627845998,0.40690778114870774,389264.33848686627
