cur_n,cur_mean,cur_std,cur_S,next_n,next_mean,next_std,next_S
1051000.0,-0.3734143176974434,1.3833492917665153,2011251.6814454964,1051000.0,-0.37341428926604003,1.3833492997482266,2011251.7046547185
1051000.0,-0.4298100100400512,1.3894483942504736,2029025.749139766,1051000.0,-0.42980997725814024,1.3894484047976627,2029025.7799441027
1051000.0,-0.20860905702127241,1.0287195994458782,1112235.4790125764,1051000.0,-0.20860907650526642,1.0287195956887278,1112235.4708882326
1051000.0,0.10321746306115402,0.8095967374414439,688874.6680168975,1051000.0,0.10321604967572029,0.8095982142920698,688877.1812827385
1051000.0,0.09583537168150831,0.7440420512652496,581832.1013276014,1051000.0,0.09583573905834672,0.7440420992688986,581832.1764041777
1051000.0,0.0892897966688894,0.6306563931547792,418011.5880245722,1051000.0,0.08928988234845471,0.6306563871409964,418011.58005246276
