cur_n,cur_mean,cur_std,cur_S,next_n,next_mean,next_std,next_S
262000.0,-0.007292257436811145,0.016163334800277526,68.44838866885598,262000.0,-0.007292248566376373,0.01616333943998372,68.4484279652589
262000.0,-0.011947244394221868,0.021132743406734284,117.00732510045628,262000.0,-0.011947235799835455,0.02113274872337926,117.00738397463778
262000.0,-0.0038176396759874204,0.008848476509762147,20.51343057447888,262000.0,-0.003817630623966271,0.008848481628306695,20.513454307138048
262000.0,-0.0004681629131426078,0.05280151839064677,730.4560902217461,262000.0,-0.0004681543294548883,0.0528015186495516,730.4560973851236
262000.0,-0.0006881778116769508,0.06095909169437846,973.5948453733538,262000.0,-0.0006881695225709982,0.0609590919356102,973.5948530789143
262000.0,-0.0005207185787016274,0.04505650604189307,531.8832490162245,262000.0,-0.0005207098512936297,0.04505650636420997,531.8832566260005
