cur_n,cur_mean,cur_std,cur_S,next_n,next_mean,next_std,next_S
621000.0,-0.02025199194248516,1.139770710044791,806726.9855866001,621000.0,-0.02025572868767994,1.1397744475537115,806732.2763950445
621000.0,-0.09486034730889828,1.1034928334325957,756189.4851644383,621000.0,-0.09486666184418938,1.1035035100774284,756204.1179837404
621000.0,-0.10760633079101302,0.8167637056060062,414270.9324438532,621000.0,-0.10760535227087877,0.8167641985253391,414271.43247149134
621000.0,0.09228900486775675,1.4007889663826116,1218532.2412986837,621000.0,0.09228887737995746,1.4007889783846383,1218532.2621795689
621000.0,0.10818916042475049,1.2737929130341323,1007602.5472688039,621000.0,0.1081909226848726,1.2737935203678776,1007603.5081018696
621000.0,0.09390897073890374,0.7375641045425576,337824.50196030183,621000.0,0.09390786464731211,0.7375647604161043,337825.1027765601
