cur_n,cur_mean,cur_std,cur_S,next_n,next_mean,next_std,next_S
1302000.0,0.0002421448422187789,0.013833582812900255,249.16115350066283,1302000.0,0.0002421543134053274,0.013833586868497795,249.1612995940536
1302000.0,-0.007333750451505537,0.020005587096430584,521.0910166248765,1302000.0,-0.007333738410351208,0.020005596228619995,521.0914923622721
1302000.0,-0.005970029579604118,0.01378594822836167,247.4481838586989,1302000.0,-0.00597003365474869,0.013785947247819053,247.4481486585839
1302000.0,-0.00019097178143838908,0.1137071096786333,16833.957442492305,1302000.0,-0.00019095144027915325,0.113707112081685,16833.958154019852
1302000.0,-0.00015712738952734643,0.06880730597440957,6164.247852803735,1302000.0,-0.00015710983704309174,0.06880730892939121,6164.2483822602935
1302000.0,-0.0007410956259802055,0.059310409486789846,4580.0775248848795,1302000.0,-0.0007410822660332803,0.05931041161283553,4580.0778532405375
