cur_n,cur_mean,cur_std,cur_S,next_n,next_mean,next_std,next_S
2201000.0,-0.0801010561871305,0.1872864812125476,77202.77352499646,2201000.0,-0.08010105733026107,0.18728648073132334,77202.7731282583
2201000.0,-0.08616806280405992,0.18576195191542572,75951.0136175231,2201000.0,-0.08616804236879383,0.1857619638685498,75951.02339188117
2201000.0,-0.10465171073987105,0.25924216114632215,147921.50235291026,2201000.0,-0.1046517116527502,0.25924216078135565,147921.50193641635
2201000.0,0.02710327184745065,0.15628955127626298,53762.55886773653,2201000.0,0.027103262444264326,0.15628955352953422,53762.56041795697
2201000.0,0.027500021079812788,0.12141780712839338,32447.766837196883,2201000.0,0.02750001608293147,0.12141780848645545,32447.767563055513
2201000.0,0.04735923178197483,0.30954484363178447,210895.440492076,2201000.0,0.0473592530307712,0.3095448419860349,210895.43824955059
