cur_n,cur_mean,cur_std,cur_S,next_n,next_mean,next_std,next_S
2582000.0,-0.005991505321615458,0.03404669141633099,2992.995521101873,2582000.0,-0.0059914990488529425,0.034046694012206884,2992.9959775012994
2582000.0,-0.015808014910635673,0.05734560692873954,8490.95511305384,2582000.0,-0.01580801633382265,0.05734560658201904,8490.955010378559
2582000.0,-0.029249630148686562,0.08455557369037085,18460.383498722174,2582000.0,-0.029249631471842102,0.08455557325938641,18460.38331053498
2582000.0,-0.0003646558847385736,0.16446810988432797,69842.47817416018,2582000.0,-0.00036465265584825264,0.16446810997332842,69842.47824974943
2582000.0,-0.0005176614120578246,0.14795584728276848,56522.388348008055,2582000.0,-0.0005176515240380705,0.14795584817048885,56522.38902626545
2582000.0,-0.00046170970073675327,0.14972566975326534,57882.69810467094,2582000.0,-0.00046169557329987126,0.1497256715177364,57882.69946893058
