cur_n,cur_mean,cur_std,cur_S,next_n,next_mean,next_std,next_S
1262000.0,-0.008564330598004289,0.017326905976094785,378.87974842898967,1262000.0,-0.008564327875113619,0.01732690759196587,378.87981909606196
1262000.0,-0.014301957054377977,0.024942886085997703,785.1502286694109,1262000.0,-0.01430195451974453,0.024942887701848444,785.1503303966623
1262000.0,-0.00416124676955107,0.009001661644811554,102.25974940800138,1262000.0,-0.004161243992254329,0.009001663469380587,102.25979086256794
1262000.0,-0.0004411609340914586,0.050930537739956254,3273.5266291951593,1262000.0,-0.0004411692294180107,0.050930538520647405,3273.526729551974
1262000.0,-0.0006878603210153894,0.061361446905611405,4751.716683933912,1262000.0,-0.0006878676569106171,0.061361447376777345,4751.716756906346
1262000.0,-0.0004985340529825388,0.04371483702477623,2411.6655638416664,1262000.0,-0.0004985424721413853,0.04371483795190669,2411.665666137764
