cur_n,cur_mean,cur_std,cur_S,next_n,next_mean,next_std,next_S
1881000.0,-0.3546300804969868,1.3732180356894583,3547053.942034034,1881000.0,-0.354630221769118,1.373218012875112,3547053.824174066
1881000.0,-0.41102488586322966,1.3850760798331168,3608577.63996757,1881000.0,-0.4110248815053639,1.3850760811392502,3608577.6467733816
1881000.0,-0.18778786846776893,1.0110909462001523,1922955.519698776,1881000.0,-0.18778785975576498,1.0110909478888297,1922955.526122039
1881000.0,0.10339219388682375,0.82984412547373,1295334.2337291115,1881000.0,0.1033922235102267,0.8298441227774491,1295334.2253116635
1881000.0,0.09525834845797723,0.762610613740477,1093942.4775446886,1881000.0,0.09525816127068396,0.7626106803346103,1093942.6685993448
1881000.0,0.09112594605065409,0.6463877433387414,785913.9928232138,1881000.0,0.09112596757668104,0.6463877409782525,785913.9870831877
