cur_n,cur_mean,cur_std,cur_S,next_n,next_mean,next_std,next_S
4151000.0,-0.30250966273489316,1.3330569171450664,7376496.129789828,4151000.0,-0.30250967318304256,1.3330569149441338,7376496.105432022
4151000.0,-0.3812741079503202,1.3504200170506484,7569905.657394407,4151000.0,-0.38127407742721925,1.3504200271004194,7569905.770064269
4151000.0,-0.2080384198442813,0.9980910475005218,4135167.0030069593,4151000.0,-0.2080384201476171,0.9980910474375138,4135167.002484865
4151000.0,0.09649627486453811,0.8255401363102084,2828975.060651831,4151000.0,0.09649622663766355,0.8255401477948131,2828975.1393631105
4151000.0,0.08827849887422243,0.7341647757969368,2237380.357705032,4151000.0,0.08827848064171745,0.73416477892906,2237380.3767954353
4151000.0,0.09814714445752365,0.6433823118856633,1718268.2576757122,4151000.0,0.098147149120449,0.6433823112444516,1718268.2542507695
