cur_n,cur_mean,cur_std,cur_S,next_n,next_mean,next_std,next_S
3441000.0,-0.3022847997044285,1.3303195804225239,6089710.390217182,3441000.0,-0.30228463586330057,1.3303196523689378,6089711.0489052795
3441000.0,-0.3677621205751156,1.3371996781809226,6152862.351864768,3441000.0,-0.36776204055203054,1.3371997084284755,6152862.630221148
3441000.0,-0.19920532092135176,0.9913601087768742,3381797.131408164,3441000.0,-0.1992053147861151,0.9913601100750151,3381797.140264782
3441000.0,0.09851002525670419,0.8342437192949216,2394807.248732785,3441000.0,0.09850975903360731,0.8342438968996101,2394808.268408525
3441000.0,0.08598376541939695,0.737921848323527,1873723.0992164772,3441000.0,0.08598372289813268,0.7379218574937181,1873723.1457861755
3441000.0,0.09890903614379269,0.649521890309681,1451684.5584966182,3441000.0,0.09890904361498476,0.649521889319809,1451684.5540718813
