cur_n,cur_mean,cur_std,cur_S,next_n,next_mean,next_std,next_S
5751000.0,-0.3082161863484639,1.3405983128990233,10335719.263985865,5751000.0,-0.30821617640379134,1.3405983153975425,10335719.302511938
5751000.0,-0.3925022395199732,1.3651135773567369,10717190.239810403,5751000.0,-0.39250223433972614,1.3651135789027433,10717190.264085079
5751000.0,-0.2209470478929577,1.005433347908888,5813664.1444689175,5751000.0,-0.22094704198474954,1.0054333493070862,5813664.160638374
5751000.0,0.09569679085452246,0.8203857760335759,3870611.75655124,5751000.0,0.09569679488124627,0.8203857756207333,3870611.7526556263
5751000.0,0.08651628739835718,0.7276665131190342,3045146.1858644923,5751000.0,0.08651628285499215,0.7276665137408267,3045146.19106866
5751000.0,0.09673314368916412,0.6357729490285872,2324595.8528626286,5751000.0,0.09673314391567693,0.6357729489943433,2324595.8526122156
