cur_n,cur_mean,cur_std,cur_S,next_n,next_mean,next_std,next_S
2251000.0,-0.3412947319479746,1.3644733911610365,4190883.966804809,2251000.0,-0.3412946495168736,1.3644734173842707,4190884.127890447
2251000.0,-0.40163315157284074,1.37948589170451,4283610.963501934,2251000.0,-0.40163318390906033,1.3794858831430774,4283610.910331623
2251000.0,-0.18645377815391082,1.009957137188374,2296050.2060738634,2251000.0,-0.1864537541483206,1.009957142262355,2296050.2291443776
2251000.0,0.10456601315443304,0.8417900525179776,1595082.218658512,2251000.0,0.1045660326843472,0.8417900506019371,1595082.2113972192
2251000.0,0.09470722795372016,0.7657663793710988,1319982.2306417986,2251000.0,0.09470724848560655,0.7657663774513798,1319982.2240236052
2251000.0,0.09424487502936012,0.6505820136187214,952751.4089558721,2251000.0,0.09424487795030367,0.65058201321033,952751.4077597265
