cur_n,cur_mean,cur_std,cur_S,next_n,next_mean,next_std,next_S
1151000.0,-0.005270207376044392,0.02236198647841196,575.5672635890419,1151000.0,-0.005270223746016277,0.022361989516911547,575.5674200027856
1151000.0,-0.003366182315728076,0.021359270547247317,525.1074224953933,1151000.0,-0.003366205550575353,0.021359281431293828,525.1079576536565
1151000.0,-0.005421334367166282,0.022694721632955616,592.8229988869425,1151000.0,-0.005421359186858835,0.022694731325150066,592.8235052387805
1151000.0,-0.0011460720988002893,0.07748236639838293,6910.048185199945,1151000.0,-0.0011460580240129526,0.07748236807795206,6910.048484775299
1151000.0,-0.0011704115828156316,0.07604259227998532,6655.629692599754,1151000.0,-0.00117039678177217,0.07604259416575293,6655.630022703469
1151000.0,-0.0012071351399994133,0.07774778005113511,6957.469615614514,1151000.0,-0.0012071358480286387,0.07774778004385499,6957.469614311553
