cur_n,cur_mean,cur_std,cur_S,next_n,next_mean,next_std,next_S
2601000.0,-0.042842370976909905,0.13403357092115217,46726.96014621026,2601000.0,-0.042842375595665144,0.1340335696518084,46726.95926116966
2601000.0,-0.039327383068874566,0.12908167667940101,43338.06814060446,2601000.0,-0.039327388597770546,0.1290816753028947,43338.06721630403
2601000.0,-0.008994267757185731,0.1975473896753271,101503.95000675993,2601000.0,-0.008994275917372865,0.19754738974216368,101503.95007544395
2601000.0,0.029995548471513478,0.14985867135861256,58412.27321293984,2601000.0,0.02999554947321963,0.14985867116682844,58412.27306343169
2601000.0,0.031507992940243014,0.1561382385404859,63410.16793930127,2601000.0,0.03150799687878206,0.156138237874908,63410.16739869819
2601000.0,0.04857793663092787,0.380070229107274,375723.23891855864,2601000.0,0.04857795151244029,0.38007022796298756,375723.2366561609
