cur_n,cur_mean,cur_std,cur_S,next_n,next_mean,next_std,next_S
3711000.0,-0.31054662265189226,1.3450053070725452,6713344.753433839,3711000.0,-0.31054637522334994,1.3450054486581813,6713346.166830846
3711000.0,-0.3830032407416592,1.3622802334118649,6886901.388853126,3711000.0,-0.38300328466044453,1.3622802236913962,6886901.290570986
3711000.0,-0.16126160411598822,0.9776978810635556,3547319.467166814,3711000.0,-0.1612616167558118,0.9776978792819113,3547319.4542383594
3711000.0,0.09871361134804953,0.8562842142945408,2720989.2751172213,3711000.0,0.09871371655529795,0.8562842261507488,2720989.3504674714
3711000.0,0.09365002225636179,0.7678425355910788,2187939.39376696,3711000.0,0.09364983585860617,0.7678426422846327,2187940.001805809
3711000.0,0.09269838498298584,0.6561029993437427,1597478.4218702912,3711000.0,0.09269839892530805,0.6561029979236328,1597478.4149549287
