cur_n,cur_mean,cur_std,cur_S,next_n,next_mean,next_std,next_S
81000.0,0.09861006514643725,1.427112832784263,164968.73403729947,81000.0,0.09861089412378979,1.427112795005801,164968.72530321078
81000.0,0.03338003196963995,1.5080996297749893,184223.52395952426,81000.0,0.03338002031464995,1.508099630036605,184223.52402344014
81000.0,-0.061365124789956094,1.3573564278490184,149235.73425006683,81000.0,-0.061365221620025716,1.3573564237511664,149235.73334898305
81000.0,0.00588087328053878,0.8100917315242894,53156.13769220574,81000.0,0.00588311814154849,0.8100919671660541,53156.16861662435
81000.0,0.020289882418191817,0.806965327147185,52746.636176638836,81000.0,0.02028972191216921,0.8069653324757924,52746.63687323906
81000.0,0.05574008885904032,0.7468267025621264,45177.76001644531,81000.0,0.05573823512803206,0.7468270272643129,45177.79930084852
