cur_n,cur_mean,cur_std,cur_S,next_n,next_mean,next_std,next_S
3722000.0,-0.014869638520092845,0.027071618757575938,2727.75160190291,3722000.0,-0.014869638464551863,0.02707161878829467,2727.7516080933838
3722000.0,-0.025132334408864792,0.04421018429950001,7274.799353151809,3722000.0,-0.025132334373146888,0.04421018431985648,7274.799359851137
3722000.0,-0.0057361944865487085,0.010309078421943927,395.563358420238,3722000.0,-0.005736194432148079,0.010309078452748444,395.5633607842006
3722000.0,-0.0005065537938105177,0.05263881217233566,10313.08340361552,3722000.0,-0.000506554829100248,0.052638812200263715,10313.083414558942
3722000.0,-0.000748613118808252,0.06770141428849405,17059.718130577105,3722000.0,-0.0007486141426513326,0.0677014143059851,17059.71813939206
3722000.0,-0.0005749142222919487,0.04308532283856343,6909.3162541522415,3722000.0,-0.0005749152636679322,0.04308532287150798,6909.316264718453
