cur_n,cur_mean,cur_std,cur_S,next_n,next_mean,next_std,next_S
2591000.0,-0.333159054494186,1.3663488267877095,4837161.520758613,2591000.0,-0.33315899623539474,1.366348844211099,4837161.644123523
2591000.0,-0.39574594344222846,1.3735774870765811,4888478.857792367,2591000.0,-0.3957460380048339,1.3735774682656543,4888478.723898476
2591000.0,-0.17715772322637377,1.0038531528443002,2611005.5060638706,2591000.0,-0.17715772549120262,1.0038531524512102,2611005.5040190285
2591000.0,0.10286556457441996,0.8486650187521823,1866121.925712986,2591000.0,0.10286537381489633,0.8486650974224842,1866122.27168785
2591000.0,0.09438112837129391,0.7677927568491951,1527409.313964996,2591000.0,0.09438115556876922,0.7677927547540497,1527409.3056290369
2591000.0,0.09278145428069055,0.6530141404714017,1104873.568695669,2591000.0,0.09278142960224454,0.6530141451859773,1104873.5846494124
