cur_n,cur_mean,cur_std,cur_S,next_n,next_mean,next_std,next_S
3251000.0,-0.2986879015245459,1.324443705184748,5702745.317789591,3251000.0,-0.2986878798624295,1.3244437106459575,5702745.364818975
3251000.0,-0.3592565739622666,1.3265752891040807,5721116.294397782,3251000.0,-0.3592565626492161,1.326575292324677,5721116.322176688
3251000.0,-0.19438558853767055,0.9885310932369323,3176856.7911849613,3251000.0,-0.1943855803239503,0.9885310949630156,3176856.802279239
3251000.0,0.09769901774700163,0.8348492319585274,2265860.003570767,3251000.0,0.09769897810116827,0.8348492396585087,2265860.045367726
3251000.0,0.08401374695191288,0.7378597579229402,1769964.7596991872,3251000.0,0.08401375344614255,0.7378597572763885,1769964.7565973138
3251000.0,0.09717994198927393,0.6507573316454562,1376750.0753482117,3251000.0,0.0971799370691549,0.6507573324406393,1376750.0787128096
