cur_n,cur_mean,cur_std,cur_S,next_n,next_mean,next_std,next_S
1801000.0,-0.33260398288308496,1.346779481597628,3266680.7646663287,1801000.0,-0.332603958014436,1.346779488152786,3266680.796466053
1801000.0,-0.37295412544236706,1.3268298927987867,3170620.093528416,1801000.0,-0.37295418949457526,1.3268298775790515,3170620.0207896293
1801000.0,-0.19449577239235372,0.999314927329182,1798533.213493254,1801000.0,-0.19449575703823738,0.9993149305299878,1798533.2250146577
1801000.0,0.09986286999445572,0.8263015323729297,1229676.374545735,1801000.0,0.09986283761277467,0.8263015374291569,1229676.3895947768
1801000.0,0.09296414240268172,0.7509112925700042,1015525.8525257872,1801000.0,0.09296412619972727,0.7509112948908271,1015525.8588031083
1801000.0,0.09854806172849967,0.6532758857370641,768611.6585768677,1801000.0,0.09854804561729928,0.653275888525258,768611.6651377659
