cur_n,cur_mean,cur_std,cur_S,next_n,next_mean,next_std,next_S
1222000.0,-0.008046637574737267,0.039552512862981996,1911.6983565547073,1222000.0,-0.008046638049347951,0.03955251276990634,1911.6983475574239
1222000.0,-0.014865655506813041,0.060428881164045746,4462.3159074182795,1222000.0,-0.01486561619135793,0.0604289064644423,4462.319643988723
1222000.0,-0.02897819718814574,0.08343016235243012,8505.84341196678,1222000.0,-0.02897826978812238,0.08343017573623832,8505.846140969881
1222000.0,-0.00045818415863864756,0.15054722636887524,27695.979122915585,1222000.0,-0.0004581564730105646,0.1505472295639667,27695.980298509316
1222000.0,-0.0005365446160698734,0.15377505433251498,28896.349683330813,1222000.0,-0.000536524452375294,0.15377505601832708,28896.350316903226
1222000.0,-0.0004901341882204207,0.15600586367302044,29740.827649446073,1222000.0,-0.0004899977867775831,0.1560059369697129,29740.855595893205
