cur_n,cur_mean,cur_std,cur_S,next_n,next_mean,next_std,next_S
641000.0,-0.3735422807912348,1.3690736260833547,1201466.4225213334,641000.0,-0.3735423562938152,1.3690736068175242,1201466.388706865
641000.0,-0.4159121483228429,1.3340272124633084,1140741.9349028724,641000.0,-0.41591217440131517,1.334027204496112,1140741.921277191
641000.0,-0.2147028725036794,1.0314471766467923,681949.1813343018,641000.0,-0.21470287633544063,1.0314471758537374,681949.1802856331
641000.0,0.10397227733140027,0.7881455148135512,398172.1189657801,641000.0,0.10397228129731885,0.7881455142967518,398172.1184436046
641000.0,0.09262000036049638,0.7168822955393617,329422.86464664,641000.0,0.09262012734455323,0.7168822863422889,329422.8561941337
641000.0,0.08133953131645312,0.6086525638869212,237463.54180024465,641000.0,0.08133953032547434,0.6086525640198609,237463.54190397647
