cur_n,cur_mean,cur_std,cur_S,next_n,next_mean,next_std,next_S
911000.0,-0.01749409408896165,1.162255498577762,1230613.2758605345,911000.0,-0.017494094087918726,1.1622554985778186,1230613.2758606544
911000.0,-0.08562648172559309,1.1182874875010234,1139266.4501829313,911000.0,-0.08562494233820939,1.118288570599072,1139268.6570177216
911000.0,-0.12125042868588935,0.8414589863584285,645036.4886339755,911000.0,-0.12125036730978787,0.8414589972416207,645036.5053194141
911000.0,0.10352516988068343,1.3914295578096736,1763765.4312695921,911000.0,0.10352639357775936,1.3914299569654658,1763766.4432033761
911000.0,0.11000061570145671,1.230302118766069,1378929.049434094,911000.0,0.1100027884820023,1.2303036723629415,1378932.5319952932
911000.0,0.09786880528274995,0.7223647746347496,475369.7004137655,911000.0,0.09786879045144997,0.7223647767828474,475369.7032409815
