cur_n,cur_mean,cur_std,cur_S,next_n,next_mean,next_std,next_S
671000.0,-0.38127569625002883,1.3753824546281699,1269315.1975508356,671000.0,-0.38127565496877075,1.375382466487643,1269315.2194406155
671000.0,-0.4256592109563256,1.3460472149330152,1215746.72334021,671000.0,-0.42565920608850977,1.34604721647829,1215746.726131587
671000.0,-0.22576410738393712,1.0349376119994464,718705.3225505793,671000.0,-0.22576406491826811,1.0349376218476187,718705.3362285709
671000.0,0.10629143036581899,0.7806415731466307,408908.2493013719,671000.0,0.10629139753921935,0.7806415780793831,408908.2544690269
671000.0,0.09852531929317564,0.7206824425931158,348506.1158345883,671000.0,0.09852540455651104,0.7206824343210265,348506.1078341889
671000.0,0.09444666413993555,0.6202212662404406,258116.53521401685,671000.0,0.09444667641803284,0.6202212644522852,258116.5337256691
