cur_n,cur_mean,cur_std,cur_S,next_n,next_mean,next_std,next_S
1941000.0,-0.13072564746937881,1.2285913935992527,2929816.852919164,1941000.0,-0.13072540263581572,1.2285914670013411,2929817.203002493
1941000.0,-0.12316656030465697,1.1854515480065029,2727678.3183544385,1941000.0,-0.12316644578824028,1.185451570640629,2727678.4225149425
1941000.0,-0.17485530679537503,0.9906181672453236,1904750.5697096554,1941000.0,-0.1748552426896001,0.9906181825867582,1904750.6287063656
1941000.0,0.10647570857344359,1.13088052026407,2482326.947909816,1941000.0,0.10647578056057105,1.1308805179334458,2482326.937678193
1941000.0,0.1049168353268125,1.0262450309425357,2044220.1741199717,1941000.0,0.10491692157877683,1.026245029160004,2044220.1670185737
1941000.0,0.0985655528201633,0.6569445307710644,837689.2421459373,1941000.0,0.0985655274470566,0.6569445355290461,837689.2542800212
