cur_n,cur_mean,cur_std,cur_S,next_n,next_mean,next_std,next_S
3651000.0,-0.3101847837788127,1.3464389609059295,6618890.143251299,3651000.0,-0.3101846986707297,1.3464389903332081,6618890.432571398
3651000.0,-0.3859653916397595,1.3648064175162646,6800705.130678863,3651000.0,-0.38596592034587984,1.364806641885031,6800707.366696991
3651000.0,-0.16220555175216117,0.9785046406896837,3495727.8325889027,3651000.0,-0.1622061707062227,0.9785052528056862,3495732.206184136
3651000.0,0.09832486604795818,0.8559802411403962,2675095.634436336,3651000.0,0.0983245885645622,0.855980437221442,2675096.860015116
3651000.0,0.09470880713004222,0.7684116890412231,2155756.768595282,3651000.0,0.09470935958469395,0.7684123460212124,2155760.4548735735
3651000.0,0.0926285118940841,0.656154876199814,1571898.6979184563,3651000.0,0.09262915772193103,0.6561559454314495,1571903.8208711187
