cur_n,cur_mean,cur_std,cur_S,next_n,next_mean,next_std,next_S
1361000.0,-0.34110127143509045,1.3606526909335936,2519722.3894143132,1361000.0,-0.3411012257296223,1.3606527034362426,2519722.4357203315
1361000.0,-0.3878506100849887,1.338805730643244,2439457.467572742,1361000.0,-0.38785069438697023,1.3388057098334116,2439457.391736944
1361000.0,-0.202999402410266,1.0148837665462782,1401815.1101144576,1361000.0,-0.20299940507492364,1.0148837660180556,1401815.1086552353
1361000.0,0.0961357100914404,0.8138300429824367,901416.6201895415,1361000.0,0.09613570734120744,0.8138300433136264,901416.6209232083
1361000.0,0.09642852600566769,0.7566784798509563,779257.320064463,1361000.0,0.09642841964171185,0.7566785035799408,779257.3689385507
1361000.0,0.09288618186467432,0.6351797247481591,549099.9177970912,1361000.0,0.09288611596017114,0.6351797390390753,549099.9425055027
