cur_n,cur_mean,cur_std,cur_S,next_n,next_mean,next_std,next_S
3861000.0,-0.3084739819860157,1.3430993365327157,6964919.011115031,3861000.0,-0.30847406051402526,1.3430993273605607,6964918.915986825
3861000.0,-0.38075192876009295,1.3615188959153501,7157265.830891314,3861000.0,-0.3807520230561464,1.3615188821528934,7157265.686197676
3861000.0,-0.15963283382337923,0.9734522247760314,3658719.252170546,3861000.0,-0.15963274723003099,0.973452253846576,3658719.470693776
3861000.0,0.09810674041105548,0.8579671095285522,2842111.293147558,3861000.0,0.09810687806834013,0.8579671364257307,2842111.471347341
3861000.0,0.0934411081169291,0.7684984498616076,2280267.478184658,3861000.0,0.09344126435864872,0.7684984921869126,2280267.7293576277
3861000.0,0.0926454797806141,0.6557232234884512,1660125.5438190715,3861000.0,0.09264533528872451,0.6557233053695015,1660125.958423364
