cur_n,cur_mean,cur_std,cur_S,next_n,next_mean,next_std,next_S
1051000.0,-0.03548632640108072,0.11928828965218798,14955.410546599654,1051000.0,-0.03548631470185761,0.11928829373547818,14955.411570460132
1051000.0,-0.04131089773218396,0.12451069576620223,16293.561941553142,1051000.0,-0.04131088455262287,0.12451070087210314,16293.563277877125
1051000.0,-0.04372964253886585,0.17162912415550494,30958.840627563397,1051000.0,-0.04372962822368653,0.17162912843033715,30958.842169770778
1051000.0,0.03400010114918374,0.16827957602062218,29762.234506670062,1051000.0,0.03400011636682085,0.16827957366913546,29762.233674893556
1051000.0,0.0329509434904923,0.12225960514451169,15709.729013646596,1051000.0,0.03295095590735684,0.12225960246065863,15709.728323924037
1051000.0,0.05328514600938105,0.3718847300311552,145351.4633042928,1051000.0,0.05328513169223868,0.3718847323722513,145351.46513433158
