cur_n,cur_mean,cur_std,cur_S,next_n,next_mean,next_std,next_S
1342000.0,-0.007948204573392566,0.03884521183489498,2025.0115475121343,1342000.0,-0.007948209618291242,0.03884521124228033,2025.011485725807
1342000.0,-0.014506922381875361,0.059614394980945284,4769.301711363056,1342000.0,-0.01450693082293833,0.059614393728829235,4769.301511018183
1342000.0,-0.030067045297052713,0.08446399804947369,9574.052069045005,1342000.0,-0.030067077206772496,0.08446399477945206,9574.051327726635
1342000.0,-0.00043858965755164223,0.1501159097245602,30241.68328496416,1342000.0,-0.00043859147956026124,0.15011590973407316,30241.68328879703
1342000.0,-0.0005126113480636641,0.15284814687799367,31352.550157417285,1342000.0,-0.0005126112072306553,0.15284814687855397,31352.550157647147
1342000.0,-0.0004563768513242661,0.15549593625741964,32448.199470430965,1342000.0,-0.00045635113974671894,0.1554959391856125,32448.20069251547
