cur_n,cur_mean,cur_std,cur_S,next_n,next_mean,next_std,next_S
311000.0,-0.030147213594193138,1.1266586837646013,394770.8945973792,311000.0,-0.030145566135913536,1.1266591024453465,394771.1880012387
311000.0,-0.1251414440789777,1.1063633144683604,380676.37270004046,311000.0,-0.12514163047499205,1.1063632982681986,380676.36155176983
311000.0,-0.09700229085702337,0.8022249920860411,200148.69569543656,311000.0,-0.09700211768232206,0.8022250188387489,200148.70904460846
311000.0,0.08521668841372337,1.4947531238140852,694863.2262582614,311000.0,0.08521685617456254,1.4947531171777242,694863.2200881946
311000.0,0.10725495878809847,1.3611713183339216,576216.8682928757,311000.0,0.10725407886690491,1.3611714761194547,576217.0018817779
311000.0,0.09325176622731374,0.7627975126365594,180958.47408348633,311000.0,0.09325183243399168,0.762797505436369,180958.47066728363
