cur_n,cur_mean,cur_std,cur_S,next_n,next_mean,next_std,next_S
3481000.0,-0.3150806021910243,1.3517648648867224,6360720.778048864,3481000.0,-0.3150807693303891,1.3517648618976705,6360720.749918937
3481000.0,-0.3855064219550515,1.3634576588368106,6471237.437081273,3481000.0,-0.3855064946424698,1.363457645029599,6471237.306017806
3481000.0,-0.16558866167484004,0.9822155243497886,3358285.477568855,3481000.0,-0.16558863267099216,0.9822155307300868,3358285.5211985116
3481000.0,0.10002125602623878,0.8571032966353127,2557233.318699964,3481000.0,0.10002172955565991,0.8571036967145811,2557235.7060347875
3481000.0,0.09408935579927097,0.7681707822265363,2054090.5866701866,3481000.0,0.09408943279972062,0.7681707862290691,2054090.6080757517
3481000.0,0.0939218235859721,0.6561542905011525,1498704.3546948293,3481000.0,0.09392177618958605,0.6561543032442639,1498704.4129072258
