cur_n,cur_mean,cur_std,cur_S,next_n,next_mean,next_std,next_S
1971000.0,0.18435622244905453,1.5947142528780651,5012476.80376325,1971000.0,0.18435625356018492,1.594714249879721,5012476.78491457
1971000.0,0.036960595889554644,1.6124475336112871,5124574.472887421,1971000.0,0.03696059405200522,1.6124475336554764,5124574.4731683
1971000.0,0.054367078716217085,1.502307885709389,4448407.026408755,1971000.0,0.05436707555694557,1.5023078858302226,4448407.027124344
1971000.0,0.009353550741461792,0.798033985148948,1255247.593903294,1971000.0,0.009353623735109973,0.7980339908730841,1255247.6119105676
1971000.0,0.0004490912740985177,0.6931374651020963,946946.3442360028,1971000.0,0.0004490865312783548,0.6931374651372084,946946.3443319416
1971000.0,-0.004159440148682945,0.6376348160599613,801365.5507027385,1971000.0,-0.004159512944398343,0.637634823775304,801365.5700956881
