cur_n,cur_mean,cur_std,cur_S,next_n,next_mean,next_std,next_S
1382000.0,-0.00854929268121326,0.01619741586246163,362.5763798189456,1382000.0,-0.00854929529011372,0.016197414775803186,362.5763311696209
1382000.0,-0.014432189164752007,0.023264287962127282,747.9758444397664,1382000.0,-0.014432191935832173,0.02326428647114473,747.9757485658761
1382000.0,-0.00449792022732555,0.008584589894298642,101.84674380885282,1382000.0,-0.004497922843529613,0.00858458907446774,101.84672435606477
1382000.0,-0.0006312301599096407,0.055164087687457515,4205.531820278292,1382000.0,-0.0006312327468719035,0.05516408774168647,4205.531828546772
1382000.0,-0.0009975929262443489,0.06464822249985877,5775.920673244703,1382000.0,-0.0009975955884958916,0.0646482225345364,5775.920679441168
1382000.0,-0.0007085324384567265,0.04870343729228068,3278.138279242867,1382000.0,-0.000708534911240298,0.0487034373430609,3278.138286078712
