cur_n,cur_mean,cur_std,cur_S,next_n,next_mean,next_std,next_S
1491000.0,-0.07720620826618348,1.162615495791538,2015347.1134624141,1491000.0,-0.07720632224055851,1.1626154965524533,2015347.1161004463
1491000.0,-0.0989093703847332,1.136501136385958,1925827.5360128016,1491000.0,-0.0989091449293691,1.1365011893497787,1925827.7155096515
1491000.0,-0.13816953020576217,0.8982142249487276,1202922.091705263,1491000.0,-0.1381694823436457,0.8982142342124805,1202922.1165179918
1491000.0,0.10796149939776084,1.2258242118424374,2240443.692523647,1491000.0,0.10796177746849372,1.2258242343771277,2240443.7748971307
1491000.0,0.10655363244964883,1.0973965919668847,1795580.4065702548,1491000.0,0.10655419765352854,1.0973967541045857,1795580.9371556472
1491000.0,0.09866972998391411,0.6847327170941943,699068.6107440641,1491000.0,0.09866973963830102,0.6847327158044778,699068.6081106269
