cur_n,cur_mean,cur_std,cur_S,next_n,next_mean,next_std,next_S
2902000.0,-0.0123756032673013,0.0222730694933851,1439.652090755084,2902000.0,-0.012375603101140952,0.022273069587506748,1439.652102922462
2902000.0,-0.020442088992215987,0.034290638241594326,3412.3105216881168,2902000.0,-0.02044209043721143,0.03429063746852749,3412.3103678301427
2902000.0,-0.005347670176503455,0.009169444360116633,243.99641605224332,2902000.0,-0.005347670698767922,0.00916944409869129,243.99640213932918
2902000.0,-0.0006289551934464686,0.055137565106716926,8822.518451274393,2902000.0,-0.0006289512073725358,0.0551375655703127,8822.518599633586
2902000.0,-0.001011397205887839,0.06701890151057267,13034.429229402505,2902000.0,-0.0010113930410504558,0.06701890194897335,13034.429399930596
2902000.0,-0.0007168124386602453,0.04722464971678356,6471.946203613172,2902000.0,-0.0007168067693668091,0.04722465079037809,6471.946497876704
