cur_n,cur_mean,cur_std,cur_S,next_n,next_mean,next_std,next_S
3262000.0,-0.004956507459402421,0.0319849518100999,3337.1471581643746,3262000.0,-0.004956498269752893,0.031984957540480516,3337.148353922006
3262000.0,-0.015026163401178233,0.05273133463075024,9070.2964926288,3262000.0,-0.015026161357105862,0.05273133534245863,9070.296737470171
3262000.0,-0.023952112765917685,0.07627735805547996,18979.08371797574,3262000.0,-0.023952108000053544,0.07627736003768668,18979.084704388188
3262000.0,-0.0003236291534938449,0.1654397479889935,89281.95192022639,3262000.0,-0.0003236151679821688,0.16543974994463648,89281.95403100843
3262000.0,-0.0005066597750770317,0.13795890306276218,62084.53344362336,3262000.0,-0.0005066458921482733,0.1379589053923337,62084.53554033999
3262000.0,-0.0005035301519514512,0.13798088218877497,62104.31719737105,3262000.0,-0.000503525988455978,0.13798088240887205,62104.31739549965
