cur_n,cur_mean,cur_std,cur_S,next_n,next_mean,next_std,next_S
601000.0,-0.021485263869866832,0.07973023746892302,3820.503370877365,601000.0,-0.021485264642950818,0.07973023726284809,3820.50335112802
601000.0,-0.02006380687428422,0.07934503902510344,3783.6767659550082,601000.0,-0.020063801046776776,0.07934504062730569,3783.676918761423
601000.0,-0.00637830137514691,0.08457765195709777,4299.180905556153,601000.0,-0.006378276203942279,0.08457765610645276,4299.181327389294
601000.0,0.03267423953845578,0.1379981593864171,11445.138688417428,601000.0,0.03267423935621631,0.13799815942963925,11445.13869558685
601000.0,0.03425555887665444,0.14876541184026706,13300.81980376257,601000.0,0.03425559023202664,0.14876540660614074,13300.81886781692
601000.0,0.049630195459130104,0.3539959212722192,75313.18047869769,601000.0,0.049630253386275386,0.3539959159993063,75313.17823505694
