cur_n,cur_mean,cur_std,cur_S,next_n,next_mean,next_std,next_S
1551000.0,-0.024762685069321673,0.08743384124412604,11856.893398384409,1551000.0,-0.02476308220885352,0.08743512766321306,11857.242303247147
1551000.0,-0.022209149428912722,0.08270283850904189,10608.46698054908,1551000.0,-0.02220918674070396,0.08270284154356491,10608.46775903839
1551000.0,0.0009984641466205307,0.11114509861357913,19159.86429897028,1551000.0,0.0009983418062710291,0.11114520414385577,19159.90068288221
1551000.0,0.03393788931724647,0.14229215570900813,31403.186300867073,1551000.0,0.033938399038863705,0.1422934501413214,31403.757653290235
1551000.0,0.0333338117227727,0.14620757832070294,33155.19339148535,1551000.0,0.033333847009322036,0.14620757688008293,33155.19273811245
1551000.0,0.050339780748556946,0.3613448823855579,202514.26236468685,1551000.0,0.050340917508245,0.36134749731208815,202517.19342506354
