cur_n,cur_mean,cur_std,cur_S,next_n,next_mean,next_std,next_S
491000.0,-0.34315652982236416,1.330471585478084,869145.9281244021,491000.0,-0.34315679006498934,1.3304715308529411,869145.8567553926
491000.0,-0.4208427922474248,1.3100926396197294,842724.2776734232,491000.0,-0.4208427553170201,1.310092651738501,842724.2932643557
491000.0,-0.2308078336710336,1.0191511216123101,509986.4832636623,491000.0,-0.2308078841421758,1.019151110795687,509986.4724383166
491000.0,0.10337054176673463,0.7767548672816434,296243.92880825023,491000.0,0.10337047952614965,0.77675487678899,296243.9360602002
491000.0,0.10444220344168186,0.7147305266400484,250822.30532418002,491000.0,0.10444207011545076,0.7147305522285244,250822.32328384573
491000.0,0.0977213379515608,0.6192611820013425,188290.8460630466,491000.0,0.09772130115523206,0.6192611883446806,188290.84992052236
