cur_n,cur_mean,cur_std,cur_S,next_n,next_mean,next_std,next_S
5571000.0,-0.3098763400920345,1.3427683155356782,10044662.019829538,5571000.0,-0.30987633261116415,1.3427683173782017,10044662.047395762
5571000.0,-0.39234199560251853,1.3645596016493973,10373329.611852793,5571000.0,-0.39234198424919964,1.3645596051769069,10373329.665484777
5571000.0,-0.2191953299370631,1.0040295326024857,5615987.509324808,5571000.0,-0.21919532393439234,1.0040295340129548,5615987.525103581
5571000.0,0.09662194761612902,0.8215266006433554,3759901.0784505373,5571000.0,0.09662197839677755,0.8215266002356543,3759901.0747186667
5571000.0,0.0868638579244952,0.728458110644201,2956257.9408446494,5571000.0,0.08686386014758023,0.7284581103980504,2956257.938846774
5571000.0,0.09621052350190755,0.6363481527937607,2255915.0105832187,5571000.0,0.0962105215830819,0.6363481530999754,2255915.0127543397
