cur_n,cur_mean,cur_std,cur_S,next_n,next_mean,next_std,next_S
3191000.0,-0.32088473729679384,1.357304435159343,5878700.577082985,3191000.0,-0.32088452398339584,1.357304539077351,5878701.477253738
3191000.0,-0.3887402688063284,1.3675319899054879,5967628.685236828,3191000.0,-0.3887406823605433,1.3675320718841788,5967629.400713186
3191000.0,-0.16814197956869473,0.9885390011646698,3118275.0576242446,3191000.0,-0.16814193682222547,0.988539011384645,3118275.1221005963
3191000.0,0.1015284140077377,0.8548636382878836,2331956.7616531504,3191000.0,0.10152810943697434,0.8548638475919247,2331957.903561665
3191000.0,0.09419742756973973,0.768991559719132,1886991.5283713695,3191000.0,0.09419795034414345,0.768992062708833,1886993.996896812
3191000.0,0.09317112997512887,0.65538142240719,1370613.6649971807,3191000.0,0.09317106573705378,0.6553814415853583,1370613.745212637
