cur_n,cur_mean,cur_std,cur_S,next_n,next_mean,next_std,next_S
1502000.0,-0.00872372164493168,0.016384717912730204,403.2253895817725,1502000.0,-0.008723728600623338,0.016384716426899305,403.2253164496357
1502000.0,-0.01468981610599833,0.02358442855885341,835.4503562123857,1502000.0,-0.014689829730824373,0.02358442598369067,835.4501737682359
1502000.0,-0.004555238128691626,0.008591486891893228,110.86809781438691,1502000.0,-0.004555244681196925,0.008591487170795952,110.86810501253906
1502000.0,-0.000623740602753569,0.05499167771854663,4542.175096687347,1502000.0,-0.0006237383838466765,0.05499167781095338,4542.175111952481
1502000.0,-0.0009889718500498835,0.0645713912147411,6262.535774237532,1502000.0,-0.0009889732318793972,0.06457139121578741,6262.535774440486
1502000.0,-0.0007019107280288515,0.048479042446753905,3530.0267699443584,1502000.0,-0.0007019116363185699,0.04847904244638246,3530.026769890264
