cur_n,cur_mean,cur_std,cur_S,next_n,next_mean,next_std,next_S
1822000.0,-0.00968277381591956,0.01902257450362503,659.3058968391484,1822000.0,-0.009682772496999677,0.01902257525828262,659.3059491507015
1822000.0,-0.016064751441481905,0.027910729987891528,1419.3541218886312,1822000.0,-0.016064750164261912,0.027910730776273582,1419.3542020723692
1822000.0,-0.004442619416119383,0.009234927909701901,155.3872539522466,1822000.0,-0.004442618043768033,0.009234928755681758,155.3872824212275
1822000.0,-0.0004510134598247241,0.051140039801155356,4765.083288313759,1822000.0,-0.0004510117314956258,0.05114003986960798,4765.083301070202
1822000.0,-0.0007081902285053619,0.06232155571058689,7076.604829874144,1822000.0,-0.0007081885332049128,0.062321555771862464,7076.604843789812
1822000.0,-0.0005121804134878322,0.04355254189652454,3456.013156091614,1822000.0,-0.0005121786843188123,0.043552541979401095,3456.013169244575
