cur_n,cur_mean,cur_std,cur_S,next_n,next_mean,next_std,next_S
91000.0,-0.2397631809144821,1.2908536389150589,151633.58365612268,91000.0,-0.2397627268944744,1.290853730510475,151633.60517512573
91000.0,-0.35117163027113446,1.1927663704822136,129464.93692435148,91000.0,-0.35117183081559583,1.1927663129725223,129464.92443994794
91000.0,-0.18220051792757427,0.9377964055384846,80031.05093992209,91000.0,-0.18220075889346346,0.9377963615393706,80031.04343019986
91000.0,0.08492306862691051,0.8188660491751033,61019.286190739476,91000.0,0.08492245251501651,0.8188661341626761,61019.29885674585
91000.0,0.09984442841166061,0.7362624353826167,49329.496011754316,91000.0,0.09984418987042552,0.736262471247574,49329.500817650216
91000.0,0.07653486339510619,0.6304198320788568,36166.05398572839,91000.0,0.0765351611816616,0.630419802326776,36166.05057208154
