cur_n,cur_mean,cur_std,cur_S,next_n,next_mean,next_std,next_S
1181000.0,0.19181775100732562,1.5217491723280783,2734865.9618512867,1181000.0,0.19181779528368295,1.5217491675077162,2734865.9445251147
1181000.0,0.019489051352392362,1.531021817402856,2768296.838134346,1181000.0,0.019489051403897267,1.531021817402212,2768296.838132017
1181000.0,0.040686650275133324,1.3641998639528428,2197889.7384633757,1181000.0,0.0406866524880755,1.3641998638889263,2197889.7382574216
1181000.0,0.004678761217698667,0.8610031244937206,875506.4552381682,1181000.0,0.00467887450275484,0.8610031326796488,875506.4718858035
1181000.0,0.007890068929999071,0.7496985928377505,663778.6645015287,1181000.0,0.00789005747440722,0.7496985930617226,663778.6648981358
1181000.0,0.0007617206871711619,0.6849700281416216,554106.2324932062,1181000.0,0.0007616013184396722,0.6849700405580479,554106.2525817328
