cur_n,cur_mean,cur_std,cur_S,next_n,next_mean,next_std,next_S
3522000.0,-0.004616035414439281,0.031188049132298768,3425.829707366318,3522000.0,-0.0046160353324586805,0.03118804914481311,3425.8297101155763
3522000.0,-0.014575269546042298,0.051133027229940765,9208.573560363877,3522000.0,-0.01457527174435039,0.05113302676975415,9208.57339461338
3522000.0,-0.0223088866823418,0.07371055886284453,19135.894130288245,3522000.0,-0.022308889304193467,0.07371055823354344,19135.89380354431
3522000.0,-0.0003148946522562881,0.16410681013689682,94851.14095950904,3522000.0,-0.00031489357094043925,0.16410681015151907,94851.14097641186
3522000.0,-0.0004964547964868482,0.1343715613596007,63592.233520808055,3522000.0,-0.0004964528672253826,0.13437156141550216,63592.233573719524
3522000.0,-0.000524161174101012,0.13411804878124362,63352.506853303676,3522000.0,-0.0005241596492392764,0.13411804881773182,63352.50688777508
