cur_n,cur_mean,cur_std,cur_S,next_n,next_mean,next_std,next_S
2901000.0,-0.11447840317227424,0.22526900205608072,147214.50365658058,2901000.0,-0.11447840172568342,0.2252690028046989,147214.5046350326
2901000.0,-0.11426226728966023,0.20772770018764655,125180.46333064671,2901000.0,-0.11426227347251536,0.2077276970536457,125180.45955343569
2901000.0,-0.1448320970065493,0.305529294759159,270802.98302244034,2901000.0,-0.14483212491157166,0.3055292852279858,270802.9661267112
2901000.0,0.018528723381970716,0.16071307657567974,74929.0383420013,2901000.0,0.01852872467331854,0.16071307644184077,74929.03821720218
2901000.0,0.022453757188856276,0.11982905355707234,41655.46502358914,2901000.0,0.022453760993424013,0.11982905301938243,41655.46464976122
2901000.0,0.040887767917668266,0.3093260443618244,277575.2275912673,2901000.0,0.040887780280839094,0.30932604344436754,277575.22594469856
