cur_n,cur_mean,cur_std,cur_S,next_n,next_mean,next_std,next_S
511000.0,-0.35575451858582796,1.3296504890253908,903432.8861353506,511000.0,-0.3557542508051489,1.3296505744502074,903433.0022193766
511000.0,-0.3898707177352707,1.287426697386071,846965.8930837696,511000.0,-0.38987071014829755,1.2874266996950525,846965.8961218122
511000.0,-0.19287691638687404,0.9888290304771994,499647.0371238983,511000.0,-0.19287684419680445,0.9888290459048529,499647.05271482695
511000.0,0.10938567073959586,0.7826972395118676,313046.24902588344,511000.0,0.10938577274217161,0.7826972286529114,313046.24033962435
511000.0,0.09256072406684494,0.7198691223729788,264806.1037598279,511000.0,0.09256093663825418,0.7198691110784198,264806.0954503503
511000.0,0.07769748150818842,0.6053664605796666,187265.42986491878,511000.0,0.07769748162598651,0.6053664605645394,187265.42985555984
