cur_n,cur_mean,cur_std,cur_S,next_n,next_mean,next_std,next_S
101000.0,-0.2405597669931799,1.2896513193972874,167983.25308793955,101000.0,-0.24055981213948063,1.2896513110559236,167983.2509149345
101000.0,-0.33994290830822815,1.1783472229460628,140238.7199602945,101000.0,-0.339942257270781,1.178347428929269,140238.7689896861
101000.0,-0.19246003502309472,0.96537123386341,94126.10353626723,101000.0,-0.19246006919267222,0.9653712271123058,94126.10221976825
101000.0,0.08588819061065607,0.8096978134496202,66216.6654596147,101000.0,0.08588649229794482,0.8096981734838616,66216.72434645327
101000.0,0.09481365524100552,0.7283006895250818,53572.61133063367,101000.0,0.09481325453354168,0.7283007528245732,53572.62064304884
101000.0,0.0804029989429986,0.6377501638386972,41079.2524191048,101000.0,0.08040296876774733,0.6377501677150798,41079.25291848185
