cur_n,cur_mean,cur_std,cur_S,next_n,next_mean,next_std,next_S
3001000.0,-0.006972368174095918,0.017969353888811053,969.0159352231681,3001000.0,-0.006972369358138911,0.017969353546453685,969.0158982992201
3001000.0,-0.009537159774875799,0.02031092396610354,1238.013430702874,3001000.0,-0.009537161082381526,0.020310923478451322,1238.013371255063
3001000.0,-0.00790857043499452,0.018812046720416028,1062.0331985351575,3001000.0,-0.007908571872684093,0.018812046280878354,1062.033148907001
3001000.0,-0.0014207998087313945,0.0693091404471952,14416.074605536618,3001000.0,-0.001420800417502448,0.06930914044273889,14416.074603682822
3001000.0,-0.0018064429423192885,0.07383629761253456,16360.848334225459,3001000.0,-0.0018064435003407402,0.07383629760521286,16360.848330980732
3001000.0,-0.0016262952657175344,0.06720163511148194,13552.695344731943,3001000.0,-0.0016262957431070286,0.0672016351050162,13552.695342124025
