cur_n,cur_mean,cur_std,cur_S,next_n,next_mean,next_std,next_S
3221000.0,-0.31996963521500693,1.35756393751144,5936238.078914071,3221000.0,-0.3199694847032444,1.3575639998607014,5936238.62418499
3221000.0,-0.3889299298285805,1.3677159058542732,6025353.339987343,3221000.0,-0.3889297768080132,1.3677159769396832,6025353.966308529
3221000.0,-0.16831504910388245,0.9886877234234244,3148538.497937632,3221000.0,-0.16831507050896222,0.9886877205257105,3148538.4794817264
3221000.0,0.10125302849929589,0.8555293423901705,2357547.997779286,3221000.0,0.10125320147860459,0.855529378244447,2357548.195383682
3221000.0,0.09435792743859743,0.7693553438906937,1906534.5251027725,3221000.0,0.09435808515854506,0.7693553766193825,1906534.6873122824
3221000.0,0.09353388650204623,0.655813329438887,1385323.507407562,3221000.0,0.09353391147541164,0.6558133274086823,1385323.4988304558
