cur_n,cur_mean,cur_std,cur_S,next_n,next_mean,next_std,next_S
2151000.0,-0.006311516739055821,0.018977676340088238,774.6873806279306,2151000.0,-0.006311525166249007,0.01897767756210304,774.687480395622
2151000.0,-0.0076234398148523706,0.020492348240061253,903.2830595790662,2151000.0,-0.007623458506776475,0.02049235962332635,903.2840631061642
2151000.0,-0.0069334779304611105,0.01962438191738564,828.3853024903763,2151000.0,-0.006933488823867295,0.019624384572059998,828.3855266088611
2151000.0,-0.0013497599707395069,0.07175012567021027,11073.521227969271,2151000.0,-0.0013497410919717607,0.07175013136773817,11073.52298661981
2151000.0,-0.001591432189873313,0.07469865530698536,12002.341464149069,2151000.0,-0.0015914746727463303,0.07469868038704439,12002.349523718056
2151000.0,-0.0015209064469755952,0.07010280984150333,10570.882891446721,2151000.0,-0.0015208977484281788,0.07010281119105057,10570.883298446268
