cur_n,cur_mean,cur_std,cur_S,next_n,next_mean,next_std,next_S
671000.0,-0.02109837684407845,1.1483118507314558,884794.0914818322,671000.0,-0.02109750354531339,1.1483120895987269,884794.459584577
671000.0,-0.0993311703289603,1.1135964236056188,832105.083421708,671000.0,-0.09933067947742895,1.11359653997674,832105.2573321201
671000.0,-0.10820330610815565,0.8159751353661876,446762.14785056753,671000.0,-0.10820331201410156,0.8159751345973639,446762.1470086759
671000.0,0.09679946018494588,1.4122731020118955,1338319.7761410885,671000.0,0.09679723075966916,1.4122744355725783,1338322.3036005076
671000.0,0.11275280869975271,1.2770187883012774,1094251.3573875644,671000.0,0.11275098449181085,1.277019823632398,1094253.131696531
671000.0,0.09310440188558537,0.7321225572904152,359658.3074975099,671000.0,0.09310433718911199,0.7321225674359833,359658.3174656165
