cur_n,cur_mean,cur_std,cur_S,next_n,next_mean,next_std,next_S
2261000.0,-0.3417967824212591,1.3652957231420015,4214577.28269507,2261000.0,-0.34179664977727126,1.365295770917537,4214577.577654891
2261000.0,-0.40254348453364325,1.3803706124611717,4308161.465734678,2261000.0,-0.4025435405403198,1.380370598697497,4308161.3798213275
2261000.0,-0.18604379497479342,1.009831336840335,2305675.8425631737,2261000.0,-0.1860437942134847,1.0098313369812169,2305675.8432065044
2261000.0,0.10471570278290541,0.842494397621723,1604850.5874642408,2261000.0,0.1047165316535218,0.8424952164841101,1604853.7071346517
2261000.0,0.09492591241004177,0.7659730644264731,1326562.0168001798,2261000.0,0.09492605638941876,0.7659730771788112,1326562.060970839
2261000.0,0.09421849252488751,0.6504489491748668,956592.5520263589,2261000.0,0.09421850770557325,0.6504489473764398,956592.546736591
