cur_n,cur_mean,cur_std,cur_S,next_n,next_mean,next_std,next_S
181000.0,-0.2762534070447457,1.2866448238948294,299637.33741681953,181000.0,-0.27625163400172437,1.286645425700843,299637.6177173196
181000.0,-0.367469204601479,1.2056365977420094,263094.2886525019,181000.0,-0.3674687092137457,1.2056367671538495,263094.3625906866
181000.0,-0.19724407704511476,0.9762850267456703,172516.97407405076,181000.0,-0.19724432856856614,0.9762849817934713,172516.95818726165
181000.0,0.09958345278215727,0.7931696171658362,113870.36552869485,181000.0,0.09958297962288744,0.7931697021159283,113870.38992019535
181000.0,0.10314509002814351,0.7070870200710463,90494.94176548436,181000.0,0.10314462941875305,0.7070871144159527,90494.96591452723
181000.0,0.08789827141378043,0.6333218237422558,72598.47236950726,181000.0,0.08789821652503939,0.6333218317907438,72598.47421472374
