cur_n,cur_mean,cur_std,cur_S,next_n,next_mean,next_std,next_S
1941000.0,-0.32815529795151444,1.34113456318078,3491163.960039276,1941000.0,-0.3281552676191573,1.3411345712684661,3491164.002146069
1941000.0,-0.371982121011246,1.3296685168351918,3431723.6458102986,1941000.0,-0.37198209631139845,1.3296685241904556,3431723.683776502
1941000.0,-0.19365380894198198,0.9944455446409759,1919497.4879784535,1941000.0,-0.19365380864716605,0.994445544698475,1919497.4882004252
1941000.0,0.10032868244800856,0.8292646227771172,1334786.520118558,1941000.0,0.10032863469983311,0.8292646312221305,1334786.5473047895
1941000.0,0.09374778868419774,0.7521024575220655,1097942.3849314277,1941000.0,0.0937477572004465,0.7521024627255362,1097942.4001238018
1941000.0,0.09932722044835071,0.6525208548147172,826445.707444139,1941000.0,0.09932721011924002,0.65252085654569,826445.7118288418
