cur_n,cur_mean,cur_std,cur_S,next_n,next_mean,next_std,next_S
1321000.0,-0.343120039208952,1.3618396103226458,2449936.011125975,1321000.0,-0.3431200821724284,1.3618396003931292,2449935.975399771
1321000.0,-0.3871635379682069,1.3386463200694918,2367197.6146812174,1321000.0,-0.3871636156730942,1.3386463005749387,2367197.545734762
1321000.0,-0.20388963921143868,1.01726633105164,1367011.4713327612,1321000.0,-0.20388965316435034,1.017266328381488,1367011.464156413
1321000.0,0.09589040837257508,0.813065721132274,873281.2201489354,1321000.0,0.09589046183255186,0.8130657171490466,873281.2115924866
1321000.0,0.09568680590528285,0.7563740552245373,755746.3607816078,1321000.0,0.09568679613712208,0.7563740565436101,755746.3634175643
1321000.0,0.09246391700263121,0.6350689599237598,532775.9232772714,1321000.0,0.09246394975163848,0.6350689562710516,532775.917148567
