cur_n,cur_mean,cur_std,cur_S,next_n,next_mean,next_std,next_S
1762000.0,-0.007381653085174663,0.03711217866872463,2426.826925360316,1762000.0,-0.007381661020027874,0.0371121785851159,2426.826914425689
1762000.0,-0.015104474079821786,0.06250769722445187,6884.507918079207,1762000.0,-0.015104486342941773,0.06250769638071985,6884.507732224341
1762000.0,-0.03383320780533564,0.09460308452266437,15769.448225318594,1762000.0,-0.03383322131926081,0.09460308139035495,15769.447181065316
1762000.0,-0.00041438885344274835,0.15689208943219168,43371.855053914755,1762000.0,-0.0004143881052649592,0.15689208943731373,43371.85505674665
1762000.0,-0.0004800659747375825,0.15916102691592304,44635.39364549673,1762000.0,-0.0004800634170181396,0.15916102695984952,44635.39367013437
1762000.0,-0.0004392287134397112,0.16357818519308304,47147.28354641225,1762000.0,-0.0004391801130409304,0.16357819804484036,47147.29095480194
