cur_n,cur_mean,cur_std,cur_S,next_n,next_mean,next_std,next_S
2662000.0,-0.005851899725878929,0.033783625711444776,3038.2294208536614,2662000.0,-0.005851902016056363,0.03378362552138579,3038.2293866688883
2662000.0,-0.015788495442539727,0.05676192149862132,8576.739679158058,2662000.0,-0.015788502602386154,0.056761920709154944,8576.73944058095
2662000.0,-0.028667645509427808,0.083428358739826,18528.294753860173,2662000.0,-0.028667651959983362,0.08342835718711217,18528.294064187266
2662000.0,-0.0003603284238998742,0.1646801512092255,72192.24796250496,2662000.0,-0.0003603294818083934,0.1646801512159576,72192.24796840739
2662000.0,-0.00052000055159319,0.14671555662413582,57300.76002682087,2662000.0,-0.0005199980481601904,0.1467155566898631,57300.76007816136
2662000.0,-0.00046457641245835417,0.14821973494014698,58481.7171160864,2662000.0,-0.00046457438473639616,0.1482197349834292,58481.717150241355
