cur_n,cur_mean,cur_std,cur_S,next_n,next_mean,next_std,next_S
611000.0,0.16678199789938608,1.434177027088391,1256743.7482121661,611000.0,0.16678209705846647,1.4341770176515611,1256743.731673515
611000.0,-0.018699453805747848,1.4084190195451172,1212006.566250638,611000.0,-0.018699459785727447,1.4084190194734665,1212006.566127321
611000.0,0.046312348748384045,1.249256129147274,953551.5753655505,611000.0,0.046312335461885526,1.2492561296829694,953551.5761833386
611000.0,0.010479421970287273,0.9435951506304734,544017.1748672343,611000.0,0.010479662422181346,0.9435951666789737,544017.1933723312
611000.0,0.021220912466341224,0.8094818231772856,400364.36227525194,611000.0,0.02122089802274332,0.809481823634664,400364.3627276847
611000.0,0.005159526588399169,0.750746802436597,344372.28519632143,611000.0,0.005159332756146304,0.7507468190573433,344372.30044440355
