cur_n,cur_mean,cur_std,cur_S,next_n,next_mean,next_std,next_S
801000.0,-0.03564328212776229,0.15676264733345172,19684.19660679272,801000.0,-0.03564327909144536,0.15676264804738047,19684.196786084332
801000.0,-0.015520023973601445,0.034578481688559905,957.7327881047443,801000.0,-0.015519992210986542,0.03457850762971185,957.7342251083305
801000.0,-0.007475853210094988,0.033849586650630356,917.7814076512449,801000.0,-0.0074758079865570055,0.033849620836361845,917.7832614431348
801000.0,0.10499498519294785,0.39908211211283906,127572.49229896416,801000.0,0.10499494220791629,0.3990821252761003,127572.50071462613
801000.0,0.001130291132277834,0.10065782537722195,8115.730245546717,801000.0,0.0011303013178455069,0.10065782567563372,8115.73029366676
801000.0,0.002052130156335479,0.0897199161535647,6447.780347036745,801000.0,0.002052129250885159,0.08971991617793382,6447.780350539353
