cur_n,cur_mean,cur_std,cur_S,next_n,next_mean,next_std,next_S
3262000.0,-0.013984634221355513,0.02578528115359978,2168.840922243153,3262000.0,-0.01398463343417684,0.02578528161972016,2168.841000655404
3262000.0,-0.02349087798306032,0.041316551095703924,5568.421220676045,3262000.0,-0.02349087737971924,0.04131655145310734,5568.421317013843
3262000.0,-0.0055163544861580975,0.010129812579345652,334.7239416358876,3262000.0,-0.005516354189593986,0.010129812755005485,334.72395324470114
3262000.0,-0.0004923919492997221,0.05239896176335734,8956.314194429335,3262000.0,-0.0004923881618416665,0.05239896224545068,8956.314359233342
3262000.0,-0.0007422636043938354,0.06662800858976552,14480.968966416725,3262000.0,-0.0007422597169685579,0.06662800900300263,14480.969146043099
3262000.0,-0.0005557904797300144,0.04317708762113326,6081.219040935129,3262000.0,-0.000555785036671357,0.043177088810342636,6081.219375920334
