cur_n,cur_mean,cur_std,cur_S,next_n,next_mean,next_std,next_S
3771000.0,-0.30219640423552724,1.3300582763086624,6671106.474300308,3771000.0,-0.30219635631831937,1.3300582904506792,6671106.616163116
3771000.0,-0.37475439290742946,1.3423929308357911,6795412.822238061,3771000.0,-0.37475485471099335,1.3423931014591115,6795414.549684543
3771000.0,-0.20438471858103446,0.9953757022756273,3736204.186114914,3771000.0,-0.20438480778088058,0.9953756990317314,3736204.1617625854
3771000.0,0.09795315609079468,0.8296943494172985,2595928.922438783,3771000.0,0.09795345950227052,0.8296945228018827,2595930.0074024308
3771000.0,0.0871801423858188,0.7355992314604137,2040511.590785146,3771000.0,0.08718068756444414,0.7355999286860745,2040515.4589178343
3771000.0,0.09896407857606535,0.6460021356950669,1573709.0414054778,3771000.0,0.09896423711151878,0.6460021847658904,1573709.280485807
