cur_n,cur_mean,cur_std,cur_S,next_n,next_mean,next_std,next_S
4031000.0,-0.30965395088241426,1.3443256415833598,7284869.276823223,4031000.0,-0.30965396634916487,1.344325638379406,7284869.242098921
4031000.0,-0.38100345716315787,1.3599434410505074,7455117.482473725,4031000.0,-0.38100346659905326,1.3599434385389189,7455117.45493701
4031000.0,-0.15860111526126322,0.9725222556255992,3812517.936416714,4031000.0,-0.15860111402836552,0.9725222558297717,3812517.9380175225
4031000.0,0.09890976606983864,0.8589076413396088,2973758.737833179,4031000.0,0.09890977533343012,0.8589076404741365,2973758.7318402044
4031000.0,0.09424955100785405,0.7675970584177613,2375086.3389332397,4031000.0,0.094249551516145,0.7675970583560193,2375086.338551158
4031000.0,0.09318839675184287,0.6561640206342084,1735551.9757806202,4031000.0,0.09318838955021516,0.6561640218162929,1735551.98203384
