cur_n,cur_mean,cur_std,cur_S,next_n,next_mean,next_std,next_S
5321000.0,-0.3089077852604145,1.3420845687814067,9584137.25651921,5321000.0,-0.3089077946672241,1.3420845667917052,9584137.228101367
5321000.0,-0.392804403458709,1.3666605644529355,9938356.804750372,5321000.0,-0.3928044056039048,1.3666605638453904,9938356.795914235
5321000.0,-0.2173957041329176,1.0028794374657837,5351687.0907738665,5321000.0,-0.21739569651650484,1.0028794392707034,5351687.110037129
5321000.0,0.09595952199979205,0.8221026037997591,3596212.1697386825,5321000.0,0.09595953142195049,0.8221026029872859,3596212.1626305045
5321000.0,0.08731476850999821,0.7299302459769964,2835019.030601637,5321000.0,0.08731478918056522,0.7299302450617552,2835019.023492118
5321000.0,0.09665920843110214,0.6371009954982094,2159781.5471112514,5321000.0,0.0966591890768069,0.6371009999988588,2159781.5776257836
