cur_n,cur_mean,cur_std,cur_S,next_n,next_mean,next_std,next_S
1921000.0,-0.3292370746222705,1.3416524998261472,3457860.377586609,1921000.0,-0.3292370578914101,1.3416525041322724,3457860.3997830874
1921000.0,-0.37189659165359346,1.3285672985911499,3390739.939487594,1921000.0,-0.37189657779883417,1.328567302608245,3390739.9599922756
1921000.0,-0.19345357531872978,0.9953190983422308,1903058.066555124,1921000.0,-0.19345357154573073,0.995319099089305,1903058.0694119479
1921000.0,0.10068509805463007,0.8298266154117203,1322824.0585713345,1921000.0,0.1006850967417276,0.8298266155730202,1322824.0590855894
1921000.0,0.09367120325356044,0.7515917513617284,1085153.9987334963,1921000.0,0.09367115792743122,0.7515917596362759,1085154.0226272081
1921000.0,0.09906227392300555,0.6530186178512455,819178.3986151342,1921000.0,0.09906226978900283,0.6530186185034909,819178.4002515511
