cur_n,cur_mean,cur_std,cur_S,next_n,next_mean,next_std,next_S
4181000.0,-0.30179342695552763,1.3323857897454812,7422328.163444298,4181000.0,-0.30179344306370365,1.3323857865040882,7422328.12733061
4181000.0,-0.38164373739847607,1.3517422752030497,7639553.213605841,4181000.0,-0.3816437213664597,1.351742280127003,7639553.269262609
4181000.0,-0.2079702719154819,0.9976707122793886,4161545.1804356026,4181000.0,-0.2079702720616395,0.9976707122489942,4161545.1801820355
4181000.0,0.09610519597864699,0.8253576199053895,2848160.7542767534,4181000.0,0.09610514760779028,0.8253576314639389,2848160.8340497063
4181000.0,0.08824932944350695,0.7340179416963445,2252648.9582390697,4181000.0,0.08824933468918016,0.7340179411440516,2252648.9548491747
4181000.0,0.09804959073891463,0.6432104457965137,1729761.971969296,4181000.0,0.09804959138844006,0.6432104456988419,1729761.971443966
