cur_n,cur_mean,cur_std,cur_S,next_n,next_mean,next_std,next_S
2661000.0,-0.3297050386244231,1.3651156587182294,4958881.966824374,2661000.0,-0.3297052549138816,1.3651156520744907,4958881.9185566455
2661000.0,-0.3945582876676242,1.3730058528414246,5016371.036423846,2661000.0,-0.3945590366682422,1.3730061812365033,5016373.436052011
2661000.0,-0.17569256383951176,1.0013078274446177,2667964.80906825,2661000.0,-0.1756923013378316,1.001307965065098,2667965.54244237
2661000.0,0.10198859148939972,0.8479645783703514,1913375.8875405197,2661000.0,0.1019886960023223,0.8479645829387257,1913375.9081569875
2661000.0,0.09440553185862077,0.7688962951658832,1573187.2253474435,2661000.0,0.09440626193613716,0.7688971278530445,1573190.6327601792
2661000.0,0.09242327566216071,0.6526536219623899,1133470.9124435259,2661000.0,0.09242302829376546,0.6526537817367908,1133471.4674076051
