cur_n,cur_mean,cur_std,cur_S,next_n,next_mean,next_std,next_S
551000.0,-0.005029403001545664,0.02830465191142127,441.4354792245247,551000.0,-0.005029381367515745,0.028304660311050684,441.43574122350634
551000.0,-0.0013065559507576359,0.02580148855743324,366.8099632904265,551000.0,-0.0013065305964196534,0.02580149670539709,366.8101949634779
551000.0,-0.004230187900393449,0.02836976235448792,443.4687222436162,551000.0,-0.00423016482195175,0.028369770967923657,443.4689915296166
551000.0,-0.0009577656638368896,0.09277516676834499,4742.584594460718,551000.0,-0.0009577195903119856,0.0927751735476331,4742.5852875631845
551000.0,-0.0009841171124545932,0.08788803445733379,4256.092937026193,551000.0,-0.0009840739621618656,0.08788804077708522,4256.093549110661
551000.0,-0.0009327299687615999,0.09370212382637354,4837.828493274746,551000.0,-0.0009326861199339912,0.09370212991596442,4837.829122084339
