cur_n,cur_mean,cur_std,cur_S,next_n,next_mean,next_std,next_S
1001000.0,-0.0050683467915508835,0.023344353734779107,545.5038101457898,1001000.0,-0.0050683607384375525,0.023344354877124596,545.5038635337601
1001000.0,-0.0026784676109487216,0.02186687018973001,478.63817190639753,1001000.0,-0.002678483768237935,0.021866874185849507,478.6383468464314
1001000.0,-0.005176436860381401,0.02362793806503642,558.8377366624021,1001000.0,-0.005176453554732804,0.023627940311218433,558.8378429138514
1001000.0,-0.0010944954702987865,0.07920677584551204,6279.987053181031,1001000.0,-0.0010944869200424587,0.07920677642561781,6279.987145169544
1001000.0,-0.00111081632267956,0.07662562002791164,5877.357130306555,1001000.0,-0.0011108073547154667,0.07662562068323024,5877.357230835373
1001000.0,-0.0011293003957662088,0.07978548054629848,6372.088628909777,1001000.0,-0.0011292979283551812,0.07978548061941755,6372.088640589124
