cur_n,cur_mean,cur_std,cur_S,next_n,next_mean,next_std,next_S
841000.0,-0.01266914060432442,1.1586774899317545,1129070.6950922972,841000.0,-0.012669149222610258,1.1586774898644945,1129070.694961215
841000.0,-0.08967276653357943,1.1174566009092792,1050164.4833841205,841000.0,-0.0896727990882728,1.1174565986956353,1050164.4792234397
841000.0,-0.11763867366499144,0.8330188821195605,583587.1051508544,841000.0,-0.11763867353678426,0.833018882137664,583587.1051762198
841000.0,0.10163125559087062,1.4050406899923007,1660251.1853891278,841000.0,0.10163120550818835,1.4050406943656106,1660251.1957244768
841000.0,0.10908579204551486,1.243283784396235,1299979.5921443466,841000.0,0.10908577405970735,1.2432837860837413,1299979.5956732656
841000.0,0.09716546050821084,0.7227718766045541,439337.71509840415,841000.0,0.09716544757577887,0.7227718784404168,439337.71733026666
