cur_n,cur_mean,cur_std,cur_S,next_n,next_mean,next_std,next_S
461000.0,-0.02895287031118888,1.1313440912690977,590052.0877636197,461000.0,-0.028947784642797,1.131349490930029,590057.7201593402
461000.0,-0.1176660040191057,1.08837040413624,546077.6129724536,461000.0,-0.11766628166607879,1.0883703904452202,546077.5992338232
461000.0,-0.101899040561132,0.8113369489901624,303461.38425126276,461000.0,-0.10189918759610872,0.8113369366654575,303461.3750317344
461000.0,0.09639605720815336,1.4374181178804926,952504.7598267159,461000.0,0.09638845246310775,1.4374279016033928,952517.7262339572
461000.0,0.1092344641429903,1.291422041484221,768842.379935617,461000.0,0.1092305197829931,1.2914251519784763,768846.0835779727
461000.0,0.09321835416965724,0.75106591966042,260050.1072263375,461000.0,0.09321834580085864,0.751065920720598,260050.10796049243
