cur_n,cur_mean,cur_std,cur_S,next_n,next_mean,next_std,next_S
3931000.0,-0.30839511457348434,1.3430930163150605,7091126.381214425,3931000.0,-0.30839521046904206,1.3430930077534542,7091126.290809021
3931000.0,-0.3809974593513288,1.3605728114001272,7276903.572601618,3931000.0,-0.38099730813910454,1.3605728867749127,7276904.378872413
3931000.0,-0.15985887996871265,0.974124318513112,3730197.3967081537,3931000.0,-0.15985890776419606,0.9741243155105469,3730197.3737128126
3931000.0,0.09803305569466002,0.8579906700107011,2893797.7480036933,3931000.0,0.09803360807356132,0.8579913058758473,2893802.0372480275
3931000.0,0.09395113398137897,0.7681286032101895,2319374.717254742,3931000.0,0.09395111110324919,0.7681286073477562,2319374.7422416196
3931000.0,0.09314480758022352,0.6562149161185984,1692759.421432735,3931000.0,0.09314487896745043,0.6562149212497093,1692759.447904966
