cur_n,cur_mean,cur_std,cur_S,next_n,next_mean,next_std,next_S
2162000.0,-0.01024054328579569,0.018656167828763365,752.4897169948779,2162000.0,-0.010240542448031065,0.018656168329286665,752.4897573717275
2162000.0,-0.016980249310435656,0.027851785633410814,1677.110883939992,2162000.0,-0.01698024756881765,0.02785178681294236,1677.1110259923014
2162000.0,-0.00493154442213635,0.00883083919116688,168.60080441337814,2162000.0,-0.0049315433956707705,0.008830839893369191,168.60083122665756
2162000.0,-0.0006287803961345083,0.054871832050882835,6509.604613565073,2162000.0,-0.0006287906226238575,0.05487183399398821,6509.605074597536
2162000.0,-0.0009993980581866947,0.06541738050603696,9252.13559945125,2162000.0,-0.0009994070144410223,0.06541738169472795,9252.135935690041
2162000.0,-0.0007114215264321543,0.047766754223214594,4932.954993103379,2162000.0,-0.000711431042446604,0.047766756130805256,4932.955387103734
