cur_n,cur_mean,cur_std,cur_S,next_n,next_mean,next_std,next_S
801000.0,-0.3722943674666059,1.3689360391154508,1501062.6892304684,801000.0,-0.3722943386969643,1.3689360471817729,1501062.7069201996
801000.0,-0.415730504220993,1.3573967122654298,1475863.1934096674,801000.0,-0.41573044524879915,1.357396731353,1475863.2349165347
801000.0,-0.2079620935391427,1.0279201209911097,846352.4398858406,801000.0,-0.20796207069305128,1.027920125816522,846352.4478319822
801000.0,0.1030953810615779,0.7831800649301021,491310.182297239,801000.0,0.10309541493888746,0.7831800610574904,491310.1774384495
801000.0,0.09258818512866826,0.7266700379338326,422967.52456863684,801000.0,0.09258818962754009,0.7266700373717794,422967.5239143366
801000.0,0.08497850419758322,0.6257704733113296,313662.53689989675,801000.0,0.08497851050703178,0.6257704724799766,313662.53606647835
