cur_n,cur_mean,cur_std,cur_S,next_n,next_mean,next_std,next_S
2951000.0,-0.3230352521329228,1.3564884381821898,5430019.665502693,2951000.0,-0.3230354020849466,1.3564884269308632,5430019.575424633
2951000.0,-0.3918272877077332,1.3726594195131423,5560256.145717541,2951000.0,-0.39182724266404123,1.3726594345518872,5560256.26755297
2951000.0,-0.17111762511514902,0.9919760663303334,2903832.7392241685,2951000.0,-0.17111758904987828,0.9919760744863327,2903832.786974631
2951000.0,0.10136509153259136,0.8502110747546223,2133156.530196095,2951000.0,0.10136565141046774,0.8502115520039065,2133158.925007791
2951000.0,0.09399246979515873,0.7696083067305984,1747868.2870225685,2951000.0,0.09399251286469841,0.7696083050268925,1747868.2792839473
2951000.0,0.09227098939040251,0.6522111420371307,1255294.5320760633,2951000.0,0.09227093537723793,0.6522111562786884,1255294.5868968065
