cur_n,cur_mean,cur_std,cur_S,next_n,next_mean,next_std,next_S
2542000.0,-0.011229512041956519,0.020304522483046802,1047.999575758494,2542000.0,-0.011229513336829009,0.02030452187186723,1047.9995126675326
2542000.0,-0.01860101363093048,0.030776925478787232,2407.8310587779833,2542000.0,-0.018601019940681942,0.03077692330945102,2407.830719342199
2542000.0,-0.005141138214534064,0.009002204675130096,206.0028894708786,2542000.0,-0.005141140935738193,0.009002204166543877,206.00286619430776
2542000.0,-0.0006266452515115399,0.05507911680658703,7711.688553028278,2542000.0,-0.0006266364047075453,0.05507911871329336,7711.689086948445
2542000.0,-0.0010105458203546521,0.066338529744344,11186.834943805965,2542000.0,-0.0010105355560210208,0.06633853191926033,11186.835677329316
2542000.0,-0.0007138864062053192,0.04757560312836775,5753.659429117061,2542000.0,-0.0007138785665234157,0.04757560488794524,5753.65985471376
