cur_n,cur_mean,cur_std,cur_S,next_n,next_mean,next_std,next_S
4051000.0,-0.3032932185531549,1.3329082461193422,7197186.434312984,4051000.0,-0.30329323928502977,1.3329082420551936,7197186.390423339
4051000.0,-0.3762757819482161,1.3447185530572963,7325293.615079795,4051000.0,-0.37627578322099475,1.3447185527036425,7325293.611226771
4051000.0,-0.2062817716811902,0.9951483850137911,4011787.5685002003,4051000.0,-0.20628177304884737,0.9951483847341186,4011787.5662452867
4051000.0,0.09709515263879445,0.8270138831717682,2770689.401946289,4051000.0,0.09709512874339199,0.8270138873756749,2770689.430114426
4051000.0,0.08679747631805748,0.7341815732121062,2183580.4814814674,4051000.0,0.08679743220787867,0.7341815837948957,2183580.544431489
4051000.0,0.09809022868646047,0.6438575152866125,1679352.1774637455,4051000.0,0.0980902271677513,0.6438575155252121,1679352.1787084083
