cur_n,cur_mean,cur_std,cur_S,next_n,next_mean,next_std,next_S
4442000.0,-0.014825152552794284,0.02565524783584377,2923.6877158254715,4442000.0,-0.014825153784341676,0.025655247255483203,2923.6875835489845
4442000.0,-0.024597533046375047,0.040934832569569396,7443.284018729134,4442000.0,-0.02459753442281628,0.0409348318452699,7443.283755326723
4442000.0,-0.005809939643787427,0.009446896887877863,396.4212297188927,4442000.0,-0.005809940789540907,0.009446896491859851,396.4211964825938
4442000.0,-0.0006511313126778656,0.055104355637526255,13488.088625428209,4442000.0,-0.0006511325305550669,0.05510435568291623,13488.088647648741
4442000.0,-0.0010258282085579306,0.0684975652641008,20841.4928580615,4442000.0,-0.0010258295186838329,0.06849756530013248,20841.492879987953
4442000.0,-0.00073915903496795,0.046352284997588866,9543.78946941879,4442000.0,-0.0007391602828499813,0.04635228505230266,9543.789491949588
