cur_n,cur_mean,cur_std,cur_S,next_n,next_mean,next_std,next_S
751000.0,-0.013104948158557348,1.150139770596916,993438.9404234537,751000.0,-0.01310523889932199,1.150139794881718,993438.982375691
751000.0,-0.09177914671112991,1.1109693803049026,926923.9759452695,751000.0,-0.0917794810386396,1.110969390464568,926923.9928984599
751000.0,-0.1097065876554457,0.8208181992805006,505980.62971883285,751000.0,-0.10970665555806822,0.8208181923142499,505980.62113035866
751000.0,0.09854172251996784,1.417933052064932,1509911.1392437683,751000.0,0.09854182105164995,1.4179330477883065,1509911.1301356873
751000.0,0.10716149272101323,1.259498803133027,1191339.263555239,751000.0,0.1071612385024799,1.259498844030152,1191339.3409230802
751000.0,0.0925143960940447,0.7267201262289351,396619.72854151565,751000.0,0.09251438058085139,0.7267201283281713,396619.7308329027
