cur_n,cur_mean,cur_std,cur_S,next_n,next_mean,next_std,next_S
3171000.0,-0.3205570026400489,1.3563015021904596,5833224.988320632,3171000.0,-0.3205569070290392,1.3563015354740275,5833225.2746147085
3171000.0,-0.3882731946780487,1.3671570238662185,5926974.21779226,3171000.0,-0.38827323709858447,1.3671570139057014,5926974.1314295
3171000.0,-0.16828343552889358,0.9888875345251003,3100916.320882986,3171000.0,-0.16828344970973946,0.9888875324342737,3100916.307770315
3171000.0,0.10136456647736022,0.8539808948567433,2312557.562402408,3171000.0,0.10136441143397404,0.8539809578895773,2312557.903784898
3171000.0,0.09390989588841782,0.7692393880782746,1876373.407898363,3171000.0,0.09390948841500156,0.7692397800413836,1876375.3200972266
3171000.0,0.09310270852701986,0.6552758306016591,1361584.3193352711,3171000.0,0.09310272683310915,0.6552758288115373,1361584.311895956
