cur_n,cur_mean,cur_std,cur_S,next_n,next_mean,next_std,next_S
1911000.0,-0.12705506557388566,1.223054740272254,2858593.997509345,1911000.0,-0.12705504077391347,1.2230547433290848,2858594.011798547
1911000.0,-0.12299042498680601,1.1826828284482125,2672989.6035416704,1911000.0,-0.12299041502016804,1.1826828295648724,2672989.6085892115
1911000.0,-0.17225045129466898,0.9868154975808975,1860941.022994009,1911000.0,-0.17225044175245702,0.9868154993346272,1860941.029608392
1911000.0,0.10636604560876606,1.1356986836166247,2464829.776439869,1911000.0,0.10636604029171652,1.1356986841383514,2464829.7787044966
1911000.0,0.10596237529504172,1.0303733083504607,2028849.7543662114,1911000.0,0.10596236153640722,1.0303733099409595,2028849.7606297343
1911000.0,0.09851802345296413,0.6589715122399689,829839.2404866618,1911000.0,0.09851801853890203,0.6589715130096628,829839.2424252048
