cur_n,cur_mean,cur_std,cur_S,next_n,next_mean,next_std,next_S
1101000.0,-0.026185383907081968,0.09392771386189537,9713.479389885624,1101000.0,-0.026185368295594487,0.09392771964250943,9713.480585483278
1101000.0,-0.027164335480049075,0.09796805814472179,10567.112198728997,1101000.0,-0.027164339749567706,0.09796805706331196,10567.111965441145
1101000.0,-0.0227246903542652,0.10322534458110999,11731.674412041673,1101000.0,-0.022724679139305846,0.10322534772080479,11731.675125701244
1101000.0,0.03347959537721773,0.14465457267692242,23038.364881373676,1101000.0,0.033479535147956783,0.1446546004217975,23038.373718932075
1101000.0,0.034026533878601606,0.15140792244570553,25239.71923623658,1101000.0,0.034026536387795715,0.1514079219046952,25239.71905586361
1101000.0,0.04745410047705076,0.3139284912202926,108504.75845743413,1101000.0,0.04745409729266958,0.31392849171942805,108504.75880247176
