cur_n,cur_mean,cur_std,cur_S,next_n,next_mean,next_std,next_S
2561000.0,-0.33487438029213884,1.367865645845052,4791775.504637822,2561000.0,-0.3348753701341642,1.3678663207242552,4791780.232982952
2561000.0,-0.39617764486314305,1.3747513308221893,4840139.468510891,2561000.0,-0.3961798366444847,1.3747551737400947,4840166.52836413
2561000.0,-0.17787741060675288,1.0056410073651563,2589974.7332133744,2561000.0,-0.17787648568754688,1.0056422602550597,2589981.186719528
2561000.0,0.10325332999165261,0.8486862738415545,1844607.3503934857,2561000.0,0.10325367085489419,0.8486864076755115,1844607.9321658746
2561000.0,0.09414616569386543,0.767807584158232,1509782.4533909962,2561000.0,0.09414676337907141,0.767808106632717,1509784.5081325602
2561000.0,0.09267354793777921,0.6528589359501584,1091561.6878301809,2561000.0,0.09267325657319747,0.6528591438168255,1091562.382924676
