cur_n,cur_mean,cur_std,cur_S,next_n,next_mean,next_std,next_S
2131000.0,-0.3446687904160477,1.3666095508518183,3979901.76700562,2131000.0,-0.3446686904779691,1.3666095838439094,3979901.959167723
2131000.0,-0.40263244137633425,1.3787146486225692,4050720.049437674,2131000.0,-0.402632416820975,1.3787146562596004,4050720.0943134944
2131000.0,-0.18800450304762822,1.0115600765398893,2180553.8231856427,2131000.0,-0.18800449681126208,1.0115600777399374,2180553.8283593734
2131000.0,0.10420720678434166,0.8391879249246015,1500727.7115859601,2131000.0,0.10420743779613106,0.8391879639966705,1500727.8513318652
2131000.0,0.09451688192637989,0.7634676122480105,1242123.236042027,2131000.0,0.09451686750315624,0.7634676143239298,1242123.2427968585
2131000.0,0.09322484733169616,0.6488292530306455,897107.1005226788,2131000.0,0.0932248623606262,0.6488292512421718,897107.0955769944
