cur_n,cur_mean,cur_std,cur_S,next_n,next_mean,next_std,next_S
1331000.0,-0.34325222218161977,1.3620315413332043,2469177.9229696365,1331000.0,-0.34325225697994177,1.3620315331551942,2469177.893318397
1331000.0,-0.38565194917312207,1.3371384027659614,2379746.9529496552,1331000.0,-0.3856519761150981,1.3371383953567755,2379746.926576936
1331000.0,-0.20382493445616956,1.016473511438272,1375213.6896754713,1331000.0,-0.20382496495910896,1.0164735059309424,1375213.67477345
1331000.0,0.09627465865728126,0.8137081267639154,881282.938612543,1331000.0,0.09627465268238287,0.8137081275000204,881282.9402070136
1331000.0,0.09511426839483901,0.7558876155111361,760488.2621738211,1331000.0,0.09511431448137991,0.7558876115820061,760488.2542677324
1331000.0,0.09257100875859828,0.6352517893751225,537118.1765886167,1331000.0,0.09257099327251633,0.6352517918830375,537118.180829602
