cur_n,cur_mean,cur_std,cur_S,next_n,next_mean,next_std,next_S
1002000.0,-0.008057740032868715,0.016719316568574956,280.0946176132655,1002000.0,-0.008057725994631915,0.01671932923951238,280.09504215965205
1002000.0,-0.013463743090248923,0.02361018601808052,558.5557655759816,1002000.0,-0.013463738012136689,0.02361018946107694,558.5559284807244
1002000.0,-0.004017558705823901,0.008952176662377777,80.30174992841015,1002000.0,-0.004017550878364537,0.00895218360404726,80.30187446313376
1002000.0,-0.00043683576158091725,0.05117587993705139,2624.208628706162,1002000.0,-0.0004368035768837146,0.051175890352545716,2624.2096968825335
1002000.0,-0.0006817290660197374,0.061254783620965265,3759.652813484177,1002000.0,-0.0006816887792628829,0.06125479734394538,3759.6544980431136
1002000.0,-0.0004936027539487492,0.044076621436885705,1946.6340544051134,1002000.0,-0.0004935680259082558,0.04407663553428137,1946.635299621919
