cur_n,cur_mean,cur_std,cur_S,next_n,next_mean,next_std,next_S
1831000.0,0.1819099224158297,1.5880057142550554,4617346.493915783,1831000.0,0.18190995413868916,1.5880057112013433,4617346.476157602
1831000.0,0.039319667036163894,1.6124251338640947,4760444.021351774,1831000.0,0.03931966568659445,1.6124251338980573,4760444.021552313
1831000.0,0.05356889696358008,1.4845563427072952,4035354.6959852744,1831000.0,0.05356889234190054,1.4845563428871686,4035354.6969631473
1831000.0,0.010884889768815511,0.8030693451554878,1180849.2031982176,1831000.0,0.010884971151538938,0.8030693516027982,1180849.2221587256
1831000.0,-0.0006129057337622476,0.6974962309825268,890783.3167819744,1831000.0,-0.000612910058729574,0.6974962310033272,890783.3168351034
1831000.0,-0.0030344331809088426,0.6378547047544786,744958.1412350617,1831000.0,-0.0030345110434530876,0.6378547130855284,744958.1606949273
