cur_n,cur_mean,cur_std,cur_S,next_n,next_mean,next_std,next_S
3022000.0,-0.012736642368352114,0.022958780542343994,1592.9131352623529,3022000.0,-0.012736643677046125,0.02295877992904868,1592.913050159736
3022000.0,-0.021107070161832775,0.03580485679072799,3874.1670403493204,3022000.0,-0.02110707152193974,0.035804856067010345,3874.1668837335274
3022000.0,-0.0054271049428730135,0.009267440610746908,259.54584644158496,3022000.0,-0.005427106241232296,0.009267440125263619,259.54581924849606
3022000.0,-0.0006416779815498957,0.05540799548945096,9277.678903688551,3022000.0,-0.0006416782522958211,0.05540799548831112,9277.678903306836
3022000.0,-0.0010323534947527296,0.06765339959246354,13831.641043733825,3022000.0,-0.0010323537516920727,0.06765339959001618,13831.641042733103
3022000.0,-0.0007252103603264223,0.04733196629623959,6770.232031141385,3022000.0,-0.000725210630404627,0.047331966294428665,6770.232030623327
