cur_n,cur_mean,cur_std,cur_S,next_n,next_mean,next_std,next_S
1991000.0,0.18370218219873088,1.5944905901768618,5061918.882145651,1991000.0,0.18370221076512602,1.594490587395297,5061918.864484769
1991000.0,0.03747738008081839,1.6098367498924377,5159824.5533567555,1991000.0,0.037477379476125075,1.60983674990675,5159824.553448503
1991000.0,0.05282233101581835,1.503648412078889,4501568.467370403,1991000.0,0.052822327437846275,1.5036484122130243,4501568.468173542
1991000.0,0.00940630462252168,0.7986361465915126,1269899.012033297,1991000.0,0.009406388657036371,0.7986361544042812,1269899.0368792226
1991000.0,0.0003958982444165385,0.6924053791115667,954535.5911640612,1991000.0,0.0003958930393662021,0.6924053791535512,954535.5912798189
1991000.0,-0.0035744451517470866,0.6379705090999978,810349.6836282889,1991000.0,-0.0035745189177687495,0.6379705171775653,810349.7041485299
