cur_n,cur_mean,cur_std,cur_S,next_n,next_mean,next_std,next_S
2151000.0,-0.034297638706459514,0.11215468021353624,27056.72410396504,2151000.0,-0.03429764200713186,0.11215467930864288,27056.723667363563
2151000.0,-0.03202756624481234,0.1085035779225817,25323.779833725785,2151000.0,-0.03202756791469256,0.10850357745731708,25323.77961654845
2151000.0,-0.008312378997950915,0.14267922038811248,43788.68121063363,2151000.0,-0.00831237756869574,0.142679220486778,43788.681271195135
2151000.0,0.03228026721497781,0.14588627956147576,45779.31691978578,2151000.0,0.032280268652846146,0.1458862792585676,45779.316729679755
2151000.0,0.03355196532221208,0.15123525760180637,49197.89385819406,2151000.0,0.03355196826814456,0.15123525700996035,49197.89347313071
2151000.0,0.04893648059596365,0.3624531937699423,282581.8553168414,2151000.0,0.048936493316083,0.36245319253265224,282581.8533875676
