cur_n,cur_mean,cur_std,cur_S,next_n,next_mean,next_std,next_S
851000.0,-0.03440101245562536,0.1548054045126896,20393.970989653175,851000.0,-0.03440100940482616,0.15480540521622715,20393.971175020404
851000.0,-0.015378368139549379,0.03429976689428883,1001.179381661172,851000.0,-0.015378338477284814,0.03429979110823394,1001.1807952282801
851000.0,-0.007032132759162178,0.03347846945544522,953.8075374343811,851000.0,-0.007032090387721163,0.03347850117365043,953.8093447498304
851000.0,0.10499141670693544,0.40830402095567125,141872.0596728124,851000.0,0.10499137420388889,0.4083040337675086,141872.0685761868
851000.0,0.0011328151858127106,0.0994486900085431,8416.42569469742,851000.0,0.0011328224809071985,0.09944869015314446,8416.425719172888
851000.0,0.0020465762481956962,0.08750518894072609,6516.241535910898,851000.0,0.002046575233940035,0.08750518896944921,6516.241540188744
