cur_n,cur_mean,cur_std,cur_S,next_n,next_mean,next_std,next_S
5771000.0,-0.30793663782520425,1.3404236092696311,10368960.295150729,5771000.0,-0.30793642924974557,1.3404237508353243,10368962.485337649
5771000.0,-0.3918943578522507,1.3645978309055078,10746336.302686447,5771000.0,-0.3918943235481393,1.3645978432455725,10746336.49704479
5771000.0,-0.22082322578362376,1.0051372553432205,5830446.505897346,5771000.0,-0.2208232144961791,1.0051372581887914,5830446.53890965
5771000.0,0.09555739623534677,0.8203112080433822,3883366.3687780336,5771000.0,0.09555736107435765,0.8203112164880446,3883366.4487323673
5771000.0,0.0862056214419275,0.7275837456221456,3055041.054882683,5771000.0,0.08620563604174039,0.7275837447377106,3055041.0474554007
5771000.0,0.0964925818228035,0.6355576952004869,2331100.7128516906,5771000.0,0.09649257632628097,0.6355576961721369,2331100.719979333
