cur_n,cur_mean,cur_std,cur_S,next_n,next_mean,next_std,next_S
3382000.0,-0.004788189155499766,0.03166454289631596,3390.9395622479674,3382000.0,-0.004788190222648388,0.031664542795763695,3390.9395407117863
3382000.0,-0.014829410402647727,0.05201251872980922,9149.331717820629,3382000.0,-0.014829413831978933,0.05201251813441095,9149.33150835197
3382000.0,-0.023173483644137634,0.07506455087507025,19056.510751093065,3382000.0,-0.02317348794957576,0.0750645499634942,19056.510288252524
3382000.0,-0.0003204652343248672,0.1654940379334066,92627.15143246594,3382000.0,-0.00032046550846368574,0.16549403793364462,92627.15143273237
3382000.0,-0.0005046346373715677,0.13648103505471437,62996.760647928066,3382000.0,-0.0005046340740352825,0.13648103506072504,62996.76065347688
3382000.0,-0.000516047117096969,0.1363256904596791,62853.434699820486,3382000.0,-0.0005160461947948411,0.13632569047371945,62853.43471276719
