cur_n,cur_mean,cur_std,cur_S,next_n,next_mean,next_std,next_S
2391000.0,-0.30958324579324364,1.3294814018977945,4226142.227999171,2391000.0,-0.3095833887749061,1.3294813869865933,4226142.133200017
2391000.0,-0.3627438194073885,1.3249925904727768,4197652.427255354,2391000.0,-0.3627441644818684,1.3249926034405421,4197652.509420601
2391000.0,-0.1928757999034992,0.9903144692095902,2344908.0902907606,2391000.0,-0.19287621390923432,0.9903145954904677,2344908.688317104
2391000.0,0.09789930909763778,0.8399800770467992,1687009.5728367923,2391000.0,0.09789949282327838,0.8399801036755596,1687009.679798792
2391000.0,0.0890502216444772,0.7505620746689806,1346954.136183988,2391000.0,0.08905087651505318,0.7505626800552522,1346956.309029909
2391000.0,0.09967877595610582,0.6552924426670912,1026714.9713310979,2391000.0,0.09967943400573938,0.6552931325766554,1026717.1332386836
