cur_n,cur_mean,cur_std,cur_S,next_n,next_mean,next_std,next_S
4351000.0,-0.30299257006196484,1.3339096883027652,7741799.811040264,4351000.0,-0.30299257598162727,1.3339096870153677,7741799.796096561
4351000.0,-0.3848099751640085,1.3566373131595497,8007862.342436372,4351000.0,-0.38480999448914255,1.3566373082769314,8007862.284794829
4351000.0,-0.20997970989191778,0.9989769681256163,4342102.130360547,4351000.0,-0.2099796999160475,0.9989769704392465,4342102.15047316
4351000.0,0.09650885450861085,0.825391957904648,2964213.9680396304,4351000.0,0.09650883729632251,0.8253919606980898,2964213.988103696
4351000.0,0.08851363571742453,0.7338461506605902,2343144.78202408,4351000.0,0.08851362827300013,0.7338461517228081,2343144.7888073283
4351000.0,0.09792390680632207,0.6413061229794843,1789451.1872071226,4351000.0,0.09792389676656317,0.6413061248544011,1789451.1976703696
