cur_n,cur_mean,cur_std,cur_S,next_n,next_mean,next_std,next_S
1871000.0,-0.35460275677167874,1.372924484712988,3526688.389795396,1871000.0,-0.35460248723793136,1.3729246038309233,3526689.0017618407
1871000.0,-0.411224490508297,1.3846817617827656,3587349.840825264,1871000.0,-0.41122453707210627,1.384681749419065,3587349.7767630075
1871000.0,-0.1876544218334041,1.011422111525513,1913985.6406543825,1871000.0,-0.18765443014168173,1.011422110047894,1913985.6350619767
1871000.0,0.10326149134077212,0.8295767503183563,1287617.6809152586,1871000.0,0.10326163429809404,0.8295767555699848,1287617.6972177639
1871000.0,0.09510055046938773,0.7622306994203771,1087042.8408288395,1871000.0,0.09510076714588651,0.7622307300074875,1087042.9280714553
1871000.0,0.09104578895079833,0.6467505579820082,782613.637831823,1871000.0,0.09104582735371007,0.6467505547090721,782613.6299108572
