cur_n,cur_mean,cur_std,cur_S,next_n,next_mean,next_std,next_S
1522000.0,-0.007768730405453975,0.03832809726309504,2235.8835065897138,1522000.0,-0.007768731937134873,0.03832809699921935,2235.8834758031458
1522000.0,-0.014513521836064247,0.060551081594294065,5580.311759967541,1522000.0,-0.01451352580738538,0.06055108084061759,5580.311621051785
1522000.0,-0.03175406675681751,0.08904136562123506,12066.97121295897,1522000.0,-0.03175407254713499,0.08904136384282883,12066.970730936342
1522000.0,-0.0004160208149466383,0.153869471878741,36034.58948064134,1522000.0,-0.0004160187843238687,0.1538694719046272,36034.589492765874
1522000.0,-0.0004876247169971494,0.15574268552620932,36917.30339246174,1522000.0,-0.0004876209953564956,0.15574268560553794,36917.30343006992
1522000.0,-0.0004284040733809922,0.15943263888299714,38687.362371300565,1522000.0,-0.0004283972615838954,0.15943263912277877,38687.36248766971
