cur_n,cur_mean,cur_std,cur_S,next_n,next_mean,next_std,next_S
421000.0,0.15996221258872237,1.395133105802572,819432.8772035651,421000.0,0.15996234728236977,1.3951330930963113,819432.8622774943
421000.0,-0.02907560453311154,1.3699645858218696,790134.0488569625,421000.0,-0.02907561069116658,1.3699645856969944,790134.0487129178
421000.0,0.04221028469711933,1.2173724458359332,623920.1778617167,421000.0,0.04221027077826456,1.2173724463520035,623920.1783907028
421000.0,0.008767932371023383,0.9362512692127267,369034.4708621279,421000.0,0.008768151456706492,0.9362512779526156,369034.4777519884
421000.0,0.024191369831514258,0.8301151003788243,290107.3446281941,421000.0,0.02419134683609895,0.8301151011830529,290107.3451903152
421000.0,0.01400447434755512,0.7871765341732189,260871.34319619648,421000.0,0.014004163320194619,0.7871765655754234,260871.36400966105
