cur_n,cur_mean,cur_std,cur_S,next_n,next_mean,next_std,next_S
562000.0,-0.0071499224894583865,0.015170245910991436,129.33663488197323,562000.0,-0.007149927542901792,0.015170244002270529,129.33660233569483
562000.0,-0.012783419991031213,0.021205925408740067,252.7264951118687,562000.0,-0.01278342560188236,0.021205922443552544,252.7264244352646
562000.0,-0.004231556895128818,0.009097611928172588,46.51479705114302,562000.0,-0.0042315625012952305,0.009097610291341778,46.514780313377834
562000.0,-0.0006412278288884739,0.0582021254701234,1903.7679239928725,562000.0,-0.0006412211892907165,0.05820212575611093,1903.7679427019452
562000.0,-0.0010553069681596221,0.06742284838730299,2554.7623523773714,562000.0,-0.0010552996203675032,0.06742284872732665,2554.7623781454804
562000.0,-0.0007346160655453096,0.05202938629819935,1521.3660556747968,562000.0,-0.0007346101322547936,0.05202938657210128,1521.3660716928641
