cur_n,cur_mean,cur_std,cur_S,next_n,next_mean,next_std,next_S
4131000.0,-0.3094522328926948,1.3440801401442835,7462863.928951173,4131000.0,-0.30945221539978074,1.3440801446420152,7462863.97889754
4131000.0,-0.38251178752078197,1.3622784998509316,7666320.999785868,4131000.0,-0.3825117513311799,1.3622785119983345,7666321.136506649
4131000.0,-0.15749332184794,0.9721456026392098,3904072.077450738,4131000.0,-0.15749331767837668,0.9721456033515982,3904072.083172547
4131000.0,0.09874134879343219,0.8586817597152978,3045928.259616318,4131000.0,0.09874131914350358,0.8586817652393839,3045928.2988065532
4131000.0,0.09525163402907756,0.7688959999255605,2442251.5734960097,4131000.0,0.09525165636594914,0.76889599849875,2442251.5644320273
4131000.0,0.09289498236972574,0.6558573944946977,1776945.196424146,4131000.0,0.09289498946286648,0.6558573936484893,1776945.1918388018
