cur_n,cur_mean,cur_std,cur_S,next_n,next_mean,next_std,next_S
2901000.0,-0.2999079708459043,1.324868307472383,5092055.769251882,2901000.0,-0.2999079977188358,1.324868302179943,5092055.728569498
2901000.0,-0.36297180263418993,1.3258010769057162,5099228.385516159,2901000.0,-0.36297181809119355,1.3258010729353968,5099228.35497528
2901000.0,-0.19075682303033434,0.987795568043609,2830621.984399376,2901000.0,-0.19075682006797662,0.9877955686285663,2830621.987751877
2901000.0,0.09653579110490064,0.8365869478347966,2030345.2694551554,2901000.0,0.09653578094459132,0.8365869491862253,2030345.276014825
2901000.0,0.0875563073284355,0.7417694547924258,1596193.801706916,2901000.0,0.08755630871162078,0.7417694546328889,1596193.801020309
2901000.0,0.09640978018977234,0.6525284951278735,1235226.7606031108,2901000.0,0.09640978761212504,0.6525284941536628,1235226.7569147777
