cur_n,cur_mean,cur_std,cur_S,next_n,next_mean,next_std,next_S
22000.0,-0.007393697441350266,0.026850784704889274,15.861222063902948,22000.0,-0.007394064055288117,0.026850738812851816,15.861167845511712
22000.0,-0.009538684790416049,0.0238640679278672,12.528862237448918,22000.0,-0.009539086981444525,0.023863981726127054,12.528771724148372
22000.0,-0.005610113135187048,0.02078681474616228,9.506016680407932,22000.0,-0.005610471998711482,0.020786786039674078,9.505990424902162
22000.0,-0.000706182176258468,0.07239270050093131,115.2954678879859,22000.0,-0.0007060501188610432,0.07239270443887752,115.29548043144291
22000.0,-0.0008886110848905414,0.07421168299656264,121.1622256500107,22000.0,-0.0008884862807561789,0.0742116867996204,121.16223806818896
22000.0,-0.0007946227391124821,0.06178746218855979,83.98919064145952,22000.0,-0.0007945011209620695,0.06178746638575219,83.98920205215005
