cur_n,cur_mean,cur_std,cur_S,next_n,next_mean,next_std,next_S
1691000.0,-0.32932960819370083,1.3452838453903628,3060352.564314064,1691000.0,-0.3293296576560425,1.3452838348194673,3060352.5162191326
1691000.0,-0.37787844442595014,1.3306726546689043,2994236.3061771486,1691000.0,-0.3778784311070942,1.3306726585639097,2994236.3237059778
1691000.0,-0.1983522322930516,1.0031784997147335,1701766.7699722266,1691000.0,-0.19835225768030307,1.0031784952383047,1701766.7547848246
1691000.0,0.09607301357891859,0.819547667733989,1135774.3200527814,1691000.0,0.09607297074636362,0.8195476746478405,1135774.3392159743
1691000.0,0.09443802482887191,0.7518402171769081,955860.9372703728,1691000.0,0.09443802148522601,0.7518402176095005,955860.9383703357
1691000.0,0.10010002559024907,0.6501602839640411,714799.8956815465,1691000.0,0.10009999745073778,0.6501602893261771,714799.9074720369
