cur_n,cur_mean,cur_std,cur_S,next_n,next_mean,next_std,next_S
562000.0,-0.007643052292579439,0.0161562602395071,146.69590664879308,562000.0,-0.007643065984015505,0.016156257022828614,146.69584823508677
562000.0,-0.01277623165711005,0.02233237962315175,280.2891709535006,562000.0,-0.012776250247543905,0.022332373336267163,280.28901314269405
562000.0,-0.0039917779085172885,0.00898518704268195,45.372275439892555,562000.0,-0.003991793284892212,0.008985187605659105,45.37228112559618
562000.0,-0.00045369029028081894,0.05206466560493733,1523.4299253593167,562000.0,-0.00045367447624013223,0.05206466709247447,1523.4300124110089
562000.0,-0.0006921051354481519,0.061587674523091177,2131.6894090771643,562000.0,-0.000692088358706186,0.06158767599580663,2131.6895110252244
562000.0,-0.0005099594673469048,0.04495764709446731,1135.9087981361138,562000.0,-0.0005099476592476223,0.04495764809989724,1135.9088489428968
