cur_n,cur_mean,cur_std,cur_S,next_n,next_mean,next_std,next_S
2982000.0,-0.012621703136253107,0.0227556835594207,1544.1426223528517,2982000.0,-0.012621704868459975,0.022755682795233382,1544.1425186412507
2982000.0,-0.020908750023436,0.03536085822303234,3728.6638575113325,2982000.0,-0.0209087516044463,0.03536085739358443,3728.663682587275
2982000.0,-0.005400013077250359,0.009237327008182535,254.44872298368574,2982000.0,-0.00540001484573655,0.00923732647916749,254.44869383949742
2982000.0,-0.0006386977396696022,0.05533802082874615,9131.768309841858,2982000.0,-0.0006387059006367529,0.05533802252902491,9131.768870994993
2982000.0,-0.0010302510347960493,0.06744031417996958,13562.720402498544,2982000.0,-0.0010302605928586826,0.06744031605370536,13562.721156141379
2982000.0,-0.0007223217555758253,0.04730069131247593,6671.793798738922,2982000.0,-0.0007223299635214444,0.047300693310762164,6671.794362458124
