cur_n,cur_mean,cur_std,cur_S,next_n,next_mean,next_std,next_S
1931000.0,-0.32868512169080427,1.341692660339312,3476068.785174983,1931000.0,-0.3286851125290758,1.341692662644168,3476068.7971178647
1931000.0,-0.37271733358179787,1.3300640643212693,3416074.971748909,1931000.0,-0.3727173214308747,1.3300640678334956,3416074.9897901877
1931000.0,-0.1940817515737705,0.9950115852122985,1911782.7936386205,1931000.0,-0.19408173550655605,0.9950115885967901,1911782.806644324
1931000.0,0.10038284421700731,0.8295449084789591,1328807.5222590773,1931000.0,0.10038279835248301,0.8295449164773189,1328807.547883442
1931000.0,0.0940162371563204,0.7521807140583894,1092513.1211672814,1931000.0,0.09401622223848699,0.7521807162086764,1092513.1274136973
1931000.0,0.09946894674959314,0.6525269300881482,822203.182760698,1931000.0,0.09946892031475121,0.6525269351517374,822203.1955212416
