cur_n,cur_mean,cur_std,cur_S,next_n,next_mean,next_std,next_S
931000.0,-0.3681179998018085,1.377902072816538,1767609.7478353365,931000.0,-0.3681177347740602,1.3779021673501428,1767609.9903758338
931000.0,-0.41655359460147945,1.356870221165855,1714061.118087696,931000.0,-0.4165549274149589,1.356870421421701,1714061.6240325961
931000.0,-0.22769935961487822,1.0587711155860282,1043647.5322105323,931000.0,-0.22769950454178536,1.0587710936525787,1043647.4889702325
931000.0,0.09876775620183754,0.7986221081605704,593789.2598994783,931000.0,0.09876713922667935,0.7986224063409739,593789.7033040682
931000.0,0.0925371066512954,0.7370900183118416,505813.87813339947,931000.0,0.0925398180989556,0.7370943209200216,505819.783315202
931000.0,0.09066530281995054,0.6270375704728317,366046.96286434284,931000.0,0.09066549992603162,0.6270375708146761,366046.9632634613
