cur_n,cur_mean,cur_std,cur_S,next_n,next_mean,next_std,next_S
2051000.0,-0.022368047867961843,0.15380283466672465,48517.04481256719,2051000.0,-0.022367878879057758,0.1538030496522027,48517.18044683407
2051000.0,-0.01996801227683986,0.03296289776654375,2228.5194424227784,2051000.0,-0.019968068768454233,0.032962962829138784,2228.528239792605
2051000.0,-0.0003294025652838285,0.032766472132389986,2202.039118501516,2051000.0,-0.00032940577266618023,0.032766472422110365,2202.039157442273
2051000.0,0.10651786223489378,0.4594776329056002,433006.49473323417,2051000.0,0.10651785215211139,0.45947763546991804,433006.49956640217
2051000.0,0.00030753291148492146,0.09455488588528446,18337.22483824207,2051000.0,0.00030755174696043343,0.0945548896717528,18337.22630687739
2051000.0,0.0026396893022964016,0.08460162564129456,14679.899310418134,2051000.0,0.0026396839048581505,0.08460162616282843,14679.899491409093
