cur_n,cur_mean,cur_std,cur_S,next_n,next_mean,next_std,next_S
3701000.0,-0.3020844921032439,1.3287206241225142,6534109.937280507,3701000.0,-0.3020851392289367,1.3287210602187955,6534114.226371022
3701000.0,-0.37432670764850956,1.340856511206031,6654013.775664997,3701000.0,-0.37432677051402724,1.3408564991101204,6654013.655612843
3701000.0,-0.2044934402954774,0.9950286031162459,3664293.189693049,3701000.0,-0.20449353317920715,0.9950286000719655,3664293.16727131
3701000.0,0.09805123860683099,0.8297117479674314,2547848.285030846,3701000.0,0.09805168500120102,0.8297121396403713,2547850.6905010976
3701000.0,0.0874859643293418,0.7358041210236015,2003749.9144111802,3701000.0,0.08748645579942219,0.7358046700528876,2003752.9046575353
3701000.0,0.09926947177707611,0.6459479854758234,1544237.8085789562,3701000.0,0.0992696397815899,0.6459480405167539,1544238.0717465528
