cur_n,cur_mean,cur_std,cur_S,next_n,next_mean,next_std,next_S
4042000.0,-0.014490075378648415,0.025285900586631892,2584.3608981841594,4042000.0,-0.014490076372112264,0.02528590009621172,2584.3607979367744
4042000.0,-0.02400852031072103,0.04027393880820025,6556.084174685953,4042000.0,-0.024008521479037558,0.040273938180228876,6556.083970234474
4042000.0,-0.005763658959669555,0.00945974613383598,361.7056331369973,4042000.0,-0.005763660169136215,0.009459745709446514,361.7056006828373
4042000.0,-0.0006473197004804072,0.0552451479931128,12336.290614948542,4042000.0,-0.0006473178686690748,0.05524514813732898,12336.290679355745
4042000.0,-0.0010260554818882276,0.06850637275764856,18969.60360419279,4042000.0,-0.0010260536783176222,0.06850637288062143,18969.603672295838
4042000.0,-0.0007338954835184346,0.046571566437174326,8766.73745526588,4042000.0,-0.0007338941729789043,0.046571566532357465,8766.73749110086
