cur_n,cur_mean,cur_std,cur_S,next_n,next_mean,next_std,next_S
651000.0,-0.03918563542382566,0.16261574733118386,17214.96671333171,651000.0,-0.03918563102381301,0.16261574843021312,17214.96694602445
651000.0,-0.015184451167549386,0.034397804986653666,770.2690511228062,651000.0,-0.015184415370987758,0.03439783291412804,770.2703018815641
651000.0,-0.008952450991704771,0.035368908172449726,814.3747421175786,651000.0,-0.008952395402580766,0.035368950681551756,814.3766996764402
651000.0,0.10501099097363571,0.3774279377011977,92736.15315045383,651000.0,0.10501093992552323,0.3774279541515836,92736.16123435747
651000.0,0.0011413396407359464,0.10162853183463177,6723.761372343659,651000.0,0.0011413523684863055,0.10162853221053889,6723.761422083819
651000.0,0.002075609062773862,0.09797278957893482,6248.732541118733,651000.0,0.002075609910728226,0.09797278956335799,6248.7325391317445
