cur_n,cur_mean,cur_std,cur_S,next_n,next_mean,next_std,next_S
811000.0,-0.3752252660973549,1.385495124160265,1556792.9553872852,811000.0,-0.3752254029963253,1.3854950925698863,1556792.884395078
811000.0,-0.42650448994194967,1.3564338781758098,1492169.334214948,811000.0,-0.42650442298725716,1.3564339005685384,1492169.383481991
811000.0,-0.23598759673478747,1.063131835953262,916632.1828006739,811000.0,-0.23598755199329532,1.0631318466482225,916632.2012430622
811000.0,0.09861281372976012,0.7906690504469956,507002.7708884853,811000.0,0.09861349061717227,0.7906692010037626,507002.96397231787
811000.0,0.0910082957074602,0.7264896895614745,428035.4751907325,811000.0,0.09100811508910092,0.7264897303967106,428035.52330959897
811000.0,0.09144776977555906,0.6188245487446443,310567.4397466293,811000.0,0.09144776509553756,0.618824549450588,310567.44045520853
