cur_n,cur_mean,cur_std,cur_S,next_n,next_mean,next_std,next_S
3381000.0,-0.31549484025063923,1.3519792172182707,6179953.424614423,3381000.0,-0.3154948342139508,1.3519792186725523,6179953.437909587
3381000.0,-0.3860176409821876,1.3648961490220428,6298605.2034370005,3381000.0,-0.38601918663769785,1.3648986708520257,6298628.47850615
3381000.0,-0.16629604850464275,0.984352815660699,3276021.5245288126,3381000.0,-0.1662961914987423,0.9843528266189518,3276021.5974690677
3381000.0,0.09987938427521725,0.8555870406721606,2474990.671665738,3381000.0,0.09987937010880639,0.8555870427223977,2474990.6835273425
3381000.0,0.09369983875661754,0.7686372415731548,1997505.6500793097,3381000.0,0.09370021520596952,0.7686375073609046,1997507.0315180304
3381000.0,0.09365527977299443,0.6565762252186476,1457523.199925127,3381000.0,0.0936553648125458,0.6565762317081117,1457523.2287368453
