cur_n,cur_mean,cur_std,cur_S,next_n,next_mean,next_std,next_S
1762000.0,-0.00936867050177992,0.017316391201146777,528.3487462552926,1762000.0,-0.009368671371369515,0.01731639076914506,528.3487198932683
1762000.0,-0.015655924654553233,0.025352902486480443,1132.5601488295936,1762000.0,-0.01565592559741754,0.02535290193513487,1132.56009957038
1762000.0,-0.004716785311469142,0.008701511524511343,133.41212555334093,1762000.0,-0.004716786120489756,0.008701511152237135,133.41211413787775
1762000.0,-0.0006197257268365184,0.05502918511536472,5335.708159880419,1762000.0,-0.0006197313087581576,0.055029185551329074,5335.708244423869
1762000.0,-0.0009867234485415705,0.06505922545543825,7458.022363310043,1762000.0,-0.0009867290511436798,0.06505922579552469,7458.02244128122
1762000.0,-0.0007010298936901949,0.0482646383480226,4104.535504792859,1762000.0,-0.0007010354924058056,0.04826463883886906,4104.535588278276
