cur_n,cur_mean,cur_std,cur_S,next_n,next_mean,next_std,next_S
3801000.0,-0.30222780219484774,1.3301484904940093,6725090.320708033,3801000.0,-0.3022278564989931,1.3301484823688385,6725090.23854802
3801000.0,-0.3748051660416693,1.342461116124119,6850169.225408123,3801000.0,-0.3748051844876623,1.342461111455876,6850169.177766887
3801000.0,-0.20393242173047058,0.9942218963432552,3757201.758019007,3801000.0,-0.2039324298123957,0.994221894810374,3757201.746433376
3801000.0,0.0978414756587099,0.8291326303511412,2613038.952028121,3801000.0,0.09784161287131388,0.8291326573145219,2613039.1219800995
3801000.0,0.0870739557966317,0.7357045304146259,2057333.6542319723,3801000.0,0.08707398560002151,0.7357045291817933,2057333.6473369547
3801000.0,0.0983606497237927,0.645433035671889,1583435.0372427308,3801000.0,0.09836067427257744,0.6454330337052626,1583435.027593317
