cur_n,cur_mean,cur_std,cur_S,next_n,next_mean,next_std,next_S
601000.0,-0.02633886831406681,0.09440322809871261,5356.093654749995,601000.0,-0.026338863273498204,0.09440322958592633,5356.093823508123
601000.0,-0.02755731598050286,0.09958704184062706,5960.464920442648,601000.0,-0.027557315724169862,0.09958704191175856,5960.464928957348
601000.0,-0.029324183241934625,0.11925333187096797,8547.035654558662,601000.0,-0.029324191299870492,0.11925333005315078,8547.035393988195
601000.0,0.0324664349707423,0.13337640931440614,10691.349203524009,601000.0,0.03246645045377626,0.13337640608563125,10691.348685891846
601000.0,0.033623179438355896,0.14939229733897852,13413.15316103488,601000.0,0.033623132060933224,0.14939231251704824,13413.155886554036
601000.0,0.04658048191878567,0.2640262609006328,41895.62973354659,601000.0,0.04658051111543452,0.2640262567198547,41895.62840673666
