cur_n,cur_mean,cur_std,cur_S,next_n,next_mean,next_std,next_S
1171000.0,0.19368954531697,1.519281090097274,2702919.800981506,1171000.0,0.19368958833531777,1.519281085326137,2702919.7840050547
1171000.0,0.01786845020041076,1.5321748757695048,2748992.5842789174,1171000.0,0.017868446070890574,1.5321748758241807,2748992.584475114
1171000.0,0.03912008131363313,1.3649448962940947,2181660.3213754967,1171000.0,0.03912007330234877,1.3649448965511948,2181660.3221973684
1171000.0,0.003450311568086533,0.8598120640175992,865693.1157387691,1171000.0,0.0034504591918645814,0.8598120782652229,865693.144428922
1171000.0,0.008467556949544808,0.7506606233814794,659848.396021197,1171000.0,0.008467549317635081,0.7506606235130473,659848.3962524995
1171000.0,0.0016418800564366603,0.6862104124578513,551406.0190238877,1171000.0,0.0016417667760298433,0.6862104236779902,551406.0370558267
