cur_n,cur_mean,cur_std,cur_S,next_n,next_mean,next_std,next_S
3651000.0,-0.3012808305585696,1.3282834982904326,6441594.5762337735,3651000.0,-0.30128081471908613,1.328283502228001,6441594.614424747
3651000.0,-0.3728332744521293,1.3391420434795702,6547343.457456049,3651000.0,-0.372833273155022,1.3391420438430268,6547343.461010078
3651000.0,-0.20496841179835,0.9961412079283588,3622877.4646914727,3651000.0,-0.20496841045300562,0.9961412082084989,3622877.4667291627
3651000.0,0.09780472592709955,0.830148320493615,2516072.9004010675,3651000.0,0.09780471079477437,0.8301483227800103,2516072.914260608
3651000.0,0.08714146316213948,0.736026427726201,1977874.1283388943,3651000.0,0.08714147564199164,0.7360264266349333,1977874.1224739149
3651000.0,0.0999270070935362,0.6468443218702453,1527606.0626623237,3651000.0,0.09992700878711933,0.6468443216166857,1527606.0614646964
