cur_n,cur_mean,cur_std,cur_S,next_n,next_mean,next_std,next_S
3971000.0,-0.3084033896039985,1.3427052868413547,7159147.082114858,3971000.0,-0.30840334747023607,1.3427052991441406,7159147.213308881
3971000.0,-0.3802525011792939,1.3595279493585744,7339663.809240995,3971000.0,-0.3802527776215067,1.3595279836459877,7339664.179454921
3971000.0,-0.15921665277617644,0.9735597356248764,3763787.4971138476,3971000.0,-0.1592165409696572,0.9735597794039649,3763787.835614267
3971000.0,0.09819004383271471,0.8580988851611502,2923981.109654506,3971000.0,0.09819006583253886,0.8580988837635798,2923981.1001300337
3971000.0,0.09391391371537267,0.7677389250292401,2340598.9593670666,3971000.0,0.09391451945571136,0.7677397998505078,2340604.2934900303
3971000.0,0.09297101609404172,0.656182538767295,1709815.406531061,3971000.0,0.09297088262498812,0.6561826115799855,1709815.7859872626
