cur_n,cur_mean,cur_std,cur_S,next_n,next_mean,next_std,next_S
501000.0,-0.004469269348025697,0.028557775560219642,408.588819018887,501000.0,-0.004469269443412931,0.028557775545371155,408.58881859399924
501000.0,-0.001416185932980284,0.026620456666553296,355.0330052810568,501000.0,-0.0014161858032350962,0.026620456673614106,355.03300546939465
501000.0,-0.004072227916125327,0.029172819813450702,426.377761349899,501000.0,-0.004072227922589853,0.02917281981254872,426.3777613235329
501000.0,-0.0009399350252319277,0.0950049009272689,4521.99153130029,501000.0,-0.0009399300560011855,0.09500490104154034,4521.991542178349
501000.0,-0.0009656337635754413,0.09059586669286868,4112.013141977848,501000.0,-0.000965628712297986,0.0905958668172578,4112.013153269527
501000.0,-0.0009185332013987514,0.09636099485473154,4652.006106026192,501000.0,-0.0009185283155106939,0.09636099496336382,4652.006116515044
