cur_n,cur_mean,cur_std,cur_S,next_n,next_mean,next_std,next_S
2401000.0,-0.3092252401050677,1.328843527193142,4239746.112551229,2401000.0,-0.3092244430270351,1.3288442866458505,4239750.958701317
2401000.0,-0.36289147617571976,1.3249441628019771,4214900.35993782,2401000.0,-0.3628929751059307,1.324945788019278,4214910.7001972515
2401000.0,-0.19274866365379645,0.9898624778802215,2352566.368001528,2401000.0,-0.19274974139729462,0.9898636767165122,2352572.0664570387
2401000.0,0.09796595144922741,0.8398757653277775,1693644.514144993,2401000.0,0.09796561384068231,0.8398759676273481,1693645.330036136
2401000.0,0.08918700066355885,0.7501813167773559,1351215.59130838,2401000.0,0.08918714098735647,0.7501813316053975,1351215.644724483
2401000.0,0.09974860913908372,0.6550186198279554,1030147.5909634882,2401000.0,0.09974917320814546,0.6550191170693819,1030149.1549869725
