cur_n,cur_mean,cur_std,cur_S,next_n,next_mean,next_std,next_S
1282000.0,-0.008647162781750322,0.017476753987883367,391.57014419974234,1282000.0,-0.008647154002669636,0.017476761158401827,391.5704655135888
1282000.0,-0.014438635255467425,0.02513867212841973,810.1635362393997,1282000.0,-0.014438627488604435,0.025138678127568644,810.1639229179208
1282000.0,-0.004194365770412961,0.009058050457465487,105.1858925113681,1282000.0,-0.004194356630956766,0.009058060600557668,105.18612808320692
1282000.0,-0.0004413837429342964,0.05118367808387643,3358.54373261257,1282000.0,-0.00044138684453594556,0.051183678177604844,3358.5437449130136
1282000.0,-0.000689677516526959,0.06168221125470689,4877.61922751651,1282000.0,-0.0006896801013033258,0.06168221129523609,4877.619233926333
1282000.0,-0.0004992271795654708,0.04392786775208579,2473.820998643755,1282000.0,-0.0004992308546192065,0.04392786790739934,2473.821016136884
