cur_n,cur_mean,cur_std,cur_S,next_n,next_mean,next_std,next_S
891000.0,-0.36973503588124357,1.381327980055538,1700087.6867395227,891000.0,-0.3697348048976647,1.3813280590893746,1700087.881283408
891000.0,-0.4200472127569776,1.3550442099199702,1636005.026456334,891000.0,-0.4200472134117691,1.3550442097171003,1636005.0259664662
891000.0,-0.22843823790949275,1.0554571775522925,992564.9595991665,891000.0,-0.22843822565097702,1.0554571802688941,992564.9647086178
891000.0,0.09873237435912839,0.7981598289875209,567619.6693349653,891000.0,0.09873225565098945,0.7981598515370617,567619.701407647
891000.0,0.09142727626312452,0.7325469076906294,478132.85002268915,891000.0,0.09142717964557649,0.7325469254262813,478132.87317478453
891000.0,0.0902510394723534,0.6224585445015166,345222.08390404534,891000.0,0.09025102508818089,0.622458546735176,345222.0863816675
