cur_n,cur_mean,cur_std,cur_S,next_n,next_mean,next_std,next_S
3322000.0,-0.014136529931355061,0.026021097224625374,2249.317897569256,3322000.0,-0.014136528871482645,0.026021097872128716,2249.318009512335
3322000.0,-0.023796648726453856,0.04183144101788834,5813.066338257063,3322000.0,-0.02379664820931946,0.041831441322687936,5813.066422969434
3322000.0,-0.005556651172659596,0.010173132065987663,343.8024704583918,3322000.0,-0.005556650784248307,0.010173132302773375,343.8024864628068
3322000.0,-0.0004923302446795499,0.05249749016686445,9155.387066030136,3322000.0,-0.0004923256888954223,0.05249749086627225,9155.387309978913
3322000.0,-0.0007420658186213842,0.06688159070293048,14859.794915198243,3322000.0,-0.0007420605307396037,0.06688159145602549,14859.79524984451
3322000.0,-0.0005561699483877351,0.04321305952291799,6203.3982012864235,3322000.0,-0.000556162278107405,0.043213061883034545,6203.398878893764
