cur_n,cur_mean,cur_std,cur_S,next_n,next_mean,next_std,next_S
2401000.0,-0.09105305564445551,0.20096424209564734,96968.29046918817,2401000.0,-0.09105307530880011,0.20096423549606227,96968.28410038876
2401000.0,-0.09638210166129174,0.19413066168130907,90485.79984537973,2401000.0,-0.096382115842142,0.19413065588436462,90485.79444137872
2401000.0,-0.11841380113511603,0.27430770759280704,180662.56898601507,2401000.0,-0.11841381776285452,0.27430770162492657,180662.56112497012
2401000.0,0.02414224359239643,0.1579318978890562,59886.9049743851,2401000.0,0.024142256135292958,0.15793189716756442,59886.90442721369
2401000.0,0.02546922541443575,0.121158695628319,35245.310292779905,2401000.0,0.02546922878593004,0.12115869503221649,35245.30994596505
2401000.0,0.04488185332435569,0.3026062707010791,219860.902717343,2401000.0,0.04488186044502555,0.30260626984612937,219860.9014750025
