cur_n,cur_mean,cur_std,cur_S,next_n,next_mean,next_std,next_S
5591000.0,-0.30989629059801893,1.3422065497742819,10072289.498838786,5591000.0,-0.3098963036167638,1.3422065471214757,10072289.459024
5591000.0,-0.3920498106923851,1.364251558262433,10405870.318812277,5591000.0,-0.39204980380130655,1.3642515603400978,10405870.35050718
5591000.0,-0.2192821127781889,1.0040656107687278,5636554.074322364,5591000.0,-0.21928211013796067,1.0040656113647823,5636554.081014545
5591000.0,0.09662915550961444,0.8213070725758699,3771382.814026445,5591000.0,0.09662916559330938,0.8213070717356264,3771382.806309771
5591000.0,0.08668002246447265,0.7283258133057186,2965793.4194206973,5591000.0,0.08668004887256225,0.7283258128396101,2965793.415624644
5591000.0,0.09615023900990521,0.6362601239541795,2263387.451363445,5591000.0,0.09615023813569683,0.6362601240896313,2263387.452327138
