cur_n,cur_mean,cur_std,cur_S,next_n,next_mean,next_std,next_S
1621000.0,-0.3578418304358991,1.3788551438206182,3081912.4838853762,1621000.0,-0.3578418654329223,1.3788551354580656,3081912.4465026897
1621000.0,-0.4109152801544041,1.3839713318111022,3104825.545232768,1621000.0,-0.4109153013112351,1.3839713257916237,3104825.5182243614
1621000.0,-0.19083628757349352,1.0160463201335246,1673439.5520687976,1621000.0,-0.19083626823305325,1.0160463240644744,1673439.5650174331
1621000.0,0.10226470211964869,0.8284403803636059,1112514.1248473506,1621000.0,0.1022647551225979,0.8284403765692454,1112514.114656443
1621000.0,0.09206764985899349,0.7595766929649467,935246.8957953106,1621000.0,0.09206765824013796,0.7595766920240233,935246.893478242
1621000.0,0.09109861997260559,0.6475508868414426,679721.2068506539,1621000.0,0.09109855808907164,0.6475509003405425,679721.2351901244
