cur_n,cur_mean,cur_std,cur_S,next_n,next_mean,next_std,next_S
3401000.0,-0.3020771003011109,1.3292249345380884,6009019.189359068,3401000.0,-0.3020769927919635,1.3292249737570951,6009019.54395333
3401000.0,-0.36449136485695055,1.3330645051161212,6043784.375296462,3401000.0,-0.36449140215233333,1.3330644966930252,6043784.298920001
3401000.0,-0.19765608095151255,0.9899799528526784,3333185.1042777,3401000.0,-0.19765607794932052,0.9899799534675561,3333185.1084181913
3401000.0,0.09874489311513487,0.8351869385351516,2372324.093041345,3401000.0,0.09874474593064633,0.835187000044881,2372324.4424745357
3401000.0,0.08504501150025345,0.7375051677352792,1849851.0801556602,3401000.0,0.08504503958457756,0.7375051663153367,1849851.073032504
3401000.0,0.09817060533005453,0.6495318933003877,1434853.605089328,3401000.0,0.09817061501208829,0.6495318920824414,1434853.5997083
