cur_n,cur_mean,cur_std,cur_S,next_n,next_mean,next_std,next_S
401000.0,-0.02667691991135998,0.09515807661074,3631.07887724644,401000.0,-0.026676908777097535,0.09515807999336555,3631.0791353975264
401000.0,-0.027019578704755146,0.0983496929408825,3878.7375027279154,401000.0,-0.027019543747851635,0.09834970503576673,3878.7384567295508
401000.0,-0.03208816455902515,0.12761306804163616,6530.323149134702,401000.0,-0.032088182206600084,0.12761306409348777,6530.322745058776
401000.0,0.033148112988452993,0.1367904708702314,7503.36480128075,401000.0,0.03314811285223939,0.1367904709032649,7503.364804904721
401000.0,0.032712569745228216,0.1491484338888273,8920.347387927444,401000.0,0.032712555970594845,0.14914843716507134,8920.347779822077
401000.0,0.04647797066296123,0.2489816567819916,24858.738030976092,401000.0,0.04647795512022354,0.24898165987792412,24858.73864918208
