cur_n,cur_mean,cur_std,cur_S,next_n,next_mean,next_std,next_S
3531000.0,-0.31307451312978424,1.3499872274971787,6435125.731365889,3531000.0,-0.3130744957730544,1.3499872319163693,6435125.773496727
3531000.0,-0.38515637753661186,1.3634827224373751,6564429.60951427,3531000.0,-0.3851571629546216,1.363483299338733,6564435.164449574
3531000.0,-0.16448720568297323,0.980462006234192,3394370.587956451,3531000.0,-0.1644880612281508,0.9804631807250648,3394378.7201627716
3531000.0,0.09949379956383382,0.8566903621397586,2591465.7877151053,3531000.0,0.09949355616344606,0.8566905124993236,2591466.697382635
3531000.0,0.09397419322290045,0.7682208241453751,2083866.3815512662,3531000.0,0.09397483160745133,0.7682216826361667,2083871.039017044
3531000.0,0.0935171741364694,0.6556959083698009,1518107.9857369836,3531000.0,0.0935177523086949,0.6556967259856099,1518111.7717293836
