cur_n,cur_mean,cur_std,cur_S,next_n,next_mean,next_std,next_S
371000.0,-0.32868435936546675,1.2954641104062237,622622.3139610684,371000.0,-0.3286831933881492,1.2954646009065325,622622.7854469129
371000.0,-0.38161592175515874,1.2696665626253023,598071.7298722864,371000.0,-0.38161512984867446,1.2696668922659924,598072.040424378
371000.0,-0.20284665586529466,0.9861148318747337,360768.73326967703,371000.0,-0.20284667903715609,0.9861148272092137,360768.7298559291
371000.0,0.10473113558130269,0.7847510015585089,228474.46387986772,371000.0,0.10473182585542402,0.7847510220660384,228474.47582109965
371000.0,0.09409374775433792,0.7244471978389835,194709.6084514562,371000.0,0.09409311478448798,0.7244473826406096,194709.70778970188
371000.0,0.08451925150766271,0.6126964204880817,139272.25126487494,371000.0,0.08451907368888444,0.6126964545906297,139272.2667686011
