cur_n,cur_mean,cur_std,cur_S,next_n,next_mean,next_std,next_S
51000.0,-0.01958790231101923,0.08035707935082581,329.32027029154074,51000.0,-0.019587867388501514,0.08035708825057158,329.3203432376176
51000.0,-0.020251885802646287,0.08465018520161402,365.44834658804524,51000.0,-0.02025222916022544,0.08465013856981296,365.4479439543153
51000.0,-0.00856806345940409,0.07021513689805703,251.43843793025738,51000.0,-0.008567720040675034,0.07021522163405523,251.43904480509445
51000.0,0.03456589461099437,0.15350590977225884,1201.7672810854524,51000.0,0.03456597082461505,0.15350589357563274,1201.767027485128
51000.0,0.033892565276433195,0.1545488125192126,1218.152108006035,51000.0,0.033891251206750864,0.15454938560050285,1218.1611420641389
51000.0,0.04434673964004218,0.3048574926445403,4739.842631897314,51000.0,0.04434594202270403,0.30485766188534663,4739.847894520217
