cur_n,cur_mean,cur_std,cur_S,next_n,next_mean,next_std,next_S
2402000.0,-0.011155923113395302,0.021349276850979457,1094.811476187561,2402000.0,-0.011155925130183765,0.0213492760259326,1094.8113915691679
2402000.0,-0.018620170013008492,0.03255605964889988,2545.8726417102694,2402000.0,-0.01862017209681978,0.032556058617266924,2545.8724803635896
2402000.0,-0.004776438026680166,0.009502655956320636,216.90172947851894,2402000.0,-0.004776440002638108,0.009502655456581582,216.90170666505236
2402000.0,-0.00045514384536356005,0.051569071780630305,6387.8047326865535,2402000.0,-0.00045514870083618076,0.05156907228683019,6387.804858091411
2402000.0,-0.0007122334117748007,0.06387460498997735,9800.076320626786,2402000.0,-0.0007122389589791462,0.06387460550670217,9800.076479185658
2402000.0,-0.0005208058498188103,0.043390938695151045,4522.422093152947,2402000.0,-0.0005208107906799864,0.0433909393115399,4522.422221639248
