cur_n,cur_mean,cur_std,cur_S,next_n,next_mean,next_std,next_S
241000.0,-0.03819852648973919,1.1371624640202953,311646.371167987,241000.0,-0.0381990694029829,1.1371624770169615,311646.3782916197
241000.0,-0.11919622148397499,1.1332093933384075,309483.41052524676,241000.0,-0.11919690709119932,1.1332093712064635,309483.3984366257
241000.0,-0.09515571075665541,0.795892978109086,152660.39745740735,241000.0,-0.09515582160663312,0.795892966716426,152660.3930869504
241000.0,0.08789056644765102,1.5698215973789356,593905.9032709621,241000.0,0.0878909209998854,1.5698215871776986,593905.8955521552
241000.0,0.10912589082584058,1.4360122320090576,496973.6024455921,241000.0,0.10912499329763707,1.4360123678106589,496973.69644174725
241000.0,0.09229056523899547,0.7685576670454086,142354.09390540177,241000.0,0.09229044824639364,0.768557683240187,142354.0999046732
