cur_n,cur_mean,cur_std,cur_S,next_n,next_mean,next_std,next_S
5071000.0,-0.3078463267627714,1.340494011751921,9112202.595597334,5071000.0,-0.3078463498152451,1.3404940074630858,9112202.537289372
5071000.0,-0.38862725653668845,1.3618404058433948,9404723.714598637,5071000.0,-0.38862723979658176,1.3618404111423041,9404723.787786037
5071000.0,-0.21529779964551132,1.0008259539379776,5079380.2842747,5071000.0,-0.21529778944042172,1.0008259563971444,5079380.309236171
5071000.0,0.09638972457033271,0.8229671967507463,3434461.5601307796,5071000.0,0.09638971429363952,0.8229671982797835,3434461.5728929397
5071000.0,0.08665251416739929,0.7307915381386392,2708199.3564024586,5071000.0,0.08665251010939166,0.7307915386769565,2708199.360392298
5071000.0,0.0966559622754666,0.6379691549889972,2063920.5432198092,5071000.0,0.09665595625231894,0.6379691560457015,2063920.5500569856
