cur_n,cur_mean,cur_std,cur_S,next_n,next_mean,next_std,next_S
1151000.0,-0.35203659614992594,1.3667374418224334,2150034.891346108,1151000.0,-0.35203668963866236,1.3667374214223993,2150034.827162918
1151000.0,-0.3908678506022185,1.3373633100069875,2058610.2570187259,1151000.0,-0.3908675729004992,1.337363424355988,2058610.6090547557
1151000.0,-0.2124444270417667,1.033065514545143,1228375.235301127,1151000.0,-0.2124444542934575,1.0330655093547025,1228375.2229576528
1151000.0,0.09783968129570769,0.8120219668784884,758946.0055718834,1151000.0,0.0978389861773533,0.8120223930804801,758946.8022606364
1151000.0,0.09323516467087542,0.750201095726593,647784.7383178173,1151000.0,0.09323473633714736,0.750201289704616,647785.073310714
1151000.0,0.09149161361267784,0.6316049037973728,459162.3924305227,1151000.0,0.09149170376313219,0.6316048981437321,459162.38421038643
