cur_n,cur_mean,cur_std,cur_S,next_n,next_mean,next_std,next_S
1381000.0,0.1865326537237112,1.5589262995701287,3356176.9175456436,1381000.0,0.18653268990238459,1.5589262958209624,3356176.901402655
1381000.0,0.03342372427436037,1.5762488487640385,3431177.95829057,1381000.0,0.033423724832074606,1.576248848752367,3431177.958239757
1381000.0,0.03874083946912144,1.4037755150247822,2721378.8469812507,1381000.0,0.03874082343651087,1.4037755155936291,2721378.8491868
1381000.0,0.007671704108994226,0.8373570738987176,968311.4463765551,1381000.0,0.007671826084195066,0.8373570850497857,968311.4721665252
1381000.0,0.0027354209178799102,0.7319614958452477,739895.0989634175,1381000.0,0.0027354107692551177,0.7319614959803736,739895.0992365984
1381000.0,0.0005237906516965796,0.6649980713650875,610709.1826235339,1381000.0,0.0005236884479005499,0.6649980822917593,610709.2026928217
