cur_n,cur_mean,cur_std,cur_S,next_n,next_mean,next_std,next_S
2141000.0,-0.3200398484458771,1.3382787396048577,3834509.5576245827,2141000.0,-0.32004176028048065,1.3382812061529261,3834523.6922149025
2141000.0,-0.3701271017280093,1.3295188490094891,3784475.211894917,2141000.0,-0.3701296409156649,1.3295233334781347,3784500.742016679
2141000.0,-0.1942366725375631,0.9930442690299939,2111319.146262347,2141000.0,-0.19423715447474718,0.993044425143889,2111319.8100923332
2141000.0,0.09844652663985003,0.8343838436213332,1490556.4891805984,2141000.0,0.09844714800322726,0.8343842656580754,1490557.9970471966
2141000.0,0.09190213573765843,0.7517634190036029,1209982.3778834036,2141000.0,0.09190286052056526,0.7517640784332329,1209984.5006219181
2141000.0,0.0994063403157378,0.6528291751772006,912464.080331807,2141000.0,0.09940643028744503,0.6528291747511036,912464.0791406891
