cur_n,cur_mean,cur_std,cur_S,next_n,next_mean,next_std,next_S
3561000.0,-0.3019490759042925,1.3302721648155011,6301631.179671677,3561000.0,-0.3019490548535374,1.330272170186842,6301631.230560827
3561000.0,-0.3698338574112182,1.3379952148257857,6375013.28502715,3561000.0,-0.3698338370608564,1.3379952210019403,6375013.343880976
3561000.0,-0.20225918499235945,0.9940695651047442,3518888.6832526927,3561000.0,-0.2022591852709469,0.9940695650482058,3518888.6828524144
3561000.0,0.0983958622735105,0.8329835210882002,2470840.96674641,3561000.0,0.09839583950073369,0.8329835248867471,2470840.989281323
3561000.0,0.0861225396576289,0.7371081381382373,1934792.458429552,3561000.0,0.08612257027338185,0.7371081368252547,1934792.451536808
3561000.0,0.09929644886694079,0.6481702391791422,1496063.9105478227,3561000.0,0.0992964528094021,0.6481702386178446,1496063.9079567222
