cur_n,cur_mean,cur_std,cur_S,next_n,next_mean,next_std,next_S
1002000.0,-0.008455069909634806,0.041065579495880404,1689.7545829711378,1002000.0,-0.008455066238913829,0.04106558041603668,1689.7546586957874
1002000.0,-0.01336195967214085,0.05125616265519574,2632.4485985561537,1002000.0,-0.013361959132552136,0.05125616279870686,2632.4486132972356
1002000.0,-0.025503384174880354,0.07320780107733141,5370.100902855283,1002000.0,-0.025503385178936543,0.07320780073444925,5370.100852551578
1002000.0,-0.0004767234057147742,0.14637128420868922,21467.401946582675,1002000.0,-0.00047671910393045275,0.14637128428603727,21467.401969271028
1002000.0,-0.0004926161719795679,0.1462882186258234,21443.043394534132,1002000.0,-0.0004926106452702453,0.14628821874904469,21443.043430657883
1002000.0,-0.000464406754859815,0.14847616592790797,22089.262192348964,1002000.0,-0.0004643970702318283,0.1484761662746777,22089.262295528988
