cur_n,cur_mean,cur_std,cur_S,next_n,next_mean,next_std,next_S
4371000.0,-0.3089629083056122,1.3455720250751815,7913975.570360386,4371000.0,-0.3089627792113507,1.3455720817852261,7913976.237440126
4371000.0,-0.38005181437201313,1.3616162876063986,8103829.256044559,4371000.0,-0.3800518531732962,1.3616162791927988,8103829.155895381
4371000.0,-0.15580614680718352,0.9722518463767195,4131791.136314231,4371000.0,-0.15580614697411563,0.9722518463499966,4131791.136087103
4371000.0,0.09867488869232093,0.8594355997132885,3228549.7632883945,4371000.0,0.09867470657747988,0.8594357049614079,3228550.5540371407
4371000.0,0.09443529650662863,0.7697158619392009,2589653.6229960476,4371000.0,0.09443530695072656,0.7697158609675483,2589653.616457937
4371000.0,0.09316549932713042,0.6575202909456583,1889727.2501660055,4371000.0,0.09316550777217063,0.6575202899861118,1889727.2446504913
