cur_n,cur_mean,cur_std,cur_S,next_n,next_mean,next_std,next_S
4242000.0,-0.015373765609788492,0.027749316267496348,3266.4441551560253,4242000.0,-0.015373767440334677,0.02774931550945537,3266.4439766940804
4242000.0,-0.02608856366547551,0.0457769133030895,8889.220407791465,4242000.0,-0.02608856568560923,0.04577691234088382,8889.220034098365
4242000.0,-0.005800522677279212,0.010312715819376088,451.145640317072,4242000.0,-0.0058005248846986004,0.010312715579945043,451.1456193685125
4242000.0,-0.0005095918178023051,0.05249859554572637,11691.386950389293,4242000.0,-0.0005095905626185443,0.05249859562155935,11691.386984165156
4242000.0,-0.0007419678285412183,0.06803653637252287,19636.091934418357,4242000.0,-0.000741966533623437,0.06803653643891241,19636.091972739865
4242000.0,-0.0005786988559193666,0.04277194810318937,7760.4825479468445,4242000.0,-0.000578698409948882,0.042771948119084004,7760.482553714645
