cur_n,cur_mean,cur_std,cur_S,next_n,next_mean,next_std,next_S
3242000.0,-0.013957211132629562,0.025747167383569778,2149.1757088758477,3242000.0,-0.013957213400552278,0.02574716647798243,2149.175557692902
3242000.0,-0.023449987467609294,0.04125865158420124,5518.77986363179,3242000.0,-0.023449991009166025,0.041258650064085106,5518.779456968662
3242000.0,-0.005517824697265431,0.010137147921433866,333.15365179450225,3242000.0,-0.005517828082985983,0.010137147911556895,333.15365114529624
3242000.0,-0.0004930998579119991,0.05241673751027098,8907.441591497343,3242000.0,-0.0004930976593430392,0.052416737680434276,8907.441649330764
3242000.0,-0.0007437399237620289,0.06663487335652252,14395.14897775141,3242000.0,-0.0007437370134531897,0.06663487359504792,14395.149080808827
3242000.0,-0.0005566418504418712,0.043211273820959406,6053.508388515439,3242000.0,-0.0005566392935346575,0.04321127409914999,6053.508466459403
