cur_n,cur_mean,cur_std,cur_S,next_n,next_mean,next_std,next_S
4231000.0,-0.302270628211467,1.3323606003136212,7510806.758773216,4231000.0,-0.3022706367944723,1.3323605984834765,7510806.73813937
4231000.0,-0.3839748181451715,1.354457462883527,7762002.284377289,4231000.0,-0.38397478685300984,1.3544574732839876,7762002.403581325
4231000.0,-0.2086906023638976,0.9987297855150005,4220258.271513043,4231000.0,-0.20869060790889027,0.9987297844214928,4220258.262271536
4231000.0,0.09618751818729726,0.8246198067037376,2877070.8001479115,4231000.0,0.09618753738165514,0.8246198054100173,2877070.791120419
4231000.0,0.08891626417547732,0.7343900662583177,2281900.0234113503,4231000.0,0.0889162701773625,0.7343900656354144,2281900.019540374
4231000.0,0.09787280226726891,0.6422089269400598,1745001.0860153998,4231000.0,0.09787280918581277,0.6422089260433181,1745001.0811421718
