cur_n,cur_mean,cur_std,cur_S,next_n,next_mean,next_std,next_S
2021000.0,-0.3500243797322633,1.3694043789631734,3789917.3416626225,2021000.0,-0.35002431201133893,1.3694043996569878,3789917.456205629
2021000.0,-0.40540833546445365,1.3794071062231654,3845485.972656613,2021000.0,-0.4054083524534167,1.379407101441576,3845485.945996558
2021000.0,-0.18880733681202008,1.0135133415576827,2075989.982194664,2021000.0,-0.18880734179440387,1.0135133406542713,2075989.9784937303
2021000.0,0.10400593566828352,0.8343429160708874,1406874.8933288946,2021000.0,0.10400572415257223,0.8343429966223095,1406875.164981657
2021000.0,0.09496025282301684,0.7627042188442881,1175651.5231200517,2021000.0,0.0949603531534623,0.7627042196893054,1175651.5257251137
2021000.0,0.0926894368140843,0.6482423154899334,849260.7792749273,2021000.0,0.09268944460053087,0.6482423144710768,849260.7766053241
