cur_n,cur_mean,cur_std,cur_S,next_n,next_mean,next_std,next_S
322000.0,-0.007500120039264101,0.016524905588556904,87.9293465168516,322000.0,-0.00750011818388753,0.016524906464190955,87.92935583538373
322000.0,-0.012319294337904229,0.021645763986838575,150.86958974080153,322000.0,-0.012319289488181019,0.021645766921908727,150.86963065530657
322000.0,-0.0039018177997714705,0.009031181230105396,26.26303948034458,322000.0,-0.003901814742108724,0.009031182717803761,26.263048132919064
322000.0,-0.00044778820728137616,0.0536001723631208,925.0990697087153,322000.0,-0.00044785519540915895,0.05360018528237184,925.0995156620783
322000.0,-0.0006810764667183623,0.06212206705596249,1242.646691328371,322000.0,-0.0006811360159626422,0.06212207559342325,1242.6470328832675
322000.0,-0.0005092292819189238,0.045890977319183686,678.1261393777659,322000.0,-0.0005092945804870356,0.04589099155366451,678.1265600606794
