cur_n,cur_mean,cur_std,cur_S,next_n,next_mean,next_std,next_S
3402000.0,-0.0047662640714647144,0.03158714222709164,3394.3371789615035,3402000.0,-0.004766262129674625,0.031587142723142364,3394.3372855721877
3402000.0,-0.014790082835491379,0.05187683418350865,9155.482556520861,3402000.0,-0.01479008439299487,0.051876833819006984,9155.482427862717
3402000.0,-0.023046459369068358,0.07486502029510474,19067.43183940148,3402000.0,-0.023046455059258442,0.07486502204385637,19067.43273018339
3402000.0,-0.00031880660658618036,0.16519671356685395,92840.42409752983,3402000.0,-0.00031880769274565565,0.16519671357690624,92840.42410882858
3402000.0,-0.0005028571741565952,0.13613852447504993,63051.64007292131,3402000.0,-0.0005028556010153887,0.13613852451177857,63051.64010694255
3402000.0,-0.0005149206543131828,0.1359726153010198,62898.054284340615,3402000.0,-0.0005149238605478509,0.13597261541747616,62898.05439208112
