cur_n,cur_mean,cur_std,cur_S,next_n,next_mean,next_std,next_S
1001000.0,-0.03410319335114879,0.1168795583324828,13674.491987152247,1001000.0,-0.034103333871697575,0.11687960188736256,13674.502178685714
1001000.0,-0.04006863774194891,0.12205362035482943,14911.983327962556,1001000.0,-0.04006875960443461,0.12205364124553683,14911.988432635506
1001000.0,-0.0414523647128739,0.16790367634670844,28219.836175270957,1001000.0,-0.041452474242016146,0.16790368506639294,28219.839106333337
1001000.0,0.03400454980349925,0.17021457952524646,29001.976086039405,1001000.0,0.034004756712504414,0.17021466407265526,29002.004897232244
1001000.0,0.03285054898704406,0.12227764713988137,14966.774813055405,1001000.0,0.03285065221252729,0.12227766302225142,14966.778701057454
1001000.0,0.05343624831826425,0.3781453858210275,143136.9267505515,1001000.0,0.05343647969567907,0.37814542398244155,143136.95564053932
