cur_n,cur_mean,cur_std,cur_S,next_n,next_mean,next_std,next_S
181000.0,-0.31528107012749823,1.2445561393739373,280354.51711365796,181000.0,-0.31528074526020244,1.244556229346332,280354.5576488615
181000.0,-0.33041466281014786,1.171858622329295,248558.72616167995,181000.0,-0.3304148774312473,1.1718585653724563,248558.70199985921
181000.0,-0.19348122055097955,0.9853298213388828,175728.34908436835,181000.0,-0.1934812948821604,0.985329807250552,175728.3440592102
181000.0,0.1197845406196904,0.8055775455785757,117460.8879312128,181000.0,0.11978516237653293,0.805577496556077,117460.87363531766
181000.0,0.09230427036174939,0.7160539289366392,92804.71447535315,181000.0,0.09230450098744859,0.7160539059296741,92804.7085116828
181000.0,0.09171864005083143,0.6428720330903881,74804.48561828819,181000.0,0.09171878023412264,0.6428720158568157,74804.48160769689
