cur_n,cur_mean,cur_std,cur_S,next_n,next_mean,next_std,next_S
1922000.0,-0.007123404289343503,0.036413503277181715,2548.462870603096,1922000.0,-0.007123407361929452,0.036413502925261534,2548.462821343594
1922000.0,-0.015504871636557163,0.06243907049126153,7493.181320768061,1922000.0,-0.015504880054349059,0.062439069491548635,7493.181080821184
1922000.0,-0.03432293649327421,0.09530023437814882,17455.862840602844,1922000.0,-0.03432295707828138,0.09530023123731629,17455.86169000881
1922000.0,-0.0004130799872002107,0.15904095816063876,48615.11868824108,1922000.0,-0.0004130725985928827,0.1590409585097012,48615.11890164161
1922000.0,-0.00048642421679033975,0.15930583006587187,48777.183881500736,1922000.0,-0.0004864138530747742,0.15930583074543964,48777.18429764874
1922000.0,-0.0004478796632929789,0.163776009756955,51553.001396811436,1922000.0,-0.00044785568563612436,0.1637760131960789,51553.00356192904
