cur_n,cur_mean,cur_std,cur_S,next_n,next_mean,next_std,next_S
3982000.0,-0.015069020708981853,0.02733941756520677,2976.321023668461,3982000.0,-0.015069022342852892,0.02733941685905418,2976.3208699170677
3982000.0,-0.02548390516625453,0.04478486947062809,7986.635812401761,3982000.0,-0.025483908362418418,0.04478486810606284,7986.635325706782
3982000.0,-0.005746786702221994,0.010281919071430844,420.96851768956714,3982000.0,-0.005746789446755791,0.010281918996045416,420.968511516616
3982000.0,-0.0005061714690937094,0.05237771496086665,10924.318447645783,3982000.0,-0.0005061697133323457,0.0523777150950126,10924.318503602904
3982000.0,-0.0007429166110995383,0.0675692446936581,18180.23046297329,3982000.0,-0.0007429137697827596,0.06756924496277596,18180.230607791385
3982000.0,-0.0005752578791351864,0.0427657674514326,7282.72306725727,3982000.0,-0.0005752550691641285,0.042765767856831165,7282.723205330576
