cur_n,cur_mean,cur_std,cur_S,next_n,next_mean,next_std,next_S
3282000.0,-0.013426492882320416,0.02395067151330691,1882.6689736096027,3282000.0,-0.013426492095063771,0.02395067199709871,1882.6690496675803
3282000.0,-0.022248453446809147,0.037709072063394446,4666.919048325627,3282000.0,-0.022248452704918407,0.03770907252506523,4666.919162599466
3282000.0,-0.005584784220791353,0.00938172738961474,288.8711665244215,3282000.0,-0.005584783420781346,0.009381727977794772,288.87120274552456
3282000.0,-0.0006554779634931895,0.05551301489354237,10114.122407676898,3282000.0,-0.0006554789107752039,0.05551301490888019,10114.122413265804
3282000.0,-0.0010445113118408486,0.0681439714902642,15240.29799122922,3282000.0,-0.0010445122242581206,0.06814397149632576,15240.29799394053
3282000.0,-0.0007373129059313124,0.04720451868470911,7313.170929525079,3282000.0,-0.0007373138880743164,0.04720451870290074,7313.170935161762
