cur_n,cur_mean,cur_std,cur_S,next_n,next_mean,next_std,next_S
4311000.0,-0.30776178578171964,1.343002472065733,7775559.4639308015,4311000.0,-0.3077618297055645,1.343002465096697,7775559.3832337735
4311000.0,-0.3811639871245663,1.362039808328867,7997562.166566105,4311000.0,-0.3811639367853595,1.3620398264264628,7997562.379095353
4311000.0,-0.15687164128000386,0.9725636505798712,4077688.914644478,4311000.0,-0.15687163966475517,0.9725636508461559,4077688.9168773945
4311000.0,0.09810802942377077,0.8589699547301191,3180782.4706693897,4311000.0,0.09810806976936781,0.8589699542066704,3180782.4667927087
4311000.0,0.09505476451126528,0.7696051478717494,2553371.172531936,4311000.0,0.09505482471993013,0.7696051505884008,2553371.1905583735
4311000.0,0.0936267822071725,0.6576115869142495,1864304.8797403558,4311000.0,0.09362678283000597,0.657611586826842,1864304.8792447615
