cur_n,cur_mean,cur_std,cur_S,next_n,next_mean,next_std,next_S
271000.0,-0.0342083302292613,1.136471191544488,350014.5944560587,271000.0,-0.034205548953345065,1.136472197551599,350015.21412390313
271000.0,-0.11887768573792357,1.1285197162573863,345133.8792450277,271000.0,-0.1188758457683449,1.1285203165686364,345134.2464301155
271000.0,-0.0995290358393878,0.8041638838876919,175250.15863247038,271000.0,-0.09952922397832746,0.8041638665664668,175250.15108289628
271000.0,0.08896227358689932,1.5426324062399017,644902.6947517889,271000.0,0.08894684527798613,1.542654203794339,644920.9199632577
271000.0,0.10762428548442575,1.4102940886827042,538999.8718913859,271000.0,0.10762169263582662,1.410294932476787,539000.5168703902
271000.0,0.09553553607933574,0.7712150625394825,161183.39429838778,271000.0,0.09553552117726369,0.7712150644245115,161183.39508632725
