cur_n,cur_mean,cur_std,cur_S,next_n,next_mean,next_std,next_S
3462000.0,-0.014474132068697333,0.026511951581629365,2433.382942419976,3462000.0,-0.014474133384561367,0.026511950976288418,2433.3828312982946
3462000.0,-0.02440218815703985,0.04287649403986828,6364.519131864278,3462000.0,-0.02440218923319051,0.0428764934741542,6364.5189639168675
3462000.0,-0.005643545410294845,0.010248613924746564,363.6280105043988,3462000.0,-0.00564354661562776,0.010248613506397077,363.62798081773286
3462000.0,-0.0004983072341663237,0.05265669925881357,9599.184255796321,3462000.0,-0.0004983149696584751,0.052656701152674436,9599.18494628851
3462000.0,-0.0007449084337206789,0.06732457569224196,15691.855979790123,3462000.0,-0.0007449169332864458,0.06732457745564614,15691.856801810449
3462000.0,-0.0005645379166724287,0.043232456372552096,6470.634773223995,3462000.0,-0.0005645457216959708,0.04323245870976429,6470.635472848683
