cur_n,cur_mean,cur_std,cur_S,next_n,next_mean,next_std,next_S
1861000.0,-0.3305097968560885,1.3426730649645402,3354956.755408548,1861000.0,-0.33050975272147814,1.3426730771785613,3354956.816447254
1861000.0,-0.3733610867149312,1.3287242033013311,3285610.403704527,1861000.0,-0.3733610731260346,1.3287242072490686,3285610.4232281083
1861000.0,-0.19291000599766572,0.9965217943271844,1848076.6327050412,1861000.0,-0.1929099839904384,0.9965217990396545,1848076.650183848
1861000.0,0.09998491063725742,0.8284445426549704,1277242.1904341883,1861000.0,0.09998490345919037,0.8284445435791561,1277242.1932838878
1861000.0,0.09364367612822906,0.7514249722802487,1050794.0889664192,1861000.0,0.09364363827462094,0.751424978772026,1050794.1071226462
1861000.0,0.0982908475176934,0.6532304783271965,794107.4175947906,1861000.0,0.09829083097011196,0.6532304812071305,794107.4245968426
