cur_n,cur_mean,cur_std,cur_S,next_n,next_mean,next_std,next_S
2022000.0,-0.010090747497962923,0.019674752412781243,782.7078744235758,2022000.0,-0.010090747109415056,0.019674752619816344,782.7078908962615
2022000.0,-0.01674592848194243,0.02910886048379322,1713.2926840205057,2022000.0,-0.016745928151702623,0.029108860677562617,1713.2927068303088
2022000.0,-0.004538057460550892,0.0093165967346079,175.50752687434994,2022000.0,-0.004538057056122362,0.00931659694935135,175.50753496509233
2022000.0,-0.0004572676871444473,0.051236197870922186,5308.049199926484,2022000.0,-0.00045727316437662295,0.0512361984140033,5308.049312452449
2022000.0,-0.0007180805436702165,0.06269532011530961,7947.881798338237,2022000.0,-0.0007180857061462252,0.06269532048594696,7947.881892309585
2022000.0,-0.0005194529868432236,0.043495800709464294,3825.3908216607333,2022000.0,-0.0005194584344538078,0.04349580133419236,3825.3909315485375
