cur_n,cur_mean,cur_std,cur_S,next_n,next_mean,next_std,next_S
3581000.0,-0.311329229179751,1.3482555157602285,6509516.503020588,3581000.0,-0.3113292740428204,1.3482555080736756,6509516.428797648
3581000.0,-0.38630344323060906,1.3649519253737818,6671738.749480689,3581000.0,-0.386303410353558,1.3649519360964462,6671738.854303157
3581000.0,-0.16358384963696815,0.9800180632069848,3439319.1824830635,3581000.0,-0.163583882070687,0.980018059715059,3439319.1579736224
3581000.0,0.09886181285349609,0.8563821324171296,2626270.8674261733,3581000.0,0.09886200544165803,0.8563821877315932,2626271.2066924046
3581000.0,0.09472298166353604,0.7682752673388904,2113674.1002150285,3581000.0,0.09472248346747002,0.768275907202227,2113677.6209924975
3581000.0,0.09290874453805587,0.6559162486057197,1540639.7542874862,3581000.0,0.09290876825885262,0.6559162467817181,1540639.7457189248
