cur_n,cur_mean,cur_std,cur_S,next_n,next_mean,next_std,next_S
782000.0,-0.009515186147857183,0.04413785286482184,1523.453343414029,782000.0,-0.009515169383195063,0.04413785896867102,1523.4537647725451
782000.0,-0.01193006373791069,0.04681423256298113,1713.8095937004102,782000.0,-0.011930052008325396,0.046814236701245654,1713.8098966936398
782000.0,-0.024437575579727172,0.0710886207635163,3951.908945610169,782000.0,-0.024437545449709556,0.07108863611422685,3951.9106523423093
782000.0,-0.0005239399377336463,0.14444891792554262,16316.813093870636,782000.0,-0.0005239418113623307,0.1444489179282468,16316.813094481557
782000.0,-0.0005186123064451599,0.1431983139169874,16035.502058978429,782000.0,-0.0005186137127085365,0.14319831391729293,16035.502059046856
782000.0,-0.0005140092914218751,0.14890041452414032,17337.98275435036,782000.0,-0.0005140094280876859,0.14890041452371594,17337.982754251527
