cur_n,cur_mean,cur_std,cur_S,next_n,next_mean,next_std,next_S
3261000.0,-0.31859814358331223,1.355323321090972,5990135.154604076,3261000.0,-0.3185980215434365,1.3553233676967555,5990135.566572116
3261000.0,-0.3883737142395779,1.3667841833530874,6091870.851601045,3261000.0,-0.3883737651801459,1.3667841719739022,6091870.750165095
3261000.0,-0.16799626994108202,0.9875640247750034,3180396.8945801896,3261000.0,-0.1679964749509118,0.9875640592916508,3180397.116898211
3261000.0,0.10110337935177399,0.8549441682685892,2383561.200122948,3261000.0,0.1011030797111761,0.8549443749349445,2383562.3524834965
3261000.0,0.09436137519721703,0.7691862600168929,1929362.505974606,3261000.0,0.09436149418221099,0.7691862754307133,1929362.5833000834
3261000.0,0.09409583778737783,0.6565219308097378,1405559.6298129505,3261000.0,0.09409634313683138,0.6565224926224777,1405562.0354040137
