cur_n,cur_mean,cur_std,cur_S,next_n,next_mean,next_std,next_S
5191000.0,-0.30884888190771537,1.341381482363451,9340188.52385231,5191000.0,-0.3088488746342584,1.3413814841405585,9340188.548600705
5191000.0,-0.3900638884261292,1.3635906291368631,9652038.485488476,5191000.0,-0.3900638563019323,1.363590640290546,9652038.643388912
5191000.0,-0.21615895444180125,1.0021656045807115,5213507.651732998,5191000.0,-0.21615895817205769,1.002165603812176,5213507.6437367825
5191000.0,0.09635195506429514,0.8226446736068908,3512979.448540573,5191000.0,0.09635191621841607,0.8226446829177171,3512979.5280615194
5191000.0,0.0867179305429145,0.7298575669176905,2765204.5249205744,5191000.0,0.0867179280964393,0.7298575672296711,2765204.52728457
5191000.0,0.09674776358004121,0.6381463464889995,2113934.872757907,5191000.0,0.09674775767031252,0.6381463475269934,2113934.879634861
