cur_n,cur_mean,cur_std,cur_S,next_n,next_mean,next_std,next_S
2222000.0,-0.0104062301247115,0.018973214258705715,799.8819133796072,2222000.0,-0.01040623663629133,0.01897321317012508,799.8818215937952
2222000.0,-0.017278591462136846,0.0283662470387813,1787.918903706805,2222000.0,-0.017278599499440456,0.028366244673129894,1787.9186054937431
2222000.0,-0.004964104905327405,0.008863105302069144,174.54840029334804,2222000.0,-0.004964111719508063,0.008863107305971552,174.5484792223435
2222000.0,-0.0006262755064092277,0.05502228929269654,6726.999052838417,2222000.0,-0.000626286858241888,0.05502229176548473,6726.999657482258
2222000.0,-0.0010029444145689078,0.06571040736299386,9594.279666771145,2222000.0,-0.0010029765575957873,0.06571042434079524,9594.28462457927
2222000.0,-0.000711194635996877,0.047832593543323455,5083.8404652895115,2222000.0,-0.0007112060278875055,0.04783259638820733,5083.841070020937
