cur_n,cur_mean,cur_std,cur_S,next_n,next_mean,next_std,next_S
841000.0,-0.371040349914101,1.3816761923822107,1605493.4736010707,841000.0,-0.3710403337882684,1.3816761967918525,1605493.4838489876
841000.0,-0.42608586131308773,1.3565164231822398,1547555.0541513984,841000.0,-0.42608580955440056,1.3565164402701992,1547555.093140323
841000.0,-0.23351050308780175,1.0587385934555849,942699.9511980127,841000.0,-0.23351047401262823,1.0587386002040187,942699.9632156123
841000.0,0.09688251347928999,0.792711933381578,528477.8480427953,841000.0,0.0968825768033911,0.792711927769412,528477.8405598617
841000.0,0.09163613627872316,0.7289125159124337,446834.61637304066,841000.0,0.09163615565662821,0.7289125136929472,446834.61365188175
841000.0,0.09138295993090467,0.6187052139967372,321931.55527629534,841000.0,0.09138295810716138,0.6187052142683563,321931.5555589592
