cur_n,cur_mean,cur_std,cur_S,next_n,next_mean,next_std,next_S
151000.0,-0.009146615851917802,0.04065039037046745,249.5205898279803,151000.0,-0.009146671775000474,0.04065038359585799,249.52050666005047
151000.0,-0.008176039049978297,0.03917822629484933,231.77494575717395,151000.0,-0.00817608039894836,0.03917822096059919,231.77488264326763
151000.0,-0.008856789785526644,0.04231061553044967,270.31841617139486,151000.0,-0.008856837808620946,0.04231060959311701,270.318340305316
151000.0,-0.0007772494703966027,0.12000759922052623,2174.675404471842,151000.0,-0.0007773107050295819,0.12000760118294115,2174.675475594263
151000.0,-0.0008854929288367303,0.11776335549176568,2094.0993923986766,151000.0,-0.0008855965377148462,0.11776336159491047,2094.0996094541783
151000.0,-0.0007521909586500996,0.12331342604957436,2296.1363576566605,151000.0,-0.0007522568815662279,0.12331342830822073,2296.1364417701307
