cur_n,cur_mean,cur_std,cur_S,next_n,next_mean,next_std,next_S
5731000.0,-0.30795326910239296,1.3405456865937853,10298966.550590858,5731000.0,-0.30795321636411616,1.3405457046542242,10298966.82809555
5731000.0,-0.3926006001046215,1.3653020867282257,10682869.335168108,5731000.0,-0.3926005582835956,1.3653021024249405,10682869.580807453
5731000.0,-0.22064461037711755,1.0051090217569574,5789709.198532332,5731000.0,-0.22064461835041982,1.005109020187901,5789709.180455925
5731000.0,0.09564928051831975,0.8203124051291438,3856461.2051522066,5731000.0,0.0956496493981799,0.8203128374426146,3856465.269946443
5731000.0,0.08650362394345797,0.7278785653265033,3036325.096793796,5731000.0,0.08650356052914504,0.7278785886941941,3036325.291749138
5731000.0,0.09665836211124335,0.6357748494497321,2316525.5568341054,5731000.0,0.09665837382761479,0.635774848287159,2316525.5483621433
