cur_n,cur_mean,cur_std,cur_S,next_n,next_mean,next_std,next_S
2291000.0,-0.31296580735929413,1.3317293348596608,4063095.4218573035,2291000.0,-0.3129677556691858,1.3317321420790813,4063112.55148282
2291000.0,-0.36601136589259237,1.325994318406097,4028175.7962320666,2291000.0,-0.36601202684727835,1.3259945133596591,4028176.9807126755
2291000.0,-0.1926254763649237,0.9911966860598039,2250840.764214553,2291000.0,-0.19262679455902887,0.9911984380243779,2250848.7210546453
2291000.0,0.09804176013303036,0.8380455776001624,1609016.01379972,2291000.0,0.09804249978860707,0.8380462388701818,1609018.553027893
2291000.0,0.09067087512710084,0.7505792117794787,1290678.729879259,2291000.0,0.09067087362668622,0.7505792119641953,1290678.7305145273
2291000.0,0.09899893263303236,0.6542704073038489,980707.83361629,2291000.0,0.09899972281139166,0.6542713809101762,980710.7523607473
