cur_n,cur_mean,cur_std,cur_S,next_n,next_mean,next_std,next_S
651000.0,-0.3827073019925939,1.380092266524413,1239930.1863424398,651000.0,-0.3827073975210416,1.3800922421861812,1239930.142609555
651000.0,-0.4325907741353044,1.348522388729796,1183851.72402149,651000.0,-0.43259082205436516,1.3485223739121754,1183851.6980050656
651000.0,-0.22656863095956692,1.0370819106409344,700175.8169855017,651000.0,-0.2265685809175837,1.0370819223594543,700175.8328087926
651000.0,0.10568447792862033,0.780416652873492,396491.64900555427,651000.0,0.10568437170623238,0.780416671964225,396491.6684036957
651000.0,0.10055220436792588,0.720609275515245,338049.80090105266,651000.0,0.1005522269028751,0.7206092726001827,338049.7981660442
651000.0,0.09455721257165511,0.6206322749500847,250755.0578820261,651000.0,0.09455724726480816,0.6206322702956093,250755.05412091574
