cur_n,cur_mean,cur_std,cur_S,next_n,next_mean,next_std,next_S
2242000.0,-0.01046078634410909,0.0191026164133811,818.1281165020541,2242000.0,-0.010460780568991098,0.01910262153308831,818.1285550364292
2242000.0,-0.017388388610971285,0.028613157956134287,1835.5541160352727,2242000.0,-0.017388383574867956,0.028613162010245486,1835.5546361834536
2242000.0,-0.00497420738635607,0.008876428521140239,176.6493845382245,2242000.0,-0.004974201355487615,0.008876436494059767,176.64970187575648
2242000.0,-0.0006260793670208757,0.0550873112040865,6803.599780470148,2242000.0,-0.0006260813456281396,0.055087311261263136,6803.599794593436
2242000.0,-0.0010020023117514871,0.06582298354832722,9713.835295901923,2242000.0,-0.0010020039619730733,0.06582298356958573,9713.835302176378
2242000.0,-0.0007110062264400337,0.04785914248645959,5135.295438806979,2242000.0,-0.0007110087610025165,0.04785914259927148,5135.295463016455
