cur_n,cur_mean,cur_std,cur_S,next_n,next_mean,next_std,next_S
3031000.0,-0.29734019801263645,1.323558269032088,5309725.4758068705,3031000.0,-0.29734013227203604,1.323558288749506,5309725.634007807
3031000.0,-0.3619843867769022,1.3283263431040198,5348050.598439601,3031000.0,-0.36198435945612256,1.3283263514008807,5348050.665248534
3031000.0,-0.1930696016235964,0.9886551423312929,2962617.5800785287,3031000.0,-0.1930695910628615,0.988655144564618,2962617.593463354
3031000.0,0.09610366422783251,0.8360001189414437,2118354.378775297,3031000.0,0.096103622823862,0.836000126808769,2118354.4186455864
3031000.0,0.0860679925199067,0.740597425100244,1662456.6591233527,3031000.0,0.08606792971945838,0.7405974404690168,1662456.7281214832
3031000.0,0.09750645029521951,0.6518315615543463,1287824.5698389225,3031000.0,0.09750642629976224,0.6518315664824327,1287824.5893117776
