cur_n,cur_mean,cur_std,cur_S,next_n,next_mean,next_std,next_S
2842000.0,-0.012211326560444656,0.02211407470557512,1389.8297968380384,2842000.0,-0.0122113259913917,0.022114075040611688,1389.8298389509293
2842000.0,-0.020218095029072864,0.034039679233149205,3293.0247244443485,2842000.0,-0.020218094777960664,0.034039679384933304,3293.024753811769
2842000.0,-0.005327626201724424,0.009181947322941513,239.6037811744974,2842000.0,-0.005327625540621185,0.00918194777417135,239.60380472426817
2842000.0,-0.0006278417048364893,0.05529057586785849,8688.129790189938,2842000.0,-0.0006278477844293423,0.05529057674875111,8688.130067029504
2842000.0,-0.0010122135573054415,0.06714197365627426,12811.862828398831,2842000.0,-0.0010122185490864506,0.0671419741083832,12811.863000939415
2842000.0,-0.0007165526166472678,0.047415345498763896,6389.426998076239,2842000.0,-0.0007165587471991615,0.04741534653246631,6389.427276668164
