cur_n,cur_mean,cur_std,cur_S,next_n,next_mean,next_std,next_S
4091000.0,-0.3025136703512392,1.3322375419012042,7260939.447196489,4091000.0,-0.3025136424741218,1.332237549424598,7260939.529204246
4091000.0,-0.37796638096392415,1.3466942726667015,7419378.133360215,4091000.0,-0.37796634391334955,1.3466942851505224,7419378.270915099
4091000.0,-0.20623183786715243,0.9958231873190659,4056896.689265823,4091000.0,-0.206231838964541,0.9958231870942938,4056896.6874344195
4091000.0,0.09670462758013565,0.8263606901748,2793629.3121789084,4091000.0,0.09670456836549252,0.8263607057837696,2793629.417715573
4091000.0,0.08723752013118286,0.7342073969640739,2205296.5126869096,4091000.0,0.08723752882608023,0.7342073961415855,2205296.5077459877
4091000.0,0.09763481619030127,0.6435452102063183,1694289.4401377116,4091000.0,0.0976348168181723,0.6435452101122832,1694289.4396425707
