cur_n,cur_mean,cur_std,cur_S,next_n,next_mean,next_std,next_S
2802000.0,-0.012095980429213282,0.021969656404235254,1352.4295786614748,2802000.0,-0.012095982507999519,0.021969655535274968,1352.4294716768636
2802000.0,-0.020025985565371687,0.03373812965767558,3189.4084226203563,2802000.0,-0.020025987758409993,0.033738128555666956,3189.4082142652665
2802000.0,-0.0053079400911580105,0.009178831512624904,236.07115611991108,2802000.0,-0.005307942263673044,0.009178830976705658,236.0711285532056
2802000.0,-0.0006291211837138458,0.055329101020134865,8577.788993989001,2802000.0,-0.0006291199752309147,0.055329101070854626,8577.789009715389
2802000.0,-0.0010129512134521331,0.06711333322706528,12620.76699016559,2802000.0,-0.0010129500156602926,0.06711333327509268,12620.767008228844
2802000.0,-0.0007179376099110636,0.04748061336948221,6316.853025930192,2802000.0,-0.0007179370108102757,0.04748061338912848,6316.853031157698
