cur_n,cur_mean,cur_std,cur_S,next_n,next_mean,next_std,next_S
1902000.0,0.0002315885086728289,0.014032307436644095,374.51455009733763,1902000.0,0.00023158687215103863,0.014032307645160993,374.5145612277399
1902000.0,-0.007413861384554761,0.020207278631257083,776.651476613755,1902000.0,-0.007413863070814878,0.020207278146404987,776.6514393439078
1902000.0,-0.005979986273695847,0.013847294853517142,364.70388719398085,1902000.0,-0.005979988827686131,0.013847294198545792,364.70385269329404
1902000.0,-0.00018481199843401204,0.11515063796696019,25219.89124482447,1902000.0,-0.00018481288182366763,0.11515063797199002,25219.8912470277
1902000.0,-0.000152898255187029,0.06974138996213933,9251.06452326496,1902000.0,-0.00015289882391061294,0.06974138996530406,9251.064524104553
1902000.0,-0.000730694113550603,0.06012851842998153,6876.564461767964,1902000.0,-0.0007306944156830551,0.060128518427752235,6876.564461258059
