cur_n,cur_mean,cur_std,cur_S,next_n,next_mean,next_std,next_S
2011000.0,-0.13831698592599548,1.2380113849367673,3082203.772547669,2011000.0,-0.13831704215164653,1.2380113812225737,3082203.754053652
2011000.0,-0.1300183874063225,1.197492233990177,2883749.1650887043,2011000.0,-0.13001845686211247,1.1974922304995823,2883749.148276905
2011000.0,-0.1813704575887899,0.9995223549775172,2009079.3705187014,2011000.0,-0.18137047956834465,0.9995223514751198,2009079.356438788
2011000.0,0.10589893075548944,1.1189447442620233,2517847.0921710366,2011000.0,0.1058989521702809,1.118944742647357,2517847.0849044006
2011000.0,0.10504565576755599,1.0177804721861399,2083148.827112082,2011000.0,0.10504565477319146,1.0177804722897725,2083148.8275363036
2011000.0,0.09859749255166501,0.6524162848383807,855976.1345405756,2011000.0,0.09859749075136305,0.6524162851154692,855976.1352676611
