cur_n,cur_mean,cur_std,cur_S,next_n,next_mean,next_std,next_S
1601000.0,-0.35773759139016204,1.378039426346407,3040287.2495647804,1601000.0,-0.35773757007782914,1.3780394321428877,3040287.275141648
1601000.0,-0.41113014707186923,1.386107097209768,3075989.9087813986,1601000.0,-0.4111300792530619,1.3861071199816404,3075990.00985014
1601000.0,-0.1922769929964481,1.015814460715508,1652038.30877658,1601000.0,-0.19227698277155858,1.0158144627333046,1652038.3153397418
1601000.0,0.10218629036472844,0.8279634419148013,1097523.0612969946,1601000.0,0.10218620111972512,0.8279634606297679,1097523.110912972
1601000.0,0.0916776107275441,0.7602372587711148,925315.0640877341,1601000.0,0.09167750388718582,0.7602372836744679,925315.1247094622
1601000.0,0.0916311812814674,0.6468370531719596,669855.4755432514,1601000.0,0.09163117789556254,0.6468370536657743,669855.4765660267
