cur_n,cur_mean,cur_std,cur_S,next_n,next_mean,next_std,next_S
3921000.0,-0.30234292772616844,1.3331063984236564,6968294.0371804405,3921000.0,-0.30234294354070435,1.333106395204863,6968294.003530464
3921000.0,-0.3752314360420197,1.343591345465973,7078337.0358589785,3921000.0,-0.3752314477276509,1.3435913424017942,7078337.003573435
3921000.0,-0.20472223643692603,0.9936875114969165,3871653.707249848,3921000.0,-0.20472223558381533,0.9936875116741272,3871653.7086307616
3921000.0,0.09715326066436844,0.8292602201292538,2696363.922252857,3921000.0,0.09715328556137812,0.8292602186778776,2696363.912814473
3921000.0,0.08677625060876104,0.7354367583200428,2120740.391139597,3921000.0,0.08677623679851822,0.7354367604579674,2120740.4034696384
3921000.0,0.09825610908178162,0.6437815546217821,1625076.8397693266,3921000.0,0.09825610907043786,0.6437815546234836,1625076.8397779167
