cur_n,cur_mean,cur_std,cur_S,next_n,next_mean,next_std,next_S
442000.0,-0.007721784643597896,0.016462146774904755,119.78300618582011,442000.0,-0.007721751173453154,0.01646217751352004,119.78345351109704
442000.0,-0.012831117242954142,0.022334430663256376,220.48144252889853,442000.0,-0.012831097057940763,0.022334446291101533,220.48175107950377
442000.0,-0.004042519917811259,0.009128387475308704,36.830736391522784,442000.0,-0.004042490742989849,0.009128421002305726,36.83100693793864
442000.0,-0.00045347743983664647,0.053359805841056894,1258.4928446927179,442000.0,-0.00045345790253861,0.05335980758800056,1258.4929270961716
442000.0,-0.0007052369175095269,0.0626789161320467,1736.4617651497595,442000.0,-0.0007051852472872744,0.06267892612690407,1736.4623189464783
442000.0,-0.0005169653854938831,0.04593339427447193,932.5655056317479,442000.0,-0.0005169187594078818,0.04593340525896648,932.5659516585265
