cur_n,cur_mean,cur_std,cur_S,next_n,next_mean,next_std,next_S
2681000.0,-0.32883125441776073,1.3641567634867118,4989136.373657695,2681000.0,-0.3288310226242824,1.364156872157178,4989137.168539649
2681000.0,-0.3932065547778521,1.370616387012093,5036497.86060785,2681000.0,-0.39320654613092526,1.370616389565896,5036497.879376375
2681000.0,-0.17577872544392478,1.0000078894968798,2681042.303649146,2681000.0,-0.1757787694047423,1.000007884360101,2681042.2761055212
2681000.0,0.10182899168993842,0.8483048322464201,1929304.138034253,2681000.0,0.10182834553456102,0.8483055695734459,1929307.4918491696
2681000.0,0.09425598349573444,0.7683799440936484,1582883.1468792458,2681000.0,0.09425602238984279,0.7683799419616859,1582883.1380954466
2681000.0,0.0928629149988123,0.6528890728021213,1142814.1630516127,2681000.0,0.0928630193392883,0.6528890803142282,1142814.189349931
