cur_n,cur_mean,cur_std,cur_S,next_n,next_mean,next_std,next_S
342000.0,-0.006772171248081198,0.01523472637594823,79.37713561050434,342000.0,-0.006772150902939358,0.015234740065831304,79.37727826671839
342000.0,-0.012526430106190676,0.02115247360346278,153.0200817244549,342000.0,-0.012526413812219046,0.021152485398985982,153.0202523855758
342000.0,-0.0041538888439763885,0.009593309752778946,31.474804468365164,342000.0,-0.004153868666135709,0.009593325747051734,31.474909420053635
342000.0,-0.0006553891816430379,0.0597148866030676,1219.52674724989,342000.0,-0.0006555342606243484,0.05971494528353192,1219.529144053602
342000.0,-0.0010857176475262242,0.06912237906051798,1634.0429241491893,342000.0,-0.0010858212368250087,0.06912240397983796,1634.0441023275562
342000.0,-0.0007595413849160689,0.05358221380255092,981.9003435059391,342000.0,-0.0007596852904384157,0.053582277851604805,981.90269092017
