cur_n,cur_mean,cur_std,cur_S,next_n,next_mean,next_std,next_S
981000.0,-0.01879915010964656,1.1542294743738621,1306933.011602608,981000.0,-0.018799132052613052,1.1542294748065545,1306933.0125824823
981000.0,-0.08082988076161565,1.1097726732775888,1208195.074012966,981000.0,-0.08082986416061257,1.109772674608455,1208195.0769107593
981000.0,-0.12347751383166367,0.8430916478701304,697298.2597009129,981000.0,-0.12347751557116024,0.8430916476171447,697298.2592824376
981000.0,0.10017656252997867,1.3676778690427058,1835002.441153282,981000.0,0.10017656192751086,1.3676778690869655,1835002.4412720478
981000.0,0.10543842823787611,1.2074913105446616,1430332.595005088,981000.0,0.10543841560655912,1.2074913117124917,1430332.5977717917
981000.0,0.09900114406139571,0.7176734322373434,505269.1073878814,981000.0,0.09900114324717528,0.7176734323501,505269.1075466511
