cur_n,cur_mean,cur_std,cur_S,next_n,next_mean,next_std,next_S
5631000.0,-0.3100057554037688,1.3418979849035089,10139686.526831876,5631000.0,-0.3100055379607216,1.3418981343408054,10139688.78519644
5631000.0,-0.3916928419852513,1.3630965981179346,10462580.082893664,5631000.0,-0.39169285349618826,1.3630965950839409,10462580.036318239
5631000.0,-0.219271360026644,1.0044181870561126,5680867.541868054,5631000.0,-0.21927135433568495,1.0044181883893062,5680867.556948817
5631000.0,0.09655775872803664,0.8213833892704676,3799070.5549861197,5631000.0,0.09655747410777119,0.8213837004068164,3799073.4331284845
5631000.0,0.08654788831466165,0.7279332468594498,2983792.637715092,5631000.0,0.08654784485989651,0.7279332593296871,2983792.7399459016
5631000.0,0.09600456791649652,0.6362608336255176,2279585.614373277,5631000.0,0.09600455964535179,0.6362608351762543,2279585.625485189
