cur_n,cur_mean,cur_std,cur_S,next_n,next_mean,next_std,next_S
3742000.0,-0.01488262258105705,0.027086757556387682,2745.4770914651212,3742000.0,-0.014882622760786468,0.02708675745986766,2745.4770718988443
3742000.0,-0.025160109863558926,0.044253514037018576,7328.233654305254,3742000.0,-0.0251601100572288,0.044253513928492506,7328.2336183621455
3742000.0,-0.005733805918054862,0.010303082260259255,397.2264121987653,3742000.0,-0.00573380609904445,0.010303082165485256,397.2264048909064
3742000.0,-0.000505887332586606,0.05260278069789298,10354.310594017628,3742000.0,-0.000505888444685774,0.05260278073118535,10354.310607124144
3742000.0,-0.0007468320928128983,0.06767525764602177,17138.137341478207,3742000.0,-0.0007468332147825683,0.06767525766843965,17138.13735283246
3742000.0,-0.0005740263472977272,0.04304624587263484,6933.848479707677,3742000.0,-0.0005740274615031381,0.04304624591173514,6933.848492304155
