cur_n,cur_mean,cur_std,cur_S,next_n,next_mean,next_std,next_S
1101000.0,-0.037940015084196775,1.1503349398137597,1456920.7916057152,1101000.0,-0.03794002152051996,1.150334939621329,1456920.7911182807
1101000.0,-0.08921173254312474,1.1172738838432232,1374379.3256014506,1101000.0,-0.0892117504466811,1.1172738825715487,1374379.3224728294
1101000.0,-0.12928904327202506,0.8553275049179141,805475.2398766839,1101000.0,-0.1292890464027105,0.855327504451007,805475.2389972965
1101000.0,0.10258320308849017,1.3236877270491705,1929116.2678134,1101000.0,0.10258322148140273,1.323687725764467,1929116.264068797
1101000.0,0.10654636404616019,1.1762141784606672,1523211.2527667047,1101000.0,0.10654638226618993,1.176214176965654,1523211.2488945848
1101000.0,0.10021127795731756,0.7089909187921921,553437.6033457061,1101000.0,0.10021128087776175,0.7089909183860037,553437.6027115657
