cur_n,cur_mean,cur_std,cur_S,next_n,next_mean,next_std,next_S
3782000.0,-0.004315042636122385,0.030461783166206274,3509.3943237209082,3782000.0,-0.0043150414741696405,0.030461783414615785,3509.394380957672
3782000.0,-0.014128736969436423,0.04968254984134318,9335.321479545411,3782000.0,-0.014128739342181262,0.049682549380867774,9335.321306499305
3782000.0,-0.020848930649607116,0.07140867139107522,19285.16815908945,3782000.0,-0.020848930456404607,0.07140867144846011,19285.16819008505
3782000.0,-0.0002934287394980381,0.16282753825336474,100271.43688202793,3782000.0,-0.00029342571115113764,0.1628275383653283,100271.43701992532
3782000.0,-0.0004689528421119271,0.13118882841321813,65090.143905036806,3782000.0,-0.0004689479617963077,0.13118882877397056,65090.14426301586
3782000.0,-0.0005420629224440936,0.13066968261402095,64576.008439726,3782000.0,-0.0005420597043155681,0.13066968277724228,64576.0086010516
