cur_n,cur_mean,cur_std,cur_S,next_n,next_mean,next_std,next_S
541000.0,-0.365379879236936,1.3613477553183437,1002617.8316024684,541000.0,-0.36537970683138227,1.3613478074973397,1002617.9084609975
541000.0,-0.4354840441231457,1.3284392651748251,954730.2267607021,541000.0,-0.4354838985042717,1.3284393172288311,954730.3015816371
541000.0,-0.23285296818279433,1.0391608747197685,584201.7300396598,541000.0,-0.23285286397273816,1.0391609008977796,584201.7594734844
541000.0,0.10275118856577804,0.7766667060432918,326337.24420139013,541000.0,0.1027513329110745,0.7766666942034127,326337.2342517079
541000.0,0.10460096445854603,0.7147743388167648,276398.17428814026,541000.0,0.10460075395852496,0.7147743863904131,276398.2110809273
541000.0,0.09581281613059281,0.6194940550025273,207621.13034325957,541000.0,0.0958128066228831,0.6194940565124791,207621.1313553691
