cur_n,cur_mean,cur_std,cur_S,next_n,next_mean,next_std,next_S
421000.0,-0.3419869189433783,1.318290734304083,731651.8837239913,421000.0,-0.3419867387278026,1.3182907862409632,731651.9413739708
421000.0,-0.39131578860694166,1.2793019879564302,689014.3156598846,421000.0,-0.39131554434290056,1.2793020724898883,689014.4067169847
421000.0,-0.19048416769551518,0.9886270420516314,411478.4233040942,421000.0,-0.19048420794100857,0.98862703464218,411478.41713628924
421000.0,0.10807355176479067,0.7835886598048257,258498.71005315834,421000.0,0.10807359415702376,0.7835886544407943,258498.70651406885
421000.0,0.09741600222189924,0.72137925985329,219083.36338606826,421000.0,0.09741593450627728,0.7213792703357313,219083.3697531172
421000.0,0.0766557596105637,0.6081020591363473,155680.7961311894,421000.0,0.07665573982710705,0.6081020617656674,155680.797477459
