cur_n,cur_mean,cur_std,cur_S,next_n,next_mean,next_std,next_S
42000.0,-0.0060406470579722005,0.019647101746637932,16.21236149579522,42000.0,-0.0060406863438737845,0.019647091317513403,16.212344284025843
42000.0,-0.009374551266884001,0.019293797106937145,15.63452548575356,42000.0,-0.009374592487474511,0.019293778927847168,15.634496023298857
42000.0,-0.0036596013598153647,0.010224143380228402,4.390390530097667,42000.0,-0.003659643473458879,0.010224131948917574,4.390380712572837
42000.0,-0.00047590799880932054,0.05995190210117136,150.95768375303425,42000.0,-0.00047582913514755145,0.05995190490571531,150.95769787660512
42000.0,-0.000701124195353599,0.061627046783156315,159.51150159896014,42000.0,-0.0007010422625019447,0.06162705000275885,159.51151826578666
42000.0,-0.0005450228478728854,0.047056472855418516,93.00108877889507,42000.0,-0.000544944228404614,0.04705647652436633,93.00110328130606
