cur_n,cur_mean,cur_std,cur_S,next_n,next_mean,next_std,next_S
3221000.0,-0.2983359810255968,1.3250559095135401,5655345.359107689,3221000.0,-0.29833597876109275,1.3250559100296933,5655345.363513577
3221000.0,-0.3602041091282697,1.3270095463212017,5672033.916344904,3221000.0,-0.3602041286701094,1.3270095414802574,5672033.87496163
3221000.0,-0.195012342402091,0.9893306319536922,3152634.5949158138,3221000.0,-0.19501232739122462,0.9893306352793553,3152634.616111156
3221000.0,0.09728990371114245,0.834902027240454,2245234.753585598,3221000.0,0.09728988637830914,0.8349020298397539,2245234.767565774
3221000.0,0.08449245117339123,0.7378777912825819,1753717.367910026,3221000.0,0.08449245684191736,0.7378777907036036,1753717.3651579057
3221000.0,0.09759357611893014,0.6507832325405497,1364154.1055498414,3221000.0,0.09759358623209631,0.6507832312770268,1364154.1002527166
