cur_n,cur_mean,cur_std,cur_S,next_n,next_mean,next_std,next_S
1451000.0,-0.04510779433697392,0.13282779469510986,25600.31663621464,1451000.0,-0.04510786061833101,0.1328277961817903,25600.317209279783
1451000.0,-0.049769375489099654,0.13762034851509677,27481.011832179633,1451000.0,-0.04976983591346078,0.13762129956329422,27481.391657653938
1451000.0,-0.059675044317887505,0.19567710853092915,55558.10919518932,1451000.0,-0.05967606269240263,0.19568064306832797,55560.11631794147
1451000.0,0.033180492608843135,0.15712243397554293,35821.50338393673,1451000.0,0.03318051538007685,0.1571224315610705,35821.502283011425
1451000.0,0.03274443025837074,0.12063747091830225,21116.982514257685,1451000.0,0.032744809752051456,0.12063823400248773,21117.249663199767
1451000.0,0.052277195532782254,0.3343202507233943,162178.31359348592,1451000.0,0.052277538888731996,0.3343204528704092,162178.50971604694
