cur_n,cur_mean,cur_std,cur_S,next_n,next_mean,next_std,next_S
222000.0,-0.022548954684061533,0.07108603267698717,1121.8157372693186,222000.0,-0.022548874974936826,0.07108606788217514,1121.8168484227251
222000.0,-0.023182861592616316,0.06925973414767596,1064.9141918738985,222000.0,-0.023182797219349405,0.069259762336191,1064.9150587081767
222000.0,-0.02503370149196897,0.07009935078769297,1090.8900137500389,222000.0,-0.025033629164117964,0.07009938490080385,1090.8910754905721
222000.0,-0.0012208354198489171,0.15413233941627702,5274.004727973442,222000.0,-0.0012207978144534064,0.15413234073255905,5274.004818052886
222000.0,-0.0012380449449285703,0.1520788297576875,5134.409442223829,222000.0,-0.0012380299755071831,0.15207883004310663,5134.409461496185
222000.0,-0.0010672492196372467,0.15007419527503085,4999.942627413477,222000.0,-0.0010671555568003306,0.15007420242969105,4999.943104149552
