cur_n,cur_mean,cur_std,cur_S,next_n,next_mean,next_std,next_S
1231000.0,-0.3440003814059339,1.361668603430496,2282448.0456346474,1231000.0,-0.344000276937244,1.361668634755805,2282448.150650495
1231000.0,-0.38992169533831433,1.3398806271478179,2209989.7969524222,1231000.0,-0.3899226801327637,1.339880786065769,2209990.321188783
1231000.0,-0.20674682279177894,1.0245793664268852,1292258.1029506002,1231000.0,-0.20674666571960398,1.024579412943128,1292258.220288495
1231000.0,0.09492846054000392,0.8103098514269055,808277.1300982966,1231000.0,0.09492830276617421,0.8103098888182628,808277.2046934151
1231000.0,0.09495018503974578,0.75321112950665,698379.5439092133,1231000.0,0.09495159974760672,0.7532125866437163,698382.2460352554
1231000.0,0.09128255239117035,0.6341261449344526,495004.75622568885,1231000.0,0.09128233100981248,0.6341262243724272,495004.88024573756
