cur_n,cur_mean,cur_std,cur_S,next_n,next_mean,next_std,next_S
1731000.0,-0.3607266894592384,1.3817478657343902,3304872.22168293,1731000.0,-0.36072667684080023,1.3817478691283263,3304872.2379182004
1731000.0,-0.4109306767671977,1.385756970299451,3324078.041049712,1731000.0,-0.4109307341612374,1.385756955337327,3324077.9692690624
1731000.0,-0.18595379786116836,1.0129764362151932,1776215.9016264412,1731000.0,-0.18595379536976045,1.0129764366778589,1776215.9032489744
1731000.0,0.104317590230922,0.8305801388244921,1194153.4882938126,1731000.0,0.10431754600841418,0.8305801464164867,1194153.5101243535
1731000.0,0.09227172426687819,0.7600170049995092,999870.3426948618,1731000.0,0.09227169074976238,0.7600170103480517,999870.356767834
1731000.0,0.08951966125602517,0.6477566549281029,726308.0120103101,1731000.0,0.08951965902094752,0.6477566552436448,726308.0127179234
