cur_n,cur_mean,cur_std,cur_S,next_n,next_mean,next_std,next_S
3742000.0,-0.004356023376648813,0.030541320622935852,3490.433817100482,3742000.0,-0.004356024168805937,0.030541320548395468,3490.4338000626935
3742000.0,-0.014189018159209634,0.04988011588435804,9310.193144703608,3742000.0,-0.01418902094651138,0.04988011538289449,9310.192957505866
3742000.0,-0.021064394438179944,0.07174278276666624,19260.17458161114,3742000.0,-0.021064397503713615,0.07174278211166345,19260.174229925087
3742000.0,-0.00029685497551697545,0.1626965691918363,99051.38971146307,3742000.0,-0.0002968550441269808,0.16269656919176614,99051.38971137765
3742000.0,-0.0004734622939982974,0.13156411082473227,64770.7092920773,3742000.0,-0.00047346157916223244,0.13156411083456476,64770.70930175864
3742000.0,-0.0005388725711414006,0.13111465002978265,64328.91453500197,3742000.0,-0.0005388720918062152,0.13111465003502934,64328.91454015036
