cur_n,cur_mean,cur_std,cur_S,next_n,next_mean,next_std,next_S
1301000.0,-0.005398018373860108,0.02155331216603999,604.3733901901244,1301000.0,-0.005398013883715064,0.021553313899084835,604.3734873822611
1301000.0,-0.0040873735713662,0.02107698772232589,577.9554742926463,1301000.0,-0.00408737169863568,0.02107698819373732,577.9555001459439
1301000.0,-0.005614843772952727,0.02194600525154323,626.5969175974926,1301000.0,-0.005614840267305524,0.02194600651272995,626.5969896156777
1301000.0,-0.0011783791203648236,0.07619880116782647,7553.940746537553,1301000.0,-0.0011783713589129195,0.07619880180211758,7553.940872297993
1301000.0,-0.0012278572292903007,0.07603526795178871,7521.5519262229,1301000.0,-0.0012278492608494493,0.07603526862369318,7521.552059155012
1301000.0,-0.0012633339449541114,0.07603003742164785,7520.5171340286615,1301000.0,-0.0012633219106051017,0.0760300388607176,7520.517418720059
