cur_n,cur_mean,cur_std,cur_S,next_n,next_mean,next_std,next_S
1901000.0,-0.06109122867322283,0.15786543493988048,47375.76303818827,1901000.0,-0.06109136007348027,0.15786548804806563,47375.794913959166
1901000.0,-0.06700571464334892,0.1626593426325975,50296.77537851628,1901000.0,-0.06700594913493717,0.16265956734857737,50296.91434990015
1901000.0,-0.081258253027217,0.2261561175720921,97229.666668551,1901000.0,-0.08125833033631755,0.22615611491395216,97229.66438296117
1901000.0,0.031578916442273015,0.1532870088187578,44667.62034501626,1901000.0,0.03157898883304062,0.15328702640014213,44667.630591398556
1901000.0,0.031263585293820194,0.1200480898681854,27396.344917780843,1901000.0,0.03126368084526331,0.12004813727297149,27396.3665544121
1901000.0,0.050492285621815486,0.3115462903488815,184513.13404831433,1901000.0,0.05049231499755004,0.3115462882207158,184513.13152750419
