cur_n,cur_mean,cur_std,cur_S,next_n,next_mean,next_std,next_S
3981000.0,-0.3022710857099191,1.3326989387623953,7070600.20274747,3981000.0,-0.30227111333761664,1.3326989336362438,7070600.148354136
3981000.0,-0.37574887873969864,1.344074117960003,7191816.768823013,3981000.0,-0.3757488868807897,1.3440741157822924,7191816.745518202
3981000.0,-0.20573452423129157,0.9943314524097141,3935994.9432970732,3981000.0,-0.2057345282697401,0.9943314516067912,3935994.9369404386
3981000.0,0.09678715726127274,0.8276512444485513,2727011.204682635,3981000.0,0.09678714854845394,0.827651245650053,2727011.2126002414
3981000.0,0.08681919223115268,0.734749462347276,2149169.811002472,3981000.0,0.08681916504892966,0.7347494675608346,2149169.841502182
3981000.0,0.09840406303296848,0.6438019720860891,1650048.7784417733,3981000.0,0.09840405998502703,0.6438019725806517,1650048.780976877
