cur_n,cur_mean,cur_std,cur_S,next_n,next_mean,next_std,next_S
1561000.0,-0.3324581568743579,1.3479132482528133,2836134.2648369186,1561000.0,-0.33245823387901086,1.347913232693467,2836134.1993603087
1561000.0,-0.37612688124348925,1.32803839285978,2753113.8037118665,1561000.0,-0.3761268294759831,1.3280384090963926,2753113.8710310683
1561000.0,-0.20350909791960503,1.0072519193568228,1583722.5857439337,1561000.0,-0.20350908350426125,1.0072519224304015,1583722.5954092334
1561000.0,0.09638902900748081,0.8167045032110374,1041196.7493272575,1561000.0,0.09638899323323238,0.8167045086562381,1041196.763211166
1561000.0,0.09301152689739986,0.7508326421941192,880013.2139279395,1561000.0,0.09301141146822632,0.7508326703435896,880013.2799131006
1561000.0,0.10038772893587039,0.6465534810162155,652547.021353944,1561000.0,0.10038772288478985,0.6465534819999219,652547.0233395946
