cur_n,cur_mean,cur_std,cur_S,next_n,next_mean,next_std,next_S
1161000.0,-0.04463194332270227,1.1535854116044924,1545011.5494672458,1161000.0,-0.044631866534745386,1.1535854175425688,1545011.5653731278
1161000.0,-0.09341388105150379,1.120660910161216,1458077.6965290667,1161000.0,-0.09341372590595586,1.120660935561768,1458077.7626257397
1161000.0,-0.12949824368496085,0.8592046392465513,857088.0626513466,1161000.0,-0.12949819945493,0.8592046472345749,857088.0785880383
1161000.0,0.10230196504243907,1.307945914059753,1986148.8388766046,1161000.0,0.10230200700439371,1.307945911559176,1986148.8312822266
1161000.0,0.1072650855968269,1.1640725520762134,1573230.3564432824,1161000.0,0.10726543388969968,1.1640725804761547,1573230.433207656
1161000.0,0.0997078818193946,0.7046838859860964,576528.6592145887,1161000.0,0.09970791257636034,0.7046838824134555,576528.6533687621
