cur_n,cur_mean,cur_std,cur_S,next_n,next_mean,next_std,next_S
991000.0,-0.3619183474100081,1.3685494891511811,1856071.3549176552,991000.0,-0.3619187942341748,1.3685494432730565,1856071.2304748462
991000.0,-0.41079595958018345,1.3504988925412074,1807432.6334262325,991000.0,-0.41079591299480694,1.3504989075078162,1807432.6734871871
991000.0,-0.22609081346193663,1.0536559697851413,1100199.1845398918,991000.0,-0.2260908218800996,1.0536559680121265,1100199.1808372228
991000.0,0.09845289201376443,0.8011456655344714,636057.8680080292,991000.0,0.0984534617722996,0.8011457962934925,636058.0756364656
991000.0,0.09496918283636138,0.7445214989107297,549323.4519792172,991000.0,0.09496914701828936,0.7445215043334221,549323.4599811678
991000.0,0.09361527008470547,0.6317781608143174,395551.3516815842,991000.0,0.09361518888129924,0.6317781780184529,395551.3732243331
