cur_n,cur_mean,cur_std,cur_S,next_n,next_mean,next_std,next_S
82000.0,0.000870048160084505,0.016098548385763963,21.25138733056025,82000.0,0.000870003264546828,0.016098555945465793,21.251407289401946
82000.0,-0.008255253113699028,0.024572760807929653,49.51328704534533,82000.0,-0.008255262254342373,0.024572757876522508,49.51327523197232
82000.0,-0.006444093477213387,0.023637258455710738,45.81503895876964,82000.0,-0.006444197381203189,0.023637248854983667,45.815001741458985
82000.0,-0.00012592473409800018,0.13128432965913273,1413.3171675519225,82000.0,-0.0001258054767771813,0.13128433421508456,1413.317265644438
82000.0,-0.00011752913244775856,0.08299013139113433,564.7636764820546,82000.0,-0.00011742053567125719,0.08299013737113431,564.7637578721389
82000.0,-0.0009604007006923758,0.07345354169240222,442.4246685469125,82000.0,-0.0009603430354665027,0.0734535443024395,442.4246999884163
