cur_n,cur_mean,cur_std,cur_S,next_n,next_mean,next_std,next_S
121000.0,-0.2924268266835874,1.2467239389447726,188072.79017249425,121000.0,-0.29242835611019463,1.2467236937194854,188072.71618626846
121000.0,-0.34700714966019064,1.1840342112463076,169634.37862160156,121000.0,-0.3470058245292247,1.1840346893281348,169634.51560941708
121000.0,-0.19259431769141477,0.9663834282005201,113001.52856637137,121000.0,-0.1925943236604034,0.9663834270131736,113001.52828869283
121000.0,0.10979320551834242,0.8144661041568783,80265.95921327843,121000.0,0.10979172981404697,0.8144664648498381,80266.0303061641
121000.0,0.0984049529816469,0.7161965436020648,62065.43617717284,121000.0,0.09840497602103598,0.7161965404813098,62065.43563628496
121000.0,0.09999512463285425,0.6403834497969776,49621.006495639245,121000.0,0.09999530589310349,0.6403834245973707,49621.002590385826
