cur_n,cur_mean,cur_std,cur_S,next_n,next_mean,next_std,next_S
1341000.0,-0.3430570171190075,1.3608433152911839,2483390.563084191,1341000.0,-0.34305708401047913,1.3608433006330407,2483390.5095851677
1341000.0,-0.3848067247307332,1.335203555068715,2390692.6033807686,1341000.0,-0.38480673221315226,1.3352035529404367,2390692.595759371
1341000.0,-0.2030351291606642,1.016331441664491,1385158.5926825183,1341000.0,-0.20303513157683453,1.0163314411856619,1385158.5913773256
1341000.0,0.09651281939975527,0.8131080236116389,886594.9864606399,1341000.0,0.09651280269975981,0.8131080258238234,886594.9912848738
1341000.0,0.09488688838244207,0.755440715524595,765296.1947355706,1341000.0,0.09488689780986384,0.7554407144193537,765296.1924962499
1341000.0,0.09233109150166252,0.6352531124181143,541155.8790782847,1341000.0,0.09233107492878252,0.635253115116801,541155.8836761692
