cur_n,cur_mean,cur_std,cur_S,next_n,next_mean,next_std,next_S
1722000.0,-0.009426705884080464,0.01868153274409347,600.9774242813921,1722000.0,-0.009426700178108658,0.018681537123874638,600.9777060730362
1722000.0,-0.01569272034530793,0.027401938636239524,1292.991667043735,1722000.0,-0.015692714812157997,0.02740194276698121,1292.9920568712616
1722000.0,-0.004374018423013425,0.00918990399639085,145.43036566708025,1722000.0,-0.004374019968511037,0.00918990348458077,145.43034946827666
1722000.0,-0.0004542466803991385,0.05110512398791242,4497.405427645871,1722000.0,-0.00045423455571622594,0.05110512657241418,4497.40588253382
1722000.0,-0.0007103605272089674,0.06218609131137728,6659.163338354731,1722000.0,-0.0007103505956221948,0.06218609279050026,6659.163655136876
1722000.0,-0.0005152202769926536,0.043617824666249194,3276.1301904761604,1722000.0,-0.0005152050143179475,0.04361782944486237,3276.130908318459
