cur_n,cur_mean,cur_std,cur_S,next_n,next_mean,next_std,next_S
4361000.0,-0.3084849098881926,1.345038556733378,7889610.343992521,4361000.0,-0.3084849557958455,1.3450385496210524,7889610.260554797
4361000.0,-0.38051799246534623,1.3618183947006037,8087689.672372036,4361000.0,-0.38051796752386247,1.3618184026658051,8087689.766980948
4361000.0,-0.15555292162244688,0.9718950600645418,4119313.4139192444,4361000.0,-0.15555289791232974,0.9718950651206006,4119313.4567787913
4361000.0,0.09837351538801672,0.859447494201865,3221252.6294591,4361000.0,0.09837349678092602,0.8594474972099998,3221252.652008383
4361000.0,0.09467137035404787,0.7697571874083659,2584006.442318981,4361000.0,0.09467130202017197,0.7697572090400545,2584006.5875502946
4361000.0,0.09306369985743534,0.6575052151344152,1885317.4636781665,4361000.0,0.09306365262223291,0.6575052292193716,1885317.544452019
