cur_n,cur_mean,cur_std,cur_S,next_n,next_mean,next_std,next_S
2382000.0,-0.006325804511994157,0.03478692310796537,2882.529706019038,2382000.0,-0.006325805380108642,0.03478692297590612,2882.5296841335307
2382000.0,-0.015819594997277767,0.0588221477388283,8241.827343897552,2382000.0,-0.015819602235329053,0.05882214685298183,8241.827095657936
2382000.0,-0.03104417136711814,0.08761771540611894,18286.29017421659,2382000.0,-0.031044178743211297,0.08761771353221841,18286.28939203028
2382000.0,-0.0003781346827853013,0.16453523453107663,64485.130984031806,2382000.0,-0.0003781294877205534,0.16453523473837678,64485.13114652318
2382000.0,-0.0005101727153305275,0.15127490229118665,54509.916822561616,2382000.0,-0.0005101630057431764,0.15127490306617747,54509.917381077066
2382000.0,-0.0004545924502399,0.15391674491656854,56430.44791912604,2382000.0,-0.00045458356407880314,0.15391674555383722,56430.44838640929
