cur_n,cur_mean,cur_std,cur_S,next_n,next_mean,next_std,next_S
3241000.0,-0.2991144759957506,1.3253807977267393,5693251.633363152,3241000.0,-0.2991144934252171,1.3253807941647207,5693251.602761428
3241000.0,-0.360345222427123,1.3272816374522092,5709593.682726846,3241000.0,-0.3603452374152508,1.3272816336573596,5709593.650078088
3241000.0,-0.19485815963069864,0.9890467371962974,3170389.786130358,3241000.0,-0.1948581570343644,0.9890467377188535,3170389.789480466
3241000.0,0.09762103279901169,0.8349491008972275,2259430.7435297365,3241000.0,0.09762101796202766,0.8349491030592143,2259430.7552307113
3241000.0,0.08452476467165584,0.7377650118322366,1764067.2663082615,3241000.0,0.08452478427057779,0.737765010430506,1764067.2596049155
3241000.0,0.09746350247666238,0.6508831605822442,1373046.0483724112,3241000.0,0.09746349612668986,0.6508831616334538,1373046.052807491
