cur_n,cur_mean,cur_std,cur_S,next_n,next_mean,next_std,next_S
1801000.0,-0.10873035692054592,1.200819090658753,2596981.6457714173,1801000.0,-0.1087303526621825,1.2008190910579633,2596981.6474981406
1801000.0,-0.11879327414912011,1.1714928512167366,2471684.296313906,1801000.0,-0.1187932840313982,1.171492850289651,2471684.2924018675
1801000.0,-0.16041449368977714,0.9620511651218081,1666901.9422063236,1801000.0,-0.16041447729647956,0.9620511681067672,1666901.9525501267
1801000.0,0.1053769399334421,1.1551195541417674,2403076.4330335762,1801000.0,0.10537690433725404,1.1551195583768157,2403076.4506545146
1801000.0,0.10803641633253672,1.0461974214042171,1971246.8092396522,1801000.0,0.1080363826956257,1.0461974258516518,1971246.825999379
1801000.0,0.097774904181592,0.6652870148586767,797134.868663364,1801000.0,0.09777489033965876,0.6652870171523333,797134.8741597998
