cur_n,cur_mean,cur_std,cur_S,next_n,next_mean,next_std,next_S
731000.0,-0.014610431723491574,1.15124775147216,968846.4826321538,731000.0,-0.014610399076163431,1.1512477522248874,968846.4838990874
731000.0,-0.0935411740026236,1.1138977901957525,907001.6177991789,731000.0,-0.09354116062990941,1.1138977913773882,907001.6197234944
731000.0,-0.10964135279853038,0.820050768828919,491585.2655869947,731000.0,-0.10964135276788488,0.820050768833017,491585.26559190784
731000.0,0.09840181138403536,1.420823669206021,1475698.8661515003,731000.0,0.0984029277796889,1.4208239125022004,1475699.3715371222
731000.0,0.10833507025135261,1.2652639394905532,1170252.6635364376,731000.0,0.10833522382225741,1.2652639331542062,1170252.6518153623
731000.0,0.09289840176145571,0.7278323881675158,387239.9292291751,731000.0,0.09289835244668791,0.7278323956831708,387239.9372265156
