cur_n,cur_mean,cur_std,cur_S,next_n,next_mean,next_std,next_S
3702000.0,-0.0044016125853571135,0.030643595074148065,3476.288760391038,3702000.0,-0.004401615181752622,0.03064359510840607,3476.288768163671
3702000.0,-0.014257903577987055,0.05009184646888945,9289.032792017657,3702000.0,-0.014257908494725252,0.050091845962706445,9289.03260428449
3702000.0,-0.021284093321330005,0.07208517114902202,19236.598572259216,3702000.0,-0.0212840942050523,0.07208517090813342,19236.59844369249
3702000.0,-0.00030155916576776016,0.1628325055192136,98156.40080826682,3702000.0,-0.00030155715613414683,0.16283250556884413,98156.40086810196
3702000.0,-0.00047955166136056206,0.13201445034137585,64517.77149625956,3702000.0,-0.00047954850865158125,0.13201445049218619,64517.77164366684
3702000.0,-0.0005353622867911047,0.13161695380164629,64129.8293987474,3702000.0,-0.0005353642694633644,0.13161695384886377,64129.82944476046
