cur_n,cur_mean,cur_std,cur_S,next_n,next_mean,next_std,next_S
2221000.0,-0.316947628350184,1.3361843175885668,3965347.9263951355,2221000.0,-0.31694857690875833,1.3361848403782073,3965351.0293251653
2221000.0,-0.3691510164716126,1.3300486510329905,3929014.328748699,2221000.0,-0.36915172063249163,1.3300488695898587,3929015.619999416
2221000.0,-0.19390806690206802,0.9915496009393933,2183621.927304338,2221000.0,-0.1939085382180879,0.9915497575558594,2183622.6171158743
2221000.0,0.09880636067273495,0.8369761406347414,1555875.042241846,2221000.0,0.098806914707516,0.8369764824971441,1555876.3132345618
2221000.0,0.09162125523583255,0.7522773751416265,1256911.0943620957,2221000.0,0.09162216083083742,0.7522784754683105,1256914.7712341475
2221000.0,0.09963404452128571,0.6536407296678338,948913.8179306309,2221000.0,0.099634679128382,0.653641317144333,948915.5236530346
