cur_n,cur_mean,cur_std,cur_S,next_n,next_mean,next_std,next_S
3342000.0,-0.01352410660299037,0.024029967143508482,1929.8022105082807,3342000.0,-0.013524106280096142,0.02402996733248365,1929.8022408607733
3342000.0,-0.02239774780509559,0.037874280174050264,4793.968991863611,3342000.0,-0.02239774762380463,0.037874280282711864,4793.969019371479
3342000.0,-0.005606236792350882,0.009388219977304376,294.55944965182283,3342000.0,-0.005606236477729843,0.009388220182800484,294.559462546881
3342000.0,-0.000654422528614261,0.05535050211592119,10238.812158347522,3342000.0,-0.0006544319983274029,0.055350504711206366,10238.8131185064
3342000.0,-0.0010396877510091595,0.06799001241626329,15448.868856711273,3342000.0,-0.001039695841958025,0.06799001390144098,15448.869531643215
3342000.0,-0.0007358258126940985,0.047040470462430185,7395.197188554054,3342000.0,-0.0007358348925925086,0.04704047324904206,7395.198064716417
