cur_n,cur_mean,cur_std,cur_S,next_n,next_mean,next_std,next_S
3471000.0,-0.3019332511258746,1.3304605214951821,6144104.566621853,3471000.0,-0.3019332067417013,1.3304605341374318,6144104.683386391
3471000.0,-0.36721443565246514,1.3361315307061303,6196593.959161808,3471000.0,-0.3672144209290479,1.3361315350342116,6196593.9993066015
3471000.0,-0.19967257203975214,0.9917526184799028,3413982.7724845125,3471000.0,-0.19967256712692782,0.9917526195112495,3413982.7795850732
3471000.0,0.09847159010924074,0.834425895893148,2416741.284383414,3471000.0,0.09847158865736651,0.834425896068897,2416741.285401455
3471000.0,0.08585226960613777,0.7373916938148144,1887344.136581678,3471000.0,0.08585228000314245,0.7373916928587148,1887344.1316874295
3471000.0,0.09891746944031209,0.6491197788216745,1462528.367270781,3471000.0,0.09891746953334736,0.6491197788074968,1462528.367206894
