cur_n,cur_mean,cur_std,cur_S,next_n,next_mean,next_std,next_S
951000.0,-0.025851763980834705,0.09344348065524875,8303.831557196425,951000.0,-0.02585175161980813,0.09344348485252763,8303.832303176716
951000.0,-0.02696280647633181,0.09783378037616863,9102.447602140472,951000.0,-0.026962819174067534,0.09783377766033123,9102.44709677786
951000.0,-0.024680000952534906,0.10700577695396177,10889.174722746486,951000.0,-0.024680029253980554,0.10700577398573115,10889.174118637393
951000.0,0.03306536149277484,0.14359078708577416,19608.016743252436,951000.0,0.03306536147477456,0.14359078708992132,19608.01674438506
951000.0,0.033877971016449876,0.15196553860239004,21961.942201501486,951000.0,0.03387800567949501,0.15196553463446333,21961.941054618095
951000.0,0.04724424162240874,0.30207361787515186,86777.29555599029,951000.0,0.04724422240266203,0.3020736214625908,86777.29761713192
