cur_n,cur_mean,cur_std,cur_S,next_n,next_mean,next_std,next_S
3251000.0,-0.00714410779519445,0.01782930159235179,1033.440868626145,3251000.0,-0.007144109272874601,0.017829301199326682,1033.44082306427
3251000.0,-0.00990340048804794,0.020215832192531882,1328.6182613902138,3251000.0,-0.009903402081680869,0.020215831616046023,1328.6181856149879
3251000.0,-0.008152555607707218,0.018736223532827556,1141.2507809565354,3251000.0,-0.008152557217769947,0.0187362230571534,1141.2507230085191
3251000.0,-0.0014435129990000098,0.06888799864946929,15427.803719628098,3251000.0,-0.0014435134286162265,0.06888799864482051,15427.803717545863
3251000.0,-0.0018542396609546026,0.07365846184639085,17638.52482412428,3251000.0,-0.001854240085208416,0.07365846183968405,17638.524820912207
3251000.0,-0.001654507506629667,0.06670041241401158,14463.520247663693,3251000.0,-0.0016545079023729085,0.06670041240801071,14463.520245061203
