cur_n,cur_mean,cur_std,cur_S,next_n,next_mean,next_std,next_S
1721000.0,-0.09749238270058626,1.1829748405228862,2408418.1235667644,1721000.0,-0.09749238857616312,1.1829748400638194,2408418.121697536
1721000.0,-0.11155788081716594,1.1597216303465943,2314666.2812771653,1721000.0,-0.11155783338034332,1.159721636579337,2314666.3061567903
1721000.0,-0.1518808678270641,0.9420876983250274,1527437.8071281335,1721000.0,-0.15188085425883735,0.9420877006805704,1527437.8147663726
1721000.0,0.10532614470345594,1.1701799159321757,2356601.502355429,1721000.0,0.10532616684887522,1.1701799142995084,2356601.495779438
1721000.0,0.10628544289870531,1.055972476510565,1919049.0162454592,1721000.0,0.10628542574141901,1.0559724784773794,1919049.0233941565
1721000.0,0.0972411494684405,0.6700209014053646,772605.1023188188,1721000.0,0.09724114146858422,0.6700209026485993,772605.1051859813
