cur_n,cur_mean,cur_std,cur_S,next_n,next_mean,next_std,next_S
4081000.0,-0.30235837368719987,1.3321005857957822,7241701.732334739,4081000.0,-0.3023583454215121,1.332100593435402,7241701.815397307
4081000.0,-0.37757072467356834,1.3466344390537708,7400584.6190907555,4081000.0,-0.37757070272243504,1.3466344459386328,7400584.69476386
4081000.0,-0.20630375825575897,0.9955877626680092,4045066.7671442865,4081000.0,-0.20630375476631857,0.9955877634160615,4045066.77322295
4081000.0,0.09669860823041007,0.8264181901674791,2787188.4291869816,4081000.0,0.09669861105058637,0.8264181898571569,2787188.4270937885
4081000.0,0.08704886908794857,0.7343131120467271,2200539.4615634205,4081000.0,0.08704885687033091,0.7343131139098573,2200539.472730024
4081000.0,0.09772117423925215,0.6437021700867854,1690972.4862834767,4081000.0,0.09772115747546078,0.6437021735225189,1690972.5043344672
