cur_n,cur_mean,cur_std,cur_S,next_n,next_mean,next_std,next_S
1642000.0,-0.009250822840279792,0.018422703228070925,557.288222524962,1642000.0,-0.009250828319002929,0.01842270181463825,557.2881370120659
1642000.0,-0.015402412161134211,0.026840493065327854,1182.9166156394365,1642000.0,-0.015402426181777484,0.02684049103254294,1182.9164364612855
1642000.0,-0.004329225423779072,0.009151206043337466,137.50858730218573,1642000.0,-0.004329231703809358,0.009151206610645422,137.508604351243
1642000.0,-0.0004559770476838138,0.05115684307915435,4297.151099061015,1642000.0,-0.0004559706907075737,0.05115684378436037,4297.151217534973
1642000.0,-0.0007086999241683267,0.06206632268630031,6325.359052175529,1642000.0,-0.0007086976199986092,0.06206632278283937,6325.35907185268
1642000.0,-0.0005153453856093282,0.043710465520855696,3137.21307511396,1642000.0,-0.0005153459981121469,0.04371046552067889,3137.2130750885804
