cur_n,cur_mean,cur_std,cur_S,next_n,next_mean,next_std,next_S
1311000.0,0.19026259275677435,1.5495563603826552,3147874.7622570693,1311000.0,0.19026263059799123,1.5495563563420927,3147874.745840519
1311000.0,0.02561914205765764,1.567563520853489,3221461.8187947795,1311000.0,0.02561913241641727,1.567563521049952,3221461.8196022715
1311000.0,0.04434639557810167,1.388637492956993,2528019.767854952,1311000.0,0.04434639584976448,1.3886374929483136,2528019.767823351
1311000.0,0.005898395142166607,0.8443778042616834,934708.7518683439,1311000.0,0.005898514226288011,0.8443778144386657,934708.7743997613
1311000.0,0.0061971651170599565,0.7386327204798006,715253.1457458058,1311000.0,0.006197158298674303,0.7386327205783076,715253.145936584
1311000.0,-0.001113700987969504,0.6713224572717102,590833.406386536,1311000.0,-0.001113814686659088,0.6713224697057754,590833.4282730707
