cur_n,cur_mean,cur_std,cur_S,next_n,next_mean,next_std,next_S
1271000.0,0.1978286760855838,1.5409244654937027,3017923.672821814,1271000.0,0.19782871903229723,1.5409244607407513,3017923.6542043616
1271000.0,0.02735948727490388,1.564198271087939,3109776.3299498865,1271000.0,0.027359484641339145,1.5641982711368234,3109776.33014426
1271000.0,0.04693112985547267,1.3855133437146159,2439871.6237519057,1271000.0,0.04693112638221312,1.3855133438377512,2439871.624185585
1271000.0,0.003363633432798077,0.8496960383183556,917640.8474255976,1271000.0,0.0033637493340197173,0.8496960479063094,917640.868134881
1271000.0,0.005805466618092342,0.7437463966965535,703064.7110034652,1271000.0,0.005805458797209956,0.7437463968099094,703064.7112177762
1271000.0,-0.0019439570500294657,0.6759908727188882,580800.8118590394,1271000.0,-0.0019440641564131128,0.675990883195494,580800.8298617121
