cur_n,cur_mean,cur_std,cur_S,next_n,next_mean,next_std,next_S
3051000.0,-0.048325475651272744,0.15180574792221777,70310.24954688518,3051000.0,-0.048325564267118065,0.1518057986250969,70310.2965139168
3051000.0,-0.04184324569277278,0.14771124979155958,66568.58922401773,3051000.0,-0.04184322859962545,0.14771125765112622,66568.59630811293
3051000.0,0.008673587627102158,0.27573370121285584,231964.70472683295,3051000.0,0.008674342135842865,0.2757368270274304,231969.9640242021
3051000.0,0.028655474033292085,0.16078019582444292,78869.17794787529,3051000.0,0.02865547477666243,0.1607801956971904,78869.1778230303
3051000.0,0.029069186279754817,0.17440332635094039,92800.80325917374,3051000.0,0.029069212359281976,0.17440332795322963,92800.80496434454
3051000.0,0.054915142939834106,0.43702902579896724,582723.8210113136,3051000.0,0.054915253666151055,0.43702905468161035,582723.8980341369
