cur_n,cur_mean,cur_std,cur_S,next_n,next_mean,next_std,next_S
2671000.0,-0.3008551597617345,1.3238121537736938,4680870.389957264,2671000.0,-0.30085511816132576,1.3238121649739176,4680870.469163058
2671000.0,-0.358631909120219,1.3223490033482013,4670528.994258126,2671000.0,-0.35863193043796404,1.3223489980256284,4670528.956659533
2671000.0,-0.18849767761378838,0.9847769491639639,2590297.443384112,2671000.0,-0.18849765596181273,0.9847769539441802,2590297.468531293
2671000.0,0.09657635298977733,0.8390647430476317,1880463.1765213462,2671000.0,0.09657635668902217,0.8390647426436428,1880463.1747105534
2671000.0,0.08657645217025521,0.7460855847843506,1486795.3222272503,2671000.0,0.08657647479877086,0.7460855830751013,1486795.3154148848
2671000.0,0.09643363129163406,0.6527963766955196,1138228.2452789794,2671000.0,0.09643364896185792,0.6527963747239528,1138228.2384036563
