cur_n,cur_mean,cur_std,cur_S,next_n,next_mean,next_std,next_S
4361000.0,-0.3029607761884079,1.3333630237122458,7753234.172046357,4361000.0,-0.3029607782281481,1.3333630232556728,7753234.166736599
4361000.0,-0.38483021108023335,1.3566606653395346,8026543.309595537,4361000.0,-0.3848301962843189,1.3566606698884731,8026543.363422192
4361000.0,-0.2099125648222743,0.9988672289121229,4351125.566477378,4361000.0,-0.20991256327455235,0.998867229242633,4351125.569356822
4361000.0,0.09645072503456166,0.8250589374093031,2968629.733117701,4361000.0,0.09645072310471821,0.8250589376447828,2968629.7348122513
4361000.0,0.08846288882113351,0.7338381553554504,2348478.9092321927,4361000.0,0.08846288330892561,0.733838156110229,2348478.9140631803
4361000.0,0.09780233834222365,0.6413533210287744,1793827.9333230166,4361000.0,0.09780233633851407,0.6413533213479444,1793827.935108417
