cur_n,cur_mean,cur_std,cur_S,next_n,next_mean,next_std,next_S
4311000.0,-0.30291919759527963,1.3329040113610053,7659065.30919824,4311000.0,-0.30291920239938863,1.3329040103066185,7659065.297080912
4311000.0,-0.38453616510229516,1.355592116956505,7922022.876347962,4311000.0,-0.3845361607502193,1.3555921182212223,7922022.891129871
4311000.0,-0.2092614036401309,0.9990271539980329,4302616.20182794,4311000.0,-0.20926139472824906,0.9990271560361477,4302616.21938347
4311000.0,0.09659634917465876,0.8251205640805329,2935032.028052835,4311000.0,0.09659633723221907,0.825120565851246,2935032.040650023
4311000.0,0.08860227869827333,0.7338631660097568,2321711.236241899,4311000.0,0.08860227328528719,0.7338631667493568,2321711.2409216207
4311000.0,0.09768652817146148,0.6417075654427354,1775220.6526447143,4311000.0,0.0976865274712131,0.6417075655509481,1775220.6532434335
