cur_n,cur_mean,cur_std,cur_S,next_n,next_mean,next_std,next_S
51000.0,-0.020453924485700697,0.05820609519474595,172.78542540881122,51000.0,-0.020453970287401157,0.05820608001881122,172.78533530896897
51000.0,-0.019731649663440542,0.056121491634311196,160.63071298626312,51000.0,-0.019731616150733097,0.05612150392727487,160.63078335601557
51000.0,-0.019843408783812834,0.060585303938664556,187.1995317203585,51000.0,-0.01984344872719624,0.06058529152758226,187.19945502358868
51000.0,-0.0008143111278643501,0.13523956870773748,932.7767881569971,51000.0,-0.000814623153466161,0.1352395851862346,932.7770154685852
51000.0,-0.0011942907233585657,0.13367839904935014,911.365632992262,51000.0,-0.0011945525169353836,0.13367840978386508,911.3657793594908
51000.0,-0.000888416634209835,0.1409172211001103,1012.7408233314457,51000.0,-0.0008887373594944595,0.1409172376918428,1012.7410618136655
