cur_n,cur_mean,cur_std,cur_S,next_n,next_mean,next_std,next_S
602000.0,0.00027980860391206325,0.013799172464834945,114.63113074998388,602000.0,0.00027979008394503205,0.013799180321942573,114.63126128960725
602000.0,-0.007356137568444255,0.020186511871614535,245.31214744878636,602000.0,-0.007356153815885949,0.02018650988708332,245.31209921563013
602000.0,-0.005860838237161649,0.01460181663651124,128.35425554995044,602000.0,-0.00586086044746348,0.014601817890555034,128.3542775967777
602000.0,-0.00019257268155085851,0.11391643197279415,7812.125990994167,602000.0,-0.00019268460764300616,0.11391646488465508,7812.130505033747
602000.0,-0.00014998668685190295,0.06915207560873048,2878.7697557193364,602000.0,-0.00015005369677275062,0.06915209500852777,2878.7713709292084
602000.0,-0.0007567214001229086,0.05963852892274698,2141.1659875057353,602000.0,-0.0007566980037266984,0.0596385319823303,2141.1662071984756
