cur_n,cur_mean,cur_std,cur_S,next_n,next_mean,next_std,next_S
1902000.0,-0.009811252636956291,0.0192502958840658,704.8315418690015,1902000.0,-0.009811247618545743,0.019250299685944064,704.8318202734476
1902000.0,-0.016278262218572814,0.028328824230350366,1526.3973808853118,1902000.0,-0.01627825777030252,0.028328827450661457,1526.3977279152239
1902000.0,-0.004474950677388892,0.009271843361833766,163.50938487877644,1902000.0,-0.004474945492820409,0.00927184862112229,163.50957037441987
1902000.0,-0.0004528348393974718,0.05118042033114597,4982.166178868827,1902000.0,-0.000452836987983363,0.05118042039791387,4982.166191867891
1902000.0,-0.0007116567018761314,0.062448210274568906,7417.379594276864,1902000.0,-0.0007116584682633482,0.06244821030195457,7417.379600782409
1902000.0,-0.0005146013228070672,0.043540952273412856,3605.839226313422,1902000.0,-0.0005146039661274751,0.043540952394780064,3605.8392464154463
