cur_n,cur_mean,cur_std,cur_S,next_n,next_mean,next_std,next_S
3191000.0,-0.297100069654903,1.3236197507243603,5590533.859223809,3191000.0,-0.29710000074688786,1.3236197719151985,5590534.038230051
3191000.0,-0.3603910117688687,1.3258289513452377,5609211.304646653,3191000.0,-0.36039104267205024,1.3258289440943325,5609211.243293552
3191000.0,-0.19435145629115622,0.9891700324511586,3122257.4137402694,3191000.0,-0.19435143962553536,0.9891700361735961,3122257.437239582
3191000.0,0.09671705064052406,0.8347591734851688,2223561.802796996,3191000.0,0.09671703450030508,0.8347591758531479,2223561.8154122457
3191000.0,0.08484414191362458,0.7380013010582906,1737965.1318806617,3191000.0,0.0848441763072449,0.7380012996615996,1737965.1253023522
3191000.0,0.0973321957167355,0.650960981895056,1352186.8880397333,3191000.0,0.09733220754946459,0.6509609804689612,1352186.8821151182
