cur_n,cur_mean,cur_std,cur_S,next_n,next_mean,next_std,next_S
902000.0,-0.007701203522229146,0.015152431543650759,207.09575587989033,902000.0,-0.007701203579903881,0.015152431514436765,207.0957550813262
902000.0,-0.01325729931522942,0.021470884194743998,415.82097902990506,902000.0,-0.013257299429026734,0.02147088412475123,415.82097631884193
902000.0,-0.004277820467557142,0.008587393372211352,66.51647908604771,902000.0,-0.004277820553696367,0.008587393329690808,66.51647842733401
902000.0,-0.0006176742262678036,0.05562072187233562,2790.4855608429416,902000.0,-0.0006176712283245686,0.0556207219785045,2790.485571495904
902000.0,-0.0009928116786825855,0.06473186203327075,3779.5729939895486,902000.0,-0.0009928086582834123,0.06473186214315765,3779.5730068217313
902000.0,-0.0006968608302018533,0.04941690718630193,2202.7117057053406,902000.0,-0.000696857771190878,0.04941690731483948,2202.711717164219
