cur_n,cur_mean,cur_std,cur_S,next_n,next_mean,next_std,next_S
4101000.0,-0.05455285257647233,0.16336107651771847,109442.7362575353,4101000.0,-0.05455285192524353,0.16336107674051017,109442.73655605112
4101000.0,-0.0461128983307599,0.1593692861446875,104159.53297106216,4101000.0,-0.04611289669528042,0.1593692866523275,104159.53363462216
4101000.0,0.01268675519719369,0.31175717881623877,398586.6005667306,4101000.0,0.012686754200885915,0.3117571788633072,398586.6006870862
4101000.0,0.027732514030068784,0.168493984283247,116428.30345527628,4101000.0,0.027732511532067135,0.16849398477032088,116428.3041284064
4101000.0,0.028358236094821028,0.18237509076889472,136402.02297887957,4101000.0,0.028358231093222976,0.182375091827875,136402.02456294518
4101000.0,0.058613598093907725,0.45591190896855516,852416.097500083,4101000.0,0.058613604929209195,0.45591190829989137,852416.0949996887
