cur_n,cur_mean,cur_std,cur_S,next_n,next_mean,next_std,next_S
2001000.0,-0.34980341641349083,1.3700040500593014,3755699.105454956,2001000.0,-0.3498033250957997,1.3700040794652462,3755699.2666805848
2001000.0,-0.40783584342690476,1.3815421537443457,3819226.103867703,2001000.0,-0.40783583499923953,1.381542156283699,3819226.1179076135
2001000.0,-0.1891205840693688,1.0142294885037726,2058351.5721565988,2001000.0,-0.1891205714533416,1.0142294910132668,2058351.5823425017
2001000.0,0.10338143780744896,0.8328195614617987,1387870.4323287986,2001000.0,0.10338136683512231,0.8328195763231219,1387870.4818607555
2001000.0,0.0957267024853069,0.7631038895440563,1165237.4200207717,2001000.0,0.09572671984991246,0.7631038877611224,1165237.4145757954
2001000.0,0.0925001666635677,0.6478621349777578,839870.4172218147,2001000.0,0.09250014459598625,0.6478621388805441,839870.4273407417
