cur_n,cur_mean,cur_std,cur_S,next_n,next_mean,next_std,next_S
1402000.0,-0.008848454483115473,0.01774821020368395,441.6285495386797,1402000.0,-0.00884845753743495,0.01774820904939956,441.6284920945862
1402000.0,-0.014741637658661192,0.025649730817008744,922.3879847609815,1402000.0,-0.014741643483143677,0.0256497283966599,922.3878106850345
1402000.0,-0.004243098492358298,0.009091777849412503,115.88991509722109,1402000.0,-0.004243102855530922,0.009091777280959131,115.88990060544359
1402000.0,-0.0004487352250505537,0.05122219289968796,3678.445689724887,1402000.0,-0.0004487259495843538,0.05122219415836541,3678.445870504991
1402000.0,-0.000695127435368976,0.061884107363438905,5369.1591273258255,1402000.0,-0.0006951185242879083,0.06188410836303157,5369.159300778182
1402000.0,-0.0005058922065441289,0.04391786179323507,2704.147575454555,1402000.0,-0.0005058840018549461,0.04391786296223024,2704.147719411267
