cur_n,cur_mean,cur_std,cur_S,next_n,next_mean,next_std,next_S
2702000.0,-0.005786397717455394,0.03364198583965583,3058.0782367586007,2702000.0,-0.005786401176109775,0.033641985725153825,3058.0782159419873
2702000.0,-0.015764521282265322,0.056474327651909614,8617.622845452626,2702000.0,-0.015764530426683358,0.056474327099689775,8617.622676922163
2702000.0,-0.028345532778668275,0.0828799864435492,18560.286997089595,2702000.0,-0.028345528561932933,0.08287998817553659,18560.287772818083
2702000.0,-0.00035710511773116973,0.16466733576856335,73265.62562955356,2702000.0,-0.000357096781473349,0.16466733635679595,73265.62615299954
2702000.0,-0.0005191581534962244,0.14607118365132898,57652.00845329736,2702000.0,-0.0005191415277571356,0.14607118626695786,57652.01051799288
2702000.0,-0.000463745073773123,0.1474525278792477,58747.554036502836,2702000.0,-0.00046373960584048673,0.14745252817038373,58747.55426848977
