cur_n,cur_mean,cur_std,cur_S,next_n,next_mean,next_std,next_S
911000.0,0.18270125435370538,1.4617364325372535,1946509.465766337,911000.0,0.18270132753347093,1.4617364250593787,1946509.4458506347
911000.0,-0.010142731880100847,1.4620432475119138,1947326.686869212,911000.0,-0.010142733316089423,1.4620432475026017,1947326.6868444062
911000.0,0.05287125204560797,1.3084170861349809,1559591.2521451479,911000.0,0.05287124438322045,1.3084170864649898,1559591.252931868
911000.0,0.005223332447062128,0.8931514545922882,726722.4834855318,911000.0,0.005223499039257786,0.8931514677717496,726722.5049327586
911000.0,0.01591974826236569,0.7838983992509712,559806.4940172421,911000.0,0.015919736057746058,0.7838983995854107,559806.4944949097
911000.0,-0.001963031640821351,0.7130730189289944,463219.0217256286,911000.0,-0.001963167896503146,0.7130730304132845,463219.03664623713
