cur_n,cur_mean,cur_std,cur_S,next_n,next_mean,next_std,next_S
851000.0,-0.02572364918321277,0.09308859039712432,7374.328298467171,851000.0,-0.02572367407335916,0.09308858635087076,7374.327657391798
851000.0,-0.02732474305064009,0.09885752205228357,8316.66102603639,851000.0,-0.027324754555544176,0.09885751944197914,8316.660586838312
851000.0,-0.025590600762424243,0.10960550725898152,10223.375505495353,851000.0,-0.025590566341618805,0.1096055198950022,10223.377862727117
851000.0,0.03297093951671154,0.14160974996487136,17065.37641363149,851000.0,0.03297095186248546,0.1416097475483838,17065.37583121016
851000.0,0.03396974063685945,0.1508302188264659,19360.04142946489,851000.0,0.033969690105876894,0.15083023741018536,19360.046200148157
851000.0,0.046986154994118824,0.2912407546521185,72182.82177195551,851000.0,0.04698618717672165,0.29124075097324403,72182.81994836775
