cur_n,cur_mean,cur_std,cur_S,next_n,next_mean,next_std,next_S
2922000.0,-0.0124642192833201,0.022423425750624424,1469.2108854345856,2922000.0,-0.012464221431068104,0.02242342485733149,1469.210768375249
2922000.0,-0.02058160822512532,0.034529158373024296,3483.791837168129,2922000.0,-0.020581610528037125,0.03452915722473984,3483.791605457649
2922000.0,-0.005362560906995795,0.00918554070605545,246.54128985892197,2922000.0,-0.005362562992737374,0.00918554018032643,246.5412616376314
2922000.0,-0.0006367267781591419,0.05520243969028901,8904.237914154706,2922000.0,-0.0006367306478749851,0.05520244004197523,8904.238027609756
2922000.0,-0.0010256736541641145,0.0671164157593826,13162.47995853677,2922000.0,-0.0010256780072101942,0.06711641610534365,13162.4800942325
2922000.0,-0.0007196906892029965,0.04725004099811969,6523.558945774704,2922000.0,-0.0007196945198014115,0.04725004139348457,6523.559054946509
