cur_n,cur_mean,cur_std,cur_S,next_n,next_mean,next_std,next_S
1461000.0,-0.35916609962287743,1.377129758000964,2770766.5871131904,1461000.0,-0.3591660804421688,1.3771297631985737,2770766.6080282326
1461000.0,-0.4154618331102145,1.3864443008381144,2808374.8148159985,1461000.0,-0.41546179269436845,1.386444313809819,2808374.867366842
1461000.0,-0.1919605116622071,1.014904726384945,1504876.1729158491,1461000.0,-0.19196049311114283,1.0149047301414298,1504876.1840558979
1461000.0,0.10142603666316762,0.8231189868664934,989863.830015119,1461000.0,0.10142606857985663,0.8231189838377081,989863.8227304249
1461000.0,0.09299908498950793,0.7583625346820833,840241.165387783,1461000.0,0.09299911561549311,0.7583625318298609,840241.1590674428
1461000.0,0.0895626836664185,0.643734511091729,605429.8104457112,1461000.0,0.08956265609323402,0.6437345157907192,605429.8192844753
