cur_n,cur_mean,cur_std,cur_S,next_n,next_mean,next_std,next_S
201000.0,-0.27616527021597537,1.2829526580199608,330839.47206681705,201000.0,-0.2761657365183145,1.2829525746777357,330839.4290833185
201000.0,-0.35311975594301437,1.2036813634495476,291218.61376786814,201000.0,-0.353119740434849,1.2036813680192069,291218.6159790345
201000.0,-0.19924249898534868,0.9690159460817581,188737.3726559057,201000.0,-0.1992426635954907,0.9690159150459766,188737.36056609068
201000.0,0.101971147633047,0.7977326261485362,127911.84590718988,201000.0,0.10197118996568115,0.797732620963081,127911.84424427396
201000.0,0.09586094778338167,0.7121583635900701,101941.0765010886,201000.0,0.09586107662510701,0.7121583485897856,101941.07220669222
201000.0,0.08763141924902192,0.6282868153238916,79343.60878427743,201000.0,0.08763149925076628,0.6282868051892835,79343.60622456628
