cur_n,cur_mean,cur_std,cur_S,next_n,next_mean,next_std,next_S
501000.0,-0.021171301565103953,0.07944411767219223,3161.995284189276,501000.0,-0.02117130093153437,0.07944411784229903,3161.9952977302883
501000.0,-0.019783609486497464,0.07894950604386919,3122.7452767900395,501000.0,-0.019783605180025702,0.07894950718185245,3122.7453668129433
501000.0,-0.006923143400472993,0.08385719403033945,3523.0465243116414,501000.0,-0.006923106367320791,0.08385720118457646,3523.0471254457766
501000.0,0.032788983698499835,0.13799889866840362,9540.891712879858,501000.0,0.032788986091197285,0.1379988981102842,9540.891635705955
501000.0,0.034421687259951726,0.1498167712797067,11244.977543294652,501000.0,0.03442168648584027,0.14981677145856775,11244.977570144629
501000.0,0.04983285893173596,0.35480746141552605,63070.05567274113,501000.0,0.04983285826565655,0.3548074615093943,63070.05570611291
