cur_n,cur_mean,cur_std,cur_S,next_n,next_mean,next_std,next_S
121000.0,-0.2586252775005009,1.2744214917666488,196522.1667798844,121000.0,-0.2586252268649556,1.2744215021641114,196522.1699865659
121000.0,-0.33711289598037936,1.1900419608997437,171360.18411295494,121000.0,-0.33711276122161504,1.1900419999971739,171360.19537263009
121000.0,-0.18839333972018077,0.9523740117019466,109748.96723799639,121000.0,-0.18839351006992433,0.9523739798477301,109748.95989641156
121000.0,0.09705946294301056,0.8036414346076435,78146.586205606,121000.0,0.09705981931901186,0.8036414011275499,78146.57969435643
121000.0,0.09209417065748263,0.7167242407935341,62156.93011826921,121000.0,0.09209374180018005,0.7167243114235393,62156.94236885113
121000.0,0.08590431032854187,0.6335056089950204,48560.85215200635,121000.0,0.08590421161747923,0.6335056233109243,48560.85434675409
