cur_n,cur_mean,cur_std,cur_S,next_n,next_mean,next_std,next_S
3461000.0,-0.3158961466797654,1.3522691743095245,6328895.074385449,3461000.0,-0.3158968070366276,1.3522695780876726,6328898.853913906
3461000.0,-0.3853423397232058,1.3633686981299329,6433217.530567199,3461000.0,-0.3853429232606972,1.3633689654098469,6433220.05295164
3461000.0,-0.1660663661230502,0.983102720098817,3345025.206557564,3461000.0,-0.16606650048039004,0.9831027291787604,3345025.2683469146
3461000.0,0.10020512217214253,0.8572456506492456,2543385.435332945,3461000.0,0.10020592286765202,0.8572468512522163,2543392.5595411467
3461000.0,0.09380424255500022,0.7681968391279131,2042427.4137992105,3461000.0,0.09380505769396197,0.7681982363851169,2042434.8436631907
3461000.0,0.09405224609338718,0.6561612406626866,1490125.1527418143,3461000.0,0.09405248404039117,0.6561613558772272,1490125.6760403253
