cur_n,cur_mean,cur_std,cur_S,next_n,next_mean,next_std,next_S
1801000.0,-0.05656493027272262,0.1506093763844799,40852.414843114406,1801000.0,-0.056564929969648084,0.15060937649885753,40852.41490516369
1801000.0,-0.06202228261408186,0.15597486697760754,43815.014590756946,1801000.0,-0.06202229266230832,0.1559748635649171,43815.012673434205
1801000.0,-0.07521917287138871,0.2183347749247689,85853.80316855054,1801000.0,-0.07521917881084846,0.2183347730240483,85853.8016737443
1801000.0,0.0320643318019655,0.15376383503427132,42581.61385296833,1801000.0,0.032064333937864974,0.15376383461559076,42581.613621079036
1801000.0,0.03182228522385506,0.12003010895992884,25947.415929535237,1801000.0,0.03182228944523328,0.12003010797445511,25947.415503467197
1801000.0,0.05100611473568839,0.3145190906973606,178158.98740198326,1801000.0,0.0510061070468644,0.3145190921135578,178158.9890063899
