cur_n,cur_mean,cur_std,cur_S,next_n,next_mean,next_std,next_S
1061000.0,-0.3554614222451695,1.3685066623661697,1987051.92452197,1061000.0,-0.3554636764546954,1.3685080466683905,1987055.944497698
1061000.0,-0.39696534593474386,1.3425548778968823,1912403.26977476,1061000.0,-0.39696665425947364,1.3425551674221727,1912404.0946038691
1061000.0,-0.2166360465080522,1.04009225003136,1147781.1937783903,1061000.0,-0.21663665250695696,1.040092311118838,1147781.328603086
1061000.0,0.0980953550263247,0.8077648498566496,692285.5798764358,1061000.0,0.09809759407824738,0.8077678704589518,692290.7574310831
1061000.0,0.09285132169094368,0.748182751110207,593923.8522314271,1061000.0,0.09285342863614413,0.7481856372582327,593928.4344152777
1061000.0,0.0909216855365234,0.6300803319982791,421218.29948209634,1061000.0,0.09092294918763862,0.6300814940963618,421219.8532440686
