cur_n,cur_mean,cur_std,cur_S,next_n,next_mean,next_std,next_S
5111000.0,-0.3082997067398487,1.340174687986146,9179704.541163202,5111000.0,-0.30829971613044477,1.3401746859941086,9179704.513873752
5111000.0,-0.3884861394498398,1.3615414296699437,9474746.575720923,5111000.0,-0.3884861434842256,1.3615414285494414,9474746.560126133
5111000.0,-0.21537187221042717,1.0011203078930082,5122458.202046171,5111000.0,-0.2153718646992205,1.0011203096529246,5122458.22005619
5111000.0,0.09655766539734846,0.8229405853401275,3461328.698976753,5111000.0,0.09655766991420811,0.822940584873516,3461328.695051571
5111000.0,0.08646928570220437,0.7304805534277875,2727238.998802748,5111000.0,0.086469276774438,0.7304805547634411,2727239.008776036
5111000.0,0.09652941104467398,0.637884542583473,2079648.980887662,5111000.0,0.0965293995012944,0.637884544864109,2079648.9957584478
