cur_n,cur_mean,cur_std,cur_S,next_n,next_mean,next_std,next_S
1631000.0,-0.08676286393295936,1.1693204233749128,2230083.021862869,1631000.0,-0.08676283397476806,1.1693204262237507,2230083.032729257
1631000.0,-0.10770163994686904,1.152541438202019,2166541.731606401,1631000.0,-0.10770164810101782,1.1525414374870577,2166541.72891844
1631000.0,-0.14407454170958586,0.9191958233837304,1378066.0885752595,1631000.0,-0.14407452998771986,0.9191958253428781,1378066.094449601
1631000.0,0.10464733721541397,1.189352050936669,2307144.5890407027,1631000.0,0.10464728718391186,1.1893520570551066,2307144.6127782
1631000.0,0.10704276365877417,1.070990450108406,1870790.507628375,1631000.0,0.10704272099690516,1.0709904557582328,1870790.5273664454
1631000.0,0.09723772529705114,0.674247726901865,741468.9054859333,1631000.0,0.09723770346434368,0.6742477306270408,741468.9136790705
