cur_n,cur_mean,cur_std,cur_S,next_n,next_mean,next_std,next_S
731000.0,-0.37929639365191875,1.3846871563734686,1401589.0788697447,731000.0,-0.3792963316596199,1.3846871743689655,1401589.115300056
731000.0,-0.4332707215731648,1.3514373659998384,1335085.9395352448,731000.0,-0.4332707496285244,1.3514373572181275,1335085.922184328
731000.0,-0.23115729196043686,1.0536013915668887,811465.4772798412,731000.0,-0.2311572945904226,1.0536013909922632,811465.4763947082
731000.0,0.09914346841788388,0.7860232218752864,451635.5613941874,731000.0,0.09914350897807353,0.7860232175242743,451635.55639415246
731000.0,0.09465316722512587,0.7195790057588299,378507.3741816013,731000.0,0.0946530423133817,0.7195790301149741,378507.3998048622
731000.0,0.08703571286467225,0.6087183718874152,270863.31913575705,731000.0,0.0870357100514261,0.6087183722943978,270863.31949794973
