cur_n,cur_mean,cur_std,cur_S,next_n,next_mean,next_std,next_S
1701000.0,-0.025461059537060977,0.08919058612639412,13531.388071722107,1701000.0,-0.025461059285363574,0.08919058619884612,13531.388093705953
1701000.0,-0.022738738032137818,0.08508743211961227,12315.020749111072,1701000.0,-0.022738740324376137,0.08508743155955452,12315.02058699259
1701000.0,0.004490730670418257,0.1268555196420688,27373.041191084467,1701000.0,0.004490730526434092,0.1268555196473059,27373.041193344605
1701000.0,0.033702102500906876,0.14175871126715253,34182.50030643078,1701000.0,0.03370210357044609,0.14175871101973556,34182.5001871107
1701000.0,0.03328224500647355,0.14761207643203983,37063.6420096918,1701000.0,0.033282253544984236,0.14761207492691605,37063.641253854345
1701000.0,0.05123141201967866,0.3734403786704344,237217.57563300114,1701000.0,0.051231419800272765,0.37344037774090477,237217.57445208565
