cur_n,cur_mean,cur_std,cur_S,next_n,next_mean,next_std,next_S
1151000.0,-0.0380660356970288,0.12350704915065114,17557.34385957646,1151000.0,-0.03806601053303179,0.12350705985704967,17557.34690354731
1151000.0,-0.04359744140281525,0.1288301606291429,19103.389041178107,1151000.0,-0.04359746600517596,0.1288301550072931,19103.387373922844
1151000.0,-0.04768527827369349,0.1781205162060156,36517.68295581559,1151000.0,-0.04768543526349516,0.17812055380719513,36517.69837355776
1151000.0,0.03392851354016663,0.16516675443761428,31399.3453439449,1151000.0,0.03392852907046987,0.1651667520877798,31399.34445050526
1151000.0,0.032997050585413655,0.1225361196594356,17282.38081499144,1151000.0,0.03299707094653354,0.12253611612358747,17282.379817605964
1151000.0,0.05283388999643505,0.361293101063229,150243.14331214316,1151000.0,0.05283407318664346,0.36129312772951744,150243.1654904086
