cur_n,cur_mean,cur_std,cur_S,next_n,next_mean,next_std,next_S
3911000.0,-0.30830802541344043,1.3423038026497223,7046759.619055515,3911000.0,-0.3083078903051434,1.3423038602754076,7046760.22409643
3911000.0,-0.3811717405076649,1.361072800008716,7245202.4618380675,3911000.0,-0.3811716378757304,1.3610728438846165,7245202.928954576
3911000.0,-0.15995758382126626,0.9749802081343536,3717743.43485825,3911000.0,-0.1599575903343842,0.9749802071508392,3717743.427357679
3911000.0,0.09807445749794734,0.8576817883315483,2877002.193689243,3911000.0,0.09807443066470356,0.8576817930414657,2877002.2252870756
3911000.0,0.09379027125122415,0.7680901118682484,2307343.024423583,3911000.0,0.09378994016241606,0.7680904313806542,2307344.94405479
3911000.0,0.0931484117767542,0.6564584259856239,1685397.2080008616,3911000.0,0.09314843472318524,0.6564584242981307,1685397.199335892
