cur_n,cur_mean,cur_std,cur_S,next_n,next_mean,next_std,next_S
1201000.0,-0.039360687286716704,0.1255008234497159,18916.298480554662,1201000.0,-0.03936078436337016,0.12550083809527685,18916.30289550289
1201000.0,-0.044528354106607416,0.1304921726610636,20450.876758091606,1201000.0,-0.044528528851411724,0.13049225355172916,20450.902112647538
1201000.0,-0.04937961679316739,0.18092161495855028,39311.88954181112,1201000.0,-0.04938006810842922,0.18092216783385728,39312.12980725661
1201000.0,0.033936144315953536,0.1639599805256119,32286.33313196479,1201000.0,0.033936203060111386,0.1639599810056052,32286.333321001457
1201000.0,0.033010626928654925,0.12255250378680371,18037.95853748186,1201000.0,0.033010743255651946,0.12255253875886722,18037.968832248625
1201000.0,0.05294550628906692,0.3579006524867791,153839.54533760514,1201000.0,0.05294575704396191,0.3579007208909026,153839.60414308752
