cur_n,cur_mean,cur_std,cur_S,next_n,next_mean,next_std,next_S
3301000.0,-0.007186437165946683,0.017805280688117646,1046.5094952831448,3301000.0,-0.007186447759544817,0.0178052868152857,1046.510215534711
3301000.0,-0.00997161529000671,0.020206628450473173,1347.8241578403924,3301000.0,-0.00997160480023751,0.02020664261478565,1347.8260474192775
3301000.0,-0.008208661808741037,0.01873119168579898,1158.1807460434484,3301000.0,-0.008208668276695988,0.01873119253755848,1158.1808513748645
3301000.0,-0.0014507339834937485,0.06886133332835179,15652.956534830391,3301000.0,-0.001450721678377803,0.06886133721679234,15652.958302603092
3301000.0,-0.0018618998303410622,0.07366706683275939,17913.988064685127,3301000.0,-0.001861889126039213,0.07366706967050024,17913.989444820352
3301000.0,-0.001663818929674407,0.06666299397407684,14669.494681205344,3301000.0,-0.0016638013076010723,0.06666300210245184,14669.498258577258
