cur_n,cur_mean,cur_std,cur_S,next_n,next_mean,next_std,next_S
111000.0,-0.6814945419384321,2.3241805632144836,599601.4972370634,111000.0,-0.6814912735043572,2.3241817766751183,599602.1233441867
111000.0,-0.7811739811655248,2.1241860726959856,500850.47832935106,111000.0,-0.7811684508868475,2.1241889055464482,500851.8142155746
111000.0,-0.4696882454886459,1.4419127730709649,230781.48141111722,111000.0,-0.46968790764246193,1.441912887514138,230781.51804490885
111000.0,0.6433131562170413,2.2232126316776486,548636.8590272673,111000.0,0.6433328396150559,2.223216607867829,548638.8214904262
111000.0,0.6094780791300137,2.021272638474526,453495.2817740807,111000.0,0.6094934769044538,2.021274505540626,453496.1195690836
111000.0,0.6052163488950938,1.5581919398964859,269503.7954929795,111000.0,0.6052161046211028,1.5581920369001023,269503.8290483368
