cur_n,cur_mean,cur_std,cur_S,next_n,next_mean,next_std,next_S
4601000.0,-0.056471693082484314,0.1673026254319951,128782.76516009329,4601000.0,-0.056471758828338915,0.1673026626768909,128782.82249931546
4601000.0,-0.04782068901525181,0.16372132037480525,123328.2900989855,4601000.0,-0.04782070385590558,0.16372131913479632,123328.28823083323
4601000.0,0.014626808684983783,0.3254723636141188,487394.32585165795,4601000.0,0.014626854814235478,0.3254723765815102,487394.364688953
4601000.0,0.027341212877421663,0.17066117848249712,134005.21930660083,4601000.0,0.027341224720359696,0.17066117847578552,134005.21929606076
4601000.0,0.028099401336092893,0.1863687898790672,159808.0321943853,4601000.0,0.028099403217555077,0.18636878963908907,159808.03178283107
4601000.0,0.059415066555597806,0.4655181183035451,997069.4520752865,4601000.0,0.059415055318734006,0.465518120361696,997069.4608917828
