cur_n,cur_mean,cur_std,cur_S,next_n,next_mean,next_std,next_S
201000.0,-0.04777873842317966,0.17797367261235508,6366.600256769081,201000.0,-0.047778722056145646,0.17797367715750845,6366.600581953974
201000.0,-0.013641913185139583,0.032899471545559125,217.557420823388,201000.0,-0.01364178756833188,0.0328995718355801,217.55874721986353
201000.0,-0.011538480395724247,0.04264897270738167,365.6059094719923,201000.0,-0.011538295843792097,0.04264910289561999,365.60814153803744
201000.0,0.10507638339460325,0.33670696713706305,22787.687925446487,201000.0,0.10507623572454845,0.33670701972929035,22787.695044131127
201000.0,0.0011477796191939373,0.10418990332309655,2181.962726849717,201000.0,0.0011478229954274954,0.10418990466010902,2181.962782849604
201000.0,0.002211372598214913,0.1329301771151489,3551.756829560837,201000.0,0.002211386442590609,0.13293017702974483,3551.7568249970186
