cur_n,cur_mean,cur_std,cur_S,next_n,next_mean,next_std,next_S
3662000.0,-0.0044417786367112405,0.030774399416579445,3468.147120910168,3662000.0,-0.004441780783959436,0.030774399380984096,3468.147112887271
3662000.0,-0.01432896025086799,0.05032580141411108,9274.69718655546,3662000.0,-0.01432896402307358,0.05032580085778759,9274.696981502315
3662000.0,-0.02150332630581039,0.07243908724522677,19216.05702369481,3662000.0,-0.021503326388145023,0.07243908722094586,19216.05701081272
3662000.0,-0.00030380125254711985,0.1632807613637915,97631.14294949739,3662000.0,-0.00030380230964616623,0.16328076137435554,97631.14296213059
3662000.0,-0.0004832086116843376,0.1325742860150369,64363.097085997106,3662000.0,-0.0004832093973945003,0.1325742860206931,64363.09709148915
3662000.0,-0.0005336190091502438,0.13220405619450068,64004.11548080857,3662000.0,-0.00053362057619009,0.13220405622218398,64004.115507613285
