cur_n,cur_mean,cur_std,cur_S,next_n,next_mean,next_std,next_S
3851000.0,-0.05353478537727993,0.16160001167911658,100567.18509633357,3851000.0,-0.05353484121318985,0.16160003032928733,100567.20830914476
3851000.0,-0.045442635347616216,0.15770454682482946,95777.1584676048,3851000.0,-0.045442650941857045,0.15770454530046635,95777.15661605178
3851000.0,0.011535360007648694,0.30444514925079363,356937.0551229036,3851000.0,0.011535295259567601,0.30444517821886413,356937.12304829713
3851000.0,0.0277605860747762,0.1666390748367349,106936.80644166775,3851000.0,0.02776055130166171,0.16663909460146129,106936.83180878944
3851000.0,0.028440225390755927,0.18104840021125002,126230.09291657292,3851000.0,0.028439971558200865,0.18104912532446912,126231.10404168877
3851000.0,0.05755243096724743,0.45207452034548623,787034.1533625111,3851000.0,0.05755199158375095,0.4520753985635362,787037.2112135498
