cur_n,cur_mean,cur_std,cur_S,next_n,next_mean,next_std,next_S
962000.0,-0.007793028001744428,0.015196415242429899,222.15565684398223,962000.0,-0.007793039033845411,0.015196413437244588,222.1556040641525
962000.0,-0.013321514794940896,0.021483552083504005,444.0043757398933,962000.0,-0.013321532553931393,0.02148354813265796,444.0042124342385
962000.0,-0.004316079350592507,0.008586620427188323,70.92830844690467,962000.0,-0.004316089907936424,0.008586621364073148,70.92832392485903
962000.0,-0.0006141790845506562,0.055338065149457535,2945.9339992151536,962000.0,-0.0006141804577613916,0.0553380651506075,2945.9339993375906
962000.0,-0.0009871901696720008,0.06440336862701222,3990.177722667563,962000.0,-0.0009871994255785269,0.06440336912498094,3990.177784371904
962000.0,-0.0006929509657534686,0.04915133802783457,2324.0515767892516,962000.0,-0.0006929526905043904,0.04915133803263009,2324.05157724275
