cur_n,cur_mean,cur_std,cur_S,next_n,next_mean,next_std,next_S
1281000.0,0.1956941578253371,1.5450675281790114,3058046.32695713,1281000.0,0.19569420080429972,1.545067523501169,3058046.3084400636
1281000.0,0.028777761883723964,1.5620414533778395,3125606.056152635,1281000.0,0.02877776071636882,1.5620414533999172,3125606.056240989
1281000.0,0.04284122792124082,1.3840639826155599,2453926.0113142394,1281000.0,0.042841227292274874,1.3840639826351713,2453926.0113837803
1281000.0,0.004066950679733521,0.8489064822635596,923142.6782208658,1281000.0,0.004067066841126003,0.8489064918878297,923142.6991526759
1281000.0,0.005176728921958831,0.7420411828786554,705350.7749896691,1281000.0,0.005176720263685926,0.7420411830038096,705350.7752276012
1281000.0,-0.0005038186671255211,0.6744283503279405,582667.461249092,1281000.0,-0.0005039300271024838,0.6744283620219129,582667.481454937
