cur_n,cur_mean,cur_std,cur_S,next_n,next_mean,next_std,next_S
2151000.0,-0.07762373912057027,0.1831261509071417,72134.18755118633,2151000.0,-0.07762380995273942,0.18312615034870225,72134.18711124286
2151000.0,-0.08278232165843484,0.18199048397033812,71242.27348613522,2151000.0,-0.08278289812384639,0.1819921855933613,71243.60573227126
2151000.0,-0.10070986424933846,0.255001820195598,139870.77177989943,2151000.0,-0.10071059493121591,0.2550037833818959,139872.925438563
2151000.0,0.02776379361704747,0.15557883975548173,52064.471841652674,2151000.0,0.027763779481715455,0.1555788436592439,52064.474454441384
2151000.0,0.028111007428042647,0.12107644917913084,31532.59858007313,2151000.0,0.028111029500729214,0.12107644838213225,31532.598164939773
2151000.0,0.04766531277424334,0.3098346452387913,206490.63839642273,2151000.0,0.047665389063957724,0.30983465370514335,206490.6496812967
