cur_n,cur_mean,cur_std,cur_S,next_n,next_mean,next_std,next_S
3482000.0,-0.01376095471440068,0.024432515018612305,2078.5722052490805,3482000.0,-0.013760956176933743,0.024432514347299476,2078.572091026524
3482000.0,-0.022837743271550706,0.03869211673134061,5212.832201882177,3482000.0,-0.022837744941275447,0.03869211587124736,5212.831970128418
3482000.0,-0.0056553323416210066,0.0094348900884312,309.9577197150665,3482000.0,-0.005655333683009161,0.00943488961641975,309.9576887017558
3482000.0,-0.0006560158560525653,0.05553886814823121,10740.458377399782,3482000.0,-0.0006560176764738856,0.05553886823060982,10740.458409261577
3482000.0,-0.001039825322426064,0.06842766825762835,16303.928017018963,3482000.0,-0.0010398272365655325,0.06842766832176142,16303.928047580319
3482000.0,-0.0007390939974602028,0.047095834965085466,7723.13753062593,3482000.0,-0.000739095923525567,0.04709583507199543,7723.137565689767
