cur_n,cur_mean,cur_std,cur_S,next_n,next_mean,next_std,next_S
2622000.0,-0.005923540438449552,0.033916590693688714,3016.1786958705816,2622000.0,-0.005923542775581079,0.03391659049664259,3016.1786608242332
2622000.0,-0.01581063430739143,0.057063805042539405,8537.960512036183,2622000.0,-0.015810641963800002,0.05706380426794861,8537.960280245627
2622000.0,-0.028960096128210443,0.08398870260031288,18495.855875276535,2622000.0,-0.02896010522772319,0.08398870075517033,18495.85506260794
2622000.0,-0.0003662193025943522,0.164629061732187,71063.35272900267,2622000.0,-0.0003662195671050267,0.16462906173215794,71063.35272897757
2622000.0,-0.000521075578942484,0.14736089280051803,56937.34021010425,2622000.0,-0.0005210732466267526,0.1473608928571585,56937.34025387375
2622000.0,-0.0004666433370383396,0.14898412532240796,58198.61888617351,2622000.0,-0.0004666392737697181,0.148984125480421,58198.6190096248
