cur_n,cur_mean,cur_std,cur_S,next_n,next_mean,next_std,next_S
501000.0,-0.021008616554868915,0.0923314776124744,4271.075980809533,501000.0,-0.021008639313337307,0.09233147383934903,4271.075631734544
501000.0,-0.03417319322940412,0.11173191061217329,6254.493944372388,501000.0,-0.03417318188845663,0.111731914369157,6254.494364986913
501000.0,-0.0201562703662699,0.13329934757832318,8902.126748468112,501000.0,-0.020156288773888736,0.13329934543165564,8902.126461746433
501000.0,0.03515131838760662,0.19626796870594884,19299.078885519615,501000.0,0.035151377526419045,0.19626796257804696,19299.077680403363
501000.0,0.03232050427167415,0.1269065027628142,8068.735482187572,501000.0,0.032320551729783084,0.1269064951219373,8068.734510571283
501000.0,0.05627205936882392,0.4719404896238218,111586.64069893268,501000.0,0.056272040139586026,0.47194049211290046,111586.64187597908
