cur_n,cur_mean,cur_std,cur_S,next_n,next_mean,next_std,next_S
2551000.0,-0.013736252934119326,0.16020886460801825,65476.21164272431,2551000.0,-0.013736226806587436,0.16020887228307892,65476.217916208756
2551000.0,-0.023659441083288962,0.033650149691317285,2888.580396906803,2551000.0,-0.023659462978789514,0.033650152468586866,2888.580873716973
2551000.0,-0.0010053888475769867,0.03495604093286458,3117.1301589329646,2551000.0,-0.0010054311445648642,0.03495610499579611,3117.1415842931374
2551000.0,0.10608651625084045,0.4559291321325391,530279.8738677094,2551000.0,0.10608648234891219,0.4559291432362773,530279.8996966751
2551000.0,-9.046724995843881e-05,0.09383987310387715,22463.906471371152,2551000.0,-9.045872019007027e-05,0.09383987410103131,22463.906948779684
2551000.0,0.0029675653902089673,0.08600697232983139,18870.25538711752,2551000.0,0.00296754867820034,0.0860069770483993,18870.257457660904
