cur_n,cur_mean,cur_std,cur_S,next_n,next_mean,next_std,next_S
2422000.0,-0.011184261534531087,0.021419333089928876,1111.184124301954,2422000.0,-0.011184261402537433,0.021419333159835074,1111.1841315550892
2422000.0,-0.01864715009278158,0.032618423239053534,2576.9148368061105,2422000.0,-0.018647149496257676,0.03261842359328145,2576.914892775412
2422000.0,-0.0047801185438051015,0.009511604658374605,219.119849335211,2422000.0,-0.004780118255037103,0.00951160481411318,219.11985651074338
2422000.0,-0.00045519780334464695,0.051565449905736443,6440.087401282017,2422000.0,-0.00045520654662598237,0.051565451623839874,6440.087830435121
2422000.0,-0.0007116786599768829,0.06386150238592374,9877.621981483348,2422000.0,-0.0007116865911751661,0.06386150349037695,9877.622323140557
2422000.0,-0.0005206834439273961,0.04336998012478574,4555.67343633088,2422000.0,-0.0005206919005436822,0.0433699820201201,4555.67383451066
