cur_n,cur_mean,cur_std,cur_S,next_n,next_mean,next_std,next_S
42000.0,0.001301024929250944,0.01796759131586523,13.559042183146138,42000.0,0.00130121324392129,0.01796761912652217,13.559084157182138
42000.0,-0.008328160822559294,0.027198202586333684,31.06917340494443,42000.0,-0.008327952521791268,0.027198299868838607,31.06939566172118
42000.0,-0.005459720830276628,0.029431635356918198,36.38128871086909,42000.0,-0.005459995006132031,0.029431638131455398,36.38129557023945
42000.0,0.0001030905839255466,0.14877597303454967,929.6401863998361,42000.0,0.00010260529746207657,0.14877600661169343,929.6406060195511
42000.0,9.142523768317903e-05,0.0918289037170754,354.16699743095603,42000.0,9.07131083822736e-05,0.09182902039642887,354.1678974526455
42000.0,-0.0009715121250428476,0.08164403585813816,279.9614408306079,42000.0,-0.0009720879517580106,0.08164411429023653,279.96197872596264
