cur_n,cur_mean,cur_std,cur_S,next_n,next_mean,next_std,next_S
1542000.0,-0.007736282647271896,0.038201937609425286,2250.376353230439,1542000.0,-0.007736284319779764,0.038201937327181454,2250.3763199779455
1542000.0,-0.01449780120731321,0.060665376158060606,5675.00388690324,1542000.0,-0.01449780476746964,0.06066537546833747,5675.003757861545
1542000.0,-0.03183205275546274,0.08930207097415607,12297.233935381286,1542000.0,-0.0318320559428813,0.08930206992570065,12297.23364662871
1542000.0,-0.00041455377863304873,0.15389827853637128,36521.77677041903,1542000.0,-0.0004145522838108685,0.15389827855159402,36521.77677764408
1542000.0,-0.00048584578249251885,0.15597832664878586,37515.68558836754,1542000.0,-0.0004858436697457857,0.15597832667742892,37515.68560214592
1542000.0,-0.0004234218464826295,0.15955137304862724,39254.13986950481,1542000.0,-0.0004234198574526548,0.15955137307302325,39254.13988150903
