cur_n,cur_mean,cur_std,cur_S,next_n,next_mean,next_std,next_S
1051000.0,-0.02297155529312406,0.08224227592229787,7108.745338272222,1051000.0,-0.022971559339935894,0.08224227489660021,7108.745160956523
1051000.0,-0.02101620271421068,0.07954414647986609,6649.962072410123,1051000.0,-0.021016196336547947,0.0795441484336062,6649.962399078982
1051000.0,-0.003875121694079225,0.09272796878866763,9036.998481651397,1051000.0,-0.00387508851714659,0.0927279764129767,9036.999967737487
1051000.0,0.033032380811799926,0.13651111637526198,19585.68442361536,1051000.0,0.033032427947605615,0.13651111352229864,19585.683604967897
1051000.0,0.033241775787799514,0.14259218204888935,21369.489430918242,1051000.0,0.03324175557466663,0.14259218826678755,21369.49129460125
1051000.0,0.04948754530153185,0.3529203912221031,130904.99546992077,1051000.0,0.04948753243782221,0.3529203932722823,130904.99699082297
