cur_n,cur_mean,cur_std,cur_S,next_n,next_mean,next_std,next_S
1391000.0,-0.3651573185153215,1.3838708972632132,2663902.2364662983,1391000.0,-0.36515730741279623,1.3838709002547296,2663902.247983423
1391000.0,-0.42088037028187086,1.3936510330139578,2701688.1137328325,1391000.0,-0.420880305007485,1.3936510548530847,2701688.1984061245
1391000.0,-0.19599699166180654,1.0192880526636967,1445176.8548154049,1391000.0,-0.1959970301396919,1.0192880462750935,1445176.8366995025
1391000.0,0.10292905209008205,0.8234239343445193,943135.5231311074,1391000.0,0.10292907770251228,0.8234239316970043,943135.5170662719
1391000.0,0.09346749776724653,0.7588342856746187,800978.7971033946,1391000.0,0.09346752030121332,0.758834283364449,800978.7922264484
1391000.0,0.09004709956276252,0.6416630480479169,572718.4709171292,1391000.0,0.09004711071847286,0.6416630466172715,572718.4683632747
