cur_n,cur_mean,cur_std,cur_S,next_n,next_mean,next_std,next_S
2261000.0,-0.3140824511190924,1.3337871366473542,4022292.1526281275,2261000.0,-0.31408242913118,1.3337871422349445,4022292.186329039
2261000.0,-0.3676181397471731,1.3291781119186856,3994541.378693616,2261000.0,-0.36761799194042816,1.3291781713797537,3994541.736086955
2261000.0,-0.19220650071547046,0.990512178657757,2218299.6042927695,2261000.0,-0.19220651458003818,0.9905121761867314,2218299.593224808
2261000.0,0.09839545484334047,0.8379676463233982,1587651.084179878,2261000.0,0.09839519927195266,0.8379677644516096,1587651.5318019239
2261000.0,0.0911928200184842,0.7518207911967927,1277995.209193319,2261000.0,0.09119293361812111,0.751820796822482,1277995.2283191644
2261000.0,0.09865759966095196,0.6538313509291207,966567.1795700836,2261000.0,0.09865763380116226,0.6538313477929275,966567.1702975354
