cur_n,cur_mean,cur_std,cur_S,next_n,next_mean,next_std,next_S
411000.0,-0.026274933311717315,1.1366533940552095,531004.1656072803,411000.0,-0.026274307943527184,1.1366534792169245,531004.2451763512
411000.0,-0.12044351683654582,1.0919657065786645,490071.9218853191,411000.0,-0.12044324111516111,1.0919657512974552,490071.96202471905
411000.0,-0.1003429993097746,0.8068230604698402,267545.9783223329,411000.0,-0.10034295904801138,0.8068230658899924,267545.98191702424
411000.0,0.09013746991241742,1.4551433766303523,870268.7633325364,411000.0,0.09013703719964654,1.4551434298769281,870268.8270222502
411000.0,0.10608163709636598,1.3096978764096476,704991.8047909677,411000.0,0.10608198359946085,1.309697867182756,704991.7948575575
411000.0,0.09303634029199707,0.7561517697978445,234995.62007601748,411000.0,0.09303628805762074,0.7561517769662215,234995.62453157062
