cur_n,cur_mean,cur_std,cur_S,next_n,next_mean,next_std,next_S
2161000.0,-0.3432216874395622,1.364979453455925,4026308.010959122,2161000.0,-0.3432217085401751,1.364979448502627,4026307.981737431
2161000.0,-0.40093117075014695,1.3767357946857992,4095962.5299257096,2161000.0,-0.4009311401679955,1.3767358043259539,4095962.5872870605
2161000.0,-0.18912209372693164,1.011804176721794,2212318.7624804336,2161000.0,-0.18912206276297125,1.0118041835333083,2212318.7922673053
2161000.0,0.10414968525398866,0.839378687334698,1522546.7710044684,2161000.0,0.10414970250074435,0.839378685577597,1522546.7646300667
2161000.0,0.09420203656237555,0.7627173275108483,1257135.2165619133,2161000.0,0.09420203908449205,0.7627173272083616,1257135.2155647767
2161000.0,0.09466152920306672,0.6499237513050151,912808.3071049378,2161000.0,0.09466152776394691,0.6499237515180531,912808.3077033557
