cur_n,cur_mean,cur_std,cur_S,next_n,next_mean,next_std,next_S
841000.0,-0.37782990549894563,1.3756165740926813,1591441.9264504462,841000.0,-0.37783045989657343,1.375616515773639,1591441.791512603
841000.0,-0.4193033802037537,1.3671814042041144,1571984.57827329,841000.0,-0.4193030842875309,1.367181521891753,1571984.8489076917
841000.0,-0.20888605430339505,1.0258595995040827,885058.2389494232,841000.0,-0.2088859612221246,1.0258596220087413,885058.2777811188
841000.0,0.1047899391590189,0.7889956199173542,523534.3482172156,841000.0,0.10479097878933824,0.7889960578742644,523534.9294258899
841000.0,0.09210066487632056,0.7310509498490659,449460.24816246127,841000.0,0.09210023103841604,0.7310511127668631,449460.44849071937
841000.0,0.08680620394236543,0.6264278518160169,330018.3688194278,841000.0,0.08680605881748328,0.6264278860641163,330018.404904995
