cur_n,cur_mean,cur_std,cur_S,next_n,next_mean,next_std,next_S
4631000.0,-0.30569983747388285,1.337719255132067,8287141.182507108,4631000.0,-0.3056998316121337,1.3377192565311604,8287141.199841813
4631000.0,-0.38760434413688716,1.35720531426593,8530331.013546959,4631000.0,-0.38760436554287303,1.3572053089344183,8530330.946527533
4631000.0,-0.21377744760747994,1.0017589685598636,4647305.894978355,4631000.0,-0.21377745312178778,1.001758967453426,4647305.884712502
4631000.0,0.09653652110792663,0.8240176395442347,3144472.480466922,4631000.0,0.09653653632311743,0.8240176384122684,3144472.471827697
4631000.0,0.08863200171748056,0.7320175082812362,2481519.6477845795,4631000.0,0.08863200648228023,0.7320175077761298,2481519.6443599854
4631000.0,0.09768668791123143,0.6392252703383118,1892268.0300332159,4631000.0,0.09768668681995833,0.6392252705093621,1892268.0310459195
