cur_n,cur_mean,cur_std,cur_S,next_n,next_mean,next_std,next_S
921000.0,-0.3773540829972356,1.3762396676034907,1744406.8084932228,921000.0,-0.37735432798241864,1.376239620512832,1744406.6891168286
921000.0,-0.42475671811791654,1.380894556555954,1756227.063996122,921000.0,-0.4247575848538567,1.3808945404719672,1756227.023084768
921000.0,-0.20640777253427256,1.0238404983820508,965437.6662031568,921000.0,-0.2064079249850119,1.0238404781010955,965437.6279550154
921000.0,0.10437715410667046,0.79553886975,582884.407913742,921000.0,0.10437746981521166,0.7955388860233622,582884.4317604441
921000.0,0.09421452741527508,0.7355320900496416,498267.8665088633,921000.0,0.09421664904985098,0.7355346364642673,498271.31652497075
921000.0,0.08727958582534398,0.6267384642020876,361769.8154120704,921000.0,0.08728003585610843,0.6267385503391124,361769.9148531596
