cur_n,cur_mean,cur_std,cur_S,next_n,next_mean,next_std,next_S
3631000.0,-0.31124208483036503,1.3470002729653785,6588121.749124128,3631000.0,-0.31124172641564535,1.3470005289228657,6588124.252879
3631000.0,-0.3850358274020662,1.3636249908942415,6751746.883438283,3631000.0,-0.38503578886393525,1.3636250037533184,6751747.010777155
3631000.0,-0.1622828756917736,0.978986197102967,3480001.1400229274,3631000.0,-0.16228283580638764,0.9789862066647591,3480001.208001511
3631000.0,0.09891550578887372,0.8561197310957873,2661308.7491106004,3631000.0,0.09891510179268496,0.8561201238847109,2661311.1911354735
3631000.0,0.09438498933073325,0.7679780038755464,2141528.2686195443,3631000.0,0.09438499553617366,0.7679780032039163,2141528.2648738255
3631000.0,0.09247914109471977,0.6562292632473306,1563642.3876158893,3631000.0,0.09247908199567255,0.6562292812386311,1563642.4733540975
