cur_n,cur_mean,cur_std,cur_S,next_n,next_mean,next_std,next_S
2962000.0,-0.012542776490918667,0.022574064701636972,1509.4008323692367,2962000.0,-0.012542777064502342,0.02257406440452184,1509.4007926363993
2962000.0,-0.02072958650947429,0.034853424340775596,3598.122639679935,2962000.0,-0.020729587079955227,0.03485342401530483,3598.122572479438
2962000.0,-0.005380414024191879,0.009206666285146423,251.06712950288556,2962000.0,-0.005380414587019629,0.009206666007184216,251.06711434274604
2962000.0,-0.0006380593092615673,0.05517721983825563,9017.884794852564,2962000.0,-0.0006380575153902232,0.05517721994536959,9017.884829864886
2962000.0,-0.001026893296561269,0.06713620467702557,13350.533676125862,2962000.0,-0.0010268914185235158,0.06713620478355548,13350.53371849439
2962000.0,-0.0007208764321896121,0.047198116113048874,6598.335331606939,2962000.0,-0.0007208746073723314,0.04719811624540652,6598.335368614354
