cur_n,cur_mean,cur_std,cur_S,next_n,next_mean,next_std,next_S
2841000.0,-0.299563467392636,1.322741162725024,4970739.12551427,2841000.0,-0.29956344636439053,1.3227411679622918,4970739.164876605
2841000.0,-0.35996355152782983,1.322625602942769,4969870.637475173,2841000.0,-0.35996359739070766,1.3226255927198993,4969870.560648687
2841000.0,-0.19040168772592778,0.9858284143740192,2761047.6194102154,2841000.0,-0.19040169429767612,0.9858284131670001,2761047.6126491255
2841000.0,0.0967791906126506,0.8375453020219856,1992910.7396799806,2841000.0,0.09677918705666856,0.8375453024543412,1992910.741737532
2841000.0,0.08649483934723327,0.7424796045561866,1566175.0113998097,2841000.0,0.08649491382605215,0.7424796064924057,1566175.0195682715
2841000.0,0.09675755891038293,0.6524945174245729,1209553.1796595878,2841000.0,0.09675756501012808,0.6524945166010155,1209553.1766062703
