cur_n,cur_mean,cur_std,cur_S,next_n,next_mean,next_std,next_S
1891000.0,-0.35326422432618443,1.3730970739108337,3565283.031157295,1891000.0,-0.35326440616014415,1.3730970498966093,3565282.9064501524
1891000.0,-0.41150659143307405,1.3862577167671462,3633954.4747476075,1891000.0,-0.41150663105906826,1.3862577060752874,3633954.4186920463
1891000.0,-0.1876254186001175,1.0111739812711056,1933496.1033757536,1891000.0,-0.18762538942989287,1.0111739874793513,1933496.1271176997
1891000.0,0.10287897848555003,0.830107505844548,1303047.3891516316,1891000.0,0.10287929605452042,0.8301075813558524,1303047.6262168598
1891000.0,0.09556113597529955,0.7630127288553208,1100918.310531405,1891000.0,0.09556110083065202,0.7630127347874525,1100918.3276498413
1891000.0,0.09085855038986171,0.6462839598645654,789838.4712676201,1891000.0,0.090858568866328,0.6462839577664433,789838.4661392936
