cur_n,cur_mean,cur_std,cur_S,next_n,next_mean,next_std,next_S
311000.0,-0.320490349753234,1.2741589643838778,504902.61168765655,311000.0,-0.3204903956477909,1.2741589530970394,504902.6027425339
311000.0,-0.36370374522564164,1.242155194268087,479857.30278727587,311000.0,-0.36370364306470687,1.2421552254873993,479857.3269079578
311000.0,-0.21821289591876877,0.9969564389811921,309109.7859213045,311000.0,-0.21821302464082337,0.9969564133910277,309109.770052667
311000.0,0.10789502486125167,0.7787286509317003,188596.09496417272,311000.0,0.10789450411310554,0.7787287772327822,188596.15614053432
311000.0,0.09554280229441635,0.7174372001803753,160076.71835902598,311000.0,0.09554285853880412,0.7174371933758351,160076.7153225276
311000.0,0.09700176808869583,0.6235362576715177,120916.01150024138,311000.0,0.09700188186988377,0.6235362431994613,120916.00588740561
