cur_n,cur_mean,cur_std,cur_S,next_n,next_mean,next_std,next_S
1701000.0,-0.028448629418282252,0.09680440088411434,15940.227543935469,1701000.0,-0.028448635304725103,0.09680439945865342,15940.227074490465
1701000.0,-0.02814136660473553,0.09789791572478171,16302.387237439241,1701000.0,-0.028141351944602766,0.09789792180606864,16302.389262804068
1701000.0,-0.015315321251711613,0.1001597244612502,17064.38165746521,1701000.0,-0.01531532416870139,0.10015972408747116,17064.381530102473
1701000.0,0.03316600506149643,0.14439192228935754,35464.19530532939,1701000.0,0.03316602475069558,0.14439192005029006,35464.19420545172
1701000.0,0.03447604107619889,0.15126451253496925,38920.500631903626,1701000.0,0.03447604396399662,0.15126451192367665,38920.5003173313
1701000.0,0.048060549158784854,0.34262077792832313,199678.68469342406,1701000.0,0.048060545318869996,0.34262077850355654,199678.68536391374
