cur_n,cur_mean,cur_std,cur_S,next_n,next_mean,next_std,next_S
971000.0,-0.020424692510403197,1.1564517531645864,1298596.6183329192,971000.0,-0.020424754639980162,1.1564517536878538,1298596.6195080888
971000.0,-0.08266240742159676,1.1121930353072986,1201101.1207002662,971000.0,-0.08266247781830621,1.1121930322383675,1201101.1140717468
971000.0,-0.12422048190098138,0.844388321226226,692314.8795495701,971000.0,-0.12422050679756615,0.8443883179200199,692314.8741280463
971000.0,0.1017442306909625,1.3711982778568372,1825659.360398827,971000.0,0.10174421308515295,1.3711982792729565,1825659.3641697646
971000.0,0.1069482083364343,1.211150585482071,1424346.0542328702,971000.0,0.10694818310295152,1.2111505879655473,1424346.0600741415
971000.0,0.09983466401388023,0.718938372394639,501883.0841857104,971000.0,0.09983464927786376,0.7189383745875666,501883.0872474284
