cur_n,cur_mean,cur_std,cur_S,next_n,next_mean,next_std,next_S
1071000.0,-0.3730175571476752,1.3830674938597411,2048689.8667440389,1071000.0,-0.3730192028430024,1.3830680986219237,2048691.6583708853
1071000.0,-0.43030857118552573,1.3887187187220182,2065465.9969896774,1071000.0,-0.43030997526704634,1.3887190438558417,2065466.9641444029
1071000.0,-0.20954362349327854,1.0307596063156867,1137900.4069989268,1071000.0,-0.20954325617549127,1.0307597510826527,1137900.726628062
1071000.0,0.10330685617209356,0.8099671235484173,702626.0598565771,1071000.0,0.10330946612199422,0.8099712942135934,702633.2957689965
1071000.0,0.09606929782704353,0.7444256631279569,593515.6072460668,1071000.0,0.0960703956736719,0.7444263884527283,593516.7638203312
1071000.0,0.09049664159114783,0.6322445474526994,428114.22269630915,1071000.0,0.09049608097899178,0.6322448938905519,428114.6918660732
