cur_n,cur_mean,cur_std,cur_S,next_n,next_mean,next_std,next_S
891000.0,-0.37797326524907127,1.3741739934849386,1682523.5604539765,891000.0,-0.37797346159343087,1.3741739519775098,1682523.4588114975
891000.0,-0.4219230210723231,1.3765735914542523,1688404.7737461296,891000.0,-0.4219233918180301,1.3765735223034854,1688404.6041155588
891000.0,-0.20761258538602287,1.0249465968880307,936009.3340868684,891000.0,-0.2076124922333338,1.0249466195286656,936009.3754389661
891000.0,0.10540322719967493,0.7931028154638321,560449.7596239217,891000.0,0.1054036804842418,0.7931028706366771,560449.8376002148
891000.0,0.09334406393656168,0.7339467027509218,479961.8863687444,891000.0,0.09334478486123364,0.7339469265361794,479962.17905596644
891000.0,0.0873600606292097,0.6274414700727358,350771.37334502884,891000.0,0.08735996006717174,0.6274414912544847,350771.3970283576
