cur_n,cur_mean,cur_std,cur_S,next_n,next_mean,next_std,next_S
351000.0,-0.026652511948490908,0.09516782820880637,3178.9773496192897,351000.0,-0.026652514505125978,0.09516782750485464,3178.9773025898126
351000.0,-0.027111091927909482,0.09885177987703299,3429.8577090849412,351000.0,-0.027111093072216687,0.09885177956551953,3429.857687467793
351000.0,-0.03339821667712905,0.13089966572893577,6014.287593269441,351000.0,-0.033398114385389636,0.13089970585675018,6014.291280677684
351000.0,0.03298077982478392,0.13644663797364318,6534.807440022967,351000.0,0.03298077203252431,0.13644663993522207,6534.807627913862
351000.0,0.032929213819797604,0.14995214974503607,7892.462171818361,351000.0,0.032929151996898186,0.1499521677944669,7892.464071817244
351000.0,0.04716260320442057,0.24558602277224204,21169.685597961954,351000.0,0.047162503925516165,0.24558604888132995,21169.69009920519
