cur_n,cur_mean,cur_std,cur_S,next_n,next_mean,next_std,next_S
31000.0,-0.18945304863527285,1.3602480423378038,57358.51683719866,31000.0,-0.18947036222652405,1.3602490465839363,57358.60153070773
31000.0,-0.326392819752449,1.1513139918249196,41091.24114092676,31000.0,-0.32638614153074974,1.1513164854775886,41091.41914170645
31000.0,-0.22292280667413344,0.9148309159031824,25944.383745459923,31000.0,-0.22292120967103515,0.9148313482656305,25944.40826885485
31000.0,0.06029554341929104,0.8604904986012597,22953.760843674383,31000.0,0.06027539561107014,0.8604992221859717,22954.226252862536
31000.0,0.10084387818955613,0.7863336783388022,19167.940264384757,31000.0,0.10084297338386712,0.7863338105131394,19167.94670823953
31000.0,0.12363750922693993,0.6470449386381752,12978.681731135677,31000.0,0.12363858247721547,0.6470447611533462,12978.674611015718
