cur_n,cur_mean,cur_std,cur_S,next_n,next_mean,next_std,next_S
1471000.0,0.17996892295544878,1.5693958483462167,3623077.8966741282,1471000.0,0.1799689638021098,1.5693958444440987,3623077.878657415
1471000.0,0.03818739061283628,1.5845817236057622,3693532.7802533363,1471000.0,0.038187387514419704,1.5845817236849056,3693532.780622289
1471000.0,0.03802435947204719,1.428748489839042,3002785.025656712,1471000.0,0.03802436124118101,1.4287484897935154,3002785.0254653464
1471000.0,0.011201246243451762,0.8323714102196846,1019170.8240546776,1471000.0,0.011201332138551366,0.8323714155830676,1019170.8371887266
1471000.0,0.00026005220256499465,0.7227584162133861,768420.5801929121,1471000.0,0.0002600471538187058,0.7227584162411754,768420.5802520022
1471000.0,0.0006207092790407024,0.6594747005747041,639748.0215068987,1471000.0,0.0006206143058925567,0.6594747107237884,639748.041197894
