cur_n,cur_mean,cur_std,cur_S,next_n,next_mean,next_std,next_S
3291000.0,-0.3182350299987671,1.3550132073700247,6042476.066956441,3291000.0,-0.3182367841541514,1.3550165321076422,6042505.719320004
3291000.0,-0.3870179683621693,1.366279634145581,6143375.647299114,3291000.0,-0.3870194007072833,1.3662816993026414,6143394.21896609
3291000.0,-0.16732692850772496,0.9868091517526489,3204750.465825337,3291000.0,-0.16732801612035023,0.9868109398134745,3204762.0796089037
3291000.0,0.10094893635191891,0.8549223741556283,2405366.44685277,3291000.0,0.1009494057662006,0.8549227428422671,2405368.5214894586
3291000.0,0.09379549358695582,0.7688991947800053,1945658.8529744237,3291000.0,0.0937957534428995,0.7688993075896162,1945659.4238920049
3291000.0,0.09378166245638003,0.6565785094376635,1418734.7608312685,3291000.0,0.09378207061101161,0.6565788686431742,1418736.313174138
