cur_n,cur_mean,cur_std,cur_S,next_n,next_mean,next_std,next_S
4861000.0,-0.3060397014293293,1.3367967385143393,8686731.053218618,4861000.0,-0.3060396880242312,1.3367967419099875,8686731.097349608
4861000.0,-0.38480464509698237,1.3568596114046634,8949431.572602563,4861000.0,-0.3848046547615121,1.3568596088311604,8949431.538654484
4861000.0,-0.21432763242275285,0.9999237873013347,4860259.088378089,4861000.0,-0.21432762136672984,0.9999237899682534,4860259.114303896
4861000.0,0.0965666878481946,0.8229917249797084,3292430.059190854,4861000.0,0.09656670332306823,0.8229917238711781,3292430.0503213643
4861000.0,0.08648961398710647,0.7302063916258903,2591891.880818904,4861000.0,0.08648961245353236,0.7302063918153848,2591891.8821641384
4861000.0,0.09772552865564485,0.6385429490028779,1982010.0320231998,4861000.0,0.0977255179370701,0.6385429510805735,1982010.0449213563
