cur_n,cur_mean,cur_std,cur_S,next_n,next_mean,next_std,next_S
551000.0,0.17692327014404638,1.4093568908605631,1094444.0520447004,551000.0,0.17692338271448382,1.4093568792062037,1094444.0339441833
551000.0,-0.025940325555399716,1.3973756451476873,1075914.9402022052,551000.0,-0.025940330391795774,1.397375645062493,1075914.9400710138
551000.0,0.051633360767559006,1.2318665589634405,836139.8657199278,551000.0,0.05163334740868106,1.2318665595632534,836139.8665341838
551000.0,0.004207611279729669,0.944708624463959,491753.3862102585,551000.0,0.004207856005472445,0.9447086408395243,491753.40325835056
551000.0,0.023676807259920905,0.8147005273979075,365719.0590876782,551000.0,0.02367679196097586,0.814700527921677,365719.05955791846
551000.0,0.002793969164954268,0.7586046086107514,317090.00466521474,551000.0,0.0027937477892951055,0.7586046272238133,317090.02022540476
