cur_n,cur_mean,cur_std,cur_S,next_n,next_mean,next_std,next_S
5091000.0,-0.3078792694701084,1.3399656059095484,9140930.337179584,5091000.0,-0.30787925904313934,1.3399656085119025,9140930.372684881
5091000.0,-0.3888764579916344,1.3616395514278068,9439031.006451735,5091000.0,-0.38887647001317216,1.3616395482647532,9439030.962598482
5091000.0,-0.21544450258147174,1.0012431281059773,5103665.397840941,5091000.0,-0.21544449666150853,1.0012431294689275,5103665.411735752
5091000.0,0.09632025920618993,0.8226944188654569,3445721.709883605,5091000.0,0.09632023930803896,0.8226944224201866,3445721.7396604195
5091000.0,0.08669810205406608,0.7305185917677213,2716849.889167038,5091000.0,0.08669810493204484,0.7305185914550352,2716849.8868412348
5091000.0,0.09659308724441885,0.637879374573432,2071477.4813130274,5091000.0,0.09659309445073248,0.6378793736894073,2071477.4755713863
