cur_n,cur_mean,cur_std,cur_S,next_n,next_mean,next_std,next_S
1021000.0,-0.35964180013170555,1.370017392214806,1916363.5557254495,1021000.0,-0.3596418862201555,1.3700173723774185,1916363.5002288609
1021000.0,-0.40470465152003954,1.34569696234037,1848929.2210555938,1021000.0,-0.4047051223426083,1.3456969048388039,1848929.063046284
1021000.0,-0.22151817442300223,1.0471257112511057,1119498.17252156,1021000.0,-0.22151811306927863,1.047125726065601,1119498.204198369
1021000.0,0.09855071027298128,0.8044806596457956,660780.1035107612,1021000.0,0.09855091268711179,0.8044806608488677,660780.1054871073
1021000.0,0.09433203622772847,0.7462262632909646,568547.5623817252,1021000.0,0.09433187309854738,0.7462263021173712,568547.6215451732
1021000.0,0.09227512857675452,0.6309540290888964,406463.1495468057,1021000.0,0.09227499100925249,0.6309540645196344,406463.1951960577
