cur_n,cur_mean,cur_std,cur_S,next_n,next_mean,next_std,next_S
1371000.0,-0.34122264115043766,1.3608098648261227,2538822.582333292,1371000.0,-0.34122270946729705,1.3608098500467842,2538822.5271865455
1371000.0,-0.38727808450034934,1.338798582088312,2457355.233103696,1371000.0,-0.3872781317358857,1.3387985695668374,2457355.187137542
1371000.0,-0.20258317227737305,1.0141132327659885,1409971.564602256,1371000.0,-0.20258317915922844,1.0141132314232617,1409971.560868538
1371000.0,0.09615168129855428,0.8148179738874741,910245.7412115913,1371000.0,0.0961517128562418,0.8148179710013663,910245.73476336
1371000.0,0.09593194452068582,0.7559449077564291,783461.6565847031,1371000.0,0.09593189646219728,0.7559449159496052,783461.6735675265
1371000.0,0.09313882845868467,0.6357571592102617,554140.6038828169,1371000.0,0.0931388010531798,0.6357571640350098,554140.6122935405
