cur_n,cur_mean,cur_std,cur_S,next_n,next_mean,next_std,next_S
661000.0,0.1610742654730722,1.4325637279595373,1356529.8697137814,661000.0,0.16107433566746532,1.4325637212038032,1356529.8569194393
661000.0,-0.016674074181333542,1.410739505063734,1315512.9137084768,661000.0,-0.0166740765247583,1.4107395050373026,1315512.9136591826
661000.0,0.04057334095577737,1.253953104494471,1039355.3346473437,661000.0,0.04057332876010077,1.2539531049282469,1039355.3353664253
661000.0,0.012883666444344233,0.9315338244439839,573586.2308810183,661000.0,0.012883909929864176,0.9315338421102539,573586.2526368131
661000.0,0.01948840629302217,0.8014986059797476,424626.41017112345,661000.0,0.019488390749184854,0.8014986064573282,424626.41067715886
661000.0,0.0072269598404707276,0.7432901470644102,365189.4404399245,661000.0,0.007226765029366576,0.7432901658333715,365189.4588828612
