cur_n,cur_mean,cur_std,cur_S,next_n,next_mean,next_std,next_S
3682000.0,-0.004419823332536639,0.03070856966643854,3472.1858360292313,3682000.0,-0.0044198261561521285,0.030708569738017093,3472.1858522158554
3682000.0,-0.014294226835149096,0.05021027582728534,9282.58636263694,3682000.0,-0.014294231834888049,0.050210275320474264,9282.586175244318
3682000.0,-0.021393823230583548,0.07226152474061501,19226.402340761408,3682000.0,-0.021393824009117404,0.07226152452555173,19226.402226318965
3682000.0,-0.0003032493266026356,0.16304760524276712,97884.20844062729,3682000.0,-0.0003032498743902856,0.16304760524513673,97884.20844347245
3682000.0,-0.0004820378540579425,0.13230218452371015,64449.24208552422,3682000.0,-0.00048203750742024655,0.13230218452663836,64449.242088377105
3682000.0,-0.0005347949364616078,0.13191394666445524,64071.547293150485,3682000.0,-0.0005347967543694438,0.13191394670320572,64071.54733079326
