cur_n,cur_mean,cur_std,cur_S,next_n,next_mean,next_std,next_S
4382000.0,-0.014779672614914276,0.025637958621893716,2880.3101695095484,4382000.0,-0.014779672454560654,0.025637958716530355,2880.310190773556
4382000.0,-0.02451846394449882,0.04090119497157031,7330.681760948754,4382000.0,-0.024518463781632107,0.04090119507062536,7330.681796455836
4382000.0,-0.005805267617190497,0.009460200540066127,392.168817639728,4382000.0,-0.00580526744068611,0.00946020065559308,392.1688272179749
4382000.0,-0.000649301957625842,0.05520024851828789,13352.249506658622,4382000.0,-0.0006493006466380989,0.05520024860192551,13352.249547120411
4382000.0,-0.0010244201807717472,0.06859737346091158,20619.93764761417,4382000.0,-0.0010244188844806207,0.06859737353393952,20619.93769151765
4382000.0,-0.0007375794544221664,0.046443372864062825,9451.916521263789,4382000.0,-0.0007375781188005545,0.046443372969428166,9451.916564150615
