cur_n,cur_mean,cur_std,cur_S,next_n,next_mean,next_std,next_S
742000.0,0.0002772980783342506,0.013898170677142989,143.3240879428799,742000.0,0.000277297317672552,0.013898170707765195,143.32408857445944
742000.0,-0.007411023560039373,0.02020648230308207,302.96002988205856,742000.0,-0.007411025051787286,0.020206481796819293,302.9600147010505
742000.0,-0.005823307517426372,0.014281858790945545,151.34684596918532,742000.0,-0.0058233106259444984,0.014281857774486297,151.34682442606578
742000.0,-0.0001861541677953785,0.11423244674660157,9682.39650216865,742000.0,-0.00018615324151970768,0.11423244675089658,9682.396502896747
742000.0,-0.00014874869077761806,0.06933121894987081,3566.6588974375936,742000.0,-0.0001487475824527853,0.0693312189588237,3566.6588983587353
742000.0,-0.0007466103982885223,0.059843549630287034,2657.2878208056495,742000.0,-0.000746609217541335,0.05984354965366048,2657.2878228813947
