cur_n,cur_mean,cur_std,cur_S,next_n,next_mean,next_std,next_S
2242000.0,-0.010791579470332957,0.020789513645187052,969.0010935868646,2242000.0,-0.010791576675913931,0.020789515516795424,969.0012680585402
2242000.0,-0.01796495924787225,0.03140712732951749,2211.525944781439,2242000.0,-0.017964953847244287,0.031407131459725166,2211.526526436803
2242000.0,-0.004687157970015589,0.009422035798176865,199.03300874112728,2242000.0,-0.004687164278865948,0.009422037395176526,199.03307621182708
2242000.0,-0.0004579482759040656,0.051506531344134195,5947.852852815792,2242000.0,-0.0004579433670297058,0.051506531912231084,5947.852984020773
2242000.0,-0.0007131780331468063,0.06350813378373982,9042.620613106592,2242000.0,-0.0007131756087943976,0.06350813391470862,9042.62065040264
2242000.0,-0.0005231435190032216,0.043487045412927194,4239.898032228514,2242000.0,-0.000523129102768174,0.043487050943691534,4239.899110705018
