cur_n,cur_mean,cur_std,cur_S,next_n,next_mean,next_std,next_S
4282000.0,-0.014745996064036194,0.025567845080776815,2799.2063542834508,4282000.0,-0.01474599596970261,0.02556784513592709,2799.206366359322
4282000.0,-0.024426872902595452,0.040770654933136884,7117.738672344568,4282000.0,-0.024426873014359952,0.0407706548668338,7117.738649194192
4282000.0,-0.0058016312468919745,0.009461473203040326,383.3223926858624,4282000.0,-0.005801630669056654,0.00946147363291513,383.3224275177832
4282000.0,-0.0006497684217636819,0.05520552257374729,13050.036112346714,4282000.0,-0.0006497674520016431,0.05520552262163284,13050.036134986049
4282000.0,-0.0010233564311642879,0.0685752555025028,20136.386187094024,4282000.0,-0.0010233555546840822,0.0685752555395652,20136.38620885997
4282000.0,-0.0007373192613143927,0.046462311430540054,9243.752014012087,4282000.0,-0.0007373197460860541,0.04646231143367526,9243.752015259597
