cur_n,cur_mean,cur_std,cur_S,next_n,next_mean,next_std,next_S
1711000.0,0.17973017410849804,1.580984573438755,4276665.410903213,1711000.0,0.1797302095719105,1.5809845700877516,4276665.392773851
1711000.0,0.03406475024789459,1.5968599176720384,4362984.291898177,1711000.0,0.03406474962592381,1.596859917685544,4362984.291971978
1711000.0,0.0380554784732794,1.4582916892566433,3638637.6677839956,1711000.0,0.03805547064937915,1.4582916894966431,3638637.66898166
1711000.0,0.012056000898457478,0.8112759060502296,1126126.4673070693,1711000.0,0.012056088775892301,0.8112759128877074,1126126.4862891806
1711000.0,7.344631038291102e-05,0.7020435758913658,843292.3271725248,1711000.0,7.344026833688219e-05,0.7020435759365229,843292.3272810099
1711000.0,0.001172807684181483,0.6414693257619333,704047.234873726,1711000.0,0.001172720997484964,0.6414693359422688,704047.2572206625
