cur_n,cur_mean,cur_std,cur_S,next_n,next_mean,next_std,next_S
1891000.0,0.1850221951084253,1.5968736852815726,4822060.526714324,1891000.0,0.1850222243499023,1.5968736823998702,4822060.509310639
1891000.0,0.0367428273857055,1.6108161883462413,4906632.146879051,1891000.0,0.036742826382241064,1.6108161883697303,4906632.147022149
1891000.0,0.05720012084835873,1.4932152479085432,4216347.149525208,1891000.0,0.0572001173995762,1.4932152480481446,4216347.150313584
1891000.0,0.010108977706816586,0.8019684456161091,1216203.0562615693,1891000.0,0.010109082210739436,0.8019684571744562,1216203.0913185524
1891000.0,0.0002119734867181228,0.6944620903717977,911986.9320761053,1891000.0,0.00021196870231263837,0.6944620904044755,911986.9321619319
1891000.0,-0.004862080465905022,0.6369667103021358,767228.9817526393,1891000.0,-0.0048621609548299615,0.6369667193042282,767229.003438753
