cur_n,cur_mean,cur_std,cur_S,next_n,next_mean,next_std,next_S
201000.0,-0.02927313408384097,0.09973032497201019,1999.173681523575,201000.0,-0.029273134950301025,0.0997303247184425,1999.1736713576424
201000.0,-0.02964361576220087,0.10233588004612246,2104.999101307687,201000.0,-0.02964361644853316,0.10233587984777437,2104.9990931478405
201000.0,-0.038805526978306436,0.14314774956868392,4118.746919522309,201000.0,-0.03880549929346939,0.1431477576117916,4118.747382366133
201000.0,0.03362371930293097,0.13266424820450737,3537.560353085095,201000.0,0.03362367326660713,0.13266426147790497,3537.5610609690652
201000.0,0.033272518597740636,0.14380008226637714,4156.371195623184,201000.0,0.03327251031734113,0.14380008423021898,4156.371309148232
201000.0,0.04757492845334592,0.22224703017241182,9928.142226511844,201000.0,0.047574922138021274,0.22224703154232678,9928.142348904574
