cur_n,cur_mean,cur_std,cur_S,next_n,next_mean,next_std,next_S
4471000.0,-0.30132213782580514,1.3334291287872047,7949586.622738469,4471000.0,-0.30132212897627125,1.3334291309183697,7949586.648149465
4471000.0,-0.3840593852735947,1.355923037261833,8220055.482191751,4471000.0,-0.3840593554495732,1.3559230471759078,8220055.602396574
4471000.0,-0.21092587253335582,1.000126595706361,4472132.090460639,4471000.0,-0.21092588301806073,1.000126593740891,4472132.072883182
4471000.0,0.09555570340352904,0.8242830287023206,3037787.4684992246,4471000.0,0.09555571968698295,0.8242830275337752,3037787.459886182
4471000.0,0.08791104379276915,0.7329249827437675,2401727.444605215,4471000.0,0.08791106434895266,0.732924981566989,2401727.4368928266
4471000.0,0.0977339136003997,0.6415113733951046,1839981.2214550665,4471000.0,0.09773392151712897,0.6415113724073692,1839981.215789027
