cur_n,cur_mean,cur_std,cur_S,next_n,next_mean,next_std,next_S
3571000.0,-0.30219706900347154,1.3307590149672968,6323953.734178643,3571000.0,-0.3021970723024296,1.3307590142328085,6323953.727197859
3571000.0,-0.3712050581504435,1.3391472790504788,6403929.418343223,3571000.0,-0.37120505997901887,1.3391472785480942,6403929.413538322
3571000.0,-0.20260409689820727,0.994140049261144,3529270.8564730156,3571000.0,-0.20260408925570797,0.9941400509235804,3529270.86827656
3571000.0,0.09836358303652473,0.8328985107455036,2477273.8671806194,3571000.0,0.0983636064955271,0.8328985091548058,2477273.857718257
3571000.0,0.08667439226433282,0.7373768203975455,1941640.4582520104,3571000.0,0.08667438878674238,0.7373768208355876,1941640.4605588915
3571000.0,0.09933651411856255,0.6479878386911772,1499420.9017963286,3571000.0,0.09933652285311413,0.6479878375623673,1499420.8965722767
