cur_n,cur_mean,cur_std,cur_S,next_n,next_mean,next_std,next_S
5671000.0,-0.308340878159074,1.3412745796505012,10202228.231252301,5671000.0,-0.30834088352899824,1.3412745784770124,10202228.213400327
5671000.0,-0.39302781337790155,1.364724566634963,10562085.192688297,5671000.0,-0.3930278023591875,1.3647245700605513,10562085.245711971
5671000.0,-0.22021983715475746,1.0050027015359615,5727882.569066369,5671000.0,-0.22021982871479562,1.0050027035863665,5727882.5924384035
5671000.0,0.09586886226962053,0.8207683826271331,3820330.0447463617,5671000.0,0.09586887489213355,0.8207683817032422,3820330.0361457174
5671000.0,0.08688838588058746,0.7280874322152037,3006261.233053912,5671000.0,0.08688838756950708,0.7280874320247966,3006261.2314815363
5671000.0,0.0964220462710214,0.6357970238450562,2292432.87871194,5671000.0,0.09642205221068666,0.6357970231016007,2292432.873350726
