cur_n,cur_mean,cur_std,cur_S,next_n,next_mean,next_std,next_S
3582000.0,-0.014645561829635433,0.026764850587641217,2565.9915870379123,3582000.0,-0.014645563256763158,0.026764849943012814,2565.991463434679
3582000.0,-0.024712399151760243,0.043450064192260725,6762.486736512072,3582000.0,-0.024712401563409717,0.04345006306035908,6762.486384177965
3582000.0,-0.0056826272928823425,0.010275980669379191,378.24407936592314,3582000.0,-0.005682629512209189,0.010275980300539536,378.2440522130084
3582000.0,-0.0005025401057418806,0.05261774010325917,9917.220386542527,3582000.0,-0.0005025372858261575,0.052617740400855886,9917.22049872265
3582000.0,-0.0007467730142369415,0.06744262560827155,16292.754756694076,3582000.0,-0.0007467695880039852,0.06744262595794939,16292.754925644062
3582000.0,-0.0005703248555155973,0.04313948187952859,6666.155360460016,3582000.0,-0.0005703215316716604,0.043139482382141096,6666.155515793041
