cur_n,cur_mean,cur_std,cur_S,next_n,next_mean,next_std,next_S
862000.0,-0.007900170498245741,0.016432963740644433,232.77646027375047,862000.0,-0.007900173379594958,0.016432962573178896,232.77642719895155
862000.0,-0.013222776621366847,0.02310939744507499,460.346143736566,862000.0,-0.013222779588401408,0.02310939591157691,460.3460826410825
862000.0,-0.003978207637773308,0.008917806353376448,68.55250687474901,862000.0,-0.003978210501694746,0.008917805472196245,68.5524933272225
862000.0,-0.00044464027890165123,0.051066268503157326,2247.8923773571128,862000.0,-0.000444640761076977,0.05106626850092168,2247.8923771602904
862000.0,-0.0006767749679381786,0.06098642575231128,3206.0746366483563,862000.0,-0.000676775412856107,0.06098642574877346,3206.0746362763875
862000.0,-0.000497774320278789,0.04403424081980154,1671.4303822647503,862000.0,-0.0004977747885745226,0.044034240816653775,1671.4303820257874
