cur_n,cur_mean,cur_std,cur_S,next_n,next_mean,next_std,next_S
1942000.0,0.0002458109520507045,0.014071506127394964,384.5301468744158,1942000.0,0.0002458153890187962,0.014071507408360096,384.5302168839412
1942000.0,-0.0074162632216840585,0.02027966617907578,798.6763587700847,1942000.0,-0.007416258425708894,0.02027966903427815,798.6765836636083
1942000.0,-0.005993806800072291,0.01387153717807408,373.67875383178665,1942000.0,-0.005993806807951364,0.013871537174674127,373.6787536486073
1942000.0,-0.00019074768427501142,0.11539882859045705,25861.399680976494,1942000.0,-0.0001907568925083479,0.11539882928870004,25861.399993935327
1942000.0,-0.00015772718046748254,0.06993223185329378,9497.384114950672,1942000.0,-0.0001577319287925677,0.06993223215564169,9497.38419707344
1942000.0,-0.0007381056979469552,0.06032246145238728,7066.548348720364,1942000.0,-0.0007381138586427201,0.06032246242453022,7066.548576486107
