cur_n,cur_mean,cur_std,cur_S,next_n,next_mean,next_std,next_S
2002000.0,-0.006998805091800328,0.03607689788148804,2605.6882066241346,2002000.0,-0.006998792492270674,0.03607690473042766,2605.689195966565
2002000.0,-0.015566247378769462,0.061833520195578064,7654.415207993474,2002000.0,-0.015566243786981897,0.06183352130863913,7654.4154835667105
2002000.0,-0.03371543821693395,0.09379602445989982,17612.983797373214,2002000.0,-0.03371542994363127,0.09379602816425205,17612.985188577106
2002000.0,-0.0004057132121545549,0.15992336647251038,51202.11725408951,2002000.0,-0.00040568456569845473,0.15992337168164567,51202.12058967162
2002000.0,-0.0004884318770070397,0.15817573205022686,50089.16354366958,2002000.0,-0.0004884078323789048,0.1581757357832041,50089.165907897106
2002000.0,-0.0004480521814741791,0.1617813335633831,52398.746178872345,2002000.0,-0.0004480302498274057,0.1617813366002325,52398.74814605978
