cur_n,cur_mean,cur_std,cur_S,next_n,next_mean,next_std,next_S
3471000.0,-0.31557641977451795,1.352373837163189,6348163.949184346,3471000.0,-0.3155762363224469,1.352373923160724,6348164.756544637
3471000.0,-0.3854621218310268,1.363817473331509,6456053.407058828,3471000.0,-0.38546215845528786,1.3638174646871526,6456053.325217339
3471000.0,-0.16569650605813527,0.9827090234263037,3352003.7928151977,3471000.0,-0.16569651291080775,0.98270902235376,3352003.785498341
3471000.0,0.10006514642931782,0.8572851187075456,2550969.016182972,3471000.0,0.10006509781213682,0.8572851291672211,2550969.07843136
3471000.0,0.09383940293229787,0.7684176507268372,2049506.3959274227,3471000.0,0.09383940945771775,0.7684176500261384,2049506.3921896461
3471000.0,0.09390409105761978,0.6562116174272179,1494660.107044012,3471000.0,0.09390410613754972,0.6562116158707053,1494660.0999534419
