cur_n,cur_mean,cur_std,cur_S,next_n,next_mean,next_std,next_S
5171000.0,-0.3085582496921563,1.3408787760972674,9297229.918504693,5171000.0,-0.30855822303969427,1.3408787836002014,9297230.022550644
5171000.0,-0.3894849693829236,1.3632329800949912,9609807.901114546,5171000.0,-0.38948498047345076,1.363232977159707,9609807.859731277
5171000.0,-0.21560316340883062,1.001523695922893,5186770.068482912,5171000.0,-0.2156031598386705,1.0015236967243744,5186770.076784462
5171000.0,0.09648753576813626,0.8227919724278062,3500697.8631696696,5171000.0,0.09648754037229386,0.8227919719545056,3500697.859142205
5171000.0,0.08651288477244597,0.730013302652836,2755726.331421073,5171000.0,0.08651288421537415,0.7300133027199669,2755726.331927898
5171000.0,0.09657788725509708,0.6381969879674725,2106124.4898758503,5171000.0,0.09657787685356857,0.6381969899798251,2106124.503157847
