cur_n,cur_mean,cur_std,cur_S,next_n,next_mean,next_std,next_S
2571000.0,-0.3338017711550525,1.3672975303069062,4806491.021041631,2571000.0,-0.33380215422530407,1.3672975747509677,4806491.333512007
2571000.0,-0.3965198215886335,1.3745889194047014,4857890.8668873245,2571000.0,-0.39651982117527007,1.3745889195241323,4857890.867731479
2571000.0,-0.17749398329303706,1.0049202998590576,2596362.424115932,2571000.0,-0.17749382448131115,1.004920360172206,2596362.7357720835
2571000.0,0.10268951217513635,0.8483811882233571,1850478.8968059083,2571000.0,0.10268991609935399,0.848381386549937,1850479.761981136
2571000.0,0.09454173178227106,0.767654021835261,1515071.5246036577,2571000.0,0.09454154619871949,0.7676541023658167,1515071.8424800832
2571000.0,0.09271599598149813,0.6529218477535124,1096035.1408730962,2571000.0,0.09271573228509437,0.6529220221037435,1096035.7262234143
