cur_n,cur_mean,cur_std,cur_S,next_n,next_mean,next_std,next_S
222000.0,-0.006419780354814393,0.015047374091208045,50.26600968304853,222000.0,-0.006419698988386551,0.015047457642184556,50.26656789152113
222000.0,-0.011568405328324458,0.01978630560599804,86.9125314765368,222000.0,-0.011568371483832983,0.01978633181962259,86.91276176651847
222000.0,-0.003971282240156874,0.009933112418027613,21.90401235263671,222000.0,-0.00397120592423792,0.009933208011613336,21.904433951239422
222000.0,-0.0006413984870440317,0.05841412652980204,757.5106595692183,222000.0,-0.000641404231609091,0.058414126529432384,757.510659559631
222000.0,-0.0010053330168885424,0.06675266393848331,989.213827720268,222000.0,-0.0010052545300512294,0.06675267536398448,989.2141663513893
222000.0,-0.0007348925133305287,0.052065513282941685,601.8015234983912,222000.0,-0.0007348572081633567,0.05206551643860771,601.8015964482024
