cur_n,cur_mean,cur_std,cur_S,next_n,next_mean,next_std,next_S
1651000.0,-0.02499003802369569,0.08802298844383001,12792.024762555926,1651000.0,-0.024990215220888064,0.08802323260204627,12792.095727705717
1651000.0,-0.022376955103049063,0.08343659973859947,11493.710856475715,1651000.0,-0.02237733443233798,0.08343792161174518,11494.075045527647
1651000.0,0.00409452964388703,0.12249081563168461,24771.603858204446,1651000.0,0.0040945069274400826,0.12249081986874871,24771.60557194722
1651000.0,0.03371875972400527,0.1419192370183445,33252.906299019785,1651000.0,0.033719364413067,0.14192122019996603,33253.83565877101
1651000.0,0.03316019750095223,0.1467063128764884,35534.04743463108,1651000.0,0.033160617023805176,0.14670720837696838,35534.48123809907
1651000.0,0.05092759516045581,0.3698179708567321,225799.56241974336,1651000.0,0.05092762205308454,0.36981796876768747,225799.55986872964
