cur_n,cur_mean,cur_std,cur_S,next_n,next_mean,next_std,next_S
441000.0,-0.351052390559384,1.3220115668325083,770742.1310319742,441000.0,-0.3510525633720335,1.3220115259242062,770742.0833323137
441000.0,-0.38587434504027734,1.2748111262037067,716688.2427043085,441000.0,-0.3858744196631517,1.274811104579185,716688.2183900552
441000.0,-0.18722467312159446,0.9868267100950773,429457.68748886953,441000.0,-0.18722465674846064,0.9868267132613525,429457.6902447358
441000.0,0.11206704481237638,0.7828318932862025,270256.1659574126,441000.0,0.11206705091581852,0.782831892422947,270256.16536137124
441000.0,0.09495561533908671,0.7192423050126775,228133.48655409765,441000.0,0.09495539234475209,0.7192423496975215,228133.5149008996
441000.0,0.07491986952147651,0.6066697654328868,162309.25809206368,441000.0,0.07491986489912196,0.6066697660114692,162309.25840165315
