cur_n,cur_mean,cur_std,cur_S,next_n,next_mean,next_std,next_S
2881000.0,-0.2993408735011147,1.3246679034674524,5055420.501947821,2881000.0,-0.2993409001863466,1.3246678982117535,5055420.461832456
2881000.0,-0.36170224382952154,1.3237107774444101,5048117.650511079,2881000.0,-0.36170223223693465,1.3237107807583484,5048117.67578722
2881000.0,-0.19153569123405897,0.9886504926626076,2815975.2441256503,2881000.0,-0.19153567444466577,0.9886504963260091,2815975.2649945985
2881000.0,0.09633268962913488,0.8368934949069896,2017825.669556608,2881000.0,0.09633268150578195,0.8368934959556488,2017825.6746134313
2881000.0,0.0871424786935007,0.7414844819588398,1583971.6017560002,2881000.0,0.08714247502704886,0.7414844824158422,1583971.6037085128
2881000.0,0.09707485194697772,0.6529096605149344,1228144.4424307272,2881000.0,0.09707483426170191,0.6529096638344077,1228144.454918803
