cur_n,cur_mean,cur_std,cur_S,next_n,next_mean,next_std,next_S
3931000.0,-0.3017349703054191,1.3326591031600497,6981378.501260153,3931000.0,-0.301734999220811,1.332659097846359,6981378.445586672
3931000.0,-0.3749225955381951,1.343293396188152,7093242.429742051,3931000.0,-0.3749225757240175,1.3432934022929537,7093242.494214696
3931000.0,-0.2048869599962453,0.9940034226059741,3883996.2631230475,3931000.0,-0.20488696379374,0.9940034218517498,3883996.2572288946
3931000.0,0.09685939505974175,0.8289899313776987,2701478.7481659404,3931000.0,0.09685938225291536,0.8289899332629481,2701478.7604530887
3931000.0,0.08665620601715063,0.7353123761406811,2125429.945977728,3931000.0,0.08665622368524688,0.735312374892908,2125429.938764319
3931000.0,0.09826037145928991,0.6438628392781633,1629632.8276629215,3931000.0,0.09826037621052756,0.6438628386219517,1629632.8243411458
