cur_n,cur_mean,cur_std,cur_S,next_n,next_mean,next_std,next_S
911000.0,-0.372586809256504,1.38258144882992,1741405.1624729119,911000.0,-0.3725857023767095,1.3825821507623726,1741406.930685711
911000.0,-0.41741861712293277,1.3539288053623144,1669975.2443007296,911000.0,-0.4174185143942391,1.3539288405841097,1669975.3311879078
911000.0,-0.22972074184870317,1.0598961677275365,1023399.0764771652,911000.0,-0.22972082174527556,1.059896153154186,1023399.0483341188
911000.0,0.09990452158278107,0.7997100464799366,582617.4403396985,911000.0,0.09990430650144298,0.7997100996979549,582617.5178821697
911000.0,0.09139520112503377,0.7324375965565258,488719.4627258947,911000.0,0.09139547979227158,0.7324376100773574,488719.48076946207
911000.0,0.09078732352030279,0.6246739688918801,355488.2039115427,911000.0,0.09078757314398493,0.6246739780493168,355488.21433413407
