cur_n,cur_mean,cur_std,cur_S,next_n,next_mean,next_std,next_S
3761000.0,-0.3092588468528963,1.343971265389142,6793339.204602952,3761000.0,-0.3092590510521879,1.3439712767446095,6793339.319399369
3761000.0,-0.3828849771555965,1.3626817109386353,6983806.335873518,3761000.0,-0.38288495139486645,1.3626817190926641,6983806.41945306
3761000.0,-0.1605873853894637,0.976178994239225,3583952.537693877,3761000.0,-0.16058734852379444,0.9761790029219305,3583952.6014494062
3761000.0,0.09835191412889084,0.8558371666725314,2754771.739282187,3761000.0,0.0983528319162256,0.8558389120280915,2754782.975207108
3761000.0,0.0937290871257238,0.7681301179215496,2219079.805376792,3761000.0,0.09372924216382861,0.7681301578491906,2219080.0360737056
3761000.0,0.09247992272252943,0.6558117494642453,1617564.9198156665,3761000.0,0.09247985628172996,0.6558117714914219,1617565.0284760825
