cur_n,cur_mean,cur_std,cur_S,next_n,next_mean,next_std,next_S
481000.0,0.1606329947441402,1.3924355567384077,932599.7310209811,481000.0,0.1606331055943383,1.3924355460729279,932599.7167343256
481000.0,-0.03209172195215829,1.3719734696813226,905391.6879260248,481000.0,-0.03209172943321289,1.3719734695161447,905391.6877080167
481000.0,0.05109230219162576,1.2122223841324884,706821.3752326817,481000.0,0.05109229017862939,1.2122223846674005,706821.3758564738
481000.0,0.010667359836139404,0.947200528540925,431547.8326500078,481000.0,0.010667730346862732,0.9472005592239299,431547.8606085743
481000.0,0.02645318217651482,0.8221349283178886,325110.70921328495,481000.0,0.0264531610290048,0.8221349291291618,325110.70985491585
481000.0,0.005607786304377212,0.7718252442433269,286538.5338802614,481000.0,0.0056075144557430024,0.7718252692461076,286538.55244472355
