cur_n,cur_mean,cur_std,cur_S,next_n,next_mean,next_std,next_S
3042000.0,-0.00526268074214356,0.03260891661107238,3234.6846682306273,3042000.0,-0.005262681725764246,0.03260891649745738,3234.6846456902476
3042000.0,-0.015375922787398352,0.05414473437180461,8918.086175507955,3042000.0,-0.015375925961446827,0.05414473375345489,8918.085971813318
3042000.0,-0.025561478283775134,0.07866945476108413,18826.58242793985,3042000.0,-0.02556148097222263,0.07866945402727979,18826.582076722774
3042000.0,-0.0003362299503879798,0.16529570899635243,83115.56643714996,3042000.0,-0.000336230636468071,0.16529570899929313,83115.56644010732
3042000.0,-0.0005161703783550257,0.1410013808336746,60479.18654568295,3042000.0,-0.0005161698434306772,0.14100138083871372,60479.18655000576
3042000.0,-0.0004869708232400795,0.14143771048398882,60854.07213062993,3042000.0,-0.00048697053594158027,0.14143771048586473,60854.072132244175
