cur_n,cur_mean,cur_std,cur_S,next_n,next_mean,next_std,next_S
1951000.0,-0.35285338281033135,1.3718815382373046,3671897.0211198446,1951000.0,-0.35285340523311126,1.3718815328275504,3671896.9921609885
1951000.0,-0.41093056673856326,1.382774162315257,3730437.6131189554,1951000.0,-0.41093054157251846,1.3827741702408864,3730437.6558823604
1951000.0,-0.18908646217273328,1.0131456791408102,2002631.590132464,1951000.0,-0.1890864498592561,1.0131456815849076,2002631.5997947007
1951000.0,0.10379435368551783,0.8321550819563478,1351032.5389106886,1951000.0,0.10379433033692502,0.8321550855076584,1351032.55044204
1951000.0,0.09668860034839007,0.7633445336423919,1136837.7051083972,1951000.0,0.09668859548179352,0.7633445342890881,1136837.7070346272
1951000.0,0.09211039008415316,0.6466059849821061,815711.73393844,1951000.0,0.09211041531993562,0.6466059823479695,815711.7272923643
