cur_n,cur_mean,cur_std,cur_S,next_n,next_mean,next_std,next_S
1202000.0,-0.008053436178207864,0.03956486023002586,1881.5845543558214,1202000.0,-0.008053443553005924,0.03956485955504564,1881.5844901558048
1202000.0,-0.01483344666578465,0.059925594316655804,4316.474378753702,1202000.0,-0.014833436826245973,0.059925597723229446,4316.474869508559
1202000.0,-0.028502660937666787,0.08205498110433168,8093.08994868674,1202000.0,-0.028502714184519058,0.08205498337467963,8093.0903965359785
1202000.0,-0.0004590829078860446,0.1496418092845352,26915.990645310943,1202000.0,-0.00045908591042881044,0.14964180931152865,26915.990655021542
1202000.0,-0.0005406039901812329,0.15266996885939854,28016.359508618727,1202000.0,-0.0005406115511082958,0.152669969057672,28016.35958138877
1202000.0,-0.0004885561511236181,0.15461628313591053,28735.246402938385,1202000.0,-0.0004884986606355684,0.1546162961648367,28735.25124575845
