cur_n,cur_mean,cur_std,cur_S,next_n,next_mean,next_std,next_S
1491000.0,0.18068021337970433,1.5694088579201677,3672398.8475075634,1491000.0,0.18068024645157382,1.5694088546322937,3672398.8321203883
1491000.0,0.039889012928843906,1.582944736804452,3736019.6333073815,1491000.0,0.03988902003138135,1.5829447366492426,3736019.63257474
1491000.0,0.038133888803729955,1.4302673471713832,3050086.0444175364,1491000.0,0.038133877331957874,1.4302673475457905,3050086.046014406
1491000.0,0.011047928183832385,0.8299720379524206,1027080.6934202954,1491000.0,0.011048024274987387,0.8299720449670417,1027080.7107813186
1491000.0,-0.0005795850722341799,0.7204136634107837,773822.8070255584,1491000.0,-0.0005796030446575444,0.7204136637306169,773822.8077126477
1491000.0,0.000378482455518127,0.6574658739342503,644501.710703698,1491000.0,0.0003783903926939923,0.6574658835976483,644501.7296494013
