cur_n,cur_mean,cur_std,cur_S,next_n,next_mean,next_std,next_S
141000.0,-0.2675664000932778,1.2841723338374273,232522.90020207857,141000.0,-0.26756565658658116,1.2841725191004685,232522.9672926109
141000.0,-0.3451580975150499,1.1973176704439876,202133.31415799586,141000.0,-0.34515798207869547,1.1973177045061547,202133.32565886818
141000.0,-0.1897969190548196,0.9514969528932263,127653.84964247834,141000.0,-0.18979697944997279,0.9514969411163428,127653.84648247974
141000.0,0.09815370371789713,0.8025761456781123,90822.11421522638,141000.0,0.09815299151210342,0.8025762773361363,90822.14401292505
141000.0,0.09423734823561664,0.7152523573432906,72133.61679060393,141000.0,0.09423679804402131,0.7152524596701795,72133.63743005808
141000.0,0.08621601557918576,0.6309177592632161,56126.06787247418,141000.0,0.08621611996701234,0.6309177462160599,56126.06555113971
