cur_n,cur_mean,cur_std,cur_S,next_n,next_mean,next_std,next_S
5781000.0,-0.3081210771852831,1.3406371362333112,10390237.149387643,5781000.0,-0.3081210795397881,1.3406371357041424,10390237.141185293
5781000.0,-0.391630939154013,1.364692356201318,10766448.997716557,5781000.0,-0.3916309234722675,1.3646923612224777,10766449.076943291
5781000.0,-0.2207663280337134,1.0050097907928084,5839068.292706347,5781000.0,-0.22076632045584793,1.0050097926225947,5839068.313968324
5781000.0,0.09568974617861263,0.8202539166198888,3889552.115568676,5781000.0,0.09568975528309127,0.8202539158499078,3889552.108266349
5781000.0,0.08603134170505654,0.7277600061281603,3061817.775910154,5781000.0,0.08603132376626768,0.7277600095269314,3061817.8045086414
5781000.0,0.09651514295181926,0.6355316135057857,2334948.3960350105,5781000.0,0.09651515187072555,0.6355316125130946,2334948.3887407
