cur_n,cur_mean,cur_std,cur_S,next_n,next_mean,next_std,next_S
331000.0,-0.31641654034640454,1.279131957315419,541575.1047586652,331000.0,-0.3164165024251458,1.2791319668819958,541575.1128595024
331000.0,-0.3658493505596884,1.2432805879586495,511642.13135068055,331000.0,-0.36584953024630773,1.2432805393817574,511642.0913693853
331000.0,-0.2089163586849963,0.9886823524204099,323550.1148098809,331000.0,-0.2089161649919199,0.9886823996294063,323550.1457085341
331000.0,0.10391351293697083,0.7789613907431671,200844.46077688312,331000.0,0.10391362336400628,0.7789613786029808,200844.45451652366
331000.0,0.09389159636039417,0.7161927815362329,169780.52520744465,331000.0,0.09389151562436174,0.7161927936268554,169780.53093984607
331000.0,0.09049503104030365,0.6209676635795148,127633.8777789739,331000.0,0.09049487182792033,0.6209676935377699,127633.89009423146
