cur_n,cur_mean,cur_std,cur_S,next_n,next_mean,next_std,next_S
551000.0,-0.02673214942674453,0.09550805561774516,5026.105567023148,551000.0,-0.02673214168294283,0.09550805795816662,5026.105813352224
551000.0,-0.02760497016329792,0.10005385106950318,5515.9359857249165,551000.0,-0.027604954768696375,0.10005385596945747,5515.9365259906735
551000.0,-0.030063227286483474,0.12160191763261115,8147.651530932519,551000.0,-0.030063176844503017,0.12160193586775073,8147.653974538293
551000.0,0.033004969318960596,0.13531128797964856,10088.338704745973,551000.0,0.03300505932736354,0.1353112825199237,10088.33789062982
551000.0,0.033506286173191735,0.14898228845841435,12229.842973142704,551000.0,0.0335063147608949,0.14898228354028537,12229.842165691767
551000.0,0.04650161988848198,0.25917141062912896,37010.57086820841,551000.0,0.04650162685091852,0.2591714094314278,37010.570526136704
