cur_n,cur_mean,cur_std,cur_S,next_n,next_mean,next_std,next_S
1301000.0,-0.056207410402743234,1.1539258850328316,1732339.9775415934,1301000.0,-0.05620744624875264,1.153925884011147,1732339.9744739702
1301000.0,-0.09274279113676194,1.1211462579462141,1635316.5801505456,1301000.0,-0.09274282727085295,1.1211462557146772,1635316.5736406553
1301000.0,-0.13057503351374677,0.8771819830620275,1001052.1490626293,1301000.0,-0.13057503699861625,0.8771819825522925,1001052.1478991959
1301000.0,0.10276463250546167,1.2698961863125269,2098039.857538441,1301000.0,0.10276462984029348,1.269896186531843,2098039.8582631205
1301000.0,0.10635218703348714,1.1342792318757042,1673852.7779997631,1301000.0,0.10635216670485549,1.1342792340188053,1673852.7843248998
1301000.0,0.09825974116989776,0.696074011599231,630359.2575406241,1301000.0,0.0982597345139457,0.6960740125801778,630359.2593172998
