cur_n,cur_mean,cur_std,cur_S,next_n,next_mean,next_std,next_S
3161000.0,-0.32077875255633154,1.356351201547702,5815255.607512007,3161000.0,-0.3207805636532468,1.3563545953479794,5815284.708884519
3161000.0,-0.3878890452930312,1.3669845023043068,5906791.995976425,3161000.0,-0.38788988528598345,1.366985079748699,5906796.9862958165
3161000.0,-0.16844716269134727,0.988316058111088,3087565.641706677,3161000.0,-0.16844667119743956,0.9883165281894595,3087568.578820087
3161000.0,0.10144267125882961,0.8542757813288165,2306857.056495839,3161000.0,0.10144296639375812,0.8542759074350516,2306857.7375618033
3161000.0,0.09378800847446508,0.7692319553946716,1870419.96959418,3161000.0,0.0937882002027769,0.7692320075466117,1870420.223213476
3161000.0,0.09315967614451302,0.6549963900658755,1356133.0766288773,3161000.0,0.09315946512032625,0.6549965275330315,1356133.645864921
