cur_n,cur_mean,cur_std,cur_S,next_n,next_mean,next_std,next_S
5451000.0,-0.3091538992690243,1.3429315771794443,9830688.919592887,5451000.0,-0.3091539153858703,1.3429315739964318,9830688.872991545
5451000.0,-0.3921399138566744,1.3643902762131257,10147368.061571691,5451000.0,-0.39213993098489136,1.364390271876418,10147367.997064974
5451000.0,-0.21821689275521008,1.002829654800887,5481892.54250351,5451000.0,-0.21821689330821464,1.00282965468141,5481892.541197285
5451000.0,0.09625485064364937,0.8224273784902673,3686984.4080454255,5451000.0,0.09625484374144024,0.8224273794559989,3686984.4167042742
5451000.0,0.08689871398837928,0.7288390030896259,2895605.5000069295,5451000.0,0.08689872682047141,0.7288390021754698,2895605.492743226
5451000.0,0.09631104449349084,0.6363996643419068,2207679.7081537535,5451000.0,0.09631104084421725,0.6363996649512047,2207679.7123810803
