cur_n,cur_mean,cur_std,cur_S,next_n,next_mean,next_std,next_S
662000.0,-0.007820787693818096,0.016302829071786963,175.94784006246326,662000.0,-0.007820795675184877,0.016302826536326323,175.9477853346873
662000.0,-0.013071251936250052,0.02273211814726278,342.0879673952574,662000.0,-0.01307125944288214,0.022732114651353812,342.08786217775906
662000.0,-0.004023514869534559,0.008985574153116264,53.45023937408201,662000.0,-0.004023522659046999,0.00898557290029401,53.45022446938174
662000.0,-0.0004569884781699177,0.0518056995309557,1776.6957935762812,662000.0,-0.0004570107887702638,0.05180570251448055,1776.695998218483
662000.0,-0.0006978691864216634,0.06158694304281657,2510.933928323745,662000.0,-0.0006978968776484031,0.0615869468502298,2510.934238784466
662000.0,-0.0005140993795867373,0.04475404446940933,1325.9360165968526,662000.0,-0.0005141226534788219,0.044754048208262086,1325.9362381401697
