cur_n,cur_mean,cur_std,cur_S,next_n,next_mean,next_std,next_S
302000.0,0.00040170454871838455,0.014157691883980007,60.53295232347744,302000.0,0.00040170438076709983,0.014157691889046083,60.532952366798696
302000.0,-0.0074499928857199955,0.020974026197554035,132.85275203057626,302000.0,-0.007449995979780231,0.020974025167461864,132.85273898104776
302000.0,-0.005888552403808862,0.01633122515889358,80.54609238752455,302000.0,-0.0058885965702514175,0.01633122726984839,80.5461132101108
302000.0,-0.0001334245407477779,0.11603834378605239,4066.398963040245,302000.0,-0.0001335540777156172,0.11603836547251782,4066.4004829831524
302000.0,-0.00011065836020883385,0.07173572658325884,1554.0963694652771,302000.0,-0.00011074706047032292,0.07173574300755427,1554.0970811034529
302000.0,-0.0007648132519128369,0.06218539007738574,1167.8408672011406,302000.0,-0.0007648311567358158,0.06218539063561929,1167.8408881683795
