cur_n,cur_mean,cur_std,cur_S,next_n,next_mean,next_std,next_S
771000.0,0.16544731984531044,1.4369463156243383,1591972.1444834839,771000.0,0.1654473852468195,1.436946309241657,1591972.1303409222
771000.0,-0.004768529760661414,1.4414077385035693,1601872.983104458,771000.0,-0.004768535786184609,1.4414077384933437,1601872.9830817298
771000.0,0.04498538999848131,1.2714101127102453,1246308.9131951483,771000.0,0.0449853791922903,1.2714101131279423,1246308.9140140493
771000.0,0.01108382974922075,0.91376574446792,643760.2013732822,771000.0,0.011084014545593393,0.9137657566334147,643760.2185147903
771000.0,0.016740360582982557,0.7973022888689643,490117.7146133165,771000.0,0.01674035124632262,0.7973022891071602,490117.71490616404
771000.0,0.0028387387603373425,0.7269790675551815,407472.3933554822,771000.0,0.0028385735696070157,0.7269790826703628,407472.4102996267
