cur_n,cur_mean,cur_std,cur_S,next_n,next_mean,next_std,next_S
2241000.0,-0.34087421140561697,1.3641226808265494,4170121.572582068,2241000.0,-0.3408746877351805,1.3641227481676097,4170121.9843051764
2241000.0,-0.4012322681524079,1.3780574420631868,4255753.824835269,2241000.0,-0.40123231395253983,1.3780574304337587,4255753.753006647
2241000.0,-0.18763039894643,1.0109928165457673,2290540.610715109,2241000.0,-0.18763036646236772,1.010992823743982,2290540.643332162
2241000.0,0.10423905001795815,0.8416271566785207,1587381.5829945065,2241000.0,0.10424038056546314,0.8416293488443606,1587389.8522338846
2241000.0,0.09471349492667733,0.7653436242932397,1312667.6845349842,2241000.0,0.09471373154130601,0.7653436769783689,1312667.8652592152
2241000.0,0.09485043979360122,0.6509255454420455,949520.8112539238,2241000.0,0.09485040712598461,0.6509255520392602,949520.8305009564
