cur_n,cur_mean,cur_std,cur_S,next_n,next_mean,next_std,next_S
4002000.0,-0.004088664611417947,0.029900009513116305,3577.830296675551,4002000.0,-0.004088654609805992,0.029900017575242757,3577.8322261013022
4002000.0,-0.01372364857838099,0.04855566797175837,9435.326874518936,4002000.0,-0.013723645106616115,0.04855566944972649,9435.327448915832
4002000.0,-0.019755851732143486,0.06962498397905588,19400.248853123318,4002000.0,-0.019755839467455617,0.06962499178220502,19400.253201649808
4002000.0,-0.00028311998927497815,0.1616849029961061,104620.3154431547,4002000.0,-0.0002831118044960572,0.16168490383950856,104620.3165346237
4002000.0,-0.00045168052056992255,0.12867582434139377,66262.98601528877,4002000.0,-0.0004516758002113165,0.1286758247044577,66262.98638921606
4002000.0,-0.0005606204924996113,0.12795777484914722,65525.5149616689,4002000.0,-0.0005606376172955633,0.12795777936008498,65525.519581654284
