cur_n,cur_mean,cur_std,cur_S,next_n,next_mean,next_std,next_S
3982000.0,-0.014441649042347722,0.025208676642554717,2530.470919470295,3982000.0,-0.014441649218098323,0.02520867654430917,2530.4708997463326
3982000.0,-0.02392569409372455,0.040114214080869744,6407.635982219529,3982000.0,-0.023925693811529827,0.04011421425313639,6407.636037253485
3982000.0,-0.005759243368279092,0.009461990381056756,356.5055211693605,3982000.0,-0.005759243284563638,0.009461990433486379,356.50552512021005
3982000.0,-0.0006478224833870448,0.05524348329574413,12152.436622548994,3982000.0,-0.0006478233640063431,0.05524348331336501,12152.43663030146
3982000.0,-0.0010284138767120289,0.06846350584359558,18664.63600020105,3982000.0,-0.001028415884030784,0.0684635059306179,18664.636047649394
3982000.0,-0.0007342779320804053,0.04660078829693318,8647.444477124214,3982000.0,-0.0007342793358703704,0.046600788359006134,8647.444500161271
