cur_n,cur_mean,cur_std,cur_S,next_n,next_mean,next_std,next_S
4771000.0,-0.3065407660341013,1.3383503059846171,8545727.134635422,4771000.0,-0.3065407670446058,1.3383503057550543,8545727.131703783
4771000.0,-0.3881112664088135,1.3593731220236165,8816308.404163597,4771000.0,-0.38811126000198587,1.3593731239248872,8816308.42882524
4771000.0,-0.2148131041868255,1.0017061277731831,4787293.758981924,4771000.0,-0.2148131052861377,1.001706127540345,4787293.75675639
4771000.0,0.09676835999193983,0.8235028766139363,3235486.988752903,4771000.0,0.09676836777878789,0.823502875874577,3235486.982943118
4771000.0,0.08807936601209729,0.7311274754921591,2550325.575836614,4771000.0,0.08807938307286714,0.7311274743865458,2550325.568123393
4771000.0,0.09791097114294421,0.6383658883506852,1944235.0163519625,4771000.0,0.09791096767795247,0.6383658889269815,1944235.0198623494
