cur_n,cur_mean,cur_std,cur_S,next_n,next_mean,next_std,next_S
1182000.0,-0.008417760058021658,0.017160435295470126,348.07599772447986,1182000.0,-0.008417768205017008,0.017160433584981347,348.07592833462496
1182000.0,-0.014023541160485237,0.024433534255798136,705.6511587429865,1182000.0,-0.014023547858125426,0.02443353149674756,705.6509993778201
1182000.0,-0.0041238092851597925,0.008992417903375672,95.58075126326045,1182000.0,-0.0041238171310617276,0.008992418351069445,95.58076078036892
1182000.0,-0.00043974286276075245,0.051019338864376214,3076.7140129028144,1182000.0,-0.0004397657361250695,0.051019344727781496,3076.7147200865074
1182000.0,-0.0006862162844539306,0.061234726132065855,4432.135571042487,1182000.0,-0.0006862562008712229,0.06123474106248565,4432.137732353785
1182000.0,-0.0004980679026069701,0.04382600982324825,2270.2900199664487,1182000.0,-0.000498093464926575,0.04382601834435844,2270.29090279349
