cur_n,cur_mean,cur_std,cur_S,next_n,next_mean,next_std,next_S
71000.0,-0.15779178012903572,1.1811697292513355,99056.49698027679,71000.0,-0.15779796079312733,1.18117005168126,99056.55106019843
71000.0,-0.1354987963759663,1.0932736883549412,84862.56239309441,71000.0,-0.135501803970257,1.0932736093168145,84862.55012283164
71000.0,-0.0736580528144143,0.8338952389609193,49372.0701388799,71000.0,-0.07365794282402781,0.8338952491913966,49372.07135030268
71000.0,0.1398320705062591,1.6013320303882352,182062.7632798589,71000.0,0.13979344554434658,1.6013684760534364,182071.05072293707
71000.0,0.08126830921739381,1.3260495060465782,124846.91776653257,71000.0,0.08128423939947146,1.3260553233988597,124848.01317072626
71000.0,0.06117085787617637,0.741771574132786,39065.97984159162,71000.0,0.06117083169080124,0.7417715763249924,39065.98007250014
