cur_n,cur_mean,cur_std,cur_S,next_n,next_mean,next_std,next_S
1431000.0,-0.3408623108467686,1.3561118987541316,2631665.498659769,1431000.0,-0.3408623720683127,1.3561118853434937,2631665.446610505
1431000.0,-0.38339469709648266,1.3351440406731239,2550914.3509726324,1431000.0,-0.38339470860877306,1.3351440374383718,2550914.3386120554
1431000.0,-0.20312271108023705,1.0122191512000822,1466184.8699904436,1431000.0,-0.20312271679355642,1.012219150076674,1466184.8667359618
1431000.0,0.09780306364392508,0.8155148323373491,951707.2161617291,1431000.0,0.09780311161009675,0.8155148286034378,951707.2074467674
1431000.0,0.09488925862187347,0.7540590560273482,813673.8408268802,1431000.0,0.09488921144463418,0.7540590640759239,813673.8581966484
1431000.0,0.09568617826830501,0.6395525205926574,585318.2474594793,1431000.0,0.09568617715900418,0.6395525207599989,585318.2477657809
