cur_n,cur_mean,cur_std,cur_S,next_n,next_mean,next_std,next_S
281000.0,-0.29624279754040705,1.3023052272001177,476575.69224676274,281000.0,-0.29624292557228366,1.3023051998444408,476575.6722252651
281000.0,-0.38351156432604416,1.2445637253173547,435251.82145160314,281000.0,-0.3835115018725009,1.2445637450027027,435251.8352204179
281000.0,-0.2021402600042037,0.9656034963759891,262001.6215320033,281000.0,-0.20214018759789415,0.9656035122963964,262001.63017151746
281000.0,0.10305510364448138,0.782567264000674,172087.63787462565,281000.0,0.10305495730897551,0.7825672871159824,172087.64804080327
281000.0,0.10574538895250715,0.7121685510363674,142518.71666895217,281000.0,0.10574535006716772,0.7121685571085156,142518.719099261
281000.0,0.08661285814452892,0.6119306965172553,105223.02883256618,281000.0,0.08661294613397993,0.6119306858407958,105223.02516087788
