cur_n,cur_mean,cur_std,cur_S,next_n,next_mean,next_std,next_S
4102000.0,-0.015189641684728023,0.027478898298557305,3097.3785716834727,4102000.0,-0.015189643665266234,0.027478897496540047,3097.378390879206
4102000.0,-0.025724354007128844,0.04517706987554798,8372.049269699673,4102000.0,-0.02572435626354028,0.045177068821863196,8372.04887916966
4102000.0,-0.005771976382072169,0.010296835609159281,434.91382625153153,4102000.0,-0.005771978788981409,0.010296835413881655,434.91380975540744
4102000.0,-0.0005087758239128068,0.0523423942855468,11238.357034608021,4102000.0,-0.0005087745183861457,0.05234239436502025,11238.357068735271
4102000.0,-0.0007420738138513743,0.06765457682429152,18775.43552115379,4102000.0,-0.0007420725054004017,0.06765457689054112,18775.435557924855
4102000.0,-0.0005773715372266623,0.042701628730002945,7479.7061525919435,4102000.0,-0.0005773711781189944,0.04270162874105053,7479.706156462179
