cur_n,cur_mean,cur_std,cur_S,next_n,next_mean,next_std,next_S
4151000.0,-0.3090341020793445,1.3431429396327328,7488540.801540109,4151000.0,-0.3090341298858702,1.3431429344297556,7488540.743522893
4151000.0,-0.381681685808943,1.3614887470357762,7694507.826074253,4151000.0,-0.3816816720796851,1.361488751172031,7694507.87282667
4151000.0,-0.1577871547004052,0.9722486393352284,3923805.046676882,4151000.0,-0.15778713817842963,0.9722486425992914,3923805.0730231204
4151000.0,0.09867036577349762,0.8584556602650233,3059063.346781028,4151000.0,0.09867035401452373,0.858455661950829,3059063.358795595
4151000.0,0.0950174753483357,0.7689785859033619,2454602.8002140047,4151000.0,0.09501747209596724,0.7689785863337845,2454602.802961848
4151000.0,0.09332426057782092,0.6562782537347523,1787840.4583956394,4151000.0,0.09332427264169729,0.6562782524795137,1787840.4515565694
