cur_n,cur_mean,cur_std,cur_S,next_n,next_mean,next_std,next_S
1661000.0,0.17720548434353445,1.5827576025218473,4161007.0246739117,1661000.0,0.17720552964081063,1.5827575985270286,4161007.003669472
1661000.0,0.03624971969603909,1.5938138947302445,4219343.176249452,1661000.0,0.036249715450070406,1.5938138948362297,4219343.176810606
1661000.0,0.03899043956952753,1.4566820830576692,3524513.589919144,1661000.0,0.038990434394279405,1.4566820832113911,3524513.590663019
1661000.0,0.013004288973660946,0.8164550553577836,1107220.7021734267,1661000.0,0.013004390993854092,0.8164550643199594,1107220.7264812107
1661000.0,-0.0007275989293284534,0.7050630598636608,825706.2184363358,1661000.0,-0.0007276038473847331,0.7050630598871104,825706.21849126
1661000.0,0.0007921949761791443,0.6452241205159467,691497.8292203532,1661000.0,0.0007921060430451872,0.6452241308052998,691497.8512749083
