cur_n,cur_mean,cur_std,cur_S,next_n,next_mean,next_std,next_S
4411000.0,-0.30369303944816023,1.3348809475471353,7859992.412732455,4411000.0,-0.30369301869568927,1.3348809529800845,7859992.476712599
4411000.0,-0.38525512130204403,1.3565306407900066,8117013.598542865,4411000.0,-0.38525510566435883,1.3565306456287707,8117013.656449872
4411000.0,-0.21083547007292694,0.9998634133957874,4409795.115268813,4411000.0,-0.2108354806309997,0.9998634114153842,4409795.0978000825
4411000.0,0.09661575511608009,0.8250912870725207,3002901.312765183,4411000.0,0.09661569375773346,0.8250913043210027,3002901.438316115
4411000.0,0.08854797766680948,0.7333374696138248,2372164.5373820085,4411000.0,0.08854796382422533,0.733337471861549,2372164.5519236666
4411000.0,0.09787678423516318,0.640936573498184,1812037.4380931328,4411000.0,0.09787678390227249,0.6409365735493723,1812037.4383825688
