cur_n,cur_mean,cur_std,cur_S,next_n,next_mean,next_std,next_S
501000.0,-0.34792507163165304,1.3373032511805827,895978.3727946966,501000.0,-0.3479249179143999,1.3373032955991828,895978.432314638
501000.0,-0.424225133028885,1.31135625600512,861547.2703120466,501000.0,-0.42422519746984483,1.3113562359516493,861547.243962208
501000.0,-0.22798007316517516,1.0187740621355232,519988.1954297376,501000.0,-0.2279799518535389,1.0187740929010356,519988.2268355303
501000.0,0.1043656622949347,0.7778488580515067,303129.4718319886,501000.0,0.10436579016971871,0.777848846160276,303129.4625639093
501000.0,0.10540935859552401,0.715428412615467,256430.7446023209,501000.0,0.10540919996006458,0.71542844479974,256430.76767391592
501000.0,0.09630979571209246,0.6191668306887531,192067.14967680266,501000.0,0.09630987349139851,0.6191668210379035,192067.14368936585
