cur_n,cur_mean,cur_std,cur_S,next_n,next_mean,next_std,next_S
1702000.0,-0.009250076057247848,0.017153083541855723,500.7765240395865,1702000.0,-0.009250082221440187,0.017153082102837926,500.7764400166414
1702000.0,-0.015450412205280999,0.024996493283318624,1063.4515993400141,1702000.0,-0.015450428227940587,0.02499649211982221,1063.4515003403603
1702000.0,-0.004676263210887043,0.008670955337584442,127.9656639257858,1702000.0,-0.004676271096346325,0.008670957187561059,127.96571852957557
1702000.0,-0.0006219896948360587,0.0550890268466106,5165.231095899005,1702000.0,-0.0006219779901520287,0.055089029095094146,5165.2315175415
1702000.0,-0.000990581900137074,0.06502751861286829,7197.040057163678,1702000.0,-0.0009905745025500915,0.0650275194417237,7197.040240633869
1702000.0,-0.0007040486626390652,0.04834340852147391,3977.718921000946,1702000.0,-0.0007040459135384221,0.0483434086945459,3977.718949481838
