cur_n,cur_mean,cur_std,cur_S,next_n,next_mean,next_std,next_S
1561000.0,0.1807613839320573,1.5769737999717384,3881967.1770095923,1561000.0,0.1807614147952489,1.5769737969054987,3881967.161913537
1561000.0,0.03485317838722812,1.5861565104680229,3927308.154567848,1561000.0,0.03485317674524944,1.5861565105054387,3927308.1547531313
1561000.0,0.042235903711608305,1.448657934035287,3275929.913165525,1561000.0,0.042235902218568315,1.4486579340799755,3275929.913367638
1561000.0,0.011231483147892688,0.8237150161172707,1059148.533760015,1561000.0,0.01123157337098045,0.8237150226001665,1059148.550431678
1561000.0,0.0006454506814580525,0.712620064917285,792718.504156359,1561000.0,0.0006454452934520795,0.7126200649539977,792718.5042380372
1561000.0,-0.0007269305724809601,0.6531329871388939,665895.5929656891,1561000.0,-0.0007270289377839637,0.6531329985919706,665895.6163194426
