cur_n,cur_mean,cur_std,cur_S,next_n,next_mean,next_std,next_S
4271000.0,-0.3023557614875195,1.3335371878840498,7595210.8338070875,4271000.0,-0.30235576633904704,1.3335371868218424,7595210.821707404
4271000.0,-0.38476951037250573,1.3553559191928197,7845782.870708318,4271000.0,-0.3847694872800226,1.3553559265887705,7845782.9563345695
4271000.0,-0.2091611612223436,1.0000550067397835,4271469.880494173,4271000.0,-0.20916115945291164,1.000055007116569,4271469.883712851
4271000.0,0.09625092916498428,0.825159576561034,2908074.043721734,4271000.0,0.09625088795488954,0.8251595857631362,2908074.1085828724
4271000.0,0.08890825165922536,0.7343229591142715,2303052.2195738745,4271000.0,0.0889082552533967,0.734322958716681,2303052.2170799533
4271000.0,0.09757399835481473,0.6422828399827333,1761903.8699564748,4271000.0,0.09757398958120911,0.642282841571501,1761903.8786730578
