cur_n,cur_mean,cur_std,cur_S,next_n,next_mean,next_std,next_S
291000.0,-0.3025118332020231,1.248382806916204,453511.7530877582,291000.0,-0.30251254543041384,1.248382693449334,453511.67064740986
291000.0,-0.3452135178490473,1.2169846813552643,430986.048964132,291000.0,-0.3452159068838496,1.2169846860467095,430986.0522870125
291000.0,-0.21185274610824023,0.991167690557491,285882.29672427545,291000.0,-0.2118528311421819,0.9911676734437411,285882.2868520447
291000.0,0.10362618680223194,0.7777387551701852,176019.37324645775,291000.0,0.1036235763190275,0.7777403778709635,176020.10775292292
291000.0,0.09086376482578065,0.7128345792301791,147866.74296776357,291000.0,0.09086373077175645,0.7128345838076992,147866.74486683804
291000.0,0.09654136470985342,0.6278704407427244,114718.39549431272,291000.0,0.09654141486291481,0.6278704336140855,114718.39288936126
