cur_n,cur_mean,cur_std,cur_S,next_n,next_mean,next_std,next_S
3082000.0,-0.005200721259427752,0.03250006651036445,3255.3758240349443,3082000.0,-0.00520072329282233,0.032500066381025414,3255.375798124402
3082000.0,-0.01530971680222814,0.05388613520137575,8949.251377311997,3082000.0,-0.01530972088375444,0.053886134518165055,8949.25115038074
3082000.0,-0.02526338487194372,0.07821548861575559,18854.63631627509,3082000.0,-0.025263385170940345,0.07821548852093271,18854.636270559058
3082000.0,-0.00033526779288310703,0.165416299386484,84331.38558057966,3082000.0,-0.00033526892224974527,0.1654162993960803,84331.38559036431
3082000.0,-0.0005162972582006344,0.1404565791980619,60801.852072546055,3082000.0,-0.0005162980519143758,0.14045657920205024,60801.85207599907
3082000.0,-0.0004911155300129829,0.1408017753261891,61101.08127969043,3082000.0,-0.0004911171627796869,0.1408017753496703,61101.08130006985
