cur_n,cur_mean,cur_std,cur_S,next_n,next_mean,next_std,next_S
2202000.0,-0.006641532856428393,0.03538269552388445,2756.761183864079,2202000.0,-0.006641534636049855,0.03538269528838865,2756.7611471678547
2202000.0,-0.01575754528249049,0.06025884324837777,7995.744273570904,2202000.0,-0.01575755036962706,0.06025884239094086,7995.744046024346
2202000.0,-0.03261098749862987,0.09052092463253722,18043.27122751752,2202000.0,-0.03261099071793189,0.09052092359880282,18043.270815415017
2202000.0,-0.00038982634323998935,0.16259549776109283,58214.925554574955,2202000.0,-0.00038982675358123644,0.16259549776125132,58214.92555468843
2202000.0,-0.0004967639491006428,0.15438570800438076,52484.552932902654,2202000.0,-0.0004967618999373648,0.1543857080409206,52484.552957746615
2202000.0,-0.00045743268072543345,0.15732665301982177,54503.190002423515,2202000.0,-0.0004574320371706362,0.15732665302459833,54503.19000573303
