cur_n,cur_mean,cur_std,cur_S,next_n,next_mean,next_std,next_S
1441000.0,-0.35984381753167943,1.378930928392883,2739990.1781062586,1441000.0,-0.35984379346036555,1.3789309349772345,2739990.204272991
1441000.0,-0.4173596268673121,1.390237138657811,2785106.153754682,1441000.0,-0.4173595895282134,1.3902371505898958,2785106.201562531
1441000.0,-0.1940981409245785,1.014804342326883,1483981.936469122,1441000.0,-0.19409819289674582,1.0148043343041049,1483981.913005175
1441000.0,0.10135210485079169,0.8227956777732697,975546.5201291811,1441000.0,0.10135209065722023,0.8227956796980354,975546.5246933725
1441000.0,0.09319086206278755,0.7590360651402812,830211.613132627,1441000.0,0.09319084194147628,0.7590360679949846,830211.6193774102
1441000.0,0.09068258566723707,0.6424212823420975,594708.0548727396,1441000.0,0.09068256881392954,0.6424212850396059,594708.0598670635
