cur_n,cur_mean,cur_std,cur_S,next_n,next_mean,next_std,next_S
1051000.0,-0.03141956057565732,1.1494459574404023,1388608.5355389637,1051000.0,-0.03141959424863615,1.1494459570383735,1388608.5345676073
1051000.0,-0.08392627737101867,1.1096754392654569,1294179.939114943,1051000.0,-0.0839263691347014,1.1096754363128403,1294179.9322278535
1051000.0,-0.1272774526647404,0.8494300826977937,758329.5701269718,1051000.0,-0.12727748060682634,0.8494300789940289,758329.5635138921
1051000.0,0.10293336356639039,1.3401009651985667,1887459.9973693625,1051000.0,0.10293347120157063,1.3401009614741002,1887459.9868779418
1051000.0,0.10613941972481865,1.1879154597376806,1483111.439597458,1051000.0,0.10613940962977236,1.1879154606848117,1483111.4419624426
1051000.0,0.1002979697526403,0.7127997639149201,533995.7621124613,1051000.0,0.10029797939301545,0.7127997626269191,533995.7601826428
