cur_n,cur_mean,cur_std,cur_S,next_n,next_mean,next_std,next_S
1371000.0,0.1863758013235244,1.5576469534011033,3326407.9871038822,1371000.0,0.18637583999639246,1.557646949432034,3326407.9701517173
1371000.0,0.031333717027885614,1.577694191203349,3412582.095471759,1371000.0,0.031333710806887086,1.5776941913437406,3412582.096079097
1371000.0,0.04006298763790266,1.3975645065270723,2677818.759918739,1371000.0,0.04006300028644017,1.3975645062429038,2677818.758829771
1371000.0,0.007659446991341349,0.8383843060538502,963659.7833978697,1371000.0,0.007659568223021141,0.8383843169632492,963659.8084769393
1371000.0,0.0036518304054044912,0.7328448771290764,736311.472703968,1371000.0,0.0036518253570521617,0.7328448771781151,736311.4728025092
1371000.0,0.00042030835877923477,0.6651026863262356,606477.7307843321,1371000.0,0.00042018872517020193,0.6651027011529407,606477.7578239659
