cur_n,cur_mean,cur_std,cur_S,next_n,next_mean,next_std,next_S
1681000.0,-0.09002514583207281,1.1735942064341935,2315280.570472895,1681000.0,-0.09002513129054339,1.173594207701137,2315280.5754717775
1681000.0,-0.10937301253834684,1.1570470890492215,2250452.141312103,1681000.0,-0.1093730045149956,1.1570470898543799,2250452.144444163
1681000.0,-0.14633031314910724,0.9275104721470131,1446123.4112591327,1681000.0,-0.1463302998056814,0.9275104744134682,1446123.4183265977
1681000.0,0.10368626798737238,1.1779627414284353,2332549.246145433,1681000.0,0.10368622212359498,1.1779627469663134,2332549.268077151
1681000.0,0.10664137636744472,1.0629807837343996,1899409.2144154338,1681000.0,0.10664131993970036,1.0629807919130854,1899409.2436439418
1681000.0,0.09634518786271351,0.671035264735668,756934.6768782171,1681000.0,0.0963451646291582,0.6710352687475989,756934.6859292157
