cur_n,cur_mean,cur_std,cur_S,next_n,next_mean,next_std,next_S
2402000.0,-0.0062927966664726226,0.03468340594576369,2889.4586324927236,2402000.0,-0.006292798851813105,0.03468340571463708,2889.45859398262
2402000.0,-0.015792248013757903,0.058629881575142054,8256.786158463467,2402000.0,-0.015792254743510335,0.05862988069017967,8256.785909206777
2402000.0,-0.030849750871108993,0.08729139668928415,18302.730622190255,2402000.0,-0.030849757375556713,0.08729139497262513,18302.72990231296
2402000.0,-0.0003770037832847298,0.16426714014171426,64814.83137947089,2402000.0,-0.00037700483246634424,0.16426714014735605,64814.831383923054
2402000.0,-0.0005101560061419745,0.15080710312952572,54628.16321507523,2402000.0,-0.000510154241912475,0.1508071031602836,54628.1632373586
2402000.0,-0.00045455186828240337,0.15339518951434342,56519.26216707148,2402000.0,-0.0004545489985539895,0.15339518958733073,56519.26222085659
