cur_n,cur_mean,cur_std,cur_S,next_n,next_mean,next_std,next_S
2262000.0,-0.010519744897471584,0.019178853957262012,832.0279292758335,2262000.0,-0.010519746379018877,0.019178853274062525,832.0278699979385
2262000.0,-0.017464731761345834,0.028767599911314612,1871.9742081351937,2262000.0,-0.017464733398180412,0.028767599022931793,1871.9740925169492
2262000.0,-0.00499208330870756,0.008886115671528813,178.6144230082609,2262000.0,-0.004992084670347903,0.008886115142560424,178.61440174331585
2262000.0,-0.0006266398613576881,0.055107579526775814,6869.344116780421,2262000.0,-0.0006266484811874128,0.055107580953680714,6869.344472517362
2262000.0,-0.001002839179786148,0.0658927881433055,9821.286255273302,2262000.0,-0.0010028479044030128,0.06589278931704821,9821.286605164805
2262000.0,-0.0007113369426829416,0.04786129246637357,5181.570902040053,2262000.0,-0.0007113456092309491,0.04786129411244973,5181.571258455854
