cur_n,cur_mean,cur_std,cur_S,next_n,next_mean,next_std,next_S
882000.0,-0.007942710235175713,0.016507468779968663,240.3419355100866,882000.0,-0.007942687859968873,0.01650749292091105,240.34263847492494
882000.0,-0.013270171516839093,0.023195949520960803,474.56192942584426,882000.0,-0.013270155676773851,0.023195963353136298,474.5624954061971
882000.0,-0.003987129446415059,0.008928308463439406,70.30835836016152,882000.0,-0.003987107875638,0.008928341078948047,70.3088720402315
882000.0,-0.0004483938840544965,0.05109223890572457,2302.3876849844787,882000.0,-0.0004483911570193206,0.051092238993847905,2302.3876929267444
882000.0,-0.0006813232926058666,0.06101460363847675,3283.493598015491,882000.0,-0.000681310187831817,0.06101460502607452,3283.493747362308
882000.0,-0.0005016468326501403,0.04403283724567254,1710.1016467072286,882000.0,-0.0005016346181331196,0.04403283887904492,1710.1017735776738
