cur_n,cur_mean,cur_std,cur_S,next_n,next_mean,next_std,next_S
1931000.0,0.18540781728714834,1.5996441564964254,4941161.4163348125,1931000.0,0.18540784844087874,1.5996441534714336,4941161.39764694
1931000.0,0.037769570029615174,1.6130413301128808,5024273.404351653,1931000.0,0.03776956849891435,1.6130413301501285,5024273.404583689
1931000.0,0.054188535449786565,1.499677206883613,4342880.260678081,1931000.0,0.054188529940875425,1.4996772071021545,4342880.261943818
1931000.0,0.009549304977149904,0.7998214346644436,1235288.3661103179,1931000.0,0.009549377727395007,0.7998214401847699,1235288.3831621113
1931000.0,2.216719524561317e-05,0.6938112677411284,929533.3392972295,1931000.0,2.21626268752416e-05,0.6938112677703694,929533.3393755807
1931000.0,-0.003907417579270426,0.6372178615174328,784075.9904641575,1931000.0,-0.003907491415011198,0.6372178693249838,784076.0096780363
