cur_n,cur_mean,cur_std,cur_S,next_n,next_mean,next_std,next_S
131000.0,0.10922825519907055,1.4097588680407482,260352.02864855868,131000.0,0.10922874458963454,1.4097588412504032,260352.01875336206
131000.0,0.008506244300733188,1.4057175290752262,258861.47207296605,131000.0,0.00850623230367461,1.4057175291545339,258861.4721021749
131000.0,0.02952133238971275,1.3031711456169233,222471.40955467665,131000.0,0.029521292627684676,1.3031711465971436,222471.4098893541
131000.0,0.01033439437646303,0.8760048471187036,100527.36847498569,131000.0,0.01033571654243303,0.8760049622292307,100527.39489438091
131000.0,0.022706471455826886,0.7943750876047518,82665.16315472449,131000.0,0.022706380063528663,0.7943750909058163,82665.16384176273
131000.0,0.013509515023015136,0.7627894594683456,76222.05649135743,131000.0,0.013508473833057887,0.7627895709964129,76222.0787803368
