cur_n,cur_mean,cur_std,cur_S,next_n,next_mean,next_std,next_S
31000.0,0.043030042372000386,1.4690683057328746,66903.01229417461,31000.0,0.04303177710532193,1.4690682866711287,66903.01055798821
31000.0,0.06450263365453056,1.5358782242484528,73126.579511338,31000.0,0.06450209413397415,1.5358782498443162,73126.58194869003
31000.0,-0.06811139442379702,1.40840859114427,61492.05754787861,31000.0,-0.06811161831075206,1.408408580868607,61492.05665059403
31000.0,0.04580132119917375,0.8350258520349275,21615.313380566356,31000.0,0.04580721238153333,0.8350261731053665,21615.3300029008
31000.0,0.004193737961192568,0.7708715375139806,18421.53074782422,31000.0,0.0041934332556893,0.7708715410384518,18421.53091627292
31000.0,0.06654937950592742,0.7367460765116832,16826.638218916127,31000.0,0.06654445968556505,0.7367470301241429,16826.681778299087
