cur_n,cur_mean,cur_std,cur_S,next_n,next_mean,next_std,next_S
2862000.0,-0.005519333261764306,0.03322426018329796,3159.222892050042,2862000.0,-0.005519335845217404,0.033224260041591853,3159.222865100989
2862000.0,-0.015655238772096458,0.05543903208807125,8796.317730103598,2862000.0,-0.01565524569661304,0.05543903137034608,8796.317502345704
2862000.0,-0.026987838648567478,0.08082679939431252,18697.36443393999,2862000.0,-0.0269878371318868,0.08082679994144601,18697.364687072724
2862000.0,-0.00034762800687084997,0.16588644395692045,78757.40977018072,2862000.0,-0.0003476195055448541,0.1658864445981895,78757.4103790875
2862000.0,-0.0005231430426710546,0.14393042036606452,59289.09442512433,2862000.0,-0.0005231308304807818,0.14393042189321942,59289.0956832827
2862000.0,-0.00047868004691126593,0.1447184681827717,59940.11106492653,2862000.0,-0.00047867710751030903,0.14471846827792975,59940.11114375249
