cur_n,cur_mean,cur_std,cur_S,next_n,next_mean,next_std,next_S
411000.0,0.15683584436979398,1.3966340105928856,801691.0759728999,411000.0,0.1568359915201305,1.3966339972545903,801691.0606600947
411000.0,-0.02632363992899282,1.3637751523529795,764411.7757980864,411000.0,-0.026323647317003162,1.3637751522186021,764411.7756474462
411000.0,0.03951308211097211,1.2221771447722551,613917.675986705,411000.0,0.03951306798900032,1.222177145262316,613917.6764790347
411000.0,0.010234590952479933,0.9389000044253376,362310.1527253685,411000.0,0.010234846642935625,0.9389000159475202,362310.1616179102
411000.0,0.02295331922787419,0.8295668822159645,282842.478160571,411000.0,0.022953295125875503,0.8295668830267465,282842.47871344653
411000.0,0.016008669483134202,0.7911115188515019,257227.40589166697,411000.0,0.016008367700172492,0.7911115486154338,257227.42524696377
