cur_n,cur_mean,cur_std,cur_S,next_n,next_mean,next_std,next_S
842000.0,-0.00791294321893468,0.016442800979424063,227.64792280921503,842000.0,-0.00791294483422177,0.016442800268886757,227.64790313466708
842000.0,-0.013255695202627912,0.02311599719555229,449.9221327823059,842000.0,-0.013255696920848178,0.023115996264020295,449.9220965202447
842000.0,-0.003989791757733667,0.008938321757476515,67.2704076974299,842000.0,-0.003989793340355674,0.008938321169015138,67.2703988398308
842000.0,-0.0004458462764598862,0.05119306563599867,2206.6546340762247,842000.0,-0.0004458594088065697,0.051193066939885574,2206.6547464831715
842000.0,-0.0006802172160628706,0.06108052569987626,3141.3593818490713,842000.0,-0.0006802303851001341,0.06108052674854848,3141.3594897150833
842000.0,-0.0004993659446513936,0.04413494385167716,1640.126132321766,842000.0,-0.0004993790398596345,0.04413494533928645,1640.126242885718
