cur_n,cur_mean,cur_std,cur_S,next_n,next_mean,next_std,next_S
4021000.0,-0.303062725356586,1.3336516371919875,7151857.918016558,4021000.0,-0.3030626740395386,1.3336516528234534,7151858.085667569
4021000.0,-0.3764894867390284,1.344296173435533,7266478.5838938495,4021000.0,-0.37648956373065173,1.344296160738334,7266478.44662659
4021000.0,-0.20628337807584982,0.9954006615267983,3984097.1798882782,4021000.0,-0.20628338866879087,0.9954006595582121,3984097.1641297224
4021000.0,0.09700493642637092,0.827510311059,2753473.4992489396,4021000.0,0.09700481793522786,0.827510359060778,2753473.8186930018
4021000.0,0.08704311864035097,0.7343465226917302,2168383.822680921,4021000.0,0.0870431220637861,0.7343465223180382,2168383.82047404
4021000.0,0.09828385856896622,0.6437048613818287,1666125.269186296,4021000.0,0.09828385054007628,0.6437048628090246,1666125.2765744247
