cur_n,cur_mean,cur_std,cur_S,next_n,next_mean,next_std,next_S
1242000.0,-0.008026067936736915,0.03941267719585479,1929.2720316908578,1242000.0,-0.008026071691413578,0.039412676653372676,1929.271978581268
1242000.0,-0.014823509507499765,0.060352166642143996,4523.840950854189,1242000.0,-0.0148235159278489,0.060352165489343565,4523.840778032366
1242000.0,-0.029220280266200358,0.08366911789071363,8694.647440453788,1242000.0,-0.02922030764485224,0.0836691138926269,8694.646609515097
1242000.0,-0.0004550099098530918,0.15046966112865914,28120.269698855507,1242000.0,-0.0004550108227082422,0.15046966112933585,28120.26969910844
1242000.0,-0.0005377214337073709,0.1536304586205179,29314.078727410728,1242000.0,-0.0005377201610947176,0.1536304586315197,29314.07873160921
1242000.0,-0.0004808990933171391,0.15593287865642022,30199.30780642872,1242000.0,-0.00048087913445172013,0.15593288030441815,30199.30844475974
