cur_n,cur_mean,cur_std,cur_S,next_n,next_mean,next_std,next_S
4041000.0,-0.3033224187184483,1.333002364149638,7180433.918730066,4041000.0,-0.30332243525143987,1.333002360801988,7180433.882664745
4041000.0,-0.3768510012639447,1.3448941274774031,7309119.205271872,4041000.0,-0.37685102462138154,1.3448941217521286,7309119.143041379
4041000.0,-0.20650256901731986,0.9954510637587205,4004319.116987346,4041000.0,-0.20650256804114664,0.995451063963176,4004319.118632238
4041000.0,0.09709480236336296,0.8271554424981811,2764796.1353856754,4041000.0,0.09709480528214369,0.8271554421764027,2764796.1332345647
4041000.0,0.08711849633277025,0.7342286177585868,2178469.410731303,4041000.0,0.08711848943891912,0.7342286187073555,2178469.41636133
4041000.0,0.0981957190147167,0.6436334923420255,1674041.116828609,4041000.0,0.09819571965613319,0.6436334922454311,1674041.1163261395
