cur_n,cur_mean,cur_std,cur_S,next_n,next_mean,next_std,next_S
4142000.0,-0.015219812435000452,0.027542052923275048,3141.9749013643795,4142000.0,-0.015219813250124222,0.027542052522796737,3141.974809991903
4142000.0,-0.025799226883055165,0.045330793969462414,8511.316612837463,4142000.0,-0.025799227735348106,0.04533079351757914,8511.316443146123
4142000.0,-0.005773891297817854,0.010298761219041521,439.31908712318483,4142000.0,-0.005773892111488538,0.010298760896001312,439.3190595630297
4142000.0,-0.0005077492358512684,0.05238817776091666,11367.806682451144,4142000.0,-0.0005077501177777647,0.052388177783114075,11367.806692084463
4142000.0,-0.0007404588044893829,0.06777376673006603,19025.380077988586,4142000.0,-0.0007404597349981634,0.06777376674635295,19025.380087132675
4142000.0,-0.0005763257163934197,0.042721421060985774,7559.646283960901,4142000.0,-0.0005763265825176731,0.042721421085665616,7559.646292695201
