cur_n,cur_mean,cur_std,cur_S,next_n,next_mean,next_std,next_S
3802000.0,-0.004290923165419302,0.030404402432325943,3514.6740669884794,3802000.0,-0.0042909247111032915,0.030404402363564845,3514.6740510912514
3802000.0,-0.014091358627248569,0.04957793344147159,9345.207583411207,3802000.0,-0.014091362107173037,0.0495779329167244,9345.207385586446
3802000.0,-0.020737588845081267,0.07124262806058632,19297.09682542631,3802000.0,-0.020737589529129748,0.07124262787394389,19297.096724316707
3802000.0,-0.00029368761359576935,0.16263613728658743,100564.85100200953,3802000.0,-0.0002936887276201652,0.16263613729908172,100564.85101746101
3802000.0,-0.00046799413785431217,0.13094674088773361,65193.080104551394,3802000.0,-0.0004679946414404888,0.13094674088960923,65193.08010641894
3802000.0,-0.0005445461944429859,0.1304097764899132,64659.510675374935,3802000.0,-0.0005445471027236639,0.13040977649814528,64659.51068353816
