cur_n,cur_mean,cur_std,cur_S,next_n,next_mean,next_std,next_S
3671000.0,-0.30134671885586434,1.3283719012935196,6477743.474804553,3671000.0,-0.30134670509245587,1.3283719046776183,6477743.507809352
3671000.0,-0.3731799538418631,1.3393088061136857,6584849.19482869,3671000.0,-0.373179954292883,1.3393088059883322,6584849.193596061
3671000.0,-0.20468430388231634,0.99577572420602,3640050.8743020645,3671000.0,-0.20468429718407646,0.9957757256655629,3640050.884972762
3671000.0,0.09770430518979316,0.8300317066560716,2529145.1196136693,3671000.0,0.09770432570178353,0.8300317051720063,2529145.1105696373
3671000.0,0.08717499732516312,0.7359885250165251,1988504.008977477,3671000.0,0.08717499079102702,0.7359885258969416,1988504.01373492
3671000.0,0.09944299677138581,0.6465185897825277,1534427.6593361397,3671000.0,0.0994430018130378,0.646518589079198,1534427.6559976167
