cur_n,cur_mean,cur_std,cur_S,next_n,next_mean,next_std,next_S
3142000.0,-0.013756802229342014,0.02548805070185652,2041.1711691996434,3142000.0,-0.013756805360161403,0.025488049616207247,2041.1709953145576
3142000.0,-0.023080030526013186,0.040671454762894396,5197.39344460978,3142000.0,-0.023080033943772386,0.04067145327460097,5197.393064232613
3142000.0,-0.005478446694223176,0.01011179362361597,321.2643794404991,3142000.0,-0.0054784498052593104,0.010111793441783496,321.2643678864071
3142000.0,-0.0004912306351729805,0.052460786413135375,8647.205377027842,3142000.0,-0.0004912361401450154,0.052460787269095054,8647.205659206578
3142000.0,-0.0007430260307639987,0.0665377748943898,13910.499582970775,3142000.0,-0.0007430341482339716,0.06653777635952432,13910.500195577772
3142000.0,-0.0005547329727721787,0.04332056528339778,5896.501464878573,3142000.0,-0.0005547386530203041,0.04332056638074185,5896.501763604636
