cur_n,cur_mean,cur_std,cur_S,next_n,next_mean,next_std,next_S
3281000.0,-0.3003407322084116,1.3254367396097761,5764003.548870958,3281000.0,-0.3003407581841758,1.3254367345589293,5764003.5049411375
3281000.0,-0.3607589148050774,1.3283014438666798,5788946.285278622,3281000.0,-0.36075879976855474,1.3283014914536666,5788946.700061753
3281000.0,-0.19589127813693594,0.9898024090102039,3214424.6019431637,3281000.0,-0.19589128754450189,0.9898024072950345,3214424.590802996
3281000.0,0.09808450416804072,0.8347700777635152,2286335.59243485,3281000.0,0.09808484645705948,0.8347702677925831,2286336.6333688335
3281000.0,0.08415106391613074,0.7379437818275267,1786704.7234774905,3281000.0,0.08415106807234664,0.7379437813919567,1786704.7213682919
3281000.0,0.09776759132784267,0.650876107928005,1389961.8815264176,3281000.0,0.09776762063565067,0.6508761056906126,1389961.8719704053
