cur_n,cur_mean,cur_std,cur_S,next_n,next_mean,next_std,next_S
2301000.0,-0.08573757130515751,0.19461981203543255,87154.68071566304,2301000.0,-0.08573760633880953,0.19461980385730607,87154.67339100291
2301000.0,-0.09110943883050332,0.1898821907267003,82963.12186324844,2301000.0,-0.09110962943692993,0.18988231939873437,82963.23430177908
2301000.0,-0.11125392008456463,0.26641952253190526,163323.51193008138,2301000.0,-0.11125414813112207,0.2664196518801943,163323.67051922495
2301000.0,0.025681767965436454,0.1570487686147445,56752.59047956079,2301000.0,0.02568177593688636,0.15704876777669985,56752.589873873716
2301000.0,0.026479070187908408,0.121182162126739,33790.4528771536,2301000.0,0.026479142697456104,0.12118219619875865,33790.47187845076
2301000.0,0.0462604954419427,0.3060303264567451,215499.14419652178,2301000.0,0.04626056327866946,0.30603033350257536,215499.1541195279
