cur_n,cur_mean,cur_std,cur_S,next_n,next_mean,next_std,next_S
1951000.0,-0.005984138960463125,0.019295710360415275,726.4049791487358,1951000.0,-0.005984140030590016,0.01929571008643329,726.4049585201225
1951000.0,-0.007059274791187545,0.020640728904437054,831.2034346173098,1951000.0,-0.007059281203717127,0.020640728654700846,831.2034145035249
1951000.0,-0.006561819273357217,0.019883697326394813,771.3501291863441,1951000.0,-0.006561823387827235,0.019883696799113237,771.3500882765778
1951000.0,-0.0013207188927530592,0.07270727264439662,10313.663963499306,1951000.0,-0.0013207667843073603,0.07270730254725087,10313.67244705377
1951000.0,-0.0015348917983676119,0.07568978506262712,11177.168891074876,1951000.0,-0.0015348914342293107,0.07568978507172189,11177.168893760938
1951000.0,-0.0014879176791362761,0.07124649539037248,9903.399118655625,1951000.0,-0.0014879202272359802,0.07124649542605732,9903.39912857615
