cur_n,cur_mean,cur_std,cur_S,next_n,next_mean,next_std,next_S
462000.0,-0.0069287283951535595,0.015163175218403263,106.22390980924749,462000.0,-0.006928732379108561,0.015163173639753369,106.22388769114188
462000.0,-0.012600139082758078,0.021117302510355013,206.02449497499688,462000.0,-0.012600143189792409,0.021117300244309467,206.02445075904043
462000.0,-0.004182559066765789,0.00933879924686637,40.292485174451606,462000.0,-0.00418256280893858,0.009338797917254792,40.29247370116696
462000.0,-0.0006390502139546829,0.05898650292522181,1607.486277634407,462000.0,-0.0006390738706751752,0.0589865048605582,1607.4863831170712
462000.0,-0.0010600517323459235,0.06835096020752737,2158.396437716437,462000.0,-0.0010600756949449015,0.06835096177648571,2158.396536806022
462000.0,-0.0007361821286531896,0.05290063413654879,1292.8964165266339,462000.0,-0.0007362058162705512,0.05290063625705513,1292.8965201773801
