cur_n,cur_mean,cur_std,cur_S,next_n,next_mean,next_std,next_S
1051000.0,-0.355677807228697,1.36869876744557,1968876.4681233806,1051000.0,-0.3556777880941861,1.368698772558559,1968876.4828334749
1051000.0,-0.3979893476743478,1.3435571223868557,1897208.1739133873,1051000.0,-0.39798892125531676,1.34355731982055,1897208.7314971916
1051000.0,-0.2183973995707546,1.042102395261127,1141362.249721636,1051000.0,-0.2183974408845475,1.0421023874635489,1141362.232641047
1051000.0,0.09820264388301458,0.8074229040475033,685180.2650255094,1051000.0,0.0982025179996492,0.807422929671565,685180.3085147431
1051000.0,0.09290997943129455,0.7477306279021281,587615.2475899592,1051000.0,0.09290849740406834,0.7477323556676504,587617.9631736205
1051000.0,0.09176813453658912,0.6308887587307676,418319.6778133839,1051000.0,0.09176818185700712,0.6308887537127724,418319.6711588793
