cur_n,cur_mean,cur_std,cur_S,next_n,next_mean,next_std,next_S
901000.0,-0.3709643963465001,1.3812341957559593,1718934.921076576,901000.0,-0.37096438358455036,1.3812341992366244,1718934.9297398957
901000.0,-0.41857726367324427,1.3551065941781357,1654518.807308145,901000.0,-0.41857646764007467,1.3551070507243008,1654519.9221493644
901000.0,-0.22696355164004142,1.0553359269481108,1003474.260755393,901000.0,-0.22696366598407386,1.0553359079381963,1003474.2246039474
901000.0,0.09908890625650969,0.7985011651874219,574481.303835909,901000.0,0.09908843422397036,0.7985013494715313,574481.5690021787
901000.0,0.09148953376151232,0.7331125949324073,484246.12324052374,901000.0,0.09148879662613349,0.7331130208251726,484246.6858743723
901000.0,0.08904832765775145,0.622505128622591,349148.88428044715,901000.0,0.08904853806417837,0.6225051305625919,349148.8864566515
