cur_n,cur_mean,cur_std,cur_S,next_n,next_mean,next_std,next_S
922000.0,-0.00874235774430094,0.04211602881977814,1635.406612631609,922000.0,-0.008742362270382489,0.04211602810449569,1635.4065570813746
922000.0,-0.012837282167191875,0.049463891617251246,2255.8358011571704,922000.0,-0.012837278528828636,0.04946389268488412,2255.835898537477
922000.0,-0.025148212380729732,0.07261205601423322,4861.25484568224,922000.0,-0.025148214947708296,0.07261205516702994,4861.254732244576
922000.0,-0.0004766433715500322,0.14654458773738388,19800.241531900458,922000.0,-0.00047663321391722753,0.1465445880949942,19800.241628536864
922000.0,-0.0004872093263988098,0.1453977687770724,19491.551294453628,922000.0,-0.00048719699139846594,0.145397769300823,19491.551434878227
922000.0,-0.00047143828240546606,0.14866424681608356,20377.17573544473,922000.0,-0.0004714175344265739,0.14866424821676644,20377.176119423548
