cur_n,cur_mean,cur_std,cur_S,next_n,next_mean,next_std,next_S
691000.0,-0.018852845698388025,1.147867795593912,910461.9290276844,691000.0,-0.018852938325583348,1.1478677966550526,910461.9307110282
691000.0,-0.10003123758757845,1.1152216695086457,859410.0861498808,691000.0,-0.10003188883603778,1.1152217424892903,859410.1986303066
691000.0,-0.10873376279949329,0.8169165580429875,461140.689998118,691000.0,-0.10873378194870972,0.8169165556492639,461140.6872956551
691000.0,0.09669971807860664,1.4148973535012306,1383336.7539728475,691000.0,0.09670106308466297,1.4148977033224353,1383337.4380091673
691000.0,0.1123493011753466,1.2728959946158644,1119602.5712583954,691000.0,0.11234879392499586,1.2728961092263498,1119602.7728745532
691000.0,0.0932942994188934,0.7309459297936474,369188.82902679266,691000.0,0.09329428439515294,0.7309459318178873,369188.8310716136
