cur_n,cur_mean,cur_std,cur_S,next_n,next_mean,next_std,next_S
2971000.0,-0.29836047716353403,1.3237196142664092,5205886.076682217,2971000.0,-0.2983604182547196,1.3237196314386583,5205886.211751266
2971000.0,-0.36092088485431856,1.3254749381191255,5219701.804209825,2971000.0,-0.360920842412176,1.3254749516947606,5219701.911131146
2971000.0,-0.19123654790264508,0.9879550126638326,2899859.7230384,2971000.0,-0.19123654144910757,0.9879550139756608,2899859.7307393947
2971000.0,0.09638153295122562,0.8363408003361193,2078113.290825683,2971000.0,0.09638157256032512,0.8363407985581357,2078113.2819899274
2971000.0,0.08618782962586438,0.7407185054387618,1630080.4596736156,2971000.0,0.08618782202251149,0.7407185064393923,1630080.4640777402
2971000.0,0.09649047268916613,0.6522395687390014,1263912.2878906792,2971000.0,0.09649047304849961,0.6522395686861042,1263912.2876856704
