cur_n,cur_mean,cur_std,cur_S,next_n,next_mean,next_std,next_S
3241000.0,-0.3190310895378786,1.3558640723928415,5958148.687673275,3241000.0,-0.31903143056593336,1.355864131149308,5958149.204066885
3241000.0,-0.38858041487819595,1.3668169532834684,6054799.200041037,3241000.0,-0.3885804237439289,1.3668169508561996,6054799.178536146
3241000.0,-0.1679016810763006,0.987968279236016,3163479.5606368785,3241000.0,-0.16790201948720643,0.9879684095670569,3163480.3952782727
3241000.0,0.10105814368872826,0.8549416056579306,2368928.4081843575,3241000.0,0.10105883143395478,0.8549424208985082,2368932.9260308906
3241000.0,0.09443850612477324,0.769004978758972,1916625.8184910775,3241000.0,0.09443838596486016,0.7690050239409448,1916626.0437092248
3241000.0,0.09359359854033332,0.6560427578815148,1394900.7966470283,3241000.0,0.09359434425808925,0.6560440251105328,1394906.1855045469
