cur_n,cur_mean,cur_std,cur_S,next_n,next_mean,next_std,next_S
2762000.0,-0.005681083282295382,0.03350489543251534,3100.5604855607417,2762000.0,-0.0056810867720689315,0.033504895342763415,3100.56046894936
2762000.0,-0.015727826101745467,0.05609896886512669,8692.274477951512,2762000.0,-0.015727835058577708,0.05609896832891461,8692.274311784375
2762000.0,-0.02784104656279202,0.08209044048325709,18612.67723654655,2762000.0,-0.027841045708530666,0.08209044078524973,18612.677373490427
2762000.0,-0.00035422250705165355,0.16535302449392034,75517.56192305074,2762000.0,-0.0003542184432582453,0.16535302464055432,75517.5620569877
2762000.0,-0.0005218355166043823,0.14529653297217668,58308.809847695586,2762000.0,-0.0005218270772926178,0.14529653367942708,58308.81041534753
2762000.0,-0.00046969605817321047,0.14644959606689756,59237.95132769089,2762000.0,-0.00046969686561906213,0.14644959607045763,59237.95133057094
