cur_n,cur_mean,cur_std,cur_S,next_n,next_mean,next_std,next_S
421000.0,-0.026180880279055015,1.135892274231707,543195.7798955566,421000.0,-0.026180860124097136,1.1358922747715336,543195.7804118585
421000.0,-0.12015224986085214,1.0924768168883032,502465.85567956604,421000.0,-0.12015187375879754,1.0924768855078253,502465.91880029766
421000.0,-0.1029604360486742,0.8091936656054096,275668.4375399421,421000.0,-0.10296025100894661,0.8091936980564887,275668.4596501953
421000.0,0.09036790191209766,1.4511038870868238,886500.748760884,421000.0,0.09036796175293012,1.4511038838796557,886500.7448422716
421000.0,0.10715393362150503,1.3080110619690815,720285.926996297,421000.0,0.10715396863835439,1.3080110592977894,720285.9240542818
421000.0,0.09489099288108586,0.7551758209607714,240092.3091573493,421000.0,0.09489094281811894,0.7551758279499992,240092.313601506
