cur_n,cur_mean,cur_std,cur_S,next_n,next_mean,next_std,next_S
662000.0,0.00029777696537611024,0.01387525978271332,127.4501161330115,662000.0,0.00029777353803583267,0.013875260136488298,127.45012263215648
662000.0,-0.007392088980877797,0.020254020292204192,271.5691737540267,662000.0,-0.007392084336268708,0.020254022339887323,271.56922866536144
662000.0,-0.00586160142095334,0.014508078249376792,139.34062943240644,662000.0,-0.005861612925889714,0.014508076620968148,139.34059815280224
662000.0,-0.00018642907383670308,0.11406870762659124,8613.7255794557,662000.0,-0.0001864469578293563,0.114068708525451,8613.725715207765
662000.0,-0.00014617728910492532,0.06953625314550074,3200.9623120030374,662000.0,-0.00014621246558098563,0.06953625896162827,3200.9628474706515
662000.0,-0.0007561927570525558,0.060032779499996566,2385.8047147958277,662000.0,-0.0007562035768193228,0.06003278000917347,2385.804755266939
