cur_n,cur_mean,cur_std,cur_S,next_n,next_mean,next_std,next_S
2701000.0,-0.10441833964724309,0.21463395691172601,124428.95347633815,2701000.0,-0.10441836820840483,0.21463394814958955,124428.94331705617
2701000.0,-0.10747771241912477,0.20263228954436963,110902.64071294777,2701000.0,-0.10747777350896735,0.20263228201459507,110902.6324707089
2701000.0,-0.13162563551122494,0.2912143698261626,229060.49063096553,2701000.0,-0.13162571799778158,0.2912143640966933,229060.48161770817
2701000.0,0.02108829928938266,0.15840107341422371,67770.52105876016,2701000.0,0.021088308841236775,0.1584010729204378,67770.52063623615
2701000.0,0.023565585369524474,0.12005545760714312,38930.358146304716,2701000.0,0.0235656138516884,0.12005546114194669,38930.36043876478
2701000.0,0.043373595524820306,0.3076262736090623,255606.2293036283,2701000.0,0.043373627578433466,0.30762627360019973,255606.22928890047
