cur_n,cur_mean,cur_std,cur_S,next_n,next_mean,next_std,next_S
2801000.0,-0.0454216819391321,0.13938406935044612,54417.60052712061,2801000.0,-0.04542184035286859,0.13938426987533778,54417.75710299546
2801000.0,-0.041511213156103094,0.13495819406964465,51016.61332445817,2801000.0,-0.04151116738539189,0.13495822988803385,51016.640404446414
2801000.0,-0.008850237781999908,0.2135262036833391,127707.22448603211,2801000.0,-0.008850173741571344,0.2135262332369377,127707.2598372747
2801000.0,0.02937130243651045,0.15130005809381616,64119.672929317196,2801000.0,0.029371336087358285,0.15130006204311447,64119.676276675054
2801000.0,0.03091124997458115,0.15795637926589723,69885.5599199683,2801000.0,0.03091127310248055,0.15795637948250618,69885.56011163942
2801000.0,0.048327706500744534,0.3866989648554716,418850.5864662415,2801000.0,0.04832773432949542,0.3866989641823323,418850.5850080281
