cur_n,cur_mean,cur_std,cur_S,next_n,next_mean,next_std,next_S
51000.0,-0.02605512609574752,0.09513233418908368,461.55821142143844,51000.0,-0.026055217219170743,0.09513231145761145,461.55799084666756
51000.0,-0.03381347633442089,0.10769380974981645,591.4957895799126,51000.0,-0.03381404474993088,0.10769370778185429,591.4946694859747
51000.0,-0.017329899000843505,0.10407184696705354,552.3784158878244,51000.0,-0.01732970202690818,0.10407188927326705,552.378864982265
51000.0,0.0361718894311437,0.16686890468631227,1420.1067989116882,51000.0,0.036170578240907025,0.16686945162659045,1420.1161081941095
51000.0,0.03019940005800115,0.13235853010134216,893.4578050199827,51000.0,0.030199408987408957,0.13235852807933782,893.4577777217718
51000.0,0.049785973545347605,0.300356237890953,4600.907351640344,51000.0,0.04978594349008751,0.3003562429494965,4600.907506615584
