cur_n,cur_mean,cur_std,cur_S,next_n,next_mean,next_std,next_S
3141000.0,-0.2971212317396713,1.3239416321581277,5505612.159880555,3141000.0,-0.29712121890259663,1.3239416352345945,5505612.185467535
3141000.0,-0.36155704467787964,1.32807558889038,5540047.961962309,3141000.0,-0.36155700919386285,1.3280756000395915,5540048.054979857
3141000.0,-0.1943962097154715,0.9894323303189345,3074964.672256602,3141000.0,-0.19439620078076258,0.9894323322010716,3074964.6839552396
3141000.0,0.09664035746522293,0.8350785392087059,2190395.719438058,3141000.0,0.0966403851744325,0.8350785374460188,2190395.710191066
3141000.0,0.08539353561957949,0.7388047550641693,1714459.776037147,3141000.0,0.08539352444231844,0.7388047566216361,1714459.7832656177
3141000.0,0.09779631575731342,0.651250433734347,1332183.307286449,3141000.0,0.09779632712662917,0.6512504323387346,1332183.301576782
