cur_n,cur_mean,cur_std,cur_S,next_n,next_mean,next_std,next_S
351000.0,-0.3061055042035285,1.307114939687912,599700.8624099223,351000.0,-0.3061054662473291,1.307114948770071,599700.8707436632
351000.0,-0.3994340876318929,1.264562991288073,561290.9651863391,351000.0,-0.3994336373047274,1.2645631616760737,561291.116443734
351000.0,-0.21362220505155263,0.9856036901619201,340966.53655533877,351000.0,-0.21362217019331795,0.9856036979335434,340966.5419324767
351000.0,0.09805889867870596,0.783835952634324,215653.9790253976,351000.0,0.09805771799822563,0.7838364124544422,215654.23204279714
351000.0,0.10411486194662849,0.7062329625186922,175066.51406912287,351000.0,0.10411498632736095,0.7062329480265883,175066.50688429235
351000.0,0.08792813884413404,0.6111995755678895,131121.28733220327,351000.0,0.08792788636662172,0.6111996301933683,131121.31076992705
