cur_n,cur_mean,cur_std,cur_S,next_n,next_mean,next_std,next_S
1771000.0,-0.36003234210792695,1.378050367166884,3363169.4043887965,1771000.0,-0.3600323351763962,1.3780503690086792,3363169.4133786988
1771000.0,-0.4104510508967481,1.3871836923682372,3407897.3941754783,1771000.0,-0.4104510554104519,1.387183691045753,3407897.3876775773
1771000.0,-0.18715224566762878,1.013660909214153,1819717.4452367574,1771000.0,-0.18715224523092483,1.013660909294951,1819717.4455268527
1771000.0,0.10472487657952924,0.8298921295866664,1219724.796694059,1771000.0,0.1047248602624587,0.8298921319298058,1219724.803581666
1771000.0,0.09241314946647122,0.7612429760388593,1026278.3282348121,1771000.0,0.09241312779570639,0.7612429792159178,1026278.3368011868
1771000.0,0.09073852035996628,0.6475506496807585,742618.9855503932,1771000.0,0.09073851904136297,0.6475506498678923,742618.9859796079
