cur_n,cur_mean,cur_std,cur_S,next_n,next_mean,next_std,next_S
5621000.0,-0.3099711906705803,1.3416820597114263,10118422.522104755,5621000.0,-0.3099711909261861,1.3416820596525338,10118422.521216467
5621000.0,-0.3916014538560466,1.3633903015013025,10448500.935074532,5621000.0,-0.391601439478724,1.3633903060570047,10448501.004900847
5621000.0,-0.21918029049300267,1.004033837496375,5666439.865174697,5621000.0,-0.21918028949283502,1.0040338377175437,5666439.867671105
5621000.0,0.09659376611964156,0.8213593646945659,3792102.008765582,5621000.0,0.09659375924859646,0.8213593656642076,3792102.0177189843
5621000.0,0.08647305090850187,0.7280138627291792,2979153.520095661,5621000.0,0.0864730465955383,0.7280138633133229,2979153.524876486
5621000.0,0.09589642117207921,0.636225496025826,2275284.5785601866,5621000.0,0.09589642075156161,0.6362254960899782,2275284.579019032
