cur_n,cur_mean,cur_std,cur_S,next_n,next_mean,next_std,next_S
962000.0,-0.008027294164264582,0.016688194009234793,267.91297815684544,962000.0,-0.008027283642825496,0.01668820226091479,267.9132431025558
962000.0,-0.013458847620513888,0.023590387111758704,535.3591222474912,962000.0,-0.013458838299907896,0.023590394200696887,535.3594439995909
962000.0,-0.004019723636225231,0.008981971711040806,77.61013481685569,962000.0,-0.004019712984461788,0.008981982554018842,77.61032219787229
962000.0,-0.0004425698607732167,0.0513127872867892,2532.948057851983,962000.0,-0.00044257640078578203,0.05131278763131952,2532.948091866016
962000.0,-0.0006864297809452441,0.06146588138627999,3634.4885007577354,962000.0,-0.00068643512497447,0.06146588155008519,3634.4885201293973
962000.0,-0.0004992832644374697,0.044232451689171365,1882.1624107023538,962000.0,-0.0004992908625964672,0.044232452231203825,1882.1624568310701
