cur_n,cur_mean,cur_std,cur_S,next_n,next_mean,next_std,next_S
4251000.0,-0.05506414714252891,0.1646243401583659,115207.08800682641,4251000.0,-0.05506414942519652,0.16462433946212465,115207.08703234198
4251000.0,-0.04665663295098594,0.1609555558497978,110129.34326635778,4251000.0,-0.04665663410257792,0.16095555553349863,110129.34283352006
4251000.0,0.013174227909827155,0.3154080271093781,422898.93237494334,4251000.0,0.013174227514688816,0.3154080271269301,422898.9324220108
4251000.0,0.027634601931407824,0.1687832095720898,121101.5180640214,4251000.0,0.027634603710491843,0.16878320932064986,121101.51770320637
4251000.0,0.028258333024676167,0.18379527244193683,143601.7649331966,4251000.0,0.028258332722732378,0.18379527248941516,143601.76500738753
4251000.0,0.05883308061966077,0.4585575396359351,893879.0979342462,4251000.0,0.058833068521977956,0.45855754186642544,893879.1066301613
