cur_n,cur_mean,cur_std,cur_S,next_n,next_mean,next_std,next_S
4301000.0,-0.055323065777870106,0.1651616744027215,117324.30675218707,4301000.0,-0.05532306478267915,0.16516167474896695,117324.30724410515
4301000.0,-0.0467389330328382,0.16133901035112838,111956.21819891156,4301000.0,-0.04673893367324327,0.16133901017107685,111956.2179490292
4301000.0,0.013361697254534918,0.31689998622614873,431930.51106284314,4301000.0,0.013361696018033909,0.31689998628865473,431930.5112332328
4301000.0,0.027634280887215007,0.16925347924165846,123209.62975248341,4301000.0,0.027634284460978417,0.16925347882042974,123209.62913920876
4301000.0,0.028250496055827527,0.18394736507856058,145531.3590463039,4301000.0,0.028250496616618975,0.18394736499611303,145531.3589158459
4301000.0,0.05902054221076451,0.4600037848310385,910106.5763352445,4301000.0,0.059020561101909244,0.4600037840755731,910106.5733459037
