cur_n,cur_mean,cur_std,cur_S,next_n,next_mean,next_std,next_S
601000.0,-0.005233536073030344,0.027664339248584472,459.95471530252354,601000.0,-0.005233542483210642,0.027664338482245327,459.95468981980406
601000.0,-0.0012186090080163828,0.02508230887844245,378.10245342282934,601000.0,-0.0012186149516314297,0.025082309012906708,378.10245747678357
601000.0,-0.004480905429612795,0.027672768377467002,460.2350479134355,601000.0,-0.0044809124827154476,0.02767276777559137,460.2350278934466
601000.0,-0.0009679644450035536,0.09049064982637914,4921.323181306223,601000.0,-0.0009679794410701046,0.09049065041275209,4921.323245085869
601000.0,-0.00098946411155825,0.08567012420631719,4410.9614790970145,601000.0,-0.0009894802043634114,0.08567012492885148,4410.961553500338
601000.0,-0.0009426174597575322,0.09139524472234142,5020.207545471863,601000.0,-0.0009426321565303343,0.0913952452809393,5020.207606837797
