cur_n,cur_mean,cur_std,cur_S,next_n,next_mean,next_std,next_S
1322000.0,-0.008712623750485834,0.017557772440103377,407.54004318327577,1322000.0,-0.008712626712548638,0.017557771300559338,407.53999028250917
1322000.0,-0.01451945250581419,0.02529185626712039,845.654307323287,1322000.0,-0.014519455583844073,0.02529185474770521,845.6542057174626
1322000.0,-0.004218336742207327,0.009071114720256977,108.78093163837904,1322000.0,-0.004218339687702611,0.009071113982718346,108.7809139492331
1322000.0,-0.00044420241870499156,0.051125890893819546,3455.518583425871,1322000.0,-0.00044420283374035707,0.051125890892440636,3455.5185832394736
1322000.0,-0.0006885872183433385,0.06164833535966361,5024.283807960402,1322000.0,-0.0006885876199047153,0.06164833535690777,5024.283807511205
1322000.0,-0.0005012903460426256,0.04386877237849054,2544.148269174467,1322000.0,-0.000501290795377775,0.04386877237639659,2544.1482689315912
