cur_n,cur_mean,cur_std,cur_S,next_n,next_mean,next_std,next_S
782000.0,-0.0075662528190480575,0.01520470993630652,180.78526572132466,782000.0,-0.007566251748222208,0.015204710498664202,180.7852790942841
782000.0,-0.013172628674614995,0.021439768707993783,359.4569995212747,782000.0,-0.013172631195844293,0.021439767274871836,359.45695146612024
782000.0,-0.0042658562378056365,0.008735555642616459,59.67436712526413,782000.0,-0.0042658558288660555,0.008735555849800104,59.674369955891876
782000.0,-0.0006182284172879402,0.05642968514468875,2490.129923843448,782000.0,-0.0006182158804696611,0.05642968637107691,2490.130032079597
782000.0,-0.0010140752479132623,0.06556659618111992,3361.8012141964346,782000.0,-0.0010140611216089856,0.06556659758961392,3361.8013586320817
782000.0,-0.0007035659902631179,0.0502232791310124,1972.4994135371799,782000.0,-0.000703553781501485,0.050223280462459934,1972.4995181213314
