cur_n,cur_mean,cur_std,cur_S,next_n,next_mean,next_std,next_S
561000.0,-0.37358782450214356,1.3672034674569218,1048646.6253201151,561000.0,-0.37358726178279156,1.3672036861852421,1048646.9608498863
561000.0,-0.44032406177563715,1.3359770501078734,1001292.2545907787,561000.0,-0.4403235796816471,1.3359772577983728,1001292.5659118519
561000.0,-0.23661118246451215,1.0437960936899449,611215.2699985398,561000.0,-0.23661110142740582,1.0437961138244451,611215.293578843
561000.0,0.10416147524835863,0.7761279106842969,337932.11342991947,561000.0,0.10416254633689268,0.7761281815564286,337932.34930961573
561000.0,0.10477866950940987,0.7154960157551943,287195.28174303356,561000.0,0.10477838825526482,0.715496087954131,287195.3397033704
561000.0,0.09655085753946767,0.618768320937496,214792.44583264834,561000.0,0.09655087602557447,0.6187683182078825,214792.44393759215
