cur_n,cur_mean,cur_std,cur_S,next_n,next_mean,next_std,next_S
111000.0,-0.3058593565133677,1.2513785036051606,173820.24568064508,111000.0,-0.3058601274461547,1.2513783415346313,173820.20065647806
111000.0,-0.35257796573900035,1.1805895572939462,154710.87900985827,111000.0,-0.352576941500733,1.1805899124947057,154710.9721047525
111000.0,-0.17604497090600008,0.9580862227972703,101890.14234484742,111000.0,-0.17604500383259886,0.958086216809929,101890.14107136901
111000.0,0.11652204621536397,0.8143483727245159,73611.12320965643,111000.0,0.1165218448941456,0.8143484042930247,73611.12891678012
111000.0,0.10237194639576071,0.7126516267132982,56373.829857339224,111000.0,0.10237271551541331,0.7126515622977837,56373.819666247386
111000.0,0.08860141067829876,0.6394683557999928,45390.09536571963,111000.0,0.08860144004616112,0.6394683518057949,45390.094798695405
