cur_n,cur_mean,cur_std,cur_S,next_n,next_mean,next_std,next_S
2301000.0,-0.01716024063566418,0.15786597017594697,57344.750105603445,2301000.0,-0.01716023714885283,0.15786597064357982,57344.75044533833
2301000.0,-0.022274957280032,0.03422385770238217,2695.097875311711,2301000.0,-0.022274991057750194,0.034223874072447376,2695.1004535680195
2301000.0,0.00023937754556028335,0.0327055229576816,2461.267484683443,2301000.0,0.00023935352947562785,0.03270554342287735,2461.2705649177315
2301000.0,0.10626585950696353,0.4574137794634094,481432.1683445442,2301000.0,0.10626592318464674,0.4574137748687304,481432.1586726613
2301000.0,0.00011682721868945546,0.09483870655757803,20696.068981744622,2301000.0,0.00011683035244321074,0.094838706672849,20696.06903205437
2301000.0,0.0027869908153252457,0.08512541010210328,16673.81785906297,2301000.0,0.0027869869616466876,0.08512541042898261,16673.817987117007
