cur_n,cur_mean,cur_std,cur_S,next_n,next_mean,next_std,next_S
1142000.0,-0.008315892349525051,0.016976613151035432,329.13056003925624,1142000.0,-0.00831588469716525,0.016976618869085604,329.13078175431286
1142000.0,-0.013867004837582481,0.024173636716180273,667.344501202051,1142000.0,-0.013866998062492296,0.02417364168689001,667.3447756478192
1142000.0,-0.004096874927358264,0.008961721393607637,91.71681828444837,1142000.0,-0.004096866981338373,0.00896172904908892,91.71697498128256
1142000.0,-0.000434408858317389,0.0508108348239596,2948.3481483498003,1142000.0,-0.0004344081530821833,0.050810834835577724,2948.3481496981058
1142000.0,-0.0006793270940963691,0.06099125438547678,4248.163613348919,1142000.0,-0.0006793262775325276,0.06099125440081399,4248.163615485455
1142000.0,-0.0004907130358170349,0.043674697480645966,2178.341246429627,1142000.0,-0.0004907121436122354,0.04367469750107726,2178.3412484677106
