cur_n,cur_mean,cur_std,cur_S,next_n,next_mean,next_std,next_S
3091000.0,-0.297935295524417,1.3248456384064367,5425372.54968369,3091000.0,-0.29793514374194685,1.3248456994146978,5425373.049353303
3091000.0,-0.36056093391319793,1.3277950292598872,5449555.526396976,3091000.0,-0.36056095712133784,1.3277950235846956,5449555.479812569
3091000.0,-0.19318822038721412,0.9873347001979456,3013198.943374463,3091000.0,-0.1931882163777821,0.9873347010076279,3013198.9483165233
3091000.0,0.09668766922244096,0.8363344532223219,2162016.386845888,3091000.0,0.09668749411589712,0.836334530128433,2162016.7844673884
3091000.0,0.08525155336130504,0.7395384329806826,1690520.7371074234,3091000.0,0.08525159050989439,0.7395384315822919,1690520.7307142236
3091000.0,0.09763673812754192,0.6515622420317858,1312232.6010514374,3091000.0,0.09763674116314454,0.6515622415987183,1312232.5993070602
