cur_n,cur_mean,cur_std,cur_S,next_n,next_mean,next_std,next_S
1921000.0,-0.1274801352752726,1.2245461781601015,2880565.1308397483,1921000.0,-0.12748016679894375,1.2245461756578593,2880565.1190674324
1921000.0,-0.12339449331394935,1.1828051741016945,2687532.941452822,1921000.0,-0.12339452644109745,1.182805171536854,2687532.929797321
1921000.0,-0.17345507649581604,0.9889397003382916,1878741.32506887,1921000.0,-0.17345508149313185,0.9889396994859954,1878741.3218305649
1921000.0,0.10581090479097333,1.1336151320770074,2468644.9572016983,1921000.0,0.10581091038581142,1.1336151315812752,2468644.955042612
1921000.0,0.10567614403114471,1.0286806675082603,2032771.3020697655,1921000.0,0.10567613910935637,1.0286806680365272,2032771.304157578
1921000.0,0.09872593430449055,0.6583607137061473,832635.9911845538,1921000.0,0.09872592899658147,0.6583607145432282,832635.9933018842
