cur_n,cur_mean,cur_std,cur_S,next_n,next_mean,next_std,next_S
3782000.0,-0.014897365691007074,0.02710656386169604,2778.8842721961946,3782000.0,-0.01489736857930258,0.02710656285630078,2778.884066055937
3782000.0,-0.025202886511849477,0.044335905548407176,7434.173473655322,3782000.0,-0.02520289041160562,0.04433590398022627,7434.172947755216
3782000.0,-0.005726451528338643,0.010290752319831046,400.51222407126465,3782000.0,-0.005726454712705054,0.010290752411173233,400.5122311812721
3782000.0,-0.0005052361158782519,0.052533058178855584,10437.269366538283,3782000.0,-0.0005052348324775641,0.05253305825048585,10437.269395001287
3782000.0,-0.0007449057457956105,0.06762589622261396,17296.076278546247,3782000.0,-0.0007449049568432544,0.06762589624870644,17296.076291893136
3782000.0,-0.0005730325033385493,0.042973630510197744,6984.343900516507,3782000.0,-0.0005730332540875798,0.04297363052498702,6984.343905323799
