cur_n,cur_mean,cur_std,cur_S,next_n,next_mean,next_std,next_S
1271000.0,-0.36357518722614957,1.3797324124263675,2419553.804502752,1271000.0,-0.36357519558663337,1.3797324102554742,2419553.7968888218
1271000.0,-0.4188439008348275,1.3878464277120117,2448095.605486413,1271000.0,-0.41884385563884163,1.3878464422873091,2448095.656906687
1271000.0,-0.20276782411646946,1.0214283526505201,1326054.48296951,1271000.0,-0.20276781461793061,1.0214283545922531,1326054.4880111627
1271000.0,0.10106897381697065,0.8165258266077462,847394.0348326958,1271000.0,0.10106895987983881,0.8165258284840423,847394.0387271522
1271000.0,0.09256302335843287,0.7542707722279032,723102.9096511797,1271000.0,0.092563028789244,0.7542707715863054,723102.9084210081
1271000.0,0.09109210783364839,0.6383634985230322,517942.6123893845,1271000.0,0.0910921345919929,0.6383634954174995,517942.6073499744
