cur_n,cur_mean,cur_std,cur_S,next_n,next_mean,next_std,next_S
2771000.0,-0.32580020801268655,1.361127538754073,5133743.517787332,2771000.0,-0.3258003996323611,1.3611275302634476,5133743.453739412
2771000.0,-0.3915217128682703,1.3698225345704784,5199542.573897555,2771000.0,-0.39152142273994617,1.369822702632553,5199543.849750365
2771000.0,-0.17447211287169445,0.9971552983115263,2755257.0870825257,2771000.0,-0.17447198720805066,0.9971553422401707,2755257.3298425283
2771000.0,0.10108801876258361,0.8491691890567951,1998135.7115637918,2771000.0,0.1010885815641802,0.8491696388591357,1998137.828377189
2771000.0,0.093508625211935,0.7682442132460695,1635441.9033566061,2771000.0,0.093508270420565,0.7682444834445491,1635443.0537564035
2771000.0,0.09293455027221616,0.652509352436469,1179804.3888522736,2771000.0,0.09293436031167028,0.6525094561126139,1179804.7637666867
