cur_n,cur_mean,cur_std,cur_S,next_n,next_mean,next_std,next_S
1122000.0,-0.008291480198333423,0.016929907928677716,321.58963993527215,1122000.0,-0.00829147780152289,0.016929909292883828,321.5896917624376
1122000.0,-0.013835714268394368,0.024103449447753993,651.8553808646451,1122000.0,-0.013835711894919164,0.024103450941276854,651.855461646522
1122000.0,-0.0040946338162689356,0.008966912416073555,90.21499150739324,1122000.0,-0.004094631362327575,0.008966913913381825,90.21502163586064
1122000.0,-0.0004328143785935154,0.05084593168572782,2900.7164388064434,1122000.0,-0.00043281324733800765,0.050845931709476745,2900.716441516155
1122000.0,-0.0006775091740030513,0.061035244990386504,4179.787869022954,1122000.0,-0.0006775081166305772,0.06103524501239969,4179.787872037948
1122000.0,-0.0004895705936061668,0.043728473644353026,2145.4652949511924,1122000.0,-0.0004895694613815401,0.04372847367347499,2145.4652978088343
