cur_n,cur_mean,cur_std,cur_S,next_n,next_mean,next_std,next_S
2301000.0,-0.006489995130094554,0.018769968224775373,810.6692381730367,2301000.0,-0.006489995359496421,0.018769968148682037,810.6692316001405
2301000.0,-0.00801912552730511,0.0204254792984345,959.9776707173561,2301000.0,-0.008019125820488273,0.020425479188171433,959.9776603528423
2301000.0,-0.007179281568093339,0.01949532514106519,874.5357831208074,2301000.0,-0.007179281894968783,0.019495325026996177,874.5357728868222
2301000.0,-0.0013719772958887982,0.0712341035402943,11675.95856404274,2301000.0,-0.0013719781669388682,0.07123410353577213,11675.958562560283
2301000.0,-0.0016398894602728702,0.0742587600556248,12688.55028694237,2301000.0,-0.0016398903046017225,0.07425876004802374,12688.550284344796
2301000.0,-0.001550876776637347,0.06946317680761406,11102.630877005666,2301000.0,-0.0015508776163843706,0.0694631768005434,11102.63087474539
