cur_n,cur_mean,cur_std,cur_S,next_n,next_mean,next_std,next_S
2631000.0,-0.3021223778776082,1.325442029600451,4622131.7857503155,2631000.0,-0.3021223745133899,1.325442030378601,4622131.791177505
2631000.0,-0.3598656613102171,1.3252521802377164,4620807.780762504,2631000.0,-0.35986570593136263,1.3252521700974607,4620807.710049665
2631000.0,-0.19013458272182635,0.9860908183252649,2558318.8933235626,2631000.0,-0.19013458523005045,0.9860908178500288,2558318.890857653
2631000.0,0.09675821540679715,0.8387134590705804,1850751.3409671695,2631000.0,0.09675819397918188,0.8387134622627415,1850751.3550551666
2631000.0,0.08681968642272349,0.747367969652709,1469568.41870726,2631000.0,0.08681968552359283,0.7473679697585954,1469568.419123674
2631000.0,0.09776625916050208,0.6527399314022858,1120988.638881817,2631000.0,0.0977662648043953,0.6527399306211211,1120988.636198737
