cur_n,cur_mean,cur_std,cur_S,next_n,next_mean,next_std,next_S
1011000.0,-0.36168272139135615,1.3682562612082623,1892718.5734953042,1011000.0,-0.36168340772408647,1.3682562538135787,1892718.553037068
1011000.0,-0.4043839116952934,1.346293402578711,1832443.4910110596,1011000.0,-0.404383595453191,1.3462935351187058,1832443.8518121485
1011000.0,-0.22259772093750632,1.0493613611977566,1113272.0183049312,1011000.0,-0.22259774673484295,1.0493613560460402,1113272.0073739751
1011000.0,0.09942579920241115,0.8037403754506675,653104.5756320053,1011000.0,0.09942594418200368,0.8037403707357224,653104.5679694507
1011000.0,0.09318714156035392,0.7450515962426296,561208.001755391,1011000.0,0.09318712946885546,0.7450515978541792,561208.0041831812
1011000.0,0.09234337874337695,0.6319060994397658,403697.6770127802,1011000.0,0.09234347332160135,0.6319060927742831,403697.6684961988
