cur_n,cur_mean,cur_std,cur_S,next_n,next_mean,next_std,next_S
2891000.0,-0.3234564691826435,1.357330991224487,5326226.390463855,2891000.0,-0.3234558255129553,1.3573315858361306,5326231.057029257
2891000.0,-0.3905631158067775,1.370648625031046,5431257.095688844,2891000.0,-0.39056365485746064,1.3706487778737335,5431258.306981021
2891000.0,-0.17282312354545823,0.9943428579585616,2858382.9261297216,2891000.0,-0.17282318332383503,0.9943428527634692,2858382.8962616273
2891000.0,0.10092280723765167,0.8491094646376239,2084373.078571423,2891000.0,0.10092215962244551,0.8491102555947558,2084376.9618175498
2891000.0,0.09334509751045726,0.7693225945592325,1711059.3227576183,2891000.0,0.0933460380553205,0.7693241425808734,1711066.2087103885
2891000.0,0.09310498064499112,0.6531668534628088,1233378.479095106,2891000.0,0.09310503035618478,0.6531668518457034,1233378.4729879282
