cur_n,cur_mean,cur_std,cur_S,next_n,next_mean,next_std,next_S
3731000.0,-0.31003626593265127,1.3441991221034284,6741436.745171194,3731000.0,-0.31003596445857146,1.3441993177714942,6741438.707803013
3731000.0,-0.3828010383189068,1.3627123066363604,6928410.4031857075,3731000.0,-0.38280113601010773,1.3627122922586161,6928410.256984764
3731000.0,-0.16092636909373825,0.9770360393786494,3561610.4443950416,3731000.0,-0.16092621619904018,0.9770361091960813,3561610.953409026
3731000.0,0.09857397616502249,0.8560167954402108,2733945.29745654,3731000.0,0.09857361098768873,0.8560171281084681,2733947.422407824
3731000.0,0.09367381246526452,0.7680832011117937,2201110.1800902532,3731000.0,0.093673982544651,0.7680832506263492,2201110.46387981
3731000.0,0.09260015148543208,0.655990170786314,1605535.5016517683,3731000.0,0.09259993484130674,0.6559903348404126,1605536.3046964607
