cur_n,cur_mean,cur_std,cur_S,next_n,next_mean,next_std,next_S
2881000.0,-0.32406410300691535,1.357441870577367,5308670.13258215,2881000.0,-0.3240636420743404,1.357442206074974,5308672.756703868
2881000.0,-0.38978480912722496,1.370520778539046,5411460.675897353,2881000.0,-0.38978623144505825,1.3705225003034165,5411474.272577071
2881000.0,-0.17308674440124946,0.9941844620172381,2847588.3069520514,2881000.0,-0.1730881056102079,0.9941869097285393,2847602.328661154
2881000.0,0.10129638344320992,0.8493435149303533,2078308.4747065865,2881000.0,0.10129607781415038,0.8493437098042336,2078309.4284033563
2881000.0,0.09278282224279806,0.7691420455723558,1704340.4999358833,2881000.0,0.09278321298961426,0.7691422843907499,1704341.5583305631
2881000.0,0.09320874275853189,0.6531419973337642,1229018.664270361,2881000.0,0.09320923596140795,0.6531424634333938,1229020.4183922852
