cur_n,cur_mean,cur_std,cur_S,next_n,next_mean,next_std,next_S
2942000.0,-0.012515007412924587,0.02254607347735471,1495.4934128425484,2942000.0,-0.012515006939089156,0.02254607375502204,1495.4934496782012
2942000.0,-0.02067332025891514,0.03475313896403366,3553.290724824805,2942000.0,-0.020673319705456262,0.03475313930623314,3553.29079480031
2942000.0,-0.005372297921451304,0.009202747977203546,249.15965791652027,2942000.0,-0.0053722974072749835,0.00920274831962352,249.15967645820925
2942000.0,-0.0006376280290172317,0.0552457918768613,8979.270904138537,2942000.0,-0.0006376305519934328,0.05524579201722768,8979.270949766908
2942000.0,-0.0010271522268754585,0.06719471762098451,13283.512684074034,2942000.0,-0.0010271545463831622,0.06719471770330677,13283.512716622095
2942000.0,-0.0007206291539913046,0.047262086040809864,6571.559453724866,2942000.0,-0.0007206316329975088,0.04726208619428254,6571.559496404101
