cur_n,cur_mean,cur_std,cur_S,next_n,next_mean,next_std,next_S
1941000.0,0.1848031439887789,1.5970941573831863,4950927.619989716,1941000.0,0.1848031753020475,1.5970941543557926,4950927.60122012
1941000.0,0.036573178050177485,1.6119052632614295,5043181.079373732,1941000.0,0.036573176821548155,1.611905263290217,5043181.079553869
1941000.0,0.054263639358852186,1.5008534191794094,4372220.873559159,1941000.0,0.05426363766382556,1.5008534192425034,4372220.873926763
1941000.0,0.009633766604676174,0.7989554279757437,1238998.0950061851,1941000.0,0.00963384178810884,0.7989554339353817,1238998.1134902707
1941000.0,0.0004570040088450877,0.6933842997342237,933197.4487958822,1941000.0,0.00045699909037479844,0.6933842997713775,933197.4488958898
1941000.0,-0.0040929635778848145,0.6374892299542912,788807.8780352753,1941000.0,-0.004093040876042311,0.6374892385541984,788807.8993177509
