cur_n,cur_mean,cur_std,cur_S,next_n,next_mean,next_std,next_S
51000.0,-0.1820086908468537,1.2644496589767078,81540.47994440194,51000.0,-0.18200749898742138,1.264449859183608,81540.50576586174
51000.0,-0.26268029445359403,1.1057424381475334,62355.98331554304,51000.0,-0.26267958760802707,1.1057426175878013,62356.00355384606
51000.0,-0.18436048732612678,0.8705488474977696,38650.62008986444,51000.0,-0.1843603215611499,0.8705488834075109,38650.62327850526
51000.0,0.07374813767339337,0.8347302673075101,35535.50557712263,51000.0,0.07374854293363993,0.8347302365200195,35535.50295579916
51000.0,0.07128743971450803,0.7392580882927174,27871.628576416362,51000.0,0.0712890556732178,0.7392580225374094,27871.623618181966
51000.0,0.08687644702703437,0.6239668270116624,19856.064661761095,51000.0,0.08687661369434464,0.6239668049413539,19856.063257104805
