cur_n,cur_mean,cur_std,cur_S,next_n,next_mean,next_std,next_S
2411000.0,-0.30701905104034627,1.3285399482612061,4255459.348237517,2411000.0,-0.30702045342603773,1.3285414087204657,4255468.704265437
2411000.0,-0.3622751025274832,1.3245486939752071,4229928.90417725,2411000.0,-0.3622773353282016,1.3245526205959282,4229953.983438102
2411000.0,-0.19221795337693542,0.9887693882815052,2357150.081621425,2411000.0,-0.1922174358554006,0.9887698154225512,2357152.118164588
2411000.0,0.09699421844275868,0.8394962087989475,1699161.6157412003,2411000.0,0.09699473203625439,0.8394965282392843,1699162.9088521316
2411000.0,0.08889061106824721,0.7501599707173611,1356766.095798346,2411000.0,0.0888912865830727,0.7501606239736943,1356768.4588048125
2411000.0,0.09944138618096653,0.6547058184048743,1033450.3375628563,2411000.0,0.09944107229513052,0.6547060474912977,1033451.0607868641
