cur_n,cur_mean,cur_std,cur_S,next_n,next_mean,next_std,next_S
4851000.0,-0.30612702629463817,1.3371668756652972,8673661.994129365,4851000.0,-0.306127041053395,1.337166872681613,8673661.955421453
4851000.0,-0.3854256904483456,1.3572528455427155,8936198.275945656,4851000.0,-0.38542569813507854,1.3572528434655067,8936198.248592831
4851000.0,-0.2143471618778017,1.0001868152490125,4852812.650845516,4851000.0,-0.21434716453071395,1.0001868146975545,4852812.645494271
4851000.0,0.09656322218500187,0.8231178260821556,3286663.857684551,4851000.0,0.09656321578863604,0.8231178269531115,3286663.8646399085
4851000.0,0.08682735306795479,0.7302831724378398,2587103.8464494427,4851000.0,0.08682735547349102,0.7302831721710739,2587103.844559351
4851000.0,0.0976459161083109,0.6386380735989314,1978522.0154822974,4851000.0,0.09764591258531133,0.6386380741847026,1978522.0191117753
