cur_n,cur_mean,cur_std,cur_S,next_n,next_mean,next_std,next_S
1061000.0,-0.03354253467502848,1.1512746798213251,1406284.8250899538,1061000.0,-0.03354252150472497,1.1512746802850027,1406284.8262227206
1061000.0,-0.08553232076248639,1.113093247629939,1314554.1491724462,1061000.0,-0.08553228287404135,1.1130932512254776,1314554.1576650504
1061000.0,-0.12722678440634919,0.8495513573272226,765763.4967694546,1061000.0,-0.1272267704916003,0.8495513595319866,765763.5007440882
1061000.0,0.10305735440960337,1.3369168634284652,1896374.848402289,1061000.0,0.10305733418664505,1.3369168651496521,1896374.8532851888
1061000.0,0.10651921828821756,1.1855932813923122,1491374.9460444287,1061000.0,0.10651919221367401,1.1855932840392525,1491374.9527036774
1061000.0,0.10005000959171347,0.7113231608618599,536845.4581683964,1061000.0,0.10004999973943442,0.7113231623199915,536845.4603693407
