cur_n,cur_mean,cur_std,cur_S,next_n,next_mean,next_std,next_S
2661000.0,-0.30172924047086574,1.324984367240974,4671607.888905117,2661000.0,-0.3017292732374307,1.3249843608574696,4671607.84389141
2661000.0,-0.3588222965672324,1.322820820275646,4656363.948918143,2661000.0,-0.3588222955674614,1.3228208205478544,4656363.950834506
2661000.0,-0.18904313411655252,0.9850963415743776,2582273.788609556,2661000.0,-0.18904314861762297,0.985096339075592,2582273.775509216
2661000.0,0.09691741451860511,0.8392575924420644,1874284.1485210615,2661000.0,0.09691736986458513,0.8392576007598369,1874284.185672633
2661000.0,0.08660482012081884,0.746327241285759,1482188.5782377478,2661000.0,0.086604787852312,0.7463272468865283,1482188.6004837437
2661000.0,0.09686645043330451,0.6529042222141244,1134341.5201275668,2661000.0,0.09686644370685321,0.6529042233042469,1134341.5239154769
