cur_n,cur_mean,cur_std,cur_S,next_n,next_mean,next_std,next_S
3142000.0,-0.013025088725918893,0.023326713108513888,1709.673880652203,3142000.0,-0.013025090674008873,0.02332671227633413,1709.6737586670804
3142000.0,-0.021595931538940797,0.03656533051521943,4200.927509249299,3142000.0,-0.021595932834084727,0.036565329822361665,4200.9273500468435
3142000.0,-0.005486054985865272,0.009293954260121636,271.39837454977044,3142000.0,-0.005486058820748368,0.009293954482336645,271.3983875278401
3142000.0,-0.0006486210500349025,0.05537185991262211,9633.506698115134,3142000.0,-0.000648620206694771,0.05537185994267572,9633.506708572491
3142000.0,-0.0010388930872393277,0.06779940260471462,14443.016757753527,3142000.0,-0.0010388839988924438,0.0677994046578785,14443.017632506979
3142000.0,-0.0007281357515794636,0.04720858570730582,7002.420073608853,3142000.0,-0.0007281293748517572,0.04720858715882328,7002.4205042142175
