cur_n,cur_mean,cur_std,cur_S,next_n,next_mean,next_std,next_S
1391000.0,-0.3423318421813583,1.3593121833154973,2570191.889888532,1391000.0,-0.3423317637923766,1.359312206201196,2570191.97643324
1391000.0,-0.386342591939794,1.3380008788144586,2490232.6752261943,1391000.0,-0.38634262641302175,1.33800086947824,2490232.640473816
1391000.0,-0.2031700861020623,1.0137101361450551,1429403.0620114077,1391000.0,-0.20317009483663373,1.0137101344468027,1429403.0572220956
1391000.0,0.09727984212969014,0.8149321182682182,923783.0711227092,1391000.0,0.09727986003279063,0.8149321164046303,923783.0668976924
1391000.0,0.09556643885030512,0.7555165266710502,793990.0639036649,1391000.0,0.09556643436284454,0.7555165272572203,793990.0651357048
1391000.0,0.0938054017082554,0.636430156095532,563415.2909306064,1391000.0,0.09380541139969334,0.6364301547697221,563415.2885831955
