cur_n,cur_mean,cur_std,cur_S,next_n,next_mean,next_std,next_S
1671000.0,-0.35657002198688204,1.3780355396085586,3173198.835816924,1671000.0,-0.3565700033717228,1.3780355446353367,3173198.8589672223
1671000.0,-0.41104966464145815,1.3846551032151986,3203757.76037088,1671000.0,-0.4110496505137781,1.3846551075296396,3203757.7803360308
1671000.0,-0.18907366909683765,1.015162215413237,1722056.2747401306,1671000.0,-0.18907364848620478,1.0151622196015857,1722056.2889498242
1671000.0,0.10220534666940255,0.8288953796342655,1148089.8766833644,1671000.0,0.10220528353766097,0.8288953914359427,1148089.9093759975
1671000.0,0.09219331445829004,0.7602206021455159,965729.993121166,1671000.0,0.09219326535993273,0.7602206107491145,965730.0149799613
1671000.0,0.09071998029537383,0.648733122518346,703248.1439657661,1671000.0,0.09071998386123521,0.6487331220360444,703248.1429201042
