cur_n,cur_mean,cur_std,cur_S,next_n,next_mean,next_std,next_S
1611000.0,-0.32977181941685657,1.346233565783116,2919687.494775849,1611000.0,-0.3297718518252395,1.3462335584728748,2919687.463067207
1611000.0,-0.3746886085855056,1.327793046450104,2840248.3768382105,1611000.0,-0.3746886249143685,1.327793042004076,2840248.3578174394
1611000.0,-0.20046556097141685,1.0031247861789105,1621083.7913374873,1611000.0,-0.20046557099998402,1.0031247842555653,1621083.7851211047
1611000.0,0.09566738693338844,0.8182635949799439,1078653.6058107673,1611000.0,0.09566740478299368,0.8182635932067001,1078653.6011357068
1611000.0,0.09290066662275753,0.7516463537211153,910170.2803512815,1611000.0,0.09290053336030903,0.751646389223118,910170.3663301953
1611000.0,0.10021155721516072,0.648492936653479,677494.9162009088,1611000.0,0.10021157472082241,0.648492934328964,677494.9113439646
