cur_n,cur_mean,cur_std,cur_S,next_n,next_mean,next_std,next_S
4322000.0,-0.014772662428170496,0.02560902091908261,2834.462478419794,4322000.0,-0.014772664810049458,0.025609020023827523,2834.462280242213
4322000.0,-0.0244922173435767,0.0408595914763181,7215.605863873363,4322000.0,-0.02449221577544836,0.04085959254634901,7215.6062417979165
4322000.0,-0.005808897630752192,0.009465447810081823,387.2283031045444,4322000.0,-0.005808900995863176,0.009465448330238584,387.2283456634237
4322000.0,-0.0006511366966505529,0.05521688495958461,13177.364750414084,4322000.0,-0.0006511327876769535,0.05521688560368911,13177.365057841786
4322000.0,-0.0010248735306723912,0.06861061879967947,20345.456326187847,4322000.0,-0.001024866314036797,0.06861062054781268,20345.457362953555
4322000.0,-0.0007388576453116209,0.04646226164252977,9330.081873489897,4322000.0,-0.0007388549860983311,0.046462262013713514,9330.082022564633
