cur_n,cur_mean,cur_std,cur_S,next_n,next_mean,next_std,next_S
1242000.0,-0.008353837799478903,0.01604644072987043,319.8004190407779,1242000.0,-0.008353844301594318,0.016046438980990146,319.800349331535
1242000.0,-0.014201395024566526,0.022920668087652984,652.4934257757675,1242000.0,-0.014201392854660426,0.022920669559672136,652.4935095850916
1242000.0,-0.004442346752494731,0.00860009344425181,91.86031620432979,1242000.0,-0.004442353563661758,0.00860009327586353,91.86031260711293
1242000.0,-0.000627860397497167,0.05570359475681679,3853.7899622889304,1242000.0,-0.0006278000557466462,0.05570363602925874,3853.795673065125
1242000.0,-0.0009994784108027692,0.06505745172497815,5256.730254985246,1242000.0,-0.0009993987959354134,0.06505751345186167,5256.740230221639
1242000.0,-0.0007082410454321445,0.04925921976547167,3013.676649023569,1242000.0,-0.0007082171352130429,0.049259227316518286,3013.6775729689634
