cur_n,cur_mean,cur_std,cur_S,next_n,next_mean,next_std,next_S
2201000.0,-0.006366892913397942,0.018919271408353776,787.8233662011188,2201000.0,-0.0063668984912298495,0.01891927134098895,787.8233605907988
2201000.0,-0.007751282049745092,0.02048257205064631,923.3982029396284,2201000.0,-0.00775129028164996,0.020482572576299117,923.3982503347368
2201000.0,-0.007016781140333663,0.01956748149762056,842.7328170835503,2201000.0,-0.007016787138448106,0.019567481370144916,842.7328061033012
2201000.0,-0.0013560224320689595,0.0715677151541027,11273.385213085698,2201000.0,-0.0013560240653275259,0.07156771516417686,11273.38521625947
2201000.0,-0.0016069089866022858,0.07453920030893775,12228.959334313779,2201000.0,-0.001606917843386068,0.07453920127613362,12228.959651671596
2201000.0,-0.0015298136161826415,0.06988281009653903,10748.819330522649,2201000.0,-0.0015298149913784765,0.0698828100962151,10748.819330423
