cur_n,cur_mean,cur_std,cur_S,next_n,next_mean,next_std,next_S
431000.0,-0.3488167108011133,1.3340063802219493,766995.972685806,431000.0,-0.34881655411514867,1.3340064251582469,766996.0243586621
431000.0,-0.42463053125356104,1.3007715683617311,729254.8760881005,431000.0,-0.42463056522525167,1.300771557463039,729254.8638677775
431000.0,-0.2307830422044319,1.0119518059924597,441364.02324775385,431000.0,-0.23078292241976342,1.0119518363657765,441364.0497424729
431000.0,0.1079665887523021,0.7810389913500362,262919.4414899143,431000.0,0.10796675284785578,0.7810389760959825,262919.4312200372
431000.0,0.10807908007054591,0.7123881574328851,218731.1582326177,431000.0,0.10807931965148683,0.71238813844855,218731.14657474405
431000.0,0.09520930512604173,0.6138783835617858,162420.91468570978,431000.0,0.09520935729516196,0.6138783764260423,162420.9109097371
