cur_n,cur_mean,cur_std,cur_S,next_n,next_mean,next_std,next_S
3101000.0,-0.04909863275476857,0.1532256458401754,72805.58358227361,3101000.0,-0.04909863281955568,0.1532256458194578,72805.58356258557
3101000.0,-0.04257614031348349,0.1497014779540169,69495.06128751433,3101000.0,-0.042576141012342826,0.14970147776031628,69495.06110767327
3101000.0,0.008293300989045646,0.27858758333665035,240671.83996859015,3101000.0,0.008293308606604821,0.2785875834328462,240671.84013479738
3101000.0,0.02847770646359805,0.16071632508117054,80098.01489469671,3101000.0,0.028477701626720996,0.16071632616392606,80098.01597394697
3101000.0,0.028866094596404285,0.17507617612857138,95050.8207556357,3101000.0,0.02886609147740032,0.1750761767289742,95050.82140756655
3101000.0,0.05516539780126954,0.4383691334514104,595911.4087022783,3101000.0,0.05516542708619834,0.43836913279945555,595911.4069297661
