cur_n,cur_mean,cur_std,cur_S,next_n,next_mean,next_std,next_S
3302000.0,-0.014041685305487552,0.025872235415409447,2210.2682109189914,3302000.0,-0.014041686880369572,0.025872234718944096,2210.268091920754
3302000.0,-0.02360744207969894,0.04154178298844689,5698.32656120313,3302000.0,-0.023607443707994474,0.04154178216848728,5698.3263362538255
3302000.0,-0.0055269135125282426,0.010133287934137156,339.0609974239402,3302000.0,-0.005526915080517293,0.01013328747949625,339.06096699926525
3302000.0,-0.0004919532196268824,0.052367363008048604,9055.209019192065,3302000.0,-0.0004919528038256993,0.052367363017403135,9055.209022427181
3302000.0,-0.0007403113288658431,0.066655960646426,14670.842430182438,3302000.0,-0.0007403108476193082,0.06665596065750615,14670.842435059874
3302000.0,-0.0005550187079957948,0.043125379474504955,6141.0541676158155,3302000.0,-0.0005550183460226391,0.04312537948417873,6141.054170370908
