cur_n,cur_mean,cur_std,cur_S,next_n,next_mean,next_std,next_S
631000.0,-0.3699227901817599,1.3687305382299142,1182130.0936446679,631000.0,-0.3699229057516973,1.3687305100738965,1182130.0450097108
631000.0,-0.41510728540127007,1.331513412168227,1118717.547040625,631000.0,-0.4151071654561014,1.3315134529707386,1118717.6156039394
631000.0,-0.21230151610046946,1.0288039254406687,667874.0732283434,631000.0,-0.21230151819413315,1.0288039250099574,667874.0726691292
631000.0,0.10314098034017337,0.7888863878148057,392697.6334469595,631000.0,0.10314093905757796,0.7888863938937719,392697.6394990239
631000.0,0.09257213654876108,0.7170577659958828,324442.4308980289,631000.0,0.092572002669582,0.7170577911659387,324442.45367509
631000.0,0.08106492238337404,0.6082626258237385,233459.53926558726,631000.0,0.08106492653877768,0.6082626252788824,233459.5388473408
