cur_n,cur_mean,cur_std,cur_S,next_n,next_mean,next_std,next_S
4082000.0,-0.014521554761633856,0.025333238810943487,2619.7173396786616,4082000.0,-0.014521553744530728,0.025333239477313346,2619.717477497652
4082000.0,-0.024050882052119693,0.04032202258756413,6636.782993663393,4082000.0,-0.02405088595524059,0.04032202103059446,6636.782481126127
4082000.0,-0.005763194969227279,0.009455407288164946,364.95009555310793,4082000.0,-0.0057631951613635515,0.009455407179023653,364.95008712806094
4082000.0,-0.0006466058189528502,0.05519076358333709,12433.855211209997,4082000.0,-0.0006466007635986121,0.05519076458766829,12433.855663738937
4082000.0,-0.0010254583339331194,0.06844137754070012,19120.994855767436,4082000.0,-0.0010254516034778418,0.0684413789924088,19120.99566691751
4082000.0,-0.0007333110160422566,0.0465068876427809,8828.919421926883,4082000.0,-0.0007333061647122708,0.04650688875214783,8828.9198431338
