cur_n,cur_mean,cur_std,cur_S,next_n,next_mean,next_std,next_S
541000.0,-0.026453360436851515,1.1370305937690097,699425.6670011885,541000.0,-0.02645049374952773,1.1370326154985229,699428.1542707097
541000.0,-0.10641972536279982,1.101176938874374,656011.5420334267,541000.0,-0.10641739712418272,1.1011784954494537,656013.3966526145
541000.0,-0.10318894727714847,0.8140386526806237,358498.480079424,541000.0,-0.10318901555745287,0.8140386455745159,358498.47382043663
541000.0,0.09495848576667702,1.4123925575143053,1079215.330458294,541000.0,0.09495190786156878,1.412401286523889,1079228.6702483164
541000.0,0.10851985924204936,1.2748241549723247,879220.5547205879,541000.0,0.10851617812854183,1.2748273435677229,879224.952946194
541000.0,0.09312478884407566,0.745651556235781,300793.9676344116,541000.0,0.09312479857152549,0.745651555055232,300793.96668195055
