cur_n,cur_mean,cur_std,cur_S,next_n,next_mean,next_std,next_S
811000.0,0.16997097309415315,1.4442638476999579,1691663.328097974,811000.0,0.1699710455640602,1.444263840645756,1691663.311572829
811000.0,-0.0061410248247190345,1.4545527841890675,1715852.0034156481,811000.0,-0.006141029174937771,1.4545527841759711,1715852.0033847503
811000.0,0.047525437778805725,1.287273002367797,1343885.215708877,811000.0,0.04752542678769027,1.2872730028115813,1343885.2166354794
811000.0,0.009455227204876593,0.9051937696445278,664513.7418492524,811000.0,0.00945535602389267,0.9051937757326785,664513.750788023
811000.0,0.016448838615834956,0.7948696718762589,512404.2319628926,811000.0,0.01644882743108743,0.7948696721715504,512404.2323436055
811000.0,0.0017054528430552514,0.7229281437919052,423848.95698107814,811000.0,0.0017053038675556077,0.7229281565920549,423848.9719903987
