cur_n,cur_mean,cur_std,cur_S,next_n,next_mean,next_std,next_S
2251000.0,-0.08316079718762875,0.19102064827630616,82136.4870408435,2251000.0,-0.08316093565976926,0.19102070096942905,82136.53235561593
2251000.0,-0.08878203928110397,0.18791037212637726,79483.50320146824,2251000.0,-0.0887820728111411,0.18791036301827438,79483.4954962639
2251000.0,-0.10762782835539489,0.2631265186583162,155849.256412623,2251000.0,-0.10762803115304838,0.26312661162354134,155849.3665388379
2251000.0,0.02639312283300729,0.1565730968401499,55183.568106412764,2251000.0,0.026393154976842886,0.1565730988489186,55183.56952237793
2251000.0,0.026944408829010724,0.12136412045437865,33155.54115047976,2251000.0,0.026944416464934593,0.12136411929983602,33155.5405196593
2251000.0,0.0467713182247097,0.30821338814297694,213834.85391142062,2251000.0,0.046771403012737724,0.308213401528455,213834.87248479814
