cur_n,cur_mean,cur_std,cur_S,next_n,next_mean,next_std,next_S
2611000.0,-0.3029310086031568,1.3261684811207506,4592025.336070607,2611000.0,-0.30293099050659833,1.3261684855769054,4592025.366930602
2611000.0,-0.35999819810786676,1.3243341923670033,4579331.20957194,2611000.0,-0.35999814577608896,1.3243342092921742,4579331.326620891
2611000.0,-0.18972387716229008,0.9860315962103966,2538566.4440815565,2611000.0,-0.18972386973330593,0.9860315977128805,2538566.4518179316
2611000.0,0.09689692761151678,0.839140833423713,1838554.810351023,2611000.0,0.09689691636484749,0.8391408349191758,1838554.8169041309
2611000.0,0.08709912688232431,0.7473088234224904,1458166.416922494,2611000.0,0.08709911424045036,0.7473088251751117,1458166.4237620053
2611000.0,0.09755392064407055,0.6528225652249151,1112748.9346521152,2611000.0,0.09755391233149853,0.6528225666052578,1112748.9393577583
