cur_n,cur_mean,cur_std,cur_S,next_n,next_mean,next_std,next_S
4731000.0,-0.3064085868084543,1.338293681641973,8473362.827445293,4731000.0,-0.30640859753834176,1.3382936793888838,8473362.79891457
4731000.0,-0.3878935354953757,1.3588546204342038,8735724.695798041,4731000.0,-0.38789353788634157,1.358854619761696,8735724.687151285
4731000.0,-0.2143814511851161,1.0014752615446902,4744969.221268293,4731000.0,-0.21438144232380577,1.0014752636271067,4744969.241001185
4731000.0,0.09667727338437991,0.8235900177900383,3209039.747835464,4731000.0,0.09667727161673745,0.8235900180065254,3209039.7495225077
4731000.0,0.08808180440580267,0.7314432850531593,2531128.9001287087,4731000.0,0.08808180482918838,0.7314432850027645,2531128.8997799302
4731000.0,0.09779743871828557,0.6387264783663108,1930113.2335204307,4731000.0,0.09779744310263809,0.6387264777661753,1930113.229893434
