cur_n,cur_mean,cur_std,cur_S,next_n,next_mean,next_std,next_S
1782000.0,0.00022328156762800247,0.013958898483715032,347.22420913777535,1782000.0,0.00022329068987683387,0.013958903649456606,347.2244661309567
1782000.0,-0.007398768080641473,0.02015643629459269,723.9943887425889,1782000.0,-0.0073987566458614245,0.020156446271811398,723.9951054816037
1782000.0,-0.006000383879771747,0.013890927673131754,343.85092722715643,1782000.0,-0.006000389321729989,0.013890927221976369,343.850904891687
1782000.0,-0.00019144497908180885,0.1145009572376293,23362.856129250147,1782000.0,-0.00019142216896119354,0.11450096132454503,23362.857797044515
1782000.0,-0.00015865738274081193,0.06948239829668454,8603.146145391336,1782000.0,-0.00015863747366747405,0.06948240342496666,8603.147415334897
1782000.0,-0.0007326566936361377,0.05993965307313146,6402.301902759752,1782000.0,-0.0007326443114675503,0.05993965550354444,6402.302421956548
