cur_n,cur_mean,cur_std,cur_S,next_n,next_mean,next_std,next_S
1691000.0,-0.3571705881136125,1.3783634379140357,3212706.8319601356,1691000.0,-0.35717040474358763,1.3783635060556225,3212707.1496106777
1691000.0,-0.4094317698235469,1.3848888950624114,3243198.0725692124,1691000.0,-0.4094318832715441,1.3848888693800872,3243197.952281059
1691000.0,-0.18792929605683048,1.012816093674112,1734621.7793725415,1691000.0,-0.18792931512602712,1.0128160904393604,1734621.7682924047
1691000.0,0.10285917808989666,0.8295607674630542,1163697.2741513904,1691000.0,0.10285900231072125,0.8295608207502735,1163697.4236526596
1691000.0,0.09140288138974796,0.7609949079996268,979280.5057523006,1691000.0,0.09140257905480278,0.7609950458696126,979280.8605862167
1691000.0,0.09046059292951993,0.6482038920954155,710504.5711654478,1691000.0,0.09046060631898213,0.648203890460662,710504.5675816993
