cur_n,cur_mean,cur_std,cur_S,next_n,next_mean,next_std,next_S
171000.0,-0.07303249327011332,1.1498334501547298,226082.00068919876,171000.0,-0.07303229601983502,1.1498334655763365,226082.00675363827
171000.0,-0.10778008477246805,1.1197817897753353,214418.82489782953,171000.0,-0.10778037103758677,1.1197817684790483,214418.81674208908
171000.0,-0.09618783976611532,0.8206930975678621,115174.85442763605,171000.0,-0.09618797532265676,0.8206930835945722,115174.85050565444
171000.0,0.09552689915358654,1.611063558484101,443834.9100003027,171000.0,0.09552693165842786,1.611063556612823,443834.90896925895
171000.0,0.08558462566256075,1.45030978027261,359681.13644699997,171000.0,0.08558447946439071,1.450309790159998,359681.1413512033
171000.0,0.09304433545552339,0.7913228363747216,107078.80316395099,171000.0,0.09304449935162146,0.7913228200060307,107078.79873405276
