cur_n,cur_mean,cur_std,cur_S,next_n,next_mean,next_std,next_S
71000.0,-0.3190599267299149,1.2754475200355562,115500.41272190437,71000.0,-0.3190568419774755,1.2754485565524247,115500.60044922815
71000.0,-0.3449965113257667,1.1359791170168627,91621.84735518719,71000.0,-0.3449954843117511,1.1359794618819632,91621.90298505206
71000.0,-0.1887109933397282,0.9695779163019927,66745.7748404165,71000.0,-0.18871104547461107,0.9695779062543868,66745.77345706147
71000.0,0.13036866088487736,0.843563627897906,50523.57119617165,71000.0,0.13036830551266104,0.8435636881335643,50523.5784115626
71000.0,0.10105541716515452,0.7216950813179924,36979.90911829944,71000.0,0.1010523677608602,0.7216959657130279,36979.999751778654
71000.0,0.0945771825465918,0.6551508914925789,30474.81103426998,71000.0,0.09457751033127858,0.6551508499955924,30474.80717374625
