cur_n,cur_mean,cur_std,cur_S,next_n,next_mean,next_std,next_S
4591000.0,-0.3042005656157499,1.3351538782886778,8184081.319154384,4591000.0,-0.3042006007110671,1.3351538724102654,8184081.247088676
4591000.0,-0.3864505990268281,1.3572959095510988,8457779.786312306,4591000.0,-0.38645058138715493,1.3572959150998005,8457779.855464064
4591000.0,-0.21341344174038304,1.001331466252903,4603233.6620698925,4591000.0,-0.21341344529257197,1.0013314655247987,4603233.655375537
4591000.0,0.09636665980123041,0.8240532305275982,3117581.5694769793,4591000.0,0.09636664807258699,0.8240532322823919,3117581.58275455
4591000.0,0.08819951790342885,0.7321064935408043,2460683.8030082523,4591000.0,0.08819948419194243,0.732106501165505,2460683.85426303
4591000.0,0.09803003485452892,0.6396786197917295,1878585.4898162314,4591000.0,0.09803002862349415,0.6396786208859223,1878585.4962430047
