cur_n,cur_mean,cur_std,cur_S,next_n,next_mean,next_std,next_S
4071000.0,-0.30952570228047244,1.343672125617582,7350006.414109164,4071000.0,-0.3095256813897727,1.3436721310910722,7350006.473990124
4071000.0,-0.3816909012189483,1.3614129498644814,7545375.490859005,4071000.0,-0.3816909226280412,1.3614129445474685,7545375.431921915
4071000.0,-0.1581268915123325,0.9720726717795087,3846790.8117068694,4071000.0,-0.15812689155477067,0.9720726717725646,3846790.811651909
4071000.0,0.09888393766547865,0.8587663671241907,3002279.7500192826,4071000.0,0.09888395572357621,0.8587663658177186,3002279.74088433
4071000.0,0.09453629505986894,0.7684607418875506,2404055.413028847,4071000.0,0.09453630206111874,0.7684607411560854,2404055.40845221
4071000.0,0.09325524779533975,0.6561767386551941,1752841.9711856716,4071000.0,0.09325524869699046,0.6561767385295749,1752841.9705145394
