cur_n,cur_mean,cur_std,cur_S,next_n,next_mean,next_std,next_S
5551000.0,-0.30972823483839573,1.3427648280038267,10008549.494832337,5551000.0,-0.3097282372743064,1.3427648274542447,10008549.48663951
5551000.0,-0.3927553168509055,1.3651985178937593,10345770.57958247,5551000.0,-0.39275530995805874,1.365198519973406,10345770.611102497
5551000.0,-0.21908900509817483,1.0039269249313014,5594682.321111807,5551000.0,-0.21908900629716033,1.0039269246736489,5594682.318240116
5551000.0,0.0965638472199428,0.8215817400436085,3746905.879986186,5551000.0,0.09656383878064141,0.8215817412761538,3746905.89122848
5551000.0,0.08698944245478553,0.7286383138139275,2947102.4613770572,5551000.0,0.08698944206951552,0.728638313860531,2947102.461754049
5551000.0,0.09619510144976871,0.6364776903469178,2248731.4730671854,5551000.0,0.09619509126468292,0.6364776923386077,2248731.4871408152
