cur_n,cur_mean,cur_std,cur_S,next_n,next_mean,next_std,next_S
682000.0,-0.007838687943214365,0.016284035429508698,180.84581033099528,682000.0,-0.007838687633280815,0.016284035580713566,180.84581368947073
682000.0,-0.013087911015009456,0.022731635515262756,352.40798668155094,682000.0,-0.013087910699295543,0.02273163569853272,352.40799236401057
682000.0,-0.004025130641052425,0.008972726756554784,54.907700955395605,682000.0,-0.004025130277394062,0.008972726924716392,54.9077030134918
682000.0,-0.00045257106380444624,0.05162344795709286,1817.516618463456,682000.0,-0.00045256808464331697,0.05162344804183717,1817.5166244306745
682000.0,-0.000691641036390759,0.06136701129027152,2568.3506709456133,682000.0,-0.0006916380496363117,0.061367011373504546,2568.3506779126005
682000.0,-0.0005095385845370887,0.04458512465218396,1355.7023380510336,682000.0,-0.00050953558047869,0.04458512475553725,1355.7023443363712
