cur_n,cur_mean,cur_std,cur_S,next_n,next_mean,next_std,next_S
122000.0,-0.006121946563666439,0.016215274342057714,32.078084882559814,122000.0,-0.006122003666706684,0.01621526504975459,32.07804811732271
122000.0,-0.010903471335692819,0.019820249630924457,47.92676004272365,122000.0,-0.01090358332340736,0.019820226621868324,47.92664876775058
122000.0,-0.0040194842980820124,0.011397471193797113,15.84808665283907,122000.0,-0.004019545684013986,0.011397469712812199,15.848082534245506
122000.0,-0.0007020632902253809,0.06054018127504292,447.143852955437,122000.0,-0.0007020415770925206,0.060540182001879696,447.1438636921276
122000.0,-0.0010433654283612571,0.06807762991563615,565.4167707814988,122000.0,-0.0010433411309027911,0.06807763081700677,565.4167857541137
122000.0,-0.0007985190546162415,0.05388397876534006,354.2249464452015,122000.0,-0.0007985368289750072,0.053883978859584215,354.2249476842945
