cur_n,cur_mean,cur_std,cur_S,next_n,next_mean,next_std,next_S
1701000.0,-0.052116669901455234,0.14327720462957713,34918.73588035819,1701000.0,-0.05211680399446337,0.14327726258920578,34918.76413157064
1701000.0,-0.05765395435120231,0.14917172317126554,37850.997292597836,1701000.0,-0.05765399318135329,0.14917171676023028,37850.99403911161
1701000.0,-0.07050726776487509,0.2112281557435398,75894.08475776791,1701000.0,-0.07050765756977434,0.21122863743776235,75894.43090275703
1701000.0,0.03268485850830378,0.15432199217404668,40509.78663383166,1701000.0,0.03268497882667135,0.15432204647398448,40509.815141489584
1701000.0,0.03235975190948394,0.11976854839103915,24400.00331746806,1701000.0,0.032359779901668134,0.11976854639218118,24400.002503028187
1701000.0,0.051401520755126065,0.3187619329053167,172837.19794807665,1701000.0,0.051401832311695296,0.31876214165471656,172837.42432186502
