cur_n,cur_mean,cur_std,cur_S,next_n,next_mean,next_std,next_S
1031000.0,-0.37295582745737266,1.3820851374364576,1969374.2662635571,1031000.0,-0.37295713285427146,1.382085420767213,1969375.0737165
1031000.0,-0.429847716936775,1.3901302536666413,1992368.447946218,1031000.0,-0.4298495474956856,1.3901309302573126,1992370.387359061
1031000.0,-0.20741913209037038,1.02754477038335,1088579.5510515785,1031000.0,-0.20741993851743498,1.0275449338541647,1088579.89741313
1031000.0,0.10289980675400029,0.8068844754269097,671245.495942193,1031000.0,0.1029002154115111,0.8068845300048902,671245.5867488101
1031000.0,0.09579941305423134,0.7423095768224237,568105.2365853967,1031000.0,0.09580087625278956,0.7423108747771926,568107.2232916678
1031000.0,0.08840945068446841,0.6294866506841953,408537.30013468384,1031000.0,0.08841072886510319,0.6294878090744142,408538.80372827855
