cur_n,cur_mean,cur_std,cur_S,next_n,next_mean,next_std,next_S
4402000.0,-0.014796243472973666,0.025638749461962644,2893.634776430422,4402000.0,-0.014796244291178668,0.025638749047242657,2893.6346828183546
4402000.0,-0.02454954210320981,0.04090607273700299,7365.8964753394375,4402000.0,-0.024549544739836233,0.04090607152869864,7365.896040184265
4402000.0,-0.005807686532266612,0.009455194143023184,393.5418650345082,4402000.0,-0.005807688041631115,0.00945519374624219,393.54183200505855
4402000.0,-0.000650316035643073,0.05515591024566776,13391.651862993951,4402000.0,-0.0006503130996523789,0.05515591062426695,13391.652046838932
4402000.0,-0.0010247236106519005,0.06854752297098281,20683.954309823544,4402000.0,-0.00102472033827779,0.06854752336373791,20683.954546848265
4402000.0,-0.0007383677030743694,0.04640165566404424,9478.006280100659,4402000.0,-0.000738364737629636,0.04640165612835489,9478.006469780925
