cur_n,cur_mean,cur_std,cur_S,next_n,next_mean,next_std,next_S
601000.0,-0.026694175924448744,1.1314383712134315,769371.8255003156,601000.0,-0.026694100894064054,1.1314383744788188,769371.8299412063
601000.0,-0.09661784328899457,1.0970203592660615,723275.6548551873,601000.0,-0.09661772985062032,1.097020372781815,723275.6726773098
601000.0,-0.10709440875563943,0.8129745174998155,397217.4672285387,601000.0,-0.10709436109152011,0.8129745246184277,397217.4741848137
601000.0,0.09338450760136165,1.3901155748006246,1161385.2080932658,601000.0,0.09338454153250655,1.3901155727700774,1161385.204700386
601000.0,0.10534949609115123,1.2651155571348067,961910.941115612,601000.0,0.10534962058130205,1.2651155504493299,961910.9309492151
601000.0,0.094978405655176,0.737829260418008,327179.6025349198,601000.0,0.09497844585153495,0.7378292559017069,327179.59852954437
