cur_n,cur_mean,cur_std,cur_S,next_n,next_mean,next_std,next_S
4751000.0,-0.3065490979061767,1.338195736177608,8507937.952366993,4751000.0,-0.30654908512317464,1.3381957393960264,8507937.993290909
4751000.0,-0.38742672471369943,1.3585366492944666,8768549.3023396,4751000.0,-0.3874267145240891,1.3585366523819462,8768549.342195304
4751000.0,-0.21440116466842077,1.0010398278889039,4760885.58158129,4751000.0,-0.21440116849411603,1.0010398271042908,4760885.574118146
4751000.0,0.09674416078825814,0.823460763806403,3221594.327890496,4751000.0,0.09674417791380159,0.8234607626404844,3221594.3187677376
4751000.0,0.08790048303226684,0.7311513270940617,2539800.3320422973,4751000.0,0.08790051691817038,0.7311513267509033,2539800.329658239
4751000.0,0.09790371080218387,0.638562717307019,1937278.8960329227,4751000.0,0.09790370688477006,0.6385627179646978,1937278.9000234695
