cur_n,cur_mean,cur_std,cur_S,next_n,next_mean,next_std,next_S
831000.0,0.17598520747398078,1.447116402591335,1740235.228481225,831000.0,0.1759852655698459,1.4471163964953322,1740235.2138196833
831000.0,-0.008975181000562165,1.4512284678197533,1750139.2386885,831000.0,-0.008975182478796633,1.4512284678112333,1750139.2386679496
831000.0,0.04945549799660796,1.2933954740498228,1390156.5092551222,831000.0,0.0494554839357862,1.2933954746509189,1390156.5105472524
831000.0,0.0066960037746705515,0.8995861907659689,672491.1664465825,831000.0,0.006696176835220106,0.8995862033110181,672491.1852028394
831000.0,0.017643413755421503,0.7897958108231455,518359.0383416394,831000.0,0.01764340132875141,0.7897958111820053,518359.0388126932
831000.0,0.0008853537325622978,0.7207263438136551,431660.0104762761,831000.0,0.0008852108326632619,0.7207263557615454,431660.024788023
