cur_n,cur_mean,cur_std,cur_S,next_n,next_mean,next_std,next_S
1382000.0,-0.007941509276292405,0.03892531119855302,2093.9785553316005,1382000.0,-0.007941520083941713,0.038925311067105985,2093.9785411892717
1382000.0,-0.014580516736992812,0.05997202971107688,4970.56248847481,1382000.0,-0.01458051400944974,0.05997203045991996,4970.562612605054
1382000.0,-0.030617149542251792,0.08587438696755531,10191.435085807845,1382000.0,-0.030617197681877976,0.08587438845158826,10191.435438053168
1382000.0,-0.00043141218336228016,0.15168690294654386,31798.322638260644,1382000.0,-0.0004314103860558545,0.15168690296636922,31798.322646572684
1382000.0,-0.0005016292341935498,0.15367090515054016,32635.58047808468,1382000.0,-0.0005016358676924071,0.1536709053267536,32635.5805529307
1382000.0,-0.0004508835041252776,0.15671802890407247,33942.66708650436,1382000.0,-0.0004508247117498086,0.1567180443137771,33942.673761505364
