cur_n,cur_mean,cur_std,cur_S,next_n,next_mean,next_std,next_S
4761000.0,-0.3067266873886152,1.3382404760929685,8526415.72959468,4761000.0,-0.30672669447867046,1.3382404745574012,8526415.710027369
4761000.0,-0.3881427882743036,1.359680878735861,8801813.490011634,4761000.0,-0.3881427927862551,1.3596808774835436,8801813.473798031
4761000.0,-0.21458103265198367,1.0013327991317278,4773699.370551446,4761000.0,-0.21458103766241537,1.0013327981177307,4773699.360883298
4761000.0,0.09676740638636495,0.8233058671221467,3227160.7745385272,4761000.0,0.09676740757013362,0.8233058669870794,3227160.773479664
4761000.0,0.08808668308882193,0.7313331269295983,2546412.006654955,4761000.0,0.08808669879836588,0.7313331258407528,2546411.9990725024
4761000.0,0.09794709497170072,0.6385176221889857,1941082.3330602169,4761000.0,0.09794708613346632,0.6385176238359508,1941082.3430737068
