cur_n,cur_mean,cur_std,cur_S,next_n,next_mean,next_std,next_S
51000.0,-0.035328638333827905,0.10618377488443373,575.0246964841131,51000.0,-0.03532889843729992,0.10618370459153396,575.0239351598897
51000.0,-0.036771381810662564,0.11176626523797069,637.0766003074651,51000.0,-0.036771224917870333,0.11176632247207466,637.0772527855207
51000.0,-0.05049066002143075,0.1635284133396998,1363.818640439385,51000.0,-0.050490243150743935,0.16352856914991354,1363.8212393391207
51000.0,0.033050749650820124,0.12273967144440345,768.3163742602854,51000.0,0.03305076851872152,0.12273966643770558,768.3163115792006
51000.0,0.03141820852226611,0.13178427026047473,885.7217882923782,51000.0,0.03141870072036204,0.13178419979301728,885.7208410693808
51000.0,0.0497617440754316,0.1935519174243301,1910.5795816703692,51000.0,0.04976201455987808,0.19355185752211093,1910.5783990632362
