cur_n,cur_mean,cur_std,cur_S,next_n,next_mean,next_std,next_S
701000.0,0.16427096652257506,1.4284155986059262,1430300.156760849,701000.0,0.16427105589789737,1.428415590287632,1430300.1401023117
701000.0,-0.008520802136057626,1.422768533378377,1419013.4799997325,701000.0,-0.008520807244266956,1.4227685333541886,1419013.4799514832
701000.0,0.040293747697247764,1.2645013828100635,1120873.5867371226,701000.0,0.04029373736696276,1.2645013831687764,1120873.5873730597
701000.0,0.010403698681615878,0.9196437371584444,592866.9669096197,701000.0,0.010403911918832009,0.9196437520759293,592866.9861433376
701000.0,0.0164513517675654,0.800846642063643,449590.0962173335,701000.0,0.01645133910642205,0.8008466423938968,449590.0965881382
701000.0,0.006524897419751214,0.738478105773125,382290.28880709026,701000.0,0.0065247085769504,0.7384781243675032,382290.3080587112
