cur_n,cur_mean,cur_std,cur_S,next_n,next_mean,next_std,next_S
2351000.0,-0.016205681398248944,0.158791392694896,59279.77473225797,2351000.0,-0.016205640089679826,0.15879140954281423,59279.78731153991
2351000.0,-0.0225615606710818,0.03411639185354706,2736.39518198932,2351000.0,-0.02256158956692158,0.034116401513738674,2736.396731631828
2351000.0,9.494876527120006e-05,0.03295691121347892,2553.557450319595,2351000.0,9.491548170818629e-05,0.03295695082193956,2553.563588184875
2351000.0,0.1062216485084381,0.45683136200938373,490641.69418438454,2351000.0,0.10622168337976759,0.45683135703013766,490641.6834888592
2351000.0,7.394455911442785e-05,0.0946143972160986,21045.879661489933,2351000.0,7.39473434333858e-05,0.09461439731023823,21045.879703370472
2351000.0,0.0028180948703741375,0.08527310061656412,17095.300470281032,2351000.0,0.002818096013983192,0.08527310059679617,17095.300462354993
