cur_n,cur_mean,cur_std,cur_S,next_n,next_mean,next_std,next_S
1001000.0,-0.3618626561210233,1.3684609975890976,1874558.187424471,1001000.0,-0.36186272221884286,1.3684609817087157,1874558.1439176411
1001000.0,-0.4080325759426747,1.348210378654333,1819488.896336371,1001000.0,-0.40803251305559324,1.3482103991550818,1819488.9516702946
1001000.0,-0.22432696346077494,1.0517566010246842,1107298.1397467956,1001000.0,-0.2243269840402501,1.0517565968368676,1107298.130928859
1001000.0,0.09911319841722085,0.8028491786204175,645211.3704150905,1001000.0,0.09911289957458433,0.8028492711873619,645211.5191983244
1001000.0,0.0942356992459777,0.7447462598109087,555201.6384938399,1001000.0,0.09423560984577879,0.7447462764942933,555201.6633684664
1001000.0,0.09289693973028958,0.6320367955352708,399869.9814214043,1001000.0,0.092897013637236,0.6320367889978609,399869.97314937325
