cur_n,cur_mean,cur_std,cur_S,next_n,next_mean,next_std,next_S
422000.0,-0.007637193993396382,0.016423601821041602,113.82804203952308,422000.0,-0.007637179058028909,0.016423611631976923,113.82817803403923
422000.0,-0.012659670716815454,0.02216435874986577,207.31121309054106,422000.0,-0.012659657020531042,0.02216436835859917,207.31139283845366
422000.0,-0.003980097706893693,0.009070507481804385,34.71967272249206,422000.0,-0.003980082418301771,0.009070519627680155,34.71976570540726
422000.0,-0.0004531633283065026,0.05322280723068283,1195.3855624150872,422000.0,-0.00045316250975866124,0.0532228072403088,1195.385562847486
422000.0,-0.0006956494748129086,0.06245080117683953,1645.8432835394976,422000.0,-0.0006956485433858828,0.06245080119014658,1645.843284240892
422000.0,-0.0005128567091082202,0.04578477067218223,884.6154851628222,422000.0,-0.0005128554306575207,0.045784770694035096,884.6154860072681
