cur_n,cur_mean,cur_std,cur_S,next_n,next_mean,next_std,next_S
2931000.0,-0.32266779447942473,1.3563088758511377,5391790.710234563,2931000.0,-0.3226691411580238,1.3563105150172665,5391803.742732107
2931000.0,-0.39103123543777357,1.371518619528545,5513396.601804226,2931000.0,-0.3910312273602994,1.3715186219012332,5513396.620880265
2931000.0,-0.17225246837122757,0.9933072517355332,2891898.397603017,2931000.0,-0.17225198784045737,0.9933076757440433,2891900.86650635
2931000.0,0.10089318965878437,0.8492526556018386,2113925.3441000977,2931000.0,0.10089384892239993,0.849253327289352,2113928.687976175
2931000.0,0.09364470858837155,0.7693008474473525,1734635.5398717022,2931000.0,0.09364466531419152,0.7693008562823506,1734635.5797143772
2931000.0,0.09296875429994013,0.6529231057019902,1249510.453723389,2931000.0,0.0929683562473266,0.652923518015062,1249512.0318254705
