cur_n,cur_mean,cur_std,cur_S,next_n,next_mean,next_std,next_S
2181000.0,-0.34185926595016547,1.3640985572205893,4058328.189782431,2181000.0,-0.34185926040262066,1.3640985586354453,4058328.1982011036
2181000.0,-0.40088777914590423,1.376627470579745,4133220.0633981894,2181000.0,-0.4008877684895599,1.3766274737729627,4133220.0825729794
2181000.0,-0.18876048587336136,1.0107311759131234,2228060.5492287036,2181000.0,-0.1887604429573806,1.0107311859150843,2228060.593325443
2181000.0,0.10418072608617306,0.8403280201271435,1540115.7266569652,2181000.0,0.10418070875196012,0.8403280226660785,1540115.7359634596
2181000.0,0.09447606946012055,0.7634830447975436,1271318.770491148,2181000.0,0.09447605487858342,0.7634830469056066,1271318.7775116584
2181000.0,0.09472824618632478,0.6499365098869095,921292.4952739537,2181000.0,0.09472825314299255,0.6499365089541627,921292.4926295946
