cur_n,cur_mean,cur_std,cur_S,next_n,next_mean,next_std,next_S
4531000.0,-0.3032357752318747,1.3345832641802424,8070220.687794888,4531000.0,-0.3032357869607924,1.3345832617488866,8070220.658390086
4531000.0,-0.3852635830090923,1.3572352122231417,8346498.105903035,4531000.0,-0.38526359328485626,1.3572352094826068,8346498.072196468
4531000.0,-0.21244929486353842,1.000817332113855,4538409.690467768,4531000.0,-0.212449294771506,1.0008173321334533,4538409.690645513
4531000.0,0.0961751652127665,0.8248313439968509,3082651.1063056597,4531000.0,0.09617517952043073,0.8248313428908624,3082651.098038814
4531000.0,0.08797104950903016,0.7326985922684742,2432454.786045396,4531000.0,0.0879710503866535,0.7326985921654888,2432454.7853616024
4531000.0,0.09810332880729401,0.640393978806609,1858183.2543037627,4531000.0,0.09810332660239601,0.6403939791615527,1858183.2563635898
