cur_n,cur_mean,cur_std,cur_S,next_n,next_mean,next_std,next_S
2301000.0,-0.3129837272116414,1.3323071302053,4084372.3074397254,2301000.0,-0.31298306931735864,1.3323076585181304,4084375.546672891
2301000.0,-0.36624427780071184,1.3263006354420872,4047627.837195968,2301000.0,-0.3662450277716625,1.3263009162482007,4047629.551134319
2301000.0,-0.19225437574822493,0.9906246672465989,2258056.9693534574,2301000.0,-0.1922542850927999,0.9906246943851739,2258057.09307428
2301000.0,0.0984123441971092,0.8386626901363884,1618420.1031094755,2301000.0,0.09841221667805916,0.8386627274074686,1618420.2469581706
2301000.0,0.09074714212686044,0.7505607444246324,1296248.6328949654,2301000.0,0.09074823194014126,0.7505624332171168,1296254.4661267945
2301000.0,0.09892242711990558,0.6540647363787254,984369.3632399687,2301000.0,0.0989223521513619,0.6540647576032169,984369.4271258147
