cur_n,cur_mean,cur_std,cur_S,next_n,next_mean,next_std,next_S
882000.0,0.0002658028855948354,0.013913971335004308,170.75396371058562,882000.0,0.0002658125300325652,0.013913974098853964,170.75403154719666
882000.0,-0.00738631162977922,0.020145217188513826,357.9418620548505,882000.0,-0.007386298748350532,0.0201452255439356,357.94215897454325
882000.0,-0.005847592575534763,0.014261089855331864,179.37999916615115,882000.0,-0.005847594627108419,0.014261089144262967,179.37998127810246
882000.0,-0.0001938206842753644,0.11441597773440541,11546.2760775314,882000.0,-0.00019378299517070697,0.11441598327323738,11546.277195432689
882000.0,-0.0001580053059455812,0.06919489135617715,4222.956896997566,882000.0,-0.0001579748081397713,0.0691948973537252,4222.957629057044
882000.0,-0.0007488239797378327,0.05976912975288749,3150.811704590236,882000.0,-0.0007488060742240197,0.059769132342781646,3150.811977649891
