cur_n,cur_mean,cur_std,cur_S,next_n,next_mean,next_std,next_S
322000.0,-0.006678176858532145,0.01505169251101975,72.95021007770474,322000.0,-0.006678191253143865,0.01505168834073147,72.95016965389675
322000.0,-0.01230940111618075,0.020814694865942607,139.5069902006598,322000.0,-0.012309434428483852,0.02081468374918688,139.50684118432991
322000.0,-0.004120545870012294,0.009597585725082637,29.660595863599823,322000.0,-0.0041205631206151965,0.009597583310814986,29.66058094138706
322000.0,-0.0006453849975412263,0.059040360901700784,1122.4160773597912,322000.0,-0.0006453406728821707,0.05904036674377528,1122.4162994871147
322000.0,-0.0010594203823497009,0.06832774155135203,1503.3150454936913,322000.0,-0.0010593575154502865,0.06832775183871477,1503.3154981692226
322000.0,-0.0007461759883070159,0.05303664468696654,905.7491888477946,322000.0,-0.0007461221902650078,0.0530366542296562,905.7495147841071
