cur_n,cur_mean,cur_std,cur_S,next_n,next_mean,next_std,next_S
1151000.0,-0.023370936444445687,0.08325421621910109,7977.8854605136175,1151000.0,-0.023370936767657714,0.08325421612909029,7977.885443262937
1151000.0,-0.021437558723458587,0.08044219780783689,7448.060213566587,1151000.0,-0.021437559709961255,0.08044219755189728,7448.060166172219
1151000.0,-0.0029592046779547813,0.09601411245507309,10610.73496890627,1151000.0,-0.0029592015200250394,0.09601411261217936,10610.735003630603
1151000.0,0.03338788805555307,0.13750568624732734,21762.893626651035,1151000.0,0.03338788806958387,0.13750568624391873,21762.893625572087
1151000.0,0.03338782894263056,0.14221340806250304,23278.576101097555,1151000.0,0.03338784046672868,0.14221340589438167,23278.575391308255
1151000.0,0.04975222076375337,0.3537475254539187,144033.04584125127,1151000.0,0.04975224428395826,0.3537475230459355,144033.043880366
