cur_n,cur_mean,cur_std,cur_S,next_n,next_mean,next_std,next_S
4131000.0,-0.3021311496006568,1.3321269349413405,7330716.327559144,4131000.0,-0.3021311349390642,1.3321269386000387,7330716.367826899
4131000.0,-0.37954308225395744,1.3485177861406512,7512224.406910168,4131000.0,-0.37954310596760316,1.348517780327778,7512224.342146308
4131000.0,-0.20739559525803491,0.9978737647517913,4113451.720119422,4131000.0,-0.20739559383187164,0.9978737650524342,4113451.7225980526
4131000.0,0.09651672546201595,0.8255837857747317,2815642.4542773245,4131000.0,0.09651675672070281,0.8255837845649809,2815642.446025647
4131000.0,0.0877026309078215,0.7339692110829434,2225414.326439995,4131000.0,0.08770261245307437,0.733969214246569,2225414.34562439
4131000.0,0.09796268168463715,0.6436666350144215,1711501.130674187,4131000.0,0.09796268167509652,0.6436666350158404,1711501.1306817331
