cur_n,cur_mean,cur_std,cur_S,next_n,next_mean,next_std,next_S
3442000.0,-0.014434801787298893,0.02645859456972098,2409.5969739739576,3442000.0,-0.01443479917423808,0.026458596439439774,2409.5973145263547
3442000.0,-0.024324965964516092,0.04274783642529438,6289.833420548502,3442000.0,-0.024324963779762017,0.04274783786065583,6289.833842941085
3442000.0,-0.00563399087408856,0.010239598434226437,360.8915525162794,3442000.0,-0.005633988151198183,0.010239601178519343,360.8917459598537
3442000.0,-0.00049706341749611,0.05263561334996483,9536.08782256632,3442000.0,-0.0004970622254561835,0.052635613407679444,9536.08784347884
3442000.0,-0.0007454069265245827,0.06725932379709638,15570.976866766023,3442000.0,-0.0007454052597167789,0.06725932388665544,15570.976908233044
3442000.0,-0.0005633465409873554,0.04323131039824232,6432.912816094659,3442000.0,-0.0005633449697880122,0.043231310516990806,6432.912851434724
