cur_n,cur_mean,cur_std,cur_S,next_n,next_mean,next_std,next_S
5211000.0,-0.30916973073514087,1.3418585265832856,9382844.815253193,5211000.0,-0.3091697409449028,1.3418585244333647,9382844.78518687
5211000.0,-0.3907912301271574,1.3641754860850333,9697539.45786894,5211000.0,-0.39079124653862696,1.3641754818981895,9697539.398342751
5211000.0,-0.21651202607409087,1.0021549581488163,5233483.172901294,5211000.0,-0.21651202446905865,1.0021549585022878,5233483.176593114
5211000.0,0.09626702842144144,0.8225853761058575,3526005.9588235333,5211000.0,0.09626702603918731,0.8225853764026434,3526005.961367874
5211000.0,0.08700961310394051,0.7296497691532147,2774277.9618936437,5211000.0,0.08700961928854933,0.7296497685523202,2774277.957324196
5211000.0,0.09691395129961852,0.637863598749436,2120199.4168465286,5211000.0,0.09691394483386749,0.6378635999025655,2120199.42451232
