cur_n,cur_mean,cur_std,cur_S,next_n,next_mean,next_std,next_S
3322000.0,-0.004869763085422779,0.031828995064117405,3365.4681268017284,3322000.0,-0.004869766309927683,0.03182899511336808,3365.4681372168598
3322000.0,-0.014927470298000328,0.052369473391853036,9110.79011137549,3322000.0,-0.014927477071437196,0.05236947291630089,9110.789945910554
3322000.0,-0.023551539421229405,0.07566462034323733,19018.897711541707,3322000.0,-0.02355154039926588,0.0756646200598002,19018.897569053395
3322000.0,-0.0003240351697789182,0.16548928964071677,90978.63396279122,3322000.0,-0.00032403198460677303,0.165489289748785,90978.6340816134
3322000.0,-0.0005075246740180525,0.13721782197457996,62549.04327726067,3322000.0,-0.0005075198538454416,0.13721782227364768,62549.04354991327
3322000.0,-0.000510820715098737,0.13714356937970423,62481.367342967504,3322000.0,-0.0005108230738079998,0.13714356943829892,62481.36739635791
