cur_n,cur_mean,cur_std,cur_S,next_n,next_mean,next_std,next_S
1241000.0,0.197695527762651,1.5384673384274745,2937300.2534974744,1241000.0,0.19769557477222718,1.5384673332779735,2937300.2338342275
1241000.0,0.02935829556308132,1.5538935767051167,2996500.292427247,1241000.0,0.029358293613898204,1.55389357674347,2996500.292575167
1241000.0,0.04775111177581314,1.3788777035532738,2359517.9182032305,1241000.0,0.04775110812682245,1.378877703685586,2359517.918656052
1241000.0,0.003582993723008428,0.8546036258389752,906361.0704057298,1241000.0,0.0035830884154391123,0.8546036319523246,906361.0833729154
1241000.0,0.005246295917038099,0.7454681853917171,689652.0139501434,1241000.0,0.0052462876924124794,0.7454681855059458,689652.0141614954
1241000.0,-0.0021959352465846893,0.6787268982063659,571691.7211149037,1241000.0,-0.0021960433378598425,0.6787269085380294,571691.738519626
