cur_n,cur_mean,cur_std,cur_S,next_n,next_mean,next_std,next_S
1451000.0,-0.3594289941832636,1.378092091460006,2755648.9660022347,1451000.0,-0.35942894164312783,1.3780921066165734,2755649.0266167317
1451000.0,-0.4174451946293827,1.388084002665582,2795753.7149598068,1451000.0,-0.4174451851208916,1.3880840055724264,2795753.726669214
1451000.0,-0.1924953762301304,1.014183651054931,1492452.8616753768,1451000.0,-0.1924953492305056,1.0141836567010305,1492452.8782927564
1451000.0,0.1013306731739989,0.8225655020335312,981766.9214518648,1451000.0,0.1013306587093109,0.822565503999943,981766.9261458572
1451000.0,0.09361189847539662,0.7586970994513417,835226.4899267404,1451000.0,0.09361186054373982,0.7586971055073914,835226.5032605813
1451000.0,0.08969705400259653,0.6421857285363022,598396.0419167024,1451000.0,0.08969700172794243,0.6421857389248862,598396.0612771065
