cur_n,cur_mean,cur_std,cur_S,next_n,next_mean,next_std,next_S
2831000.0,-0.30003677080878416,1.32352832551891,4959139.783744469,2831000.0,-0.3000368678462131,1.3235283135917397,4959139.694364433
2831000.0,-0.3605496347589056,1.3233220476067968,4957594.095202437,2831000.0,-0.360549606293237,1.323322056229258,4957594.159807516
2831000.0,-0.1906767584656577,0.9864412964150129,2754751.066933668,2831000.0,-0.1906768224422004,0.9864412899217795,2754751.030667463
2831000.0,0.09680475301858985,0.8376900872842142,1986582.5756882178,2831000.0,0.09680523599117914,0.8376904256299819,1986584.180462949
2831000.0,0.08679746495384133,0.7425400866771923,1560916.524093202,2831000.0,0.08679777037049353,0.7425402287940184,1560917.1215896267
2831000.0,0.09688778970084233,0.6527281625833432,1206159.0275235088,2831000.0,0.09688794077865409,0.6527281896550415,1206159.1275736548
