cur_n,cur_mean,cur_std,cur_S,next_n,next_mean,next_std,next_S
3031000.0,-0.3223660430092264,1.3558703245578807,5572142.925497595,3031000.0,-0.32236643157819606,1.3558704009350515,5572143.553263417
3031000.0,-0.3913599073146713,1.3721283002780882,5706573.035517251,3031000.0,-0.39136002702418377,1.3721282819621625,5706572.883168281
3031000.0,-0.1697849529589331,0.9901946392381502,2971851.3188587665,3031000.0,-0.16978505560809817,0.9901946377639647,2971851.3100098795
3031000.0,0.10159202277104105,0.8521642222072854,2201063.2845403575,3031000.0,0.1015932672409876,0.8521668280790302,2201076.7460240526
3031000.0,0.09435633834974637,0.7701735599072128,1797890.123824232,3031000.0,0.0943567500634951,0.7701738430145143,1797891.4455936134
3031000.0,0.09257470967882564,0.6531596455957639,1293077.71110603,3031000.0,0.09257494373007688,0.6531597395265639,1293078.0830207171
