cur_n,cur_mean,cur_std,cur_S,next_n,next_mean,next_std,next_S
1861000.0,-0.3548298930743419,1.3727064953266297,3506725.3306224803,1861000.0,-0.3548312646072199,1.3727074159193513,3506730.0341288885
1861000.0,-0.4114801208046279,1.3851176062947803,3570423.0076613426,1861000.0,-0.41148094851671174,1.3851178206484045,3570424.1127417595
1861000.0,-0.1870696934848335,1.0112244735595328,1903011.955757829,1861000.0,-0.18706994222018494,1.0112244844754963,1903011.996843086
1861000.0,0.1029468668945267,0.828497607345378,1277405.819086627,1861000.0,0.10294924440331843,0.8285036603715735,1277424.484678567
1861000.0,0.09494578846054517,0.7621840127522911,1081100.4373583386,1861000.0,0.09494728637648503,0.7621865653985679,1081107.6788422356
1861000.0,0.09064222822554892,0.6467159781178324,778347.5363727558,1861000.0,0.09064281515885846,0.6467163915101186,778348.5314400843
