cur_n,cur_mean,cur_std,cur_S,next_n,next_mean,next_std,next_S
3622000.0,-0.01397065572156278,0.02461457533191454,2194.487648586736,3622000.0,-0.013970659892909451,0.024614574244558086,2194.4874547024033
3622000.0,-0.023122695613859868,0.03894823349852366,5494.446841198295,3622000.0,-0.02312270206902328,0.03894823160375238,5494.446306605639
3622000.0,-0.005685451970032661,0.009418141465405414,321.2764297351723,3622000.0,-0.005685455801028736,0.009418141974874294,321.2764644936962
3622000.0,-0.0006554964765821217,0.05530767401888053,11079.476353081842,3622000.0,-0.0006554963899756983,0.05530767402015036,11079.476353590597
3622000.0,-0.0010366277732135408,0.0682101435104494,16851.802960687724,3622000.0,-0.0010366310411943414,0.06821014374433174,16851.803076252323
3622000.0,-0.0007388122403080456,0.04682443891165698,7941.3367035559995,3622000.0,-0.0007388126667131452,0.0468244389119593,7941.336703658546
