cur_n,cur_mean,cur_std,cur_S,next_n,next_mean,next_std,next_S
81000.0,-0.24339009373299225,1.3079537419635079,138570.18228042376,81000.0,-0.24338493132989755,1.3079555278097563,138570.56068097596
81000.0,-0.34237471161688643,1.1747295837730503,111779.15719431991,81000.0,-0.3423737988025306,1.1747298785386857,111779.21329005275
81000.0,-0.1855914207144732,0.920309241458126,68604.49709297174,81000.0,-0.18559116395580977,0.9203092961377121,68604.50524515676
81000.0,0.08901920196368064,0.8307931147787825,55907.59316467034,81000.0,0.08902085223445984,0.8307930707128036,55907.58723389717
81000.0,0.09972320255252351,0.7356571940804942,43836.51208339326,81000.0,0.09972085778940315,0.7356578146003089,43836.586034782704
81000.0,0.08022118110415659,0.6191207521360118,31048.150963762335,81000.0,0.08022091394560717,0.6191207914213571,31048.15490398682
