cur_n,cur_mean,cur_std,cur_S,next_n,next_mean,next_std,next_S
451000.0,-0.003996895573693827,0.028972365936344044,378.56849256519234,451000.0,-0.003996916402172362,0.02897236643951917,378.5685057147053
451000.0,-0.0016964536396297826,0.027373069786518666,337.9275122414671,451000.0,-0.0016964754736579703,0.02737307236061028,337.9275757971021
451000.0,-0.0039410571238188185,0.029853674385781872,401.9500853238622,451000.0,-0.003941077425264079,0.02985367481889999,401.9500969868732
451000.0,-0.0008828961708898135,0.09676946787252914,4223.312790461935,451000.0,-0.0008829034220070441,0.09676946792889439,4223.312795381835
451000.0,-0.000901598259418162,0.09282030495955974,3885.6396647663382,451000.0,-0.0009016048393754597,0.09282030500082776,3885.6396682214577
451000.0,-0.0008647302089188561,0.09846158532966692,4372.302387319708,451000.0,-0.0008647382732728096,0.09846158540778582,4372.302394257631
