cur_n,cur_mean,cur_std,cur_S,next_n,next_mean,next_std,next_S
2902000.0,-0.012936453212355382,0.02416882401671746,1695.1512217267723,2902000.0,-0.01293645118167444,0.024168825351214566,1695.1514089244997
2902000.0,-0.021727560135258533,0.03829926085719968,4256.750475167116,2902000.0,-0.021727558264407188,0.038299262051154664,4256.750740570072
2902000.0,-0.005240448173506124,0.009886499645227972,283.6498239322393,2902000.0,-0.005240446109346967,0.009886501364690803,283.6499225971641
2902000.0,-0.00046832338844542755,0.05206396492345075,7866.324999182999,2902000.0,-0.0004683259899990872,0.05206396508866935,7866.325049108635
2902000.0,-0.0007190867308195428,0.06563157737314035,12500.376458507848,2902000.0,-0.0007190889953670884,0.06563157746170378,12500.376492243935
2902000.0,-0.0005338760150672734,0.04324618660253686,5427.415166729495,2902000.0,-0.0005338787789729234,0.043246186824726064,5427.4152224991785
