cur_n,cur_mean,cur_std,cur_S,next_n,next_mean,next_std,next_S
3122000.0,-0.013002244120290702,0.023278333053108773,1691.751825541607,3122000.0,-0.013002244208860435,0.023278333004163244,1691.7518184273786
3122000.0,-0.021546885612308476,0.036480152202006524,4154.7622976158345,3122000.0,-0.02154688777978707,0.03648015112282208,4154.762051796972
3122000.0,-0.005487995920340391,0.009296301714436765,269.8070662165523,3122000.0,-0.00548799763796614,0.009296301195842849,269.8070361141947
3122000.0,-0.0006488376888401341,0.0553836178272714,9576.251475995508,3122000.0,-0.0006488338481523878,0.055383618288019555,9576.251635329274
3122000.0,-0.001038452422141504,0.0677891679640714,14346.749177561105,3122000.0,-0.0010384483959878792,0.06778916839901683,14346.749361662878
3122000.0,-0.0007280457620408955,0.047233818271383454,6965.2868632785085,3122000.0,-0.0007280423666612088,0.047233818704718475,6965.286991081125
