cur_n,cur_mean,cur_std,cur_S,next_n,next_mean,next_std,next_S
3871000.0,-0.3031419729405462,1.3330443421826088,6878794.941749224,3871000.0,-0.3031419397550496,1.3330443513282408,6878795.036136072
3871000.0,-0.37664827300762554,1.3449933317957155,7002666.339227592,3871000.0,-0.37664826939620455,1.3449933328258685,7002666.349954511
3871000.0,-0.20462936605923404,0.9947106844370315,3830158.417333169,3871000.0,-0.20462937288186736,0.9947106831240797,3830158.407222062
3871000.0,0.097582725411543,0.829369326650651,2662680.821037242,3871000.0,0.0975827434719145,0.8293693252869182,2662680.812280745
3871000.0,0.08739126518159963,0.7355712955910046,2094463.1217039484,3871000.0,0.08739126811890859,0.7355712952647356,2094463.119845914
3871000.0,0.09826533082113219,0.6446282061774404,1608576.7241764376,3871000.0,0.09826534277327884,0.6446282047843793,1608576.717224071
