cur_n,cur_mean,cur_std,cur_S,next_n,next_mean,next_std,next_S
2601000.0,-0.0067582918304797705,0.0184306181839201,883.5276729544019,2601000.0,-0.006758306980115283,0.01843062882348837,883.5286930347498
2601000.0,-0.008821765973647134,0.020429548090062068,1085.5700978619768,2601000.0,-0.008821766688869161,0.020429547813783117,1085.570068500567
2601000.0,-0.00758822580203042,0.019254711458635956,964.3049186372049,2601000.0,-0.007588237468582218,0.019254716053901222,964.3053789128561
2601000.0,-0.0013991283847440384,0.07050373304406517,12928.989346560043,2601000.0,-0.0013991231479831597,0.07050373365383952,12928.989570201145
2601000.0,-0.0017221576489119435,0.07433103627396843,14370.792782214792,2601000.0,-0.0017221659901752548,0.07433103729802779,14370.793178187872
2601000.0,-0.0015903815784134147,0.06855688008271073,12224.819143162144,2601000.0,-0.0015903759809933616,0.06855688080689915,12224.81940143155
