cur_n,cur_mean,cur_std,cur_S,next_n,next_mean,next_std,next_S
221000.0,-0.30418867395344645,1.243297016051248,341619.0308969482,221000.0,-0.30418867943010014,1.2432970147139857,341619.0301620727
221000.0,-0.32676378168836584,1.1844714397129072,310056.9427205204,221000.0,-0.32676393318515806,1.1844714000601413,310056.9219608553
221000.0,-0.1983727320712087,0.9740106868528224,209661.99680087506,221000.0,-0.1983729152277573,0.9740106533558601,209661.98238000678
221000.0,0.11175882498181139,0.7911643122987415,138332.95416118606,221000.0,0.11175898391745659,0.7911642933757621,138332.94754392197
221000.0,0.09045980471318946,0.7130908258778843,112378.17423521586,221000.0,0.09045956049526693,0.713090866100484,112378.1869128224
221000.0,0.09364659104444935,0.6395225929458856,90386.60146229858,221000.0,0.09364635920895156,0.6395226361807926,90386.61368346632
