cur_n,cur_mean,cur_std,cur_S,next_n,next_mean,next_std,next_S
3951000.0,-0.30851180094137065,1.342700559945797,7123039.77982477,3951000.0,-0.30851289183170605,1.342702060185865,7123055.697410525
3951000.0,-0.3809340407644617,1.359929143649703,7307008.146479615,3951000.0,-0.38093514963275305,1.3599306192013514,7307024.003002457
3951000.0,-0.159922260616131,0.9741189993373063,3749134.816061034,3951000.0,-0.159922538171218,0.9741191100002887,3749135.667888099
3951000.0,0.09806550515396323,0.8576623627267321,2906295.2620585402,3951000.0,0.09806583664888033,0.8576625779362751,2906296.720587166
3951000.0,0.09411370071875443,0.7677514845965827,2328886.6936381143,3951000.0,0.0941140794380452,0.7677518072267777,2328888.650962434
3951000.0,0.09329269315030782,0.6563205862751719,1701919.7689878808,3951000.0,0.09329282755693112,0.6563206215453267,1701919.9519075593
