cur_n,cur_mean,cur_std,cur_S,next_n,next_mean,next_std,next_S
4741000.0,-0.3069258128159233,1.3387063014640883,8496509.956449162,4741000.0,-0.30692582646736016,1.3387062986642753,8496509.920909418
4741000.0,-0.3881177391568426,1.3588239548919185,8753794.443980051,4741000.0,-0.388117749196051,1.3588239522003243,8753794.40930056
4741000.0,-0.21440638367250708,1.0014382303095422,4754647.106584032,4741000.0,-0.2144063842140804,1.0014382301943283,4754647.105490003
4741000.0,0.0968130345664279,0.8236125347033993,3215998.596306767,4741000.0,0.09681305005219693,0.8236125335733232,3215998.5874814433
4741000.0,0.08818686897822602,0.731247411382511,2535120.6841148282,4741000.0,0.0881868826124512,0.7312474103408731,2535120.6768924356
4741000.0,0.0977509237726124,0.6385852937492428,1933337.9720192964,4741000.0,0.09775092259334493,0.6385852939348988,1933337.973143456
