cur_n,cur_mean,cur_std,cur_S,next_n,next_mean,next_std,next_S
3342000.0,-0.004847027836931043,0.031761041421146774,3371.288459704687,3342000.0,-0.004847032036859472,0.03176104170823773,3371.288520651457
3342000.0,-0.014895964189380499,0.05224067322213949,9120.611891143293,3342000.0,-0.014895971949554682,0.05224067293563714,9120.61179110336
3342000.0,-0.02341591340668516,0.07546274812351984,19031.441276250393,3342000.0,-0.023415914670136394,0.07546274776681143,19031.441096329163
3342000.0,-0.0003236953567205607,0.16534437947088812,91366.1486951728,3342000.0,-0.0003236961474058806,0.16534437947566202,91366.14870044876
3342000.0,-0.000506786543850397,0.13692018133066963,62652.92869789357,3342000.0,-0.0005067856501463207,0.1369201813437198,62652.92870983676
3342000.0,-0.0005119235596552518,0.1368253563428871,62566.17733839254,3342000.0,-0.0005119265218468192,0.13682535643896332,62566.17742625815
