cur_n,cur_mean,cur_std,cur_S,next_n,next_mean,next_std,next_S
2101000.0,-0.31951594593049365,1.3373250566270611,3757508.8831804837,2101000.0,-0.3195159764436495,1.3373250500682112,3757508.8463234217
2101000.0,-0.3692339795788122,1.3272825122652856,3701287.300334386,2101000.0,-0.36923389774736926,1.3272825403298345,3701287.4568571434
2101000.0,-0.19410339071662047,0.9918124183652903,2066736.6256427956,2101000.0,-0.1941033649325356,0.9918124241155437,2066736.649607527
2101000.0,0.09799066148708621,0.8328957212489255,1457495.8084794874,2101000.0,0.09799083593379566,0.8328957391074746,1457495.8709813347
2101000.0,0.0919526109614515,0.7514121736811352,1186267.1552427942,2101000.0,0.09195254552724053,0.7514121876744212,1186267.199425671
2101000.0,0.09987875925492197,0.6520374588188202,893246.1330238028,2101000.0,0.09987877626893484,0.65203745667899,893246.1271609645
