cur_n,cur_mean,cur_std,cur_S,next_n,next_mean,next_std,next_S
1702000.0,-0.007467045222443702,0.03735940506697678,2375.524200123282,1702000.0,-0.007467049353638726,0.03735940463003288,2375.5241445565084
1702000.0,-0.01490319520354089,0.06216052356333607,6576.410033815035,1702000.0,-0.014903198650501482,0.062160522899576964,6576.409893367312
1702000.0,-0.03330975766310935,0.0933794313103056,14840.960362505011,1702000.0,-0.03330975982733081,0.09337943058097996,14840.96013067895
1702000.0,-0.0004184425715649893,0.1556475381127777,41232.91771720773,1702000.0,-0.00041844111473779183,0.1556475381282998,41232.91772543172
1702000.0,-0.0004847165411393424,0.15827194839481687,42635.116422073064,1702000.0,-0.0004847151230885208,0.1582719484099721,42635.116430238064
1702000.0,-0.0004366227894188128,0.1626075021997578,45002.922011338494,1702000.0,-0.00043662203338398216,0.16260750220478265,45002.92201411983
