cur_n,cur_mean,cur_std,cur_S,next_n,next_mean,next_std,next_S
1791000.0,-0.36134912279497033,1.376534657121657,3393672.1631023544,1791000.0,-0.36134921135677917,1.3765346389759545,3393672.0736304843
1791000.0,-0.4115546650728506,1.3886051074490513,3453449.4426805624,1791000.0,-0.4115547768074744,1.3886050823844402,3453449.3180096014
1791000.0,-0.18588262043781784,1.0132433923178434,1838751.9501877062,1791000.0,-0.1858826121368378,1.0132433939015864,1838751.955935803
1791000.0,0.10535878872434436,0.8288871985162202,1230513.6922645455,1791000.0,0.10535889882567549,0.8288871976178683,1230513.6895972725
1791000.0,0.09311558486583968,0.7617284193358353,1039192.2610195517,1791000.0,0.09311574921017518,0.7617284309982343,1039192.2928405378
1791000.0,0.08988510604794904,0.6474018966350118,750660.4254379993,1791000.0,0.08988512067463716,0.6474018949001574,750660.4214148833
