cur_n,cur_mean,cur_std,cur_S,next_n,next_mean,next_std,next_S
1841000.0,-0.3560968461645892,1.3724160665078977,3467571.1075401874,1841000.0,-0.3560967157827517,1.3724161117394258,3467571.3361057756
1841000.0,-0.4103313785058377,1.3841647234523804,3527193.9582176586,1841000.0,-0.4103314670497916,1.3841647024176411,3527193.8510142257
1841000.0,-0.18573212780096862,1.0120847967370765,1885765.0854826325,1841000.0,-0.1857321212210629,1.0120847979839653,1885765.090129159
1841000.0,0.10337283331535943,0.8276990360552992,1261242.7631821302,1841000.0,0.1033729644179493,0.827699038796631,1261242.7715365798
1841000.0,0.09389048962455913,0.7612107029519246,1066752.2328252448,1841000.0,0.09389062781330562,0.761210708999354,1066752.2497748455
1841000.0,0.08994806165772706,0.6475502375802623,771970.5320602577,1841000.0,0.08994806917525439,0.6475502366163566,771970.5297620369
