cur_n,cur_mean,cur_std,cur_S,next_n,next_mean,next_std,next_S
4931000.0,-0.30700925488935926,1.3391654054981506,8843077.8015686,4931000.0,-0.3070092410762386,1.3391654090161886,8843077.8480308
4931000.0,-0.3859767866215324,1.3592202519182963,9109922.36729167,4931000.0,-0.38597676886696913,1.3592202575318684,9109922.442539528
4931000.0,-0.21473620196379814,1.0003540085776266,4934491.8505556965,4931000.0,-0.21473620097306975,1.000354008792725,4934491.852677748
4931000.0,0.09656333960834973,0.8230673179012241,3340455.7021095725,4931000.0,0.09656333730221296,0.8230673181877192,3340455.7044350784
4931000.0,0.08634595526363495,0.7306913501065324,2632709.4660132206,4931000.0,0.0863459314812624,0.7306913548253708,2632709.500017539
4931000.0,0.09752621192743359,0.6381669121352148,2008184.3051866258,4931000.0,0.0975261996555493,0.6381669145924315,2008184.3206513696
