cur_n,cur_mean,cur_std,cur_S,next_n,next_mean,next_std,next_S
271000.0,0.12360443262221138,1.3920473662531005,525142.6807407845,271000.0,0.12360461830001405,1.3920473531220263,525142.6708335248
271000.0,-0.011653910984226298,1.3785256885264663,514990.26303431665,271000.0,-0.011653923970467637,1.3785256884332595,514990.2629646762
271000.0,0.038406566132573046,1.2277359328436557,408487.9261355754,271000.0,0.038406533620530536,1.2277359339773581,408487.9268899784
271000.0,0.026221805430479403,0.9575398457147748,248475.17271162965,271000.0,0.026222262768072754,0.9575398627882645,248475.18157254203
271000.0,0.0213868848362,0.8473584956131944,194582.44984380898,271000.0,0.02138684224757552,0.8473584969781559,194582.45047069257
271000.0,0.020004638562241956,0.817978418176499,181323.03569528493,271000.0,0.020004161950731347,0.8179784674617897,181323.05754563844
