cur_n,cur_mean,cur_std,cur_S,next_n,next_mean,next_std,next_S
431000.0,0.15607749991095088,1.3936117653751825,837068.2673672091,431000.0,0.15607766742704077,1.3936117509535033,837068.2500425422
431000.0,-0.025300474452275214,1.3690301973671615,807799.026641666,431000.0,-0.025300479274087448,1.3690301972817018,807799.0265408147
431000.0,0.047500427430210955,1.2177503574722688,639136.7671763744,431000.0,0.047500417513244644,1.2177503578764555,639136.7676006495
431000.0,0.011358057770604231,0.9394741478982962,380405.631739338,431000.0,0.011358472744234066,0.9394741823818246,380405.65966502106
431000.0,0.02209177963096796,0.8296365016505391,296655.8884193773,431000.0,0.02209175558883575,0.829636502440885,296655.88898459054
431000.0,0.009862914370759791,0.786408526277555,266546.9375570775,431000.0,0.009862623618241563,0.7864085530897706,266546.9557326538
