cur_n,cur_mean,cur_std,cur_S,next_n,next_mean,next_std,next_S
2531000.0,-0.3369033613869806,1.3681117538771275,4737348.050645873,2531000.0,-0.3369032602451914,1.3681117882461005,4737348.288664133
2531000.0,-0.3967603457094708,1.3760568331048921,4792530.524482638,2531000.0,-0.39676009848929183,1.3760569605936248,4792531.412518156
2531000.0,-0.1788194103305244,1.0056706570841625,2559786.2538863504,2531000.0,-0.17881943761917457,1.0056706531689832,2559786.233955329
2531000.0,0.10364551242628267,0.847931964668323,1819760.1888836,2531000.0,0.1036449557158613,0.8479324952677164,1819762.4663397989
2531000.0,0.09427745933236593,0.7677759397218857,1491973.610741652,2531000.0,0.09427742832400367,0.7677759451143381,1491973.6316993206
2531000.0,0.0928594465255931,0.6526955331486286,1078235.0027091887,2531000.0,0.09285953542549324,0.6526955358241271,1078235.011548888
