cur_n,cur_mean,cur_std,cur_S,next_n,next_mean,next_std,next_S
1661000.0,-0.331200872542238,1.3468829215818967,3013209.4769897647,1661000.0,-0.331200876614295,1.3468829205908117,3013209.4725553086
1661000.0,-0.3772613744785093,1.3309096493754564,2942163.3418639633,1661000.0,-0.37726141618123926,1.3309096386396324,2942163.2943978594
1661000.0,-0.19913825414352065,1.0023156675778047,1668701.5545008925,1661000.0,-0.19913828622549382,1.0023156620566582,1668701.5361171719
1661000.0,0.09700280952346658,0.820045355318807,1116979.9531194943,1661000.0,0.09700288200935055,0.8200453520656745,1116979.944257341
1661000.0,0.09417203141448414,0.7520370657556668,939394.7418771229,1661000.0,0.09417203287594214,0.7520370655750407,939394.7414258708
1661000.0,0.10060402416351504,0.6497005008921894,701125.9405677322,1661000.0,0.10060401855229821,0.6497005018012995,701125.9425298689
