cur_n,cur_mean,cur_std,cur_S,next_n,next_mean,next_std,next_S
2222000.0,-0.010740107786659502,0.02072512992112055,954.4179047695588,2222000.0,-0.010740101696587396,0.02072513506530298,954.4183785615638
2222000.0,-0.01786627632354344,0.031226699777940417,2166.6872629860486,2222000.0,-0.01786627002394292,0.03122670479417118,2166.6879590957406
2222000.0,-0.0046764192036576275,0.00941752823851228,197.06882030969754,2222000.0,-0.0046764180775636065,0.009417528947289396,197.06884997308094
2222000.0,-0.0004572824358348777,0.05149908235618323,5893.089484401311,2222000.0,-0.0004572792650883822,0.05149908260122495,5893.089540482031
2222000.0,-0.0007144063789393897,0.0634554030787125,8947.07893569753,2222000.0,-0.0007144052601276941,0.06345540311322397,8947.078945429617
2222000.0,-0.0005213037679088364,0.04350040012083564,4204.656849314956,2222000.0,-0.0005212868818583972,0.04350040760563162,4204.658296244239
