cur_n,cur_mean,cur_std,cur_S,next_n,next_mean,next_std,next_S
1851000.0,-0.058784362148990355,0.15369196371573912,43722.877684690924,1851000.0,-0.05878436600061709,0.15369196233189789,43722.87689733005
1851000.0,-0.06444401161956756,0.15909519001305783,46851.17832727359,1851000.0,-0.06444404017163019,0.1590951831899492,46851.17430866471
1851000.0,-0.07818002905984539,0.22245456864482827,91598.65099038069,1851000.0,-0.07818011064051342,0.2224545676630329,91598.65018184588
1851000.0,0.03185656557586196,0.1534045227220972,43559.4859920413,1851000.0,0.03185657114605489,0.15340452175255945,43559.48544143738
1851000.0,0.031479187864705306,0.119979955732404,26645.49627824435,1851000.0,0.031479215045977615,0.11997995429995702,26645.495642000402
1851000.0,0.05062606604303498,0.31220504957817835,180420.65900989078,1851000.0,0.050626136733578915,0.312205052928816,180420.66288250117
