cur_n,cur_mean,cur_std,cur_S,next_n,next_mean,next_std,next_S
3731000.0,-0.3021368747140991,1.3285174714278585,6585060.804818123,3731000.0,-0.3021368550930331,1.3285174764308199,6585060.854414467
3731000.0,-0.37380330466967043,1.3397662939848245,6697046.9586394075,3731000.0,-0.37380328744773805,1.3397662992028754,6697047.010806018
3731000.0,-0.20395097803740736,0.9944970373114767,3690049.8767926875,3731000.0,-0.20395097419091002,0.9944970381280636,3690049.882852527
3731000.0,0.09811603217395326,0.8295150051580021,2567282.981451688,3731000.0,0.09811602165839242,0.829515006650504,2567282.990690037
3731000.0,0.08728911363214654,0.7353936320256497,2017738.9555030833,3731000.0,0.0872890938252708,0.735393635371854,2017738.9738654043
3731000.0,0.0988661360433682,0.6456605740238984,1555370.239223134,3731000.0,0.09886614095469437,0.6456605733415266,1555370.2359355215
