cur_n,cur_mean,cur_std,cur_S,next_n,next_mean,next_std,next_S
2001000.0,-0.32402805042158056,1.3405292462911897,3595834.338984212,2001000.0,-0.32402806785618427,1.340529242303853,3595834.317592956
2001000.0,-0.3700281491396338,1.3277908019277702,3527819.8557816665,2001000.0,-0.37002812848059763,1.3277908080066751,3527819.8880838654
2001000.0,-0.19310147347205892,0.9916287813230764,1967638.6075365276,2001000.0,-0.19310147701598937,0.9916287806456356,1967638.6048481052
2001000.0,0.09904297699396301,0.8312739190193431,1382723.6732119967,2001000.0,0.09904304796711064,0.8312739166258215,1382723.6652493288
2001000.0,0.0929527357815739,0.7511359929892643,1128974.7652079002,2001000.0,0.0929528008172822,0.7511359905749687,1128974.7579504158
2001000.0,0.09902976894148863,0.652109274896565,850918.2593186537,2001000.0,0.09902978837021137,0.6521092725252361,850918.2531300987
