cur_n,cur_mean,cur_std,cur_S,next_n,next_mean,next_std,next_S
1221000.0,-0.050643035015060775,1.152220397748779,1621014.0627307808,1221000.0,-0.05064303829558311,1.1522203976103038,1621014.0623411501
1221000.0,-0.09505407437569131,1.1175924883271304,1525044.836327542,1221000.0,-0.09505409792463135,1.117592486627127,1525044.8316879596
1221000.0,-0.1300293773095672,0.8655857154276447,914820.3681486653,1221000.0,-0.1300293721522537,0.8655857162211509,914820.3698259471
1221000.0,0.10247816117949729,1.2896703679715718,2030827.832447218,1221000.0,0.10247810875880026,1.2896703734377766,2030827.8496623468
1221000.0,0.10639186808528195,1.1488850980593897,1611643.0385909213,1221000.0,0.10639185329092259,1.1488850995457693,1611643.0427610746
1221000.0,0.0986776911353522,0.6997142897956516,597801.7066473088,1221000.0,0.09867767510328895,0.699714292280819,597801.7108937199
