cur_n,cur_mean,cur_std,cur_S,next_n,next_mean,next_std,next_S
822000.0,-0.009224946559301504,0.043380218898008714,1546.8752679273832,822000.0,-0.009224949987176483,0.04338021828038639,1546.8752238803634
822000.0,-0.012026822137790954,0.046774392215798107,1798.4075766033122,822000.0,-0.012026827680918568,0.04677439106051444,1798.4074877653488
822000.0,-0.024459006984557146,0.07084249457927458,4125.337729412359,822000.0,-0.02445901634882687,0.07084249185491559,4125.337412119729
822000.0,-0.0005040966826989891,0.14405243738355578,17057.40807666976,822000.0,-0.0005041030399005282,0.14405243747661192,17057.408098707518
822000.0,-0.0005080538677391348,0.14283563678348987,16770.459729253624,822000.0,-0.0005080605270258208,0.14283563688740578,16770.45975365534
822000.0,-0.0004979451875909002,0.14772480996851253,17938.193212751637,822000.0,-0.0004979453635227566,0.14772480996800189,17938.193212627626
