cur_n,cur_mean,cur_std,cur_S,next_n,next_mean,next_std,next_S
3821000.0,-0.3092690342144185,1.3440711458860144,6902740.603921976,3821000.0,-0.309269071008798,1.3440711393440563,6902740.536726963
3821000.0,-0.3821399438018836,1.3625609744770464,7093963.175430309,3821000.0,-0.3821398219527216,1.3625610294683685,7093963.748037965
3821000.0,-0.1600124269865823,0.9743408093718268,3627428.188936871,3821000.0,-0.16001245163280264,0.9743408065152985,3627428.1676674117
3821000.0,0.09834245793358593,0.8573244217507736,2808454.73214187,3821000.0,0.09834270220677548,0.8573245267003652,2808455.419737342
3821000.0,0.09393911978156307,0.7686683590863435,2257641.847761339,3821000.0,0.09393859698472763,0.768669102296188,2257646.213499666
3821000.0,0.09257589804656019,0.6555557229198179,1642087.3816640268,3821000.0,0.09257594736075979,0.6555557230431167,1642087.382281724
