cur_n,cur_mean,cur_std,cur_S,next_n,next_mean,next_std,next_S
581000.0,-0.028836396824545214,1.134638856344066,747982.4992432721,581000.0,-0.028835870632947343,1.1346389406055026,747982.6103377972
581000.0,-0.10111536099234278,1.0979962826205005,700451.1810927424,581000.0,-0.10111501546369324,1.0979963460278028,700451.2619923262
581000.0,-0.1041889100310521,0.8100397417707058,381231.50666705996,581000.0,-0.10418885590321617,0.8100397497834328,381231.51420916896
581000.0,0.09459426248058667,1.3977952407943866,1135176.121943901,581000.0,0.0945930092791408,1.3977956519984305,1135176.789837262
581000.0,0.10607937243260325,1.2707560450201323,938210.9579799761,581000.0,0.10607934219334299,1.2707560477534592,938210.9620160572
581000.0,0.09319278256264196,0.7376550957439051,316142.45840090787,581000.0,0.09319278308744063,0.7376550956777075,316142.45834416617
