cur_n,cur_mean,cur_std,cur_S,next_n,next_mean,next_std,next_S
2521000.0,-0.30313632537642543,1.326760123795528,4437697.206182784,2521000.0,-0.3031363725596606,1.3267601151302804,4437697.1482163975
2521000.0,-0.36143485113339435,1.3252938647951904,4427894.0505487695,2521000.0,-0.3614348050244007,1.3252938793921842,4427894.148087806
2521000.0,-0.19017719302963998,0.9873170778799699,2457458.225941349,2521000.0,-0.1901772138596255,0.9873170744216188,2457458.2087254943
2521000.0,0.09655005592857877,0.8387442617054915,1773503.172027147,2521000.0,0.09655000207041256,0.8387442722645525,1773503.216680873
2521000.0,0.08783908735990931,0.7486840479689014,1413090.5930850958,2521000.0,0.08783898157654073,0.7486840792198257,1413090.7110531176
2521000.0,0.09785685446102603,0.6540697858441549,1078502.164865385,2521000.0,0.09785685049718218,0.6540697864674583,1078502.1669209274
