cur_n,cur_mean,cur_std,cur_S,next_n,next_mean,next_std,next_S
362000.0,-0.007539368962203906,0.01649492140470635,98.49384043737318,362000.0,-0.007539347256855434,0.016494936495253427,98.49402065364453
362000.0,-0.01245060549438203,0.02186195021994847,173.01604200586078,362000.0,-0.012450586013741693,0.02186196445628735,173.01626733944565
362000.0,-0.0038670599612373622,0.008999232939914767,29.317002049478614,362000.0,-0.00386703783939032,0.008999252288580678,29.317128114775887
362000.0,-0.00043481739609548063,0.053478161344482474,1035.288774164713,362000.0,-0.0004348423949092432,0.05347816325636667,1035.2888481894076
362000.0,-0.0006676230385858276,0.062212741265882776,1401.093913645274,362000.0,-0.0006676433742271342,0.06221274225078883,1401.093958007437
362000.0,-0.0004951793657920404,0.045726471976138994,756.909506657234,362000.0,-0.0004952063938251115,0.0457264745750507,756.9095926967184
