cur_n,cur_mean,cur_std,cur_S,next_n,next_mean,next_std,next_S
1761000.0,-0.360448894061501,1.3794425037560059,3350939.3148779715,1761000.0,-0.36044885827136797,1.3794425139255757,3350939.3642857745
1761000.0,-0.410891339221563,1.3878166323943473,3391747.644069831,1761000.0,-0.41089135566498663,1.387816627697546,3391747.6211123834
1761000.0,-0.1867316441541946,1.0134237123497447,1808595.6401455721,1761000.0,-0.18673166595406837,1.0134237087458413,1808595.6272822374
1761000.0,0.10475746934549268,0.8306159905850172,1214954.2688391474,1761000.0,0.10475744728725159,0.8306159938827793,1214954.278486518
1761000.0,0.09246820367186837,0.7615563609984801,1021323.8082109326,1761000.0,0.09246821033791539,0.7615563602404628,1021323.8061777774
1761000.0,0.09042932639800333,0.6475526992474446,738430.4415109693,1761000.0,0.09042935033081419,0.6475526966840942,738430.4356647856
