cur_n,cur_mean,cur_std,cur_S,next_n,next_mean,next_std,next_S
1211000.0,-0.05046580822064269,1.1510951156345366,1604599.1779028391,1211000.0,-0.050465803271171256,1.1510951158644283,1604599.1785437663
1211000.0,-0.09560339700802108,1.1178507750209903,1513253.9201653998,1211000.0,-0.09560337434435587,1.1178507772374655,1513253.9261663612
1211000.0,-0.12860948078578333,0.8619032402808264,899624.283879578,1211000.0,-0.12860944823543946,0.8619032458821886,899624.2955725878
1211000.0,0.10308808714639393,1.2922785581014375,2022350.468663493,1211000.0,0.10308810995470821,1.2922785565257295,2022350.4637316861
1211000.0,0.10692800908767591,1.1512627687615764,1605066.6208739872,1211000.0,0.10692815408677905,1.151262766352106,1605066.6141555207
1211000.0,0.09793802461220798,0.6995368125181278,592604.9717543751,1211000.0,0.0979380519606553,0.6995368093366079,592604.9663639953
