cur_n,cur_mean,cur_std,cur_S,next_n,next_mean,next_std,next_S
4551000.0,-0.05620967174258534,0.16692623093735445,126810.73228260198,4551000.0,-0.05620967181712618,0.16692623091232817,126810.73224457794
4551000.0,-0.047531471490752916,0.16310688982897023,121074.15552655292,4551000.0,-0.0475314719318125,0.16310688970315823,121074.15533977255
4551000.0,0.014554293991958605,0.32407403758357906,477964.1413343755,4551000.0,0.014554294156749619,0.3240740375763701,477964.141313111
4551000.0,0.027401743356564937,0.17028764172060162,131969.3560794989,4551000.0,0.02740174328966248,0.17028764173141653,131969.35609626153
4551000.0,0.028171397663030236,0.18583994756878447,157175.54829738932,4551000.0,0.028171400080666625,0.185839947273864,157175.54779852688
4551000.0,0.05932776062241792,0.4641207396017874,980322.0852856498,4551000.0,0.05932776094284843,0.46412073956130656,980322.0851146413
