cur_n,cur_mean,cur_std,cur_S,next_n,next_mean,next_std,next_S
241000.0,-0.2974541200798052,1.2392131709144434,370091.4771952469,241000.0,-0.2974534529365499,1.239213374330958,370091.59869609325
241000.0,-0.3166643837954584,1.1815395298839684,336444.59422350134,241000.0,-0.3166640207017913,1.1815396406421055,336444.65730049094
241000.0,-0.20069751952225443,0.9731975845367818,228254.36279012263,241000.0,-0.20069729125025662,0.973197638064074,228254.38789877167
241000.0,0.10764730029011423,0.7922353617344544,151260.48528018774,241000.0,0.10764760782761972,0.7922353343324783,151260.47481653938
241000.0,0.08472178534705405,0.7107772682192124,121754.24232913704,241000.0,0.08472262979259451,0.7107772884560062,121754.2492621543
241000.0,0.09624843078118234,0.6401332595685897,98754.71219142369,241000.0,0.09624824713547167,0.6401332935295656,98754.72266988717
