cur_n,cur_mean,cur_std,cur_S,next_n,next_mean,next_std,next_S
1021000.0,-0.02575746918133954,1.1525265778258993,1356212.1803595754,1021000.0,-0.025757438983906505,1.1525265789047143,1356212.1828985226
1021000.0,-0.08274935101767954,1.1089877841182407,1255680.837335279,1021000.0,-0.08274939213798113,1.10898778182826,1255680.832149496
1021000.0,-0.12683562032845622,0.8470706659163908,732596.8160302147,1021000.0,-0.12683560348718556,0.8470706686090639,732596.8206877805
1021000.0,0.10183405001137508,1.3531306553038116,1869412.7842997038,1021000.0,0.10183398579367253,1.3531306616925647,1869412.801952422
1021000.0,0.10635188102372695,1.1970355241332873,1462984.8210038317,1021000.0,0.10635183673626164,1.1970355289045813,1462984.832666528
1021000.0,0.1009620132377055,0.7161833232222151,523689.8420633097,1021000.0,0.1009619796660907,0.7161833287582335,523689.85015943967
