cur_n,cur_mean,cur_std,cur_S,next_n,next_mean,next_std,next_S
581000.0,-0.37851488349874685,1.3713214743907023,1092583.622538677,581000.0,-0.3785147853403483,1.3713215035256878,1092583.6689645648
581000.0,-0.4420022476856203,1.3389872075049094,1041667.1970217029,581000.0,-0.4420021708616226,1.3389872341450921,1041667.2384712475
581000.0,-0.2343215022855352,1.0393886363467895,627670.9964101333,581000.0,-0.2343214920084324,1.0393886386931896,627670.999244044
581000.0,0.10399481218824826,0.776563522008186,350372.57505769364,581000.0,0.10399486527185567,0.7765635159535182,350372.5695941624
581000.0,0.10523073600933619,0.715772553263466,297663.93219108006,581000.0,0.10523076987549843,0.7157725487500773,297663.92843716964
581000.0,0.0953203693760284,0.6173037117990836,221398.10998113806,581000.0,0.09532042347628412,0.6173037048225857,221398.10497684786
