cur_n,cur_mean,cur_std,cur_S,next_n,next_mean,next_std,next_S
142000.0,-0.030864321840866252,0.08492783424779458,1024.2086582629636,142000.0,-0.03086426327684961,0.0849278583982803,1024.2092407608059
142000.0,-0.031838057242183825,0.0829239497660651,976.446165162294,142000.0,-0.03183802259814518,0.08292396409501507,976.4465026148516
142000.0,-0.03136995156283168,0.08133559554944599,939.3980326803942,142000.0,-0.03136990809950234,0.08133561396161564,939.3984579888407
142000.0,-0.0017494767434909756,0.17028832102671018,4117.731943489618,142000.0,-0.001749523881978586,0.17028832146887735,4117.731964873655
142000.0,-0.0017376484207662344,0.1679293436728077,4004.437554225954,142000.0,-0.0017376806520546435,0.16792934377851723,4004.4375592674464
142000.0,-0.0015212411138457174,0.16419163288645441,3828.162708008671,142000.0,-0.001521260688134796,0.16419163287077954,3828.1627072777446
