cur_n,cur_mean,cur_std,cur_S,next_n,next_mean,next_std,next_S
601000.0,-0.04001580916976658,0.16409984313866277,16184.18386939837,601000.0,-0.04001580409271336,0.16409984442390854,16184.184122910545
601000.0,-0.014808439291019253,0.03385709658370915,688.9280964362445,601000.0,-0.014808398796201563,0.033857128849698374,688.929409540992
601000.0,-0.009312932236075846,0.03595700914360774,777.0368104386479,601000.0,-0.009312871592276319,0.03595705558541975,777.0388176701523
601000.0,0.10501614003078576,0.3738721618783191,84008.01644996839,601000.0,0.10501608259340425,0.3738721806633925,84008.02489187426
601000.0,0.0011487731404016509,0.10068663878958768,6092.817337677686,601000.0,0.0011487887998639548,0.10068663934277927,6092.817404627887
601000.0,0.002085081344427294,0.10098620577755375,6129.126468165205,601000.0,0.0020850822821358726,0.10098620576080755,6129.126466132459
