cur_n,cur_mean,cur_std,cur_S,next_n,next_mean,next_std,next_S
521000.0,0.1684716275748133,1.4084174706775967,1033476.321060847,521000.0,0.16847175688768495,1.408417458302345,1033476.3028992864
521000.0,-0.031524267961150015,1.3760876455666577,986574.5655144987,521000.0,-0.03152427317519041,1.376087645452351,986574.565350596
521000.0,0.05350159858225686,1.2240265835274182,780583.6012117197,521000.0,0.053501583356306594,1.224026584242241,780583.6021234302
521000.0,0.008742369118658895,0.9498812705465512,470084.97705840296,521000.0,0.008742634821944043,0.9498812874622711,470084.9938011814
521000.0,0.025845256108727142,0.8145826484434697,345706.8882866374,521000.0,0.025845238867554014,0.8145826490855668,345706.8888316463
521000.0,0.0023661337624008272,0.7637156093860216,303879.2581823482,521000.0,0.0023658996610451148,0.7637156288044719,303879.2736353894
