cur_n,cur_mean,cur_std,cur_S,next_n,next_mean,next_std,next_S
2341000.0,-0.33896508673072767,1.3665614963612749,4371794.846932307,2341000.0,-0.33896510281845926,1.3665614925925051,4371794.82281881
2341000.0,-0.3998540498858537,1.3763917981092142,4434917.708033321,2341000.0,-0.39985406931949996,1.3763917927847937,4434917.673721338
2341000.0,-0.1844337941466815,1.0064204841407087,2371157.2088922616,2341000.0,-0.1844337892378552,1.006420485068276,2371157.2132630153
2341000.0,0.10415004544844489,0.8450513552784634,1671735.7075487028,2341000.0,0.10415002242021298,0.845051358851124,1671735.721684043
2341000.0,0.09430706465600865,0.766479038088452,1375314.361155686,2341000.0,0.09430708105179374,0.7664790364816364,1375314.3553893792
2341000.0,0.09419050055907591,0.6504931673888681,990573.9256786883,2341000.0,0.0941905100718179,0.6504931661742549,990573.9219794514
