cur_n,cur_mean,cur_std,cur_S,next_n,next_mean,next_std,next_S
3991000.0,-0.3023772530484323,1.3324556301531774,7085773.083250662,3991000.0,-0.30237726112300506,1.3324556284185196,7085773.06480143
3991000.0,-0.3755899679244859,1.3439827876726993,7208902.326639877,3991000.0,-0.37558997339773664,1.3439827861876736,7208902.31070901
3991000.0,-0.20578092520455168,0.9942444979979945,3945191.788100943,3991000.0,-0.20578091808122187,0.9942444995741834,3945191.8006096715
3991000.0,0.09688110887131952,0.8276399832726451,2733786.8761689733,3991000.0,0.09688112334019665,0.8276399820837483,2733786.868314857
3991000.0,0.08671321040038216,0.7346340485821203,2153891.556676603,3991000.0,0.08671321167251286,0.7346340484363515,2153891.555821837
3991000.0,0.0983087569251761,0.643835477103849,1654365.7692159659,3991000.0,0.09830873073991038,0.6438354832272607,1654365.8006847592
