cur_n,cur_mean,cur_std,cur_S,next_n,next_mean,next_std,next_S
1811000.0,-0.3328036173023335,1.3463806038017152,3282873.4625614765,1811000.0,-0.33280361232059924,1.3463806050498306,3282873.4686480244
1811000.0,-0.3744386452312343,1.3286440066569674,3196949.057426543,1811000.0,-0.37443859289840087,1.3286440232719665,3196949.1373837115
1811000.0,-0.19424190920886655,0.9989463591501917,1807185.7233400166,1811000.0,-0.19424190211016668,0.998946360576197,1807185.7284995657
1811000.0,0.0999504764412776,0.8266455927317028,1237534.0570647572,1811000.0,0.09995048208217824,0.826645592084505,1237534.0551269758
1811000.0,0.09365996498791075,0.7514240299799991,1022559.549897634,1811000.0,0.09365992421599294,0.7514240370651822,1022559.5691810783
1811000.0,0.09842966118015208,0.6530068914133317,772242.9984225113,1811000.0,0.09842965895884359,0.6530068917549814,772242.9992305782
