cur_n,cur_mean,cur_std,cur_S,next_n,next_mean,next_std,next_S
4481000.0,-0.3014358350785334,1.3331956508880431,7964577.09373318,4481000.0,-0.3014358499170917,1.333195647903163,7964577.0580695355
4481000.0,-0.3834339794683956,1.3554981031307962,8233277.857116106,4481000.0,-0.3834339938100919,1.355498099413969,8233277.811964186
4481000.0,-0.2110724796576109,0.9998194579736104,4479382.128419588,4481000.0,-0.21107248773417378,0.9998194564147718,4479382.114451799
4481000.0,0.09569434688246493,0.8247874981879403,3048309.663325872,4481000.0,0.09569436330985648,0.8247874970150707,3048309.654656318
4481000.0,0.08761460099588597,0.7329157798652913,2407038.7864228315,4481000.0,0.0876145989881245,0.7329157801176268,2407038.7880802695
4481000.0,0.09781904876195786,0.6412166062364855,1842402.296524307,4481000.0,0.09781904431996977,0.6412166069830313,1842402.300814395
