cur_n,cur_mean,cur_std,cur_S,next_n,next_mean,next_std,next_S
2501000.0,-0.33717095438616573,1.3686897492260686,4685152.385720932,2501000.0,-0.33717069926937604,1.3686898715373057,4685153.223086465
2501000.0,-0.39735890662317397,1.3752332443706827,4730057.4575322075,2501000.0,-0.39735925650932985,1.3752332545916661,4730057.527841501
2501000.0,-0.1800182746865285,1.0058249178005216,2530221.0969363344,2501000.0,-0.18001817184095192,1.0058249493575624,2530221.255704107
2501000.0,0.10357499500818008,0.8475408101219188,1796531.8874801183,2501000.0,0.10357465234938172,0.8475410252363941,1796532.7994363536
2501000.0,0.09441618793145058,0.7672793132612817,1472382.578941319,2501000.0,0.09441664931483325,0.7672796034261735,1472383.6925743993
2501000.0,0.09297431985675209,0.6518598114581439,1062727.9556994115,2501000.0,0.09297419471258818,0.651859859350862,1062728.111858547
