cur_n,cur_mean,cur_std,cur_S,next_n,next_mean,next_std,next_S
182000.0,-0.006260240666225831,0.015146848597839485,41.7557180851487,182000.0,-0.006260246712079767,0.01514684631866822,41.75570551904625
182000.0,-0.011181001234087117,0.019430650377820737,68.71413168712915,182000.0,-0.011181008969181037,0.019430646207015893,68.71410218804424
182000.0,-0.003968477893688028,0.010267052014952323,19.185048988148054,182000.0,-0.003968483954143213,0.010267049997970802,19.18504145027147
182000.0,-0.0006413303346786293,0.058149088566343425,615.3996031995541,182000.0,-0.0006413731070166016,0.05814909095760843,615.3996538137118
182000.0,-0.001009373433590143,0.06608489298182435,794.8327806362902,182000.0,-0.0010094151758270598,0.06608489474357868,794.8328230151167
182000.0,-0.0007429193629361208,0.051980562567904884,491.76015704740917,182000.0,-0.0007429621175915333,0.0519805651569541,491.7602060346159
