cur_n,cur_mean,cur_std,cur_S,next_n,next_mean,next_std,next_S
2611000.0,-0.3332782315196445,1.366391626799416,4874805.089103306,2611000.0,-0.3332778446116582,1.3663918641971868,4874806.783007072
2611000.0,-0.3961419164680835,1.3737083893164934,4927152.143211802,2611000.0,-0.3961418203312931,1.3737084258232455,4927152.405093181
2611000.0,-0.17737715365054363,1.0040485104479029,2632184.1169895553,2611000.0,-0.17737712486541155,1.004048516610474,2632184.149300787
2611000.0,0.10306118850177534,0.8491812973088019,1882815.2744502448,2611000.0,0.10306090221519378,0.8491814580562671,1882815.9872728484
2611000.0,0.09486585133660215,0.768891090588325,1543606.2524849174,2611000.0,0.0948658706703181,0.7688910888376045,1543606.2454555128
2611000.0,0.09294218762024395,0.6527825510138054,1112612.528809027,2611000.0,0.0929421428965529,0.6527825613817043,1112612.5641514368
