cur_n,cur_mean,cur_std,cur_S,next_n,next_mean,next_std,next_S
1951000.0,-0.031897443856690896,0.10447251264953089,21294.20100954677,1951000.0,-0.03189744342231687,0.10447251278391674,21294.201064329394
1951000.0,-0.029842572304493276,0.10170873746663125,20182.44585753649,1951000.0,-0.02984257637986765,0.10170873643016495,20182.44544619671
1951000.0,-0.011525585892254782,0.11767044294699455,27014.19596266005,1951000.0,-0.011525571070202717,0.11767044622006588,27014.197465490994
1951000.0,0.032757060182237216,0.1437057256558416,40290.75572881671,1951000.0,0.03275706413664363,0.14370572486061026,40290.75528289888
1951000.0,0.03432871718294524,0.1505948149008589,44246.335434571745,1951000.0,0.03432873049464839,0.1505948130142497,44246.334325960626
1951000.0,0.048702080832265474,0.35259084358127035,242548.9111088135,1951000.0,0.04870204943047881,0.35259085064680823,242548.92082964748
