cur_n,cur_mean,cur_std,cur_S,next_n,next_mean,next_std,next_S
351000.0,-0.021198356315779154,0.09081513306078222,2894.833325889501,351000.0,-0.021198394565028596,0.09081512695976583,2894.832936936154
351000.0,-0.03363464658054148,0.10997520826756081,4245.185798156175,351000.0,-0.03363464094264823,0.10997521004257012,4245.185935191503
351000.0,-0.01756527910772926,0.12199843682896765,5224.150124637775,351000.0,-0.01756525080898207,0.12199844205541774,5224.150572246141
351000.0,0.03442953001982751,0.19005279951438722,12678.143377742808,351000.0,0.03442949349236106,0.1900528073637024,12678.144424975426
351000.0,0.032069343352826345,0.1277688415222141,5730.03177923896,351000.0,0.0320693358458197,0.12776884348384698,5730.031955185124
351000.0,0.0533698785822193,0.44342065432312716,69014.27871480293,351000.0,0.05336978307398857,0.44342066942874103,69014.28341689812
