cur_n,cur_mean,cur_std,cur_S,next_n,next_mean,next_std,next_S
371000.0,0.14973038676165543,1.3930222341198408,719929.5605030784,371000.0,0.1497305377121128,1.3930222209290406,719929.5468687704
371000.0,-0.024536704086512977,1.3737510185302182,700148.1803986533,371000.0,-0.02453671202201237,1.3737510183969914,700148.180262852
371000.0,0.04924975791200295,1.2268121014089757,558380.2028326611,371000.0,0.04924973863618305,1.2268121022389487,558380.203588181
371000.0,0.0131901980265951,0.9421796045005616,329337.5930477656,371000.0,0.01319061780242849,0.9421796333170085,329337.6131932652
371000.0,0.02153618416375337,0.8399215849363563,261728.72774038222,371000.0,0.021536155118192606,0.8399215858674295,261728.72832064744
371000.0,0.012658192899636272,0.8018376671385127,238532.09208803106,371000.0,0.012657857230712105,0.8018376985037867,238532.1107492262
