cur_n,cur_mean,cur_std,cur_S,next_n,next_mean,next_std,next_S
71000.0,-0.6468626285293396,2.3115410039259676,379368.74871100596,71000.0,-0.6468632195796533,2.31154084389119,379368.69618138083
71000.0,-0.7719344276916615,2.170659120280014,334535.0321682911,71000.0,-0.7719415196357047,2.1706574207749925,334534.5083239535
71000.0,-0.48898480219897117,1.4724376442969733,153933.15576034022,71000.0,-0.4889845549788073,1.4724377278703271,153933.17323437115
71000.0,0.6562366871281621,2.2832413546972035,370136.566949766,71000.0,0.6562368986158685,2.283241294607986,370136.5474676237
71000.0,0.6205066235526836,2.049599767161841,298261.00359404087,71000.0,0.6205181751271494,2.049598581166438,298260.6584182828
71000.0,0.609719148210629,1.5392196392510675,168212.99394778925,71000.0,0.6097188979624364,1.5392197398242597,168213.015929991
