cur_n,cur_mean,cur_std,cur_S,next_n,next_mean,next_std,next_S
142000.0,-0.006017675452556646,0.015614159127088918,34.61987906493969,142000.0,-0.0060176847766686735,0.015614155928911178,34.619864882874
142000.0,-0.010846482778708158,0.019614664806310952,54.63238071587856,142000.0,-0.010846493527441268,0.019614659280699175,54.632349935104386
142000.0,-0.003935161827327031,0.010904082543759363,16.88366028919871,142000.0,-0.003935171865791157,0.010904079577135472,16.883651102279412
142000.0,-0.0006911222749638107,0.059354582843369204,500.2612436404737,142000.0,-0.0006911043550862833,0.059354583436151284,500.2612536328244
142000.0,-0.0010504760106348756,0.06720323457187063,641.3110126429052,142000.0,-0.001050457296961736,0.06720323523437446,641.311025287267
142000.0,-0.0007927421736455399,0.05287401173647885,396.98387862952103,142000.0,-0.0007927238649684233,0.0528740124610997,396.9838895105868
