cur_n,cur_mean,cur_std,cur_S,next_n,next_mean,next_std,next_S
2142000.0,-0.006745495977928782,0.03563310294942991,2719.7360112736046,2142000.0,-0.006745498098808166,0.03563310268313601,2719.735970623252
2142000.0,-0.015741299181091357,0.06078222062109151,7913.572612057693,2142000.0,-0.015741306235737957,0.06078221967101371,7913.572364665953
2142000.0,-0.03299366023562187,0.09151328727568961,17938.5683042222,2142000.0,-0.03299366650843213,0.09151328547462091,17938.567598125966
2142000.0,-0.0003957551662500636,0.16229114230599875,56416.884653651876,2142000.0,-0.00039575545614197767,0.16229114230584865,56416.88465354752
2142000.0,-0.0004975539470608896,0.1556524051653006,51895.67178267729,2142000.0,-0.0004975511132664891,0.15565240522961504,51895.671825563106
2142000.0,-0.000459788844562356,0.15869132783886206,53941.85219196149,2142000.0,-0.00045978417252273647,0.15869132799972133,53941.85230131903
