cur_n,cur_mean,cur_std,cur_S,next_n,next_mean,next_std,next_S
2171000.0,-0.31857827437463254,1.337138548206871,3881616.6482057897,2171000.0,-0.31857865924178597,1.3371385767580588,3881616.813969865
2171000.0,-0.37108650151029277,1.3312137465244724,3847294.3145294534,2171000.0,-0.3710869589090846,1.3312137896181495,3847294.5636165165
2171000.0,-0.19437219820416582,0.9926834959025594,2139347.9555140366,2171000.0,-0.19437244167182421,0.99268351304927,2139348.0294203334
2171000.0,0.09846519892826687,0.8343269990066943,1511236.446100462,2171000.0,0.09846547492027663,0.8343270655377257,1511236.6871189685
2171000.0,0.09215997752286458,0.7521308670755218,1228136.5262620822,2171000.0,0.09216086944574425,0.7521319059152375,1228139.9188575377
2171000.0,0.09981589307295798,0.6533201521114874,926641.8971274553,2171000.0,0.09981632365598754,0.653320394373179,926642.5843552237
