cur_n,cur_mean,cur_std,cur_S,next_n,next_mean,next_std,next_S
2542000.0,-0.011585841940958781,0.02199709662166611,1230.0032843681693,2542000.0,-0.011585846710549415,0.02199709542397274,1230.0031504262433
2542000.0,-0.01932614786463675,0.033732412214025835,2892.4798610610305,2542000.0,-0.019326152205967718,0.03373241043690609,2892.479556292851
2542000.0,-0.004890475691571731,0.009582358660195045,233.41050082622732,2542000.0,-0.004890480147768703,0.00958235901983433,233.41051834667087
2542000.0,-0.0004594191564595012,0.05169276984104387,6792.586117659082,2542000.0,-0.00045942271930587156,0.05169277012148795,6792.58619136148
2542000.0,-0.000715387537763153,0.06424340890304997,10491.382023385548,2542000.0,-0.0007154059018732012,0.06424341537056338,10491.38413576279
2542000.0,-0.0005254264313155877,0.04335150393696212,4777.3150555221555,2542000.0,-0.0005254312293958538,0.043351504553765505,4777.315191465035
