cur_n,cur_mean,cur_std,cur_S,next_n,next_mean,next_std,next_S
291000.0,0.13470453250132539,1.3833364996408923,556863.3825304664,291000.0,0.13470474585763165,1.3833364836528874,556863.3696584944
291000.0,-0.02321708780725659,1.3643056050553315,541646.9671397498,291000.0,-0.02321709905710676,1.364305604877379,541646.9669984508
291000.0,0.046209200369340404,1.227913165585185,438761.2859852721,291000.0,0.04620916917707276,1.2279131668743002,438761.2869065325
291000.0,0.018977883297421123,0.9456866652370242,260248.07122287288,291000.0,0.018978321682391483,0.9456866860078348,260248.08265491202
291000.0,0.026802015657608144,0.8387729360245978,204730.1511183313,291000.0,0.026801983352689303,0.8387729372379054,204730.1517106266
291000.0,0.016985610448351292,0.8158526375870762,193694.11814101663,291000.0,0.016985199646441653,0.8158526762361551,193694.13649261367
