cur_n,cur_mean,cur_std,cur_S,next_n,next_mean,next_std,next_S
1101000.0,0.18920832403509172,1.492414489169919,2452258.409240226,1101000.0,0.18920837873550078,1.4924144833387065,2452258.3900771313
1101000.0,0.005360980394247306,1.509897577748629,2510049.5555155864,1101000.0,0.00536098510123383,1.5098975777399974,2510049.555486888
1101000.0,0.03655861163241554,1.3479834521033158,2000582.3852459537,1101000.0,0.03655860372318137,1.3479834523433254,2000582.385958365
1101000.0,0.004977066517739924,0.8704096546353353,834131.8765375264,1101000.0,0.004977189741603655,0.8704096635340395,834131.8935931573
1101000.0,0.012000582774959122,0.7604391862891119,636672.7994044953,1101000.0,0.01200056481638747,0.7604391868060295,636672.8002700671
1101000.0,0.002923905245100848,0.6937776960130347,529941.5681251555,1101000.0,0.0029237826539668743,0.6937777084545649,529941.5871320624
