cur_n,cur_mean,cur_std,cur_S,next_n,next_mean,next_std,next_S
951000.0,-0.01886379501012737,1.1583525048473307,1276033.2797372672,951000.0,-0.018863849775217746,1.1583525051866845,1276033.2804849271
951000.0,-0.08272304267509176,1.1134638069979839,1179051.3686692156,951000.0,-0.08272310420657708,1.1134638040433795,1179051.3624119307
951000.0,-0.12317891370328034,0.8442431986764873,677821.996164443,951000.0,-0.12317894179037815,0.8442431950227843,677821.9902975074
951000.0,0.10235976585653336,1.3784942789038601,1807134.39959911,951000.0,0.10235985080186888,1.3784942750852647,1807134.3895871495
951000.0,0.10733414855827494,1.2171155962384526,1408783.2262511465,951000.0,0.10733422862061517,1.2171155916822494,1408783.2157037465
951000.0,0.09913950315034946,0.7203427211831445,493467.847799422,951000.0,0.0991395242592255,0.7203427185720817,493467.8442220261
