cur_n,cur_mean,cur_std,cur_S,next_n,next_mean,next_std,next_S
141000.0,-0.31256907212303225,1.240737845981482,217059.68674555823,141000.0,-0.3125684945891102,1.2407380104272023,217059.74428315822
141000.0,-0.3438726787525876,1.1866932005067263,198561.94605017453,141000.0,-0.3438734435840075,1.1866930136304896,198561.88351251726
141000.0,-0.2136040058423217,0.9973987925733098,140267.41355116415,141000.0,-0.21360399835266514,0.9973987941812691,140267.4140034292
141000.0,0.11624425736799177,0.8089045823667393,92260.05389572117,141000.0,0.1162451367997402,0.8089045233924543,92260.04044303308
141000.0,0.09431368158816006,0.7162661125615505,72338.23730456903,141000.0,0.09431361690185638,0.7162661214909112,72338.2391081842
141000.0,0.10665352669273098,0.6435397983853332,58394.22956692276,141000.0,0.10665354606815534,0.643539795215381,58394.228991645476
