cur_n,cur_mean,cur_std,cur_S,next_n,next_mean,next_std,next_S
11000.0,-0.45091751820897885,1.4879212568604945,24353.006332790446,11000.0,-0.4509182144494479,1.4879210476551008,24352.999484605578
11000.0,-0.2561192249683115,1.0959864811879658,13213.050036414572,11000.0,-0.2561183861100122,1.0959866807503007,13213.054848202679
11000.0,-0.1684610100496087,0.8985478004574253,8881.269646775649,11000.0,-0.1684579824850191,0.8985484241700699,8881.281976363673
11000.0,0.19558960313624055,0.9712887788562033,10377.42081125172,11000.0,0.19559432076478536,0.9712879548762738,10377.40320416508
11000.0,0.09487107977122333,0.8435470083007363,7827.287107344347,11000.0,0.09487746059029767,0.8435465561102065,7827.278715579288
11000.0,0.0677911020624602,0.7598801150646284,6351.595681976962,11000.0,0.0677823887816082,0.7598814418673678,6351.617862638729
