cur_n,cur_mean,cur_std,cur_S,next_n,next_mean,next_std,next_S
2342000.0,-0.010713090586479469,0.01947765350634317,888.5055854770262,2342000.0,-0.010713089712137507,0.019477654033207857,888.5056335446465
2342000.0,-0.017799615193848643,0.029412232387386585,2026.0159876105588,2342000.0,-0.017799614816416284,0.029412232621472977,2026.016019859915
2342000.0,-0.005042951354231265,0.008920035781153239,186.34600378538067,2342000.0,-0.005042950185911056,0.008920036620854374,186.3460388693113
2342000.0,-0.0006296292360591104,0.055114250890962994,7114.01388527906,2342000.0,-0.0006296284162214986,0.055114250914608344,7114.013891383229
2342000.0,-0.0010073646639055744,0.06604424770592981,10215.43549810887,2342000.0,-0.0010073632223746064,0.06604424776476281,10215.43551630893
2342000.0,-0.000714767319482036,0.04778860331563732,5348.54392126458,2342000.0,-0.0007147664634444292,0.04778860334639497,5348.543928149426
