cur_n,cur_mean,cur_std,cur_S,next_n,next_mean,next_std,next_S
1461000.0,0.1815097194110405,1.5694723499475032,3598798.6910418672,1461000.0,0.18150976292098303,1.5694723457967181,3598798.6720063738
1461000.0,0.040161766853999865,1.5837088129349497,3664383.195689196,1461000.0,0.040161761495338184,1.5837088130840977,3664383.1963793933
1461000.0,0.037074591509850346,1.428111060007711,2979711.2527855844,1461000.0,0.03707459840482194,1.4281110598529818,2979711.2521399083
1461000.0,0.010441257358826275,0.8323389566729421,1012163.470780082,1461000.0,0.010441349306094826,0.8323389629393622,1012163.4860206073
1461000.0,-0.00032803486584434256,0.7233728284910736,764494.9117877965,1461000.0,-0.00032803900418188804,0.7233728285065253,764494.9118204565
1461000.0,0.0011807646316760454,0.6603403255081781,637068.0937641724,1461000.0,0.0011806599172759725,0.6603403378255097,637068.1175306417
