cur_n,cur_mean,cur_std,cur_S,next_n,next_mean,next_std,next_S
1582000.0,-0.007670694815746155,0.03797407085735505,2281.2915509324453,1582000.0,-0.007670701994238699,0.03797407048069819,2281.2915056771394
1582000.0,-0.014487422363568233,0.06103317400106281,5893.026455914824,1582000.0,-0.014487417400591248,0.06103317549834529,5893.026745053493
1582000.0,-0.03215589173708396,0.09052272149282496,12963.48243443167,1582000.0,-0.03215593362091325,0.0905227219435712,12963.482563531652
1582000.0,-0.00041349625257128167,0.15408188765728265,37558.622860577794,1582000.0,-0.0004134990568225291,0.15408188769013167,37558.622876592184
1582000.0,-0.00048355135434110716,0.15650011565203925,38746.79676697883,1582000.0,-0.0004835605191308389,0.15650011604824918,38746.79696316865
1582000.0,-0.00042470218614770413,0.16041673580011773,40710.44307537787,1582000.0,-0.00042460412706118593,0.16041678347324592,40710.46727228539
