cur_n,cur_mean,cur_std,cur_S,next_n,next_mean,next_std,next_S
1751000.0,-0.02900612904037596,0.09803547714507481,16828.78181813841,1751000.0,-0.029006127225506984,0.09803547771146354,16828.782012591128
1751000.0,-0.028361572852108097,0.09830413579660749,16921.14415387095,1751000.0,-0.028361570859620194,0.09830413640681637,16921.144363942123
1751000.0,-0.014461407121762764,0.10093677919021603,17839.596671658543,1751000.0,-0.014461407594449778,0.10093677912443316,17839.596648405575
1751000.0,0.03311227334281981,0.1441219795373123,36370.27487005431,1751000.0,0.033112265856575285,0.14412198159774298,36370.27590998495
1751000.0,0.03452107111346294,0.1510206021836718,39935.44621914192,1751000.0,0.03452106066837447,0.1510206052037408,39935.44781637835
1751000.0,0.048165702187624795,0.3445253160585882,207839.66115262793,1751000.0,0.04816570899130146,0.34452531522503865,207839.66014692737
