cur_n,cur_mean,cur_std,cur_S,next_n,next_mean,next_std,next_S
2281000.0,-0.3407879958932977,1.3660319542204304,4256444.767188889,2281000.0,-0.340788015466091,1.366031949657367,4256444.738752617
2281000.0,-0.40270878156995904,1.3801280316700457,4344742.468451073,2281000.0,-0.4027087650502283,1.3801280367159077,4344742.5002205465
2281000.0,-0.18574389132258004,1.009414259927688,2324150.014919571,2281000.0,-0.18574387847016074,1.0094142624792943,2324150.0266695856
2281000.0,0.10435215563624663,0.8429990105666415,1620986.5638730638,2281000.0,0.10435209691386449,0.8429990225009268,1620986.609769479
2281000.0,0.09498367585819775,0.765991406323546,1338360.4056348356,2281000.0,0.09498373841030013,0.765991404392814,1338360.398887984
2281000.0,0.09421404812472248,0.6505096236430705,965234.2794015807,2281000.0,0.09421406050903625,0.650509622118314,965234.2748766752
