cur_n,cur_mean,cur_std,cur_S,next_n,next_mean,next_std,next_S
722000.0,-0.007431411410571869,0.015112590822099519,164.89786977918118,722000.0,-0.007431421865165866,0.015112588292045166,164.89781456686939
722000.0,-0.013047284544599884,0.021313860309197845,327.9906230041595,722000.0,-0.013047305804305537,0.02131385495030614,327.99045807242186
722000.0,-0.00426215969473922,0.008803669594351042,55.958319991733745,722000.0,-0.004262171799944615,0.008803669742596549,55.95832187630461
722000.0,-0.0006258073191227982,0.05656568880546062,2310.166902326145,722000.0,-0.0006257994269026658,0.05656568929028813,2310.166941927271
722000.0,-0.0010131716293684063,0.0656654779760777,3113.231508430911,722000.0,-0.0010132087636751555,0.0656654849840117,3113.232172929907
722000.0,-0.0007087800549130645,0.05036244108751953,1831.2630909961779,722000.0,-0.0007087752568553559,0.050362441320063144,1831.263107907532
