cur_n,cur_mean,cur_std,cur_S,next_n,next_mean,next_std,next_S
1282000.0,-0.008007245678461812,0.03913996617096247,1963.943172289759,1282000.0,-0.008007253745481264,0.039139965586384225,1963.9431136244839
1282000.0,-0.014665382559690713,0.06002283401946869,4618.713453980177,1282000.0,-0.01466538075606195,0.06002283449488953,4618.713527146754
1282000.0,-0.02953223286071714,0.08399177110172107,9044.019779614608,1282000.0,-0.02953227036954977,0.08399176865041767,9044.019251714417
1282000.0,-0.00044921978472314714,0.15015045834740998,28902.895301963617,1282000.0,-0.00044921652000743127,0.1501504584026759,28902.895323240216
1282000.0,-0.0005279250659823672,0.15319238581216849,30085.856864796722,1282000.0,-0.0005279227104372342,0.15319238584350323,30085.856877104547
1282000.0,-0.0004688745934534914,0.15569675646416226,31077.577325976552,1282000.0,-0.00046882933072329015,0.15569676503497357,31077.580747500095
