cur_n,cur_mean,cur_std,cur_S,next_n,next_mean,next_std,next_S
642000.0,0.00028844298903545366,0.013840504252372553,122.98123621028323,642000.0,0.00028845349616054487,0.01384050659387171,122.98127782155402
642000.0,-0.007353495115919686,0.020173091140291578,261.2642151511958,642000.0,-0.007353481408101613,0.020173099127045964,261.2644220261377
642000.0,-0.005822283544247166,0.01444391116192919,133.93825771767712,642000.0,-0.005822286124263744,0.014443910269867495,133.93824117351755
642000.0,-0.00017303893568549074,0.11421173508112528,8374.453716214814,642000.0,-0.00017306648617424988,0.11421173717268515,8374.454022937613
642000.0,-0.00013655558260720235,0.06925446975965519,3079.148575445618,642000.0,-0.00013657343925913834,0.0692544712023859,3079.148703737186
642000.0,-0.0007479671948042194,0.05969956963966294,2288.1127909333395,642000.0,-0.000747991244523956,0.05969957244829487,2288.1130062269117
