cur_n,cur_mean,cur_std,cur_S,next_n,next_mean,next_std,next_S
3061000.0,-0.32180470430866775,1.3561489574119632,5629607.5237447275,3061000.0,-0.3218060546980353,1.3561506949655213,5629621.949521182
3061000.0,-0.389998953412308,1.3705175061452304,5749532.116265307,3061000.0,-0.38999988076507874,1.3705182026244327,5749537.959941936
3061000.0,-0.16867845456548608,0.9895047340878897,2997085.153092759,3061000.0,-0.16867766668750694,0.9895058285319982,2997091.7829630156
3061000.0,0.1015190058810479,0.8526099459651738,2225174.726793693,3061000.0,0.10151913984259435,0.8526099622284051,2225174.8116825256
3061000.0,0.09386945795125515,0.7695853920952872,1812912.9893986846,3061000.0,0.09386950295266897,0.7695853906337057,1812912.9825125868
3061000.0,0.09218107294138649,0.653197786354519,1306028.7525293366,3061000.0,0.0921807953108005,0.6531980061367056,1306029.631411382
