cur_n,cur_mean,cur_std,cur_S,next_n,next_mean,next_std,next_S
3762000.0,-0.014878598377769298,0.027083587621928258,2759.5049429016917,3762000.0,-0.014878599172954086,0.027083587229001723,2759.504862832336
3762000.0,-0.02516844553683317,0.04428716062508422,7378.608467024821,3762000.0,-0.025168446362828622,0.044287160184645555,7378.608320263348
3762000.0,-0.005725644249005623,0.010293657969555212,398.61924171093347,3762000.0,-0.005725645044361615,0.010293657642750587,398.6192164000847
3762000.0,-0.0005049192666811579,0.052554762136625736,10390.65537341876,3762000.0,-0.0005049205039275614,0.052554762179524664,10390.65539038194
3762000.0,-0.0007448577467242352,0.06763843897494654,17210.993602251983,3762000.0,-0.0007448590625468602,0.06763843900860209,17210.99361937969
3762000.0,-0.0005726804481705311,0.04300088228574017,6956.223450598535,3762000.0,-0.0005726816751142842,0.04300088233524926,6956.223466616639
