cur_n,cur_mean,cur_std,cur_S,next_n,next_mean,next_std,next_S
2721000.0,-0.301326957332425,1.3245674944422403,4773937.487793078,2721000.0,-0.3013269748317959,1.324567490775903,4773937.461365033
2721000.0,-0.3595765934150293,1.321325262830353,4750595.124977061,2721000.0,-0.35957659299318434,1.321325262945365,4750595.125804072
2721000.0,-0.18899300254154108,0.9853553908597307,2641887.5951723214,2721000.0,-0.18899301627381104,0.9853553884862233,2641887.5824448527
2721000.0,0.09701974492192456,0.8394034865001256,1917211.7379772495,2721000.0,0.09701976131435228,0.8394034850409965,1917211.7313118982
2721000.0,0.08741704983947506,0.7447729413327772,1509302.6035989574,2721000.0,0.08741708482105884,0.7447729394622418,1509302.5960175756
2721000.0,0.0962323274979664,0.6524007171092553,1158130.2389579883,2721000.0,0.09623233669564717,0.652400715928943,1158130.2347674496
