cur_n,cur_mean,cur_std,cur_S,next_n,next_mean,next_std,next_S
2161000.0,-0.3188850024744432,1.3371499979759303,3863803.423025072,2161000.0,-0.3188846213952399,1.3371502062039426,3863804.6264086436
2161000.0,-0.37066214640327405,1.329668452878137,3820687.3184859506,2161000.0,-0.3706631944263331,1.3296690532583368,3820690.768767904
2161000.0,-0.19454452145039988,0.993348450687463,2132347.6132281586,2161000.0,-0.19454405912198833,0.9933487737337574,2132349.000147535
2161000.0,0.09836780271763834,0.8337932596558555,1502351.4028705272,2161000.0,0.09836738056104406,0.833793540407832,1502352.4146038122
2161000.0,0.09229363960038071,0.7516861042133071,1221034.1504168054,2161000.0,0.0922942063760352,0.7516864963770341,1221035.4244736903
2161000.0,0.09979904777772372,0.6532710775729673,922235.0608144206,2161000.0,0.09979861694173411,0.653271450402693,922236.1134761855
