cur_n,cur_mean,cur_std,cur_S,next_n,next_mean,next_std,next_S
2042000.0,-0.006921288646340688,0.03599774918996668,2646.101087250731,2042000.0,-0.006921295189239341,0.03599774914616485,2646.101080811213
2042000.0,-0.015643218934237278,0.06161931081587711,7753.350388395134,2042000.0,-0.015643233769177887,0.06161931069628261,7753.350358298787
2042000.0,-0.03345638377721474,0.09309765373809721,17698.367534601915,2042000.0,-0.03345639380665165,0.09309765123698886,17698.36658365348
2042000.0,-0.00040569902327066646,0.16110800710864473,53001.72308712803,2042000.0,-0.0004056939300777655,0.16110800728586924,53001.723203735586
2042000.0,-0.0004925183769698108,0.15769915000040738,50782.54274195771,2042000.0,-0.000492508451488677,0.15769915066922943,50782.543172708094
2042000.0,-0.0004556107689572185,0.160959549721092,52904.08831198287,2042000.0,-0.00045559223926187973,0.16095955195148562,52904.08977815176
