cur_n,cur_mean,cur_std,cur_S,next_n,next_mean,next_std,next_S
442000.0,-0.006900860205510762,0.015218676453420843,102.37078594330644,442000.0,-0.006900867438892226,0.015218673933263033,102.37075203884504
442000.0,-0.012550994688857673,0.021088090205904596,196.56073645130726,442000.0,-0.01255101118158317,0.021088083240548353,196.56060660405097
442000.0,-0.004162134659125013,0.00938849738170893,38.9595963241691,442000.0,-0.0041621435691306975,0.00938849530045014,38.95957905090588
442000.0,-0.0006399441764447217,0.059146619648493236,1546.2585962028386,442000.0,-0.0006399122152678423,0.05914662381116577,1546.258813850726
442000.0,-0.0010627288935039338,0.06852930441524245,2075.7493791275406,442000.0,-0.0010626881197645488,0.06852931040892209,2075.7497422240995
442000.0,-0.0007383732426625351,0.053066179102211876,1244.6805591125485,442000.0,-0.0007383392497526006,0.05306618438746739,1244.680807046552
