cur_n,cur_mean,cur_std,cur_S,next_n,next_mean,next_std,next_S
2001000.0,-0.032069441159278116,0.10509637295144442,22101.540462705747,2001000.0,-0.032069448679803526,0.10509637119503584,22101.539723967882
2001000.0,-0.029878871942743735,0.10201372395181671,20824.006548909445,2001000.0,-0.029878867136426346,0.10201372558610422,20824.007216121903
2001000.0,-0.010787343734409918,0.1195571759901936,28602.130579831,2001000.0,-0.010787358670448728,0.11955717650941478,28602.130828261623
2001000.0,0.032842201106933026,0.14407088849490263,41533.59824433305,2001000.0,0.032842202898376145,0.1440708881088239,41533.59802173098
2001000.0,0.03424711294659495,0.15061320983583484,45391.3622930835,2001000.0,0.0342471066564433,0.15061321152894902,45391.36331361495
2001000.0,0.048832427799251635,0.35463392613993827,251656.2083604238,2001000.0,0.048832445409552123,0.3546339245899543,251656.2061606169
