cur_n,cur_mean,cur_std,cur_S,next_n,next_mean,next_std,next_S
791000.0,0.16719810768823926,1.4402002951803972,1640673.9201780232,791000.0,0.16719816889815692,1.4402002891032213,1640673.9063318046
791000.0,-0.0033809305778946916,1.445898495714532,1653682.3657884512,791000.0,-0.003380925275622303,1.4458984957346166,1653682.3658343928
791000.0,0.046728612170856346,1.2799424660315188,1295857.8986335192,791000.0,0.04672860056851223,1.2799424664966428,1295857.899575334
791000.0,0.010618543858225988,0.9084814334289409,652842.7652741167,791000.0,0.010618710910013103,0.9084814436251358,652842.7799282677
791000.0,0.01577400781555278,0.7954137959199575,500452.3374311785,791000.0,0.015773981833132472,0.795413796770906,500452.33850196487
791000.0,0.002379173882526737,0.7246153515789776,415328.31952544494,791000.0,0.0023790204760274166,0.7246153649274051,415328.33482730127
