cur_n,cur_mean,cur_std,cur_S,next_n,next_mean,next_std,next_S
3762000.0,-0.014139019294272605,0.024814107751141744,2316.4136673915964,3762000.0,-0.014139021559720352,0.024814106849337773,2316.4134990235834
3762000.0,-0.02339772426978152,0.039304302026700724,5811.643529666589,3762000.0,-0.023397726562556138,0.03930430091339736,5811.643200434322
3762000.0,-0.005708742357752705,0.009412022112191061,333.26113482428497,3762000.0,-0.0057087452483593655,0.009412022028804744,333.26112891919513
3762000.0,-0.0006509279369525492,0.055175808656759175,11452.919416808505,3762000.0,-0.0006509339472141461,0.05517580981732979,11452.91989861103
3762000.0,-0.0010284495153826687,0.06815538447284586,17475.078499597093,3762000.0,-0.0010284593825740647,0.06815538701099946,17475.079801165106
3762000.0,-0.000734927744606987,0.046630582406236395,8180.13499287955,3762000.0,-0.0007349332784974419,0.046630583554334686,8180.135395688121
