cur_n,cur_mean,cur_std,cur_S,next_n,next_mean,next_std,next_S
2402000.0,-0.010798458083313709,0.019626398164801804,925.2396028258521,2402000.0,-0.010798457608301379,0.01962639843996076,925.2396287692742
2402000.0,-0.0179433871663884,0.02967732003784807,2115.5454657585183,2402000.0,-0.017943389560050014,0.029677318822471967,2115.5452924825386
2402000.0,-0.005065931624712433,0.008941276470666034,192.0313126695763,2402000.0,-0.005065932150970503,0.008941276209699459,192.03130146004634
2402000.0,-0.0006282968512808678,0.05503971962181436,7276.548507987142,2402000.0,-0.000628290047651042,0.05503972070954065,7276.548795593739
2402000.0,-0.0010096135646175278,0.0660422231697675,10476.503729375312,2402000.0,-0.0010096058123741838,0.0660422243811685,10476.50411371268
2402000.0,-0.000714412817879852,0.0476808294358866,5460.854512657253,2402000.0,-0.000714406612286146,0.047680830498851565,5460.854756138633
