cur_n,cur_mean,cur_std,cur_S,next_n,next_mean,next_std,next_S
5301000.0,-0.05833665021707083,0.17083173185468808,154701.63070551032,5301000.0,-0.058336649396061535,0.17083173214551628,154701.63123224617
5301000.0,-0.04935510180059244,0.16724268695025335,148269.58670954267,5301000.0,-0.04935510101514728,0.1672426871918212,148269.58713786834
5301000.0,0.017227045386360076,0.3375089869179383,603849.1884432274,5301000.0,0.017227043666978203,0.3375089870288939,603849.1888402568
5301000.0,0.027031239239754794,0.17312865940023361,158889.69687303287,5301000.0,0.027031239383461466,0.17312865937810323,158889.6968324123
5301000.0,0.027792179646256885,0.18987008235436278,191104.48596641154,5301000.0,0.027792180341586366,0.18987008225933313,191104.4857751166
5301000.0,0.06132375028075841,0.4761276816746979,1201723.814630946,5301000.0,0.061323750995308034,0.4761276815854898,1201723.8141806317
