cur_n,cur_mean,cur_std,cur_S,next_n,next_mean,next_std,next_S
2102000.0,-0.010149646827127184,0.01850505181124013,719.8024532121045,2102000.0,-0.010149644434745912,0.01850505344847864,719.8025805814696
2102000.0,-0.01682623685343316,0.027526603129106954,1592.7145753971124,2102000.0,-0.01682623517936786,0.02752660425941963,1592.7147061989772
2102000.0,-0.004933448188689718,0.008837508982142831,164.1694896498749,2102000.0,-0.004933445643740723,0.008837511173082515,164.16957104962108
2102000.0,-0.0006302773372162571,0.05498093968334959,6354.143637231592,2102000.0,-0.0006302837849802472,0.05498094040414284,6354.143803835653
2102000.0,-0.0010010221934158446,0.06544899367268446,9004.065764356426,2102000.0,-0.0010010265678962102,0.06544899391307188,9004.065830498439
2102000.0,-0.0007136323841762084,0.04791117168110696,4825.099741642374,2102000.0,-0.000713639059887227,0.0479111725592704,4825.0999185207975
