cur_n,cur_mean,cur_std,cur_S,next_n,next_mean,next_std,next_S
2451000.0,-0.3067493224939691,1.329635334132573,4333196.7284676805,2451000.0,-0.30674933478327493,1.329635331436656,4333196.710896037
2451000.0,-0.3622145322025723,1.3250252496182422,4303200.876620544,2451000.0,-0.36221454810157855,1.325025245505844,4303200.849909392
2451000.0,-0.1917254726395732,0.9899249428188515,2401860.8628089353,2451000.0,-0.19172548138839143,0.9899249412191466,2401860.8550461885
2451000.0,0.09738872142964843,0.839830424883388,1728727.4144140992,2451000.0,0.0973887115851705,0.8398304261664135,1728727.419696121
2451000.0,0.08857584997684527,0.7496767092368883,1377499.1776803848,2451000.0,0.08857580768909512,0.7496767171565603,1377499.2067845082
2451000.0,0.09869451203727385,0.6546036314721488,1050267.9960388222,2451000.0,0.0986945012289988,0.6546036333203936,1050268.001969594
