cur_n,cur_mean,cur_std,cur_S,next_n,next_mean,next_std,next_S
2011000.0,-0.34964534345669657,1.3697928505375645,3773304.5637548757,2011000.0,-0.3496452227369501,1.3697928920492757,3773304.792455633
2011000.0,-0.4062228537762374,1.3797051736576942,3828112.1824640124,2011000.0,-0.4062227241167922,1.3797052240849248,3828112.4622935047
2011000.0,-0.1883578985670273,1.013555870858121,2065891.2572387885,2011000.0,-0.1883578779610856,1.0135558751087457,2065891.2745665521
2011000.0,0.10349486482679518,0.8337390459915051,1397887.922386569,2011000.0,0.10349502718755184,0.833739057628803,1397887.9614099022
2011000.0,0.09520755995941459,0.7626542354056068,1169681.0218748245,2011000.0,0.09520774503691447,0.7626542574618613,1169681.089530078
2011000.0,0.09230201782809426,0.6483112722343081,845238.3939749008,2011000.0,0.09230201359191796,0.6483112728652446,845238.395620073
