cur_n,cur_mean,cur_std,cur_S,next_n,next_mean,next_std,next_S
1431000.0,-0.3609606893425736,1.3796760179551675,2723916.9636790184,1431000.0,-0.3609606566049581,1.3796760270760091,2723916.999693872
1431000.0,-0.4183670161362644,1.391215383191017,2769672.226913507,1431000.0,-0.4183670249998076,1.3912153805660252,2769672.2164616864
1431000.0,-0.1942334339272086,1.0153422740125937,1475246.4246911998,1431000.0,-0.1942334336590603,1.0153422740639486,1475246.4248404324
1431000.0,0.10173573841386231,0.8228228411931996,968840.5594526159,1431000.0,0.10173572467138897,0.822822843056561,968840.5638406809
1431000.0,0.09345087722676473,0.7589541663551378,824272.3515044135,1431000.0,0.0934509064535708,0.7589541635616993,824272.345436711
1431000.0,0.09038850813229166,0.6419125924595455,589646.0919684904,1431000.0,0.09038850749238833,0.6419125925500893,589646.0921348335
