cur_n,cur_mean,cur_std,cur_S,next_n,next_mean,next_std,next_S
3251000.0,-0.31928707793002276,1.355953549876265,5977321.205651067,3251000.0,-0.319286994413392,1.3559535779035419,5977321.452751034
3251000.0,-0.3887186332911621,1.366951401146122,6074675.988692969,3251000.0,-0.3887186232633775,1.366951404117324,6074676.01510077
3251000.0,-0.1680076868859644,0.9880699304637421,3173893.3915190157,3251000.0,-0.1680077219742636,0.9880699265229024,3173893.366201364
3251000.0,0.10130307630362974,0.8551635948955931,2377471.820386986,3251000.0,0.1013033810116905,0.8551637352837568,2377472.600983663
3251000.0,0.09450397190723551,0.7692008326266385,1923518.912889834,3251000.0,0.09450413147976876,0.769200866831622,1923519.0839607203
3251000.0,0.09387719517126775,0.6564143847972566,1400790.3746930414,3251000.0,0.09387729565986654,0.6564143954317596,1400790.4200811682
