cur_n,cur_mean,cur_std,cur_S,next_n,next_mean,next_std,next_S
342000.0,-0.016433655099647646,0.05987174011485574,1225.9418404182427,342000.0,-0.016433648206947756,0.059871742142463685,1225.9419234533925
342000.0,-0.01729461595773308,0.058802877332210186,1182.5602068310598,342000.0,-0.01729461103669951,0.05880287884996726,1182.5602678770229
342000.0,-0.021697785604553484,0.06426962983167249,1412.6601789954707,342000.0,-0.021697785879490884,0.06426962973905276,1412.6601749238678
342000.0,-0.0008902508903846184,0.14789973453257146,7481.0213643833495,342000.0,-0.000890214962226562,0.14789973624127337,7481.021537241475
342000.0,-0.0009180047106720708,0.146293418610489,7319.403400430369,342000.0,-0.0009179685001988806,0.14629342037034693,7319.403576530021
342000.0,-0.0007949721165605718,0.1483384829437056,7525.4724885376945,342000.0,-0.0007949344435174706,0.14833848478167455,7525.472675024496
