cur_n,cur_mean,cur_std,cur_S,next_n,next_mean,next_std,next_S
382000.0,-0.01520216919355576,0.057369892949427716,1257.2783637050002,382000.0,-0.015202168730176335,0.05736989307293195,1257.2783691182647
382000.0,-0.01609530010662686,0.056443332872042146,1216.9946334189865,382000.0,-0.01609530143881028,0.056443332498164786,1216.994617296383
382000.0,-0.02157335374825532,0.06448258145511697,1588.3572648462332,382000.0,-0.021573347748019767,0.0644825835692026,1588.3573689960135
382000.0,-0.0008096183199310806,0.1469548911527399,8249.57269287861,382000.0,-0.0008095852150769086,0.14695489275952167,8249.57287327768
382000.0,-0.0008302273094990242,0.14509807897647495,8042.418863657403,382000.0,-0.0008301930730050941,0.1450980807153115,8042.4190564160135
382000.0,-0.000724864617165735,0.14928236849744994,8512.95615788762,382000.0,-0.0007248342127126801,0.1492823698278481,8512.956309621832
