cur_n,cur_mean,cur_std,cur_S,next_n,next_mean,next_std,next_S
2501000.0,-0.039100055519906585,0.13120681676768697,43055.28714453977,2501000.0,-0.03910005654702093,0.1312068164716582,43055.28695025711
2501000.0,-0.03454765697279601,0.12635201236449764,39928.04240242396,2501000.0,-0.034547655057347366,0.12635201292453294,39928.04275637343
2501000.0,0.007352557282297636,0.23137386920534467,133888.2022449809,2501000.0,0.0073525572525185235,0.23137386920630307,133888.20224609008
2501000.0,0.030889039438735423,0.15576056496240945,60677.64534711985,2501000.0,0.030889038482231998,0.15576056515942976,60677.64550062119
2501000.0,0.030637709074331367,0.16570688957624757,68674.3919058398,2501000.0,0.030637706948407107,0.1657068900034143,68674.39225990372
2501000.0,0.05314115798252027,0.4137613526993839,428167.3409260476,2501000.0,0.05314115799723762,0.41376135269749564,428167.3409221395
