cur_n,cur_mean,cur_std,cur_S,next_n,next_mean,next_std,next_S
3561000.0,-0.31226039578145126,1.34980801124944,6488076.717017312,3561000.0,-0.31226054189796537,1.3498080056096293,6488076.662799936
3561000.0,-0.3860847148644484,1.3652281708550038,6637162.580204609,3561000.0,-0.3860848582777104,1.3652281571214508,6637162.446671147
3561000.0,-0.16427698604542737,0.980430721621576,3422991.3080417784,3561000.0,-0.16427705915701055,0.9804307190785431,3422991.2902847263
3561000.0,0.09930659464001546,0.8569030039868831,2614780.902098851,3561000.0,0.0993070332824177,0.8569033529419521,2614783.031724332
3561000.0,0.09443212599589218,0.7684711898357323,2102941.3197724717,3561000.0,0.09443283961796768,0.7684722820581112,2102947.297566392
3561000.0,0.09337945008918085,0.6558922639531433,1531923.1910742575,3561000.0,0.09337953396731506,0.6558922711102494,1531923.2245069947
