cur_n,cur_mean,cur_std,cur_S,next_n,next_mean,next_std,next_S
141000.0,-0.08264080767569351,1.1498138123698767,186412.12423943356,141000.0,-0.08263930264064648,1.149814059425408,186412.20434657932
141000.0,-0.11428231906242234,1.082712052017727,165289.41964940564,141000.0,-0.11428149947302339,1.0827121822656227,165289.45941732058
141000.0,-0.09569088178240444,0.8004411583054086,90339.55275521189,141000.0,-0.09569071125950908,0.8004411812521023,90339.55793484078
141000.0,0.09828706234996398,1.6404154219270601,379425.748665955,141000.0,0.0982809893475221,1.6404173708315617,379426.6502241566
141000.0,0.07800559995777359,1.444674044971666,294278.7165662861,141000.0,0.07800488374585363,1.444674108675962,294278.7425192946
141000.0,0.09792771123814416,0.77727198253263,85185.3946110589,141000.0,0.09792753577317652,0.7772720074317894,85185.40006872316
