cur_n,cur_mean,cur_std,cur_S,next_n,next_mean,next_std,next_S
1401000.0,0.1851052997511307,1.5579087882651004,3400338.7893676404,1401000.0,0.18510533629546858,1.5579087845235366,3400338.7730347402
1401000.0,0.03620397281548906,1.5747504312227951,3474254.327811567,1401000.0,0.03620397196223051,1.5747504312427512,3474254.3278996227
1401000.0,0.037279729340592344,1.4081062737175212,2777851.352593783,1401000.0,0.0372797192139426,1.4081062740365866,2777851.3538526595
1401000.0,0.00814503289727641,0.8344950687410643,975631.209674168,1401000.0,0.008145151190204597,0.8344950793327461,975631.2344402233
1401000.0,0.001393828201271666,0.7292788734295037,745118.5929980791,1401000.0,0.001393820821970251,0.7292788734959468,745118.5931338517
1401000.0,0.0011503709146546408,0.6633375565550361,616463.4162249045,1401000.0,0.0011502674734877446,0.6633375680339288,616463.4375603992
