cur_n,cur_mean,cur_std,cur_S,next_n,next_mean,next_std,next_S
2882000.0,-0.00548949271030027,0.033155218061062405,3168.0917728379573,2882000.0,-0.005489492638160367,0.03315521807323396,3168.0917751640227
2882000.0,-0.015643069690380658,0.055301628056644236,8813.934329391843,2882000.0,-0.01564307354175343,0.05530162735372155,8813.934105329205
2882000.0,-0.026815677980851316,0.08058141348948729,18713.875624295455,2882000.0,-0.026815685633605917,0.08058141199009852,18713.874927872457
2882000.0,-0.0003458981536954147,0.16583281155328583,79256.50263925806,2882000.0,-0.000345896573487076,0.16583281157828447,79256.50266315327
2882000.0,-0.0005223325748540561,0.14360834120884874,59436.511025830034,2882000.0,-0.0005223288995938239,0.14360834135775039,59436.51114908462
2882000.0,-0.00048091827581996744,0.14434022286783094,60043.87601997617,2882000.0,-0.0004809153576740577,0.1443402229625692,60043.876098796245
