cur_n,cur_mean,cur_std,cur_S,next_n,next_mean,next_std,next_S
2302000.0,-0.010600966607033769,0.019260521363585317,853.9676067197851,2302000.0,-0.010600967775338864,0.019260520802119246,853.9675569315345
2302000.0,-0.017592202361364474,0.02897075135296502,1932.0788069651571,2302000.0,-0.017592203543042036,0.028970750690880898,1932.0787186554912
2302000.0,-0.005007589546073712,0.008880552657990533,181.54542410711093,2302000.0,-0.005007590705463848,0.008880552178449257,181.54540450055597
2302000.0,-0.0006278922109168438,0.05498332972677174,6959.329393134358,2302000.0,-0.0006278894938600288,0.05498332991233866,6959.329440109371
2302000.0,-0.0010033019832748774,0.0658081697130175,9969.30639264978,2302000.0,-0.0010032990647781746,0.06580816990648941,9969.306451268056
2302000.0,-0.0007119437029162606,0.04772205110886606,5242.561361009692,2302000.0,-0.0007119411010391087,0.047722051310958434,5242.561405411875
