cur_n,cur_mean,cur_std,cur_S,next_n,next_mean,next_std,next_S
1202000.0,0.0002403952399843313,0.013832197059782171,229.97826995177712,1202000.0,0.00024041392120540073,0.013832211898396691,229.9787633745807
1202000.0,-0.007338709502230934,0.02005755214560005,483.571088484305,1202000.0,-0.007338691209922492,0.0200575688645579,483.571894645292
1202000.0,-0.005950091270224977,0.013847891837092847,230.5004582148509,1202000.0,-0.005950082374803493,0.013847899093413971,230.5006997802533
1202000.0,-0.0001936147647515805,0.1138663915096001,15584.597248731869,1202000.0,-0.00019359685794683232,0.11386639323249548,15584.597720348303
1202000.0,-0.00015760364835059072,0.06882629151913026,5693.944201940115,1202000.0,-0.00015759341790603655,0.06882629245647992,5693.944357032496
1202000.0,-0.0007434615471197283,0.05926515055955737,4221.854401158098,1202000.0,-0.0007434374437214925,0.059265156753497944,4221.855283630053
