cur_n,cur_mean,cur_std,cur_S,next_n,next_mean,next_std,next_S
1262000.0,0.00025819665973213246,0.013924419952111654,244.68851240548955,1262000.0,0.00025820852614765464,0.013924426113107902,244.68872893520435
1262000.0,-0.007350629184681356,0.020144754675777986,512.1336598754662,1262000.0,-0.007350618440323351,0.02014476221228675,512.1340430720451
1262000.0,-0.005955007716293576,0.01386219935258148,242.50664046407655,1262000.0,-0.005955000370402832,0.013862204964597603,242.5068368184092
1262000.0,-0.00019638870051647822,0.11442072148014716,16522.23209809521,1262000.0,-0.00019638129730112252,0.11442072179510392,16522.232189054062
1262000.0,-0.0001619862772289812,0.06922507663609953,6047.644378915602,1262000.0,-0.0001619820842834348,0.06922507680616506,6047.644408630147
1262000.0,-0.0007474322686748808,0.059685568724137564,4495.70729777177,1262000.0,-0.0007474248635357633,0.059685569396600774,4495.707399075916
