cur_n,cur_mean,cur_std,cur_S,next_n,next_mean,next_std,next_S
31000.0,-0.27305673986923534,1.3125451239623522,53406.01577555775,31000.0,-0.2730582762575664,1.3125448322125204,53405.99203360159
31000.0,-0.27093801476019824,1.0771787566682012,35969.73628833481,31000.0,-0.27094037701391926,1.0771782427948067,35969.701969265734
31000.0,-0.18993773732586464,0.9689828649603051,29106.7615701871,31000.0,-0.18993761511001583,0.9689828891556898,29106.763023771742
31000.0,0.11222765767650006,0.8855712868596205,24311.33162741633,31000.0,0.1122278839692321,0.8855712590780062,24311.33010205516
31000.0,0.07832481275017951,0.7493909592054061,17409.191101902758,31000.0,0.07832579977417557,0.7493908761931899,17409.1872449695
31000.0,0.10358374018679425,0.7080381106767032,15540.856951289696,31000.0,0.1035825609961246,0.7080383136274573,15540.865860496819
