cur_n,cur_mean,cur_std,cur_S,next_n,next_mean,next_std,next_S
711000.0,-0.018260262489688584,1.150280976776746,940757.0374550045,711000.0,-0.018260292058497236,1.1502809765775772,940757.0371292243
711000.0,-0.09662876555300245,1.114498951737524,883138.7264444921,711000.0,-0.09662871944846278,1.1144989564128582,883138.7338540439
711000.0,-0.10897780821558478,0.8185144091367494,476345.71079274674,711000.0,-0.10897780701665179,0.818514409297002,476345.71097926906
711000.0,0.09987215810238491,1.4203389478989472,1434344.8988391873,711000.0,0.09987292414930915,1.4203390409121248,1434345.086699953
711000.0,0.11041716533336195,1.269616926101296,1146080.1958595046,711000.0,0.11041751286071066,1.2696169296949522,1146080.2023474746
711000.0,0.0931163990007582,0.7293314660734826,378198.23944488075,711000.0,0.09311640117815374,0.729331465797793,378198.2391589604
