cur_n,cur_mean,cur_std,cur_S,next_n,next_mean,next_std,next_S
3022000.0,-0.013335132888006874,0.024783282478029495,1856.1459151458987,3022000.0,-0.013335131752451409,0.02478328316765547,1856.1460184450848
3022000.0,-0.022410880899581088,0.03946823888933184,4707.495964458657,3022000.0,-0.02241087982826495,0.03946823954158569,4707.496120051228
3022000.0,-0.005359129430204302,0.009989853730957085,301.5870706042017,3022000.0,-0.005359128295571601,0.009989854534361445,301.5871191126953
3022000.0,-0.00047549189435713775,0.0521969102525259,8233.491703408756,3022000.0,-0.0004754953171079076,0.052196910560475714,8233.491800560185
3022000.0,-0.0007235598694967109,0.06602189739107932,13172.568405927219,3022000.0,-0.0007235629203414151,0.06602189757066125,13172.568477586936
3022000.0,-0.0005422188307162919,0.04322577500104898,5646.509161061642,3022000.0,-0.0005422222797306761,0.04322577537360941,5646.5092583955075
