cur_n,cur_mean,cur_std,cur_S,next_n,next_mean,next_std,next_S
3642000.0,-0.01399218122727879,0.024640559962666942,2211.2665051871254,3642000.0,-0.013992179930518118,0.024640560823307248,2211.2666596564327
3642000.0,-0.023158539947921327,0.03901724208321523,5544.381144759565,3642000.0,-0.023158538817289548,0.03901724281396149,5544.381352438819
3642000.0,-0.005690285203498191,0.009418109173284322,323.0482422164441,3642000.0,-0.005690283788860485,0.009418110414921573,323.04832739463666
3642000.0,-0.0006531901544028872,0.05527476238659935,11127.400257811656,3642000.0,-0.0006531914196094222,0.05527476242438228,11127.40027302387
3642000.0,-0.001034578989738287,0.0681886245088352,16934.165562186,3642000.0,-0.0010345799990236783,0.06818862452072393,16934.165568090968
3642000.0,-0.0007366391126034011,0.046785645914684156,7971.9616490286035,3642000.0,-0.0007366405656175346,0.0467856459739791,7971.96166923553
