cur_n,cur_mean,cur_std,cur_S,next_n,next_mean,next_std,next_S
2181000.0,-0.31767463244867744,1.3362283965963815,3894189.30108564,2181000.0,-0.3176761607527891,1.3362299394387607,3894198.2937455336
2181000.0,-0.36966095631287105,1.330509912429971,3860929.7036492866,2181000.0,-0.36966236790641743,1.3305111533930267,3860936.905810371
2181000.0,-0.1939252287607926,0.9921620852206406,2146945.0009049755,2181000.0,-0.19392475684502036,0.9921624222375974,2146946.4594509215
2181000.0,0.09818257609787778,0.8342247404684425,1517825.3313066256,2181000.0,0.09818282575312226,0.8342247925606405,1517825.520864322
2181000.0,0.09154145025537974,0.7520292985309063,1233460.3316164224,2181000.0,0.09154259541932978,0.7520310607628493,1233466.112363922
2181000.0,0.09988286360804138,0.6539161013246836,932609.2695738206,2181000.0,0.09988258972951908,0.6539162682474859,932609.7457014839
