cur_n,cur_mean,cur_std,cur_S,next_n,next_mean,next_std,next_S
571000.0,0.17385279610223622,1.4139765873137131,1141617.309788132,571000.0,0.17385291396576863,1.4139765756269849,1141617.2909168561
571000.0,-0.01798856768484542,1.4094870843541094,1134379.3431887585,571000.0,-0.01798857343329069,1.4094870842874263,1134379.3430814233
571000.0,0.05144673925747857,1.2418292924566507,880561.9352055334,571000.0,0.05144672775626686,1.2418292929635062,880561.9359243399
571000.0,0.006093957201079813,0.9451723907012953,510103.33429022523,571000.0,0.006094236018808682,0.945172412385622,510103.357696003
571000.0,0.020515471169025083,0.8154827469004967,379721.91509114875,571000.0,0.02051545676810268,0.8154827473353978,379721.91549616406
571000.0,0.0032256759564934833,0.7588106163192089,328778.11787151924,571000.0,0.0032254589870705248,0.7588106349535773,328778.13401934976
