cur_n,cur_mean,cur_std,cur_S,next_n,next_mean,next_std,next_S
1142000.0,-0.008186681338357597,0.015803648350532475,285.2205539558826,1142000.0,-0.008186677602738382,0.015803650789876538,285.22064200531327
1142000.0,-0.013958374336539413,0.022549015452322203,580.6591477664729,1142000.0,-0.013958371085613527,0.022549017732344658,580.6592651920841
1142000.0,-0.0044192680702004,0.00860164291754175,84.4945939259834,1142000.0,-0.004419264374398832,0.008601645723050957,84.49464904345389
1142000.0,-0.0006249709874012276,0.05566935113573254,3539.145541007521,1142000.0,-0.000624977912457565,0.05566935154987838,3539.145593665666
1142000.0,-0.0009992560318491349,0.0648855074405931,4807.967404590165,1142000.0,-0.0009992618852586658,0.06488550765196331,4807.967435914913
1142000.0,-0.0007050801401179943,0.0492794781393526,2773.309274814475,1142000.0,-0.0007050872077708972,0.04927947861701825,2773.3093285778114
