cur_n,cur_mean,cur_std,cur_S,next_n,next_mean,next_std,next_S
922000.0,-0.007992666953103515,0.01656985323233859,253.1443533222247,922000.0,-0.007992675157324916,0.016569851147583664,253.1442896229395
922000.0,-0.013371397440718217,0.02337883208422188,503.9373460317075,922000.0,-0.013371406209029105,0.02337882858526919,503.9371951898866
922000.0,-0.004011982375229902,0.008950764592291919,73.86712421726983,922000.0,-0.0040119904910586625,0.008950764346943627,73.86712016774483
922000.0,-0.0004417919609063478,0.051132423749447084,2410.5918273305647,922000.0,-0.0004418038961293691,0.051132424930621916,2410.591938701402
922000.0,-0.0006777174544569223,0.061148699685980024,3447.5087223698515,922000.0,-0.0006777369034030802,0.061148702322135685,3447.5090196180317
922000.0,-0.0004969073979130452,0.0440601873948265,1789.878704432384,922000.0,-0.0004969196340947865,0.04406018882338365,1789.8788204983484
