cur_n,cur_mean,cur_std,cur_S,next_n,next_mean,next_std,next_S
582000.0,-0.007637637020090745,0.016106122322977597,150.97497659654147,582000.0,-0.007637645072818058,0.016106119675937943,150.9749269710998
582000.0,-0.012736245365131928,0.02225018767772978,288.13123568602333,582000.0,-0.012736253875625317,0.02225018375348945,288.1311340512747
582000.0,-0.003990562084583491,0.008955406855033819,46.67599954860666,582000.0,-0.003990570257919058,0.008955405383694291,46.67598421122701
582000.0,-0.0004520148174325757,0.051799316422370824,1561.6044638220892,582000.0,-0.00045201258522708273,0.05179931646984222,1561.6044666843488
582000.0,-0.0006914592313498869,0.061229479803476615,2181.946632656532,582000.0,-0.0006914570375166861,0.06122947985112568,2181.946636052534
582000.0,-0.0005083914559394904,0.04472699354362466,1164.293299744739,582000.0,-0.0005083903676972581,0.044726993563699795,1164.2933007898955
