cur_n,cur_mean,cur_std,cur_S,next_n,next_mean,next_std,next_S
3051000.0,-0.32114828399246614,1.3551879536723594,5603266.423214744,3051000.0,-0.32114791143604976,1.3551881982011673,5603268.445310908
3051000.0,-0.39056609589244784,1.371614520899108,5739926.827914873,3051000.0,-0.39056688048199145,1.3716149821321535,5739930.688247843
3051000.0,-0.16922851858567345,0.9898339733128596,2989282.220203909,3051000.0,-0.16922836478187242,0.9898340360653864,2989282.599227106
3051000.0,0.10122130272885478,0.8518104291782751,2213747.653140732,3051000.0,0.1012210410402388,0.8518105829167559,2213748.4522345685
3051000.0,0.09410103797637888,0.7699580238899438,1808740.6789436995,3051000.0,0.094101759174571,0.769958966262444,1808745.1064799188
3051000.0,0.09243480042754347,0.6534053414863467,1302589.486403095,3051000.0,0.09243467971880737,0.6534053925803994,1302589.6901191482
