cur_n,cur_mean,cur_std,cur_S,next_n,next_mean,next_std,next_S
562000.0,0.00028220884815978627,0.013842453886587119,107.68680363648744,562000.0,0.0002822030977028968,0.013842454675092436,107.6868159047775
562000.0,-0.007363854436874793,0.020253286100135694,230.52992599391976,562000.0,-0.007363860526898785,0.020253284400449427,230.5298873010843
562000.0,-0.00575521874944169,0.014669506764150334,120.93926893134027,562000.0,-0.005755227602192283,0.014669504792219545,120.93923641711112
562000.0,-0.0001790131689041819,0.11439171949348388,7354.031604635857,562000.0,-0.00017901675013955116,0.11439171951938372,7354.0316079659615
562000.0,-0.00013882954534595945,0.06937668408972297,2704.9758539502936,562000.0,-0.0001388320300932097,0.0693766841097589,2704.975855512684
562000.0,-0.0007505514296342909,0.0597701049540506,2007.7255807746417,562000.0,-0.0007505523082620899,0.05977010494664559,2007.7255802771615
