cur_n,cur_mean,cur_std,cur_S,next_n,next_mean,next_std,next_S
3961000.0,-0.30251195357363386,1.3331340782369745,7039673.269875278,3961000.0,-0.3025119786501031,1.3331340734809412,7039673.21964639
3961000.0,-0.37517579169207355,1.343741631344752,7152146.26593567,3961000.0,-0.3751758049449417,1.3437416279034502,7152146.229302594
3961000.0,-0.20558056294758764,0.9945787971438727,3918169.642547212,3961000.0,-0.2055805545597149,0.9945787990177672,3918169.6573117273
3961000.0,0.09711616819903597,0.8285816686657114,2719414.9709111135,3961000.0,0.0971161632473831,0.8285816693047178,2719414.9751055664
3961000.0,0.08665289933688494,0.7349419129375423,2139493.0165688763,3961000.0,0.08665290818239425,0.7349419121054614,2139493.011724327
3961000.0,0.09845121231056501,0.6437953114871225,1641725.188650585,3961000.0,0.0984512217583623,0.6437953103168925,1641725.1826822406
