cur_n,cur_mean,cur_std,cur_S,next_n,next_mean,next_std,next_S
1642000.0,0.00020501953914297104,0.013830104169339053,314.06826495169145,1642000.0,0.0002050211403559648,0.013830104297803006,314.06827078627526
1642000.0,-0.007381506733196511,0.01996149795773588,654.2736199768109,1642000.0,-0.007381505223094242,0.019961498609943704,654.2736627313561
1642000.0,-0.005934724412184488,0.013679245760792475,307.25393744718895,1642000.0,-0.005934725659541855,0.01367924531300976,307.2539173316062
1642000.0,-0.0001906532698643958,0.11355685930147646,21173.85320342996,1642000.0,-0.00019065029076593276,0.11355685937064439,21173.85322922411
1642000.0,-0.0001576418104125877,0.06882344717605499,7777.6070189225675,1642000.0,-0.00015763883352410869,0.06882344728858909,7777.607044357101
1642000.0,-0.0007322801408419123,0.05938244948051963,5790.144052955217,1642000.0,-0.0007322773993430397,0.05938244961823572,5790.144079811504
