cur_n,cur_mean,cur_std,cur_S,next_n,next_mean,next_std,next_S
451000.0,-0.020768001701298194,0.09124201366385563,3754.622380903283,451000.0,-0.020768778551898855,0.09124332834045572,3754.7305799565383
451000.0,-0.03438066094393511,0.11209237903378119,5666.680348291245,451000.0,-0.03438106011342354,0.11209257714289214,5666.700378591387
451000.0,-0.019517262953773044,0.13134186389427885,7780.059030261695,451000.0,-0.019518646134031984,0.13134494305128655,7780.423823380713
451000.0,0.034867684667667646,0.1948452715998718,17122.070619037342,451000.0,0.03486772603715674,0.19484526617746192,17122.069666046464
451000.0,0.032485365565130396,0.1278698671881133,7374.167023552285,451000.0,0.03248589217620605,0.12787022245657348,7374.207999783208
451000.0,0.05560569277939689,0.4651554742556662,97582.6964687362,451000.0,0.05560691204113648,0.4651560491802451,97582.93769012754
