cur_n,cur_mean,cur_std,cur_S,next_n,next_mean,next_std,next_S
1501000.0,-0.02451302995997462,0.08617657145426343,11147.028602885266,1501000.0,-0.024513015372691935,0.0861765774567786,11147.030155748407
1501000.0,-0.021928942564208874,0.08166434286676658,10010.266408687074,1501000.0,-0.02192895623797342,0.08166434091329323,10010.265929780671
1501000.0,0.0003982022136945047,0.1075416321637807,17359.369175323314,1501000.0,0.00039819014304521427,0.10754163322527628,17359.369518016534
1501000.0,0.03380217217540237,0.14057700536770662,29662.603551666478,1501000.0,0.03380217930227147,0.14057700392519096,29662.602942907313
1501000.0,0.03322997978689032,0.1444960470456518,31339.54052534065,1501000.0,0.03322998027472037,0.1444960469346999,31339.540477212246
1501000.0,0.05009515742448585,0.35835242461098044,192753.10679707723,1501000.0,0.050095198555875825,0.3583524224042304,192753.10442311293
