cur_n,cur_mean,cur_std,cur_S,next_n,next_mean,next_std,next_S
362000.0,0.0003098121275776659,0.013741946101390897,68.36047192057875,362000.0,0.00030981155128322003,0.013741946118757665,68.36047209336367
362000.0,-0.007376394771621685,0.020318780966886545,149.45273531287253,362000.0,-0.0073763960531551195,0.02031878051627677,149.45272868404348
362000.0,-0.005899322428095108,0.015603899727512813,88.14037058767136,362000.0,-0.00589932618250565,0.015603898471597231,88.14035639931302
362000.0,-0.00013502542473788892,0.1128122086716216,4607.027181983758,362000.0,-0.0001350256247798521,0.11281220867144495,4607.027181969329
362000.0,-0.00010827825787463325,0.06948276889335378,1747.6835726575705,362000.0,-0.00010827827142972266,0.06948276889333431,1747.6835726565914
362000.0,-0.0007390184409519771,0.06008217585372598,1306.7721636251351,362000.0,-0.0007390177856623323,0.06008217586307972,1306.7721640320183
