cur_n,cur_mean,cur_std,cur_S,next_n,next_mean,next_std,next_S
941000.0,0.18390952133547167,1.4643707628040346,2017863.2088289093,941000.0,0.18390958793967954,1.4643707558645873,2017863.1897041688
941000.0,-0.009077408846303512,1.4673205523292703,2026000.8566938902,941000.0,-0.009077411125337097,1.4673205523168364,2026000.856659554
941000.0,0.04956351723976946,1.3113381807678917,1618150.9627036045,941000.0,0.049563509133034804,1.3113381810978275,1618150.9635178663
941000.0,0.00517564785602832,0.8903564582581829,745963.2800190941,941000.0,0.005175791345109656,0.8903564683041504,745963.2968526281
941000.0,0.01577992986125834,0.7811284565341297,574162.1273365555,941000.0,0.015779921042463747,0.7811284567591593,574162.127667368
941000.0,-0.0007571796067246218,0.7100018909700727,474360.6267553954,941000.0,-0.0007573080778088642,0.7100019017703563,474360.6411869889
