cur_n,cur_mean,cur_std,cur_S,next_n,next_mean,next_std,next_S
2801000.0,-0.3012031004148586,1.3240995889675178,4910824.459932562,2801000.0,-0.3012029895566482,1.3240996271840002,4910824.743407372
2801000.0,-0.36020893587782316,1.322510863823108,4899046.992789332,2801000.0,-0.3602087772659607,1.3225109336651315,4899047.510228354
2801000.0,-0.1907427326687726,0.9873611110674814,2730644.3801792,2801000.0,-0.19074273073937048,0.9873611114455005,2730644.382270098
2801000.0,0.09720884597747423,0.8378691827042984,1966371.3732789187,2801000.0,0.09720907835311891,0.837869246002759,1966371.6703856464
2801000.0,0.08697538137945346,0.7427090942865203,1545078.6532592652,2801000.0,0.08697536903030578,0.7427090960202313,1545078.6604726408
2801000.0,0.09694376125022619,0.653106178716467,1194760.0535780296,2801000.0,0.09694375953640286,0.6531061789771244,1194760.0545316972
