cur_n,cur_mean,cur_std,cur_S,next_n,next_mean,next_std,next_S
5341000.0,-0.30907037796185655,1.3416649420351328,9614146.185920652,5341000.0,-0.30907034864667593,1.341664950498867,9614146.307220055
5341000.0,-0.3924150925198278,1.3658736813258354,9964227.888141409,5341000.0,-0.3924150830750679,1.3658736842137773,9964227.93027724
5341000.0,-0.21751105267410645,1.0029668477644678,5372738.880293641,5341000.0,-0.21751105501454374,1.0029668472714934,5372738.875012065
5341000.0,0.09615945276829235,0.8222528830163501,3611049.0511808847,5341000.0,0.09615945030072483,0.8222528833247247,3611049.0538894325
5341000.0,0.08712559825529483,0.729674924245911,2843684.569186366,5341000.0,0.08712561580650263,0.7296749232776671,2843684.5616394994
5341000.0,0.09643710418522376,0.6370175345904717,2167331.543605736,5341000.0,0.09643711054101625,0.6370175337976284,2167331.538210737
