cur_n,cur_mean,cur_std,cur_S,next_n,next_mean,next_std,next_S
1671000.0,-0.3297591408850281,1.3452754694134268,3024119.1340598166,1671000.0,-0.329759132612071,1.3452754714838446,3024119.14336823
1671000.0,-0.37759896196401227,1.3307152198941785,2959011.807081338,1671000.0,-0.3775990229032953,1.3307152049339361,2959011.7405493963
1671000.0,-0.19871248011250733,1.001633154763639,1676462.4601020613,1671000.0,-0.1987124861881452,1.001633153589117,1676462.4561703978
1671000.0,0.09630830272806622,0.8197524468912502,1122902.0979617846,1671000.0,0.09630839873452451,0.8197524450062691,1122902.0927976668
1671000.0,0.09445658619742926,0.7518984662003433,944702.0281057706,1671000.0,0.09445657610420327,0.7518984675815169,944702.0315764453
1671000.0,0.10032747627789018,0.6498389556806708,705647.706762962,1671000.0,0.10032746749366085,0.6498389571360453,705647.7099236889
