cur_n,cur_mean,cur_std,cur_S,next_n,next_mean,next_std,next_S
21000.0,-0.13481233739341258,1.0230391571394726,21978.79145785349,21000.0,-0.1348107560871425,1.0230393911812203,21978.80151407728
21000.0,-0.1580849507337611,1.177273710232593,29105.44116490112,21000.0,-0.15808442883691215,1.1772737827423687,29105.44475018304
21000.0,-0.04643889968606527,0.842899804171473,14920.08167731846,21000.0,-0.0464385992721384,0.8428998218467152,14920.082303053707
21000.0,0.07664188458003175,0.8690549946399807,15860.388257882636,21000.0,0.07664290203591177,0.8690549174176108,15860.385439242336
21000.0,0.09619175583541914,1.0644989539774232,23796.31848339959,21000.0,0.09618866985777265,1.0644993267678255,23796.335150472227
21000.0,0.04194619126676706,0.689115530790006,9972.484510295824,21000.0,0.04194568746098586,0.6891155653237186,9972.485509799993
