cur_n,cur_mean,cur_std,cur_S,next_n,next_mean,next_std,next_S
2501000.0,-0.006659898034226862,0.01852715854815629,858.4822652751701,2501000.0,-0.006659897951784158,0.01852715857825029,858.482268064067
2501000.0,-0.008542791420651214,0.02038907300720277,1039.7014595307048,2501000.0,-0.008542807133649093,0.020389081566361503,1039.7023324464758
2501000.0,-0.007454880133958602,0.019321606966365684,933.6845639025398,2501000.0,-0.007454891267451664,0.019321610693094196,933.6849240785053
2501000.0,-0.00138574128482446,0.07066132215626503,12487.549144627548,2501000.0,-0.001385722666115039,0.07066132865620393,12487.551442017628
2501000.0,-0.0016942157206401639,0.07413743445364655,13746.394327609216,2501000.0,-0.001694200464658177,0.07413743872806422,13746.395912714848
2501000.0,-0.0015738353941525767,0.06875076877981694,11821.397187747447,2501000.0,-0.0015738289951538356,0.06875076967108398,11821.397494246468
