cur_n,cur_mean,cur_std,cur_S,next_n,next_mean,next_std,next_S
2771000.0,-0.3015656017180454,1.3249043821247986,4864134.763934352,2771000.0,-0.3015655251248413,1.3249044056933268,4864134.9369891025
2771000.0,-0.35970462507826895,1.3216268568617884,4840098.907664863,2771000.0,-0.3597051178499317,1.3216269773044105,4840099.789841595
2771000.0,-0.19029923286744851,0.9871693818344066,2700348.8893432003,2771000.0,-0.19029933235650134,0.9871693765476667,2700348.860420013
2771000.0,0.09720564046468023,0.8390845064570268,1950958.0436731398,2771000.0,0.09720568288229631,0.83908450451401,1950958.0346377103
2771000.0,0.08692447757861994,0.7432394931341756,1530714.1002516935,2771000.0,0.08692544279659851,0.7432411169611567,1530720.7888563615
2771000.0,0.09683337691953911,0.652679060035064,1180418.166436274,2771000.0,0.09683354189941362,0.6526790933369592,1180418.286894139
