cur_n,cur_mean,cur_std,cur_S,next_n,next_mean,next_std,next_S
402000.0,-0.014617713437390977,0.056139665563695554,1266.9681439406409,402000.0,-0.01461772511437185,0.05613966301141653,1266.9680287402343
402000.0,-0.015531263904036606,0.05527513052569493,1228.2467019623098,402000.0,-0.015531277069412121,0.0552751274567516,1228.2465655747742
402000.0,-0.02134405524829519,0.06397378797563139,1645.243510276318,402000.0,-0.021344071977897148,0.06397378327336309,1645.243268415507
402000.0,-0.0007802393798029887,0.14499395044879862,8451.344758032967,402000.0,-0.0007802344577196244,0.14499395050886704,8451.34476503545
402000.0,-0.0007975988719266087,0.14316262533137852,8239.20599129261,402000.0,-0.0007975933112759803,0.14316262540577132,8239.205999855427
402000.0,-0.0007005356159433627,0.147667490971382,8765.886531692839,402000.0,-0.0007005292931958136,0.14766749105579488,8765.88654171473
