cur_n,cur_mean,cur_std,cur_S,next_n,next_mean,next_std,next_S
1051000.0,0.18815071485034635,1.483345848973125,2312530.967956757,1051000.0,0.18815085933209166,1.4833458380420694,2312530.933873802
1051000.0,0.00844091742025963,1.4862736455038463,2321668.826134577,1051000.0,0.008440885700346288,1.4862736460397419,2321668.8278087936
1051000.0,0.04472276592948629,1.33982695384305,1886688.2158228084,1051000.0,0.044722818994193995,1.3398269531761509,1886688.2139446093
1051000.0,0.004935280095179707,0.8788841275555894,811831.6124622762,1051000.0,0.004935287813243124,0.8788841275478225,811831.6124479275
1051000.0,0.010533069196165992,0.7657406767341266,616263.0819895052,1051000.0,0.010533078147221403,0.765740676666024,616263.0818798882
1051000.0,0.00039982854432757815,0.7003750632007822,515542.01584032824,1051000.0,0.0003996477249265023,0.7003750878359127,515542.0521078818
