cur_n,cur_mean,cur_std,cur_S,next_n,next_mean,next_std,next_S
3282000.0,-0.004923698587014866,0.03195126685880103,3350.5394956417645,3282000.0,-0.004923694543199014,0.031951268321808356,3350.5398024755414
3282000.0,-0.014999986516784,0.05262380615922315,9088.727646911222,3282000.0,-0.014999987122159384,0.0526238059980954,9088.727591254046
3282000.0,-0.023811628324346728,0.07607529488316517,18994.41251330168,3282000.0,-0.023811631343806306,0.07607529413472552,18994.412139562184
3282000.0,-0.0003234112211936811,0.16567881003344634,90089.15428483226,3282000.0,-0.0003233957774665471,0.16567881242595422,90089.15688672218
3282000.0,-0.000505513332073623,0.13777398954627554,62297.84814562193,3282000.0,-0.0005054986742256468,0.13777399215911984,62297.850508543714
3282000.0,-0.0005062424738963617,0.13775125802363516,62277.29262384286,3282000.0,-0.0005062407037496289,0.13775125806746646,62277.292663475106
