cur_n,cur_mean,cur_std,cur_S,next_n,next_mean,next_std,next_S
1311000.0,-0.05883217393500624,1.1556325941786856,1750823.0541666162,1311000.0,-0.058832113664929346,1.1556325993074095,1750823.069707001
1311000.0,-0.09140561079711887,1.1240480928583338,1656427.6748416377,1311000.0,-0.09140556216181253,1.1240480981926366,1656427.6905631835
1311000.0,-0.13099523603400456,0.879095260512966,1013151.9134208874,1311000.0,-0.1309952133711085,0.8790952642729748,1013151.9220876617
1311000.0,0.10390234063821883,1.2681740117527338,2108435.8398754653,1311000.0,0.10390227623859423,1.2681740191727302,2108435.864548083
1311000.0,0.10605093853809208,1.133474650589763,1684326.6312072866,1311000.0,0.10605087324498585,1.1334746591642586,1684326.6566904348
1311000.0,0.09844987239426191,0.6957862070863854,634679.2826688441,1311000.0,0.09844983145991903,0.6957862144569471,634679.296115339
