cur_n,cur_mean,cur_std,cur_S,next_n,next_mean,next_std,next_S
3341000.0,-0.3175934224785179,1.3541017622181144,6126029.4769394,3341000.0,-0.31759349056607844,1.3541017519678982,6126029.384194337
3341000.0,-0.3863698313432347,1.3661487691700944,6235516.977206085,3341000.0,-0.38636988125224425,1.3661487581008578,6235516.876159385
3341000.0,-0.16762757108244822,0.9857913554770441,3246732.3370176484,3341000.0,-0.16762762977594242,0.9857913513342553,3246732.309728859
3341000.0,0.10074650860706506,0.8552663131450773,2443876.238244984,3341000.0,0.10074741245185247,0.8552678023067541,2443884.74864683
3341000.0,0.09371849991994585,0.7690451650200283,1975969.1863737202,3341000.0,0.09371840153264349,0.7690451980366287,1975969.3560381029
3341000.0,0.0943318504916454,0.6567852643352358,1441196.7575994523,3341000.0,0.09433197106168603,0.6567852839926255,1441196.8438686435
