cur_n,cur_mean,cur_std,cur_S,next_n,next_mean,next_std,next_S
2961000.0,-0.322753455522452,1.3562262860719843,5446314.577275551,2961000.0,-0.32275389922509085,1.356226395391772,5446315.455285341
2961000.0,-0.39198072569869163,1.3727665848904649,5579969.254008409,2961000.0,-0.3919811317133652,1.3727666467417248,5579969.756829704
2961000.0,-0.17078422376853453,0.9919857221111935,2913729.6273753718,2961000.0,-0.17078430575900666,0.9919857180283183,2913729.6033903603
2961000.0,0.10119898224361182,0.8501547572437921,2140101.572453447,2961000.0,0.10119953388974878,0.8501552215236755,2140103.9099252345
2961000.0,0.09404523545071074,0.7699284193102393,1755250.5115210898,2961000.0,0.09404601274006853,0.7699294861436966,1755255.3757687837
2961000.0,0.09221882885215084,0.652585269454058,1260993.7679028478,2961000.0,0.09221894355796915,0.652585283094461,1260993.8206176856
