cur_n,cur_mean,cur_std,cur_S,next_n,next_mean,next_std,next_S
3971000.0,-0.30264693714966995,1.3330469316874516,7056523.078784958,3971000.0,-0.3026469494675732,1.333046929116942,7056523.0515708225
3971000.0,-0.37543217432879583,1.3435829342412082,7168509.166802517,3971000.0,-0.3754321849699536,1.3435829314351877,7168509.136860213
3971000.0,-0.20575544342121208,0.994450919097651,3927051.475692321,3971000.0,-0.2057554440287429,0.9944509189726992,3927051.47470546
3971000.0,0.09702653549617517,0.8281998756128484,2723768.599875561,3971000.0,0.09702656530899818,0.8281998742509983,2723768.5909179053
3971000.0,0.08674865033867604,0.7347670203906697,2143873.7023617714,3971000.0,0.08674864787119616,0.7347670206984334,2143873.7041577324
3971000.0,0.09846322525416837,0.6436497426467469,1645125.7000918267,3971000.0,0.09846322507043327,0.6436497426749226,1645125.700235857
