cur_n,cur_mean,cur_std,cur_S,next_n,next_mean,next_std,next_S
782000.0,-0.007915040932647279,0.016505501319513113,213.04149071820723,782000.0,-0.007915039438797872,0.016505502088737047,213.04151057541895
782000.0,-0.013265209513422414,0.023122024171237123,418.0790973882641,782000.0,-0.01326520805871268,0.023122025041596047,418.07912886292024
782000.0,-0.004005466163963849,0.008986238101483093,63.148435619339324,782000.0,-0.004005464688199239,0.008986238854042183,63.148446196163725
782000.0,-0.000448315654983969,0.05166856487931435,2087.658946609951,782000.0,-0.0004483098286778369,0.05166856518675183,2087.6589714538613
782000.0,-0.0006903392517331544,0.06151068356080025,2958.7471982354173,782000.0,-0.0006903334902645101,0.06151068383646689,2958.7472247552955
782000.0,-0.0005038917396816912,0.04458673746426163,1554.5981373268676,782000.0,-0.0005038857557726818,0.04458673784589579,1554.5981639396134
