cur_n,cur_mean,cur_std,cur_S,next_n,next_mean,next_std,next_S
4342000.0,-0.01553182342598987,0.027967260783642225,3396.172048064175,4342000.0,-0.015531824187489508,0.02796726040575262,3396.171956287
4342000.0,-0.02638521446304375,0.0462288489538839,9279.316317059594,4342000.0,-0.02638521508298194,0.046228848618100574,9279.316182258937
4342000.0,-0.00583772392871836,0.010329292349937262,463.26656571595134,4342000.0,-0.005837724688971342,0.010329292041751852,463.2665380718516
4342000.0,-0.0005136687695776773,0.052620186577318394,12022.494481844871,4342000.0,-0.0005136754249121915,0.05262018833980449,12022.495287219426
4342000.0,-0.0007478981090854422,0.06830120620037027,20255.667804503508,4342000.0,-0.0007479049520610043,0.06830120761383951,20255.668642871246
4342000.0,-0.0005842807954495597,0.042831920145076745,7965.717630350392,4342000.0,-0.0005842872481709723,0.0428319221675164,7965.718382601683
