cur_n,cur_mean,cur_std,cur_S,next_n,next_mean,next_std,next_S
3082000.0,-0.01356021774381242,0.025161491794947387,1951.2162629280847,3082000.0,-0.013560218201446062,0.025161491561142318,1951.2162266659861
3082000.0,-0.022740717802204536,0.04001332104333794,4934.484983346906,3082000.0,-0.022740718260860764,0.04001332079077153,4934.484921053393
3082000.0,-0.005420919546944758,0.010053374392900386,311.4987776595493,3082000.0,-0.005420919998896623,0.010053374180511264,311.49876449800803
3082000.0,-0.00048046839442734485,0.052313794144372025,8434.611284077137,3082000.0,-0.0004804670754951382,0.05231379420772416,8434.611304505806
3082000.0,-0.0007275945116277362,0.06623465038146678,13520.823104180132,3082000.0,-0.0007275931618200273,0.06623465043868289,13520.823127539774
3082000.0,-0.0005475888344257586,0.04325396755982703,5766.1313971923655,3082000.0,-0.0005475874850150498,0.04325396764178198,5766.131419042985
