cur_n,cur_mean,cur_std,cur_S,next_n,next_mean,next_std,next_S
3821000.0,-0.3032480912861419,1.33140658117342,6773270.753861428,3821000.0,-0.30324750230130654,1.3314072131116166,6773277.183587077
3821000.0,-0.3756361106100018,1.343453357109276,6896396.51174439,3821000.0,-0.37563755674176513,1.343455926755236,6896422.893478136
3821000.0,-0.2035707449388019,0.9939030997660103,3774549.523359253,3821000.0,-0.20357119072263907,0.9939033904503216,3774551.7312253704
3821000.0,0.09794387726542157,0.8289447508905898,2625597.8575110463,3821000.0,0.09794352366782673,0.8289450808339893,2625599.947635519
3821000.0,0.08738333561746012,0.7357658476428043,2068503.632752339,3821000.0,0.0873836701353534,0.7357660984805069,2068505.0431434
3821000.0,0.09789396168925757,0.6449297446919892,1589285.2491235605,3821000.0,0.09789410986572623,0.6449297872421192,1589285.4588341434
