cur_n,cur_mean,cur_std,cur_S,next_n,next_mean,next_std,next_S
1971000.0,-0.3260938644426991,1.3405787875553563,3542185.57820312,1971000.0,-0.32609395426917237,1.3405787716368387,3542185.494080734
1971000.0,-0.370120249335256,1.3273186376534938,3472458.0635146457,1971000.0,-0.37012022364171016,1.3273186453082986,3472458.103566805
1971000.0,-0.1933319201139654,0.993546553185808,1945642.5988477245,1971000.0,-0.19333190201034178,0.993546557033641,1945642.6139179957
1971000.0,0.09979911400085938,0.8309104567186492,1360802.420743341,1971000.0,0.09979898210196034,0.8309104931948569,1360802.5402193025
1971000.0,0.09319703681141332,0.7510440235031113,1111776.3038475316,1971000.0,0.09319701672777579,0.7510440265245932,1111776.3127929778
1971000.0,0.09939625907622605,0.6527660065746702,839849.9183580409,1971000.0,0.09939625120111917,0.6527660078674202,839849.92168455
