cur_n,cur_mean,cur_std,cur_S,next_n,next_mean,next_std,next_S
2602000.0,-0.011420857626328886,0.020610512914885137,1105.3120172833117,2602000.0,-0.011420858482814515,0.0206105124865874,1105.311971345335
2602000.0,-0.01889917769606982,0.031329330552630964,2553.9331313833936,2602000.0,-0.01889917930498534,0.03132932968956177,2553.9329906704615
2602000.0,-0.0051661284509392225,0.009008326522411108,211.1521614028448,2602000.0,-0.005166130035680847,0.00900832597628951,211.1521358010303
2602000.0,-0.000626029524548565,0.055000837142461484,7871.289608738826,2602000.0,-0.0006260266672450856,0.05500083736809977,7871.289673322
2602000.0,-0.0010050637416718206,0.06633690757495202,11450.322967793305,2602000.0,-0.0010050606374663882,0.06633690781096632,11450.323049269515
2602000.0,-0.0007136298289415749,0.04743051180874811,5853.598278044344,2602000.0,-0.0007136268704690884,0.047430512093337866,5853.598348289173
