cur_n,cur_mean,cur_std,cur_S,next_n,next_mean,next_std,next_S
4122000.0,-0.015214059559821684,0.027509668137849847,3119.4547488271887,4122000.0,-0.015214059636227675,0.027509668096031427,3119.454739343202
4122000.0,-0.02577528589289481,0.0452457344947106,8438.461491639213,4122000.0,-0.025775285986589607,0.0452457344417328,8438.461471878183
4122000.0,-0.005778471418686097,0.010299821273654105,437.28780390571524,4122000.0,-0.005778471496814527,0.010299821231044,437.28780028761776
4122000.0,-0.0005075904186524955,0.05235590703689287,11298.983208825077,4122000.0,-0.0005075911999955835,0.052355907053348055,11298.9832159275
4122000.0,-0.0007402943669254075,0.06769664993383295,18890.451691351904,4122000.0,-0.0007402951473759745,0.06769664994383762,18890.45169693541
4122000.0,-0.000576177467694878,0.04270005457165585,7515.620590261083,4122000.0,-0.0005761782514798171,0.04270005459072923,7515.620596975278
