cur_n,cur_mean,cur_std,cur_S,next_n,next_mean,next_std,next_S
2231000.0,-0.3402768843148869,1.3629520129284067,4144390.8008762244,2231000.0,-0.3402768461909291,1.3629520236360286,4144390.8659945396
2231000.0,-0.4014776800979623,1.3771106537286293,4230943.702079364,2231000.0,-0.40147765667388574,1.377110661002078,4230943.74677229
2231000.0,-0.18837922971557025,1.0103854721264136,2277580.6078958623,2231000.0,-0.18837922097092835,1.010385473841198,2277580.6156266923
2231000.0,0.10394739475982612,0.8414166098755667,1579507.644276491,2231000.0,0.1039473851240761,0.8414166111890143,1579507.6492077
2231000.0,0.09499502716750134,0.7649002012015724,1305296.3410077973,2231000.0,0.09499508084763413,0.764900198737239,1305296.3325970655
2231000.0,0.09510499061278807,0.6499812535990608,942543.1305973907,2231000.0,0.09510499741346826,0.6499812526833465,942543.1279416215
