cur_n,cur_mean,cur_std,cur_S,next_n,next_mean,next_std,next_S
4701000.0,-0.30535117987355825,1.3370354315251196,8403807.265966898,4701000.0,-0.3053511994343232,1.3370354277305694,8403807.21826634
4701000.0,-0.38675883135265415,1.3570001244469054,8656653.336757658,4701000.0,-0.38675881804129036,1.3570001285477566,8656653.38907843
4701000.0,-0.2142279517624043,1.0012707985749905,4712955.639983376,4701000.0,-0.21422794965470385,1.001270799036417,4712955.6443272205
4701000.0,0.09636514360550388,0.8230924932010207,3184839.367362564,4701000.0,0.09636513730815087,0.8230924940515634,3184839.3739446714
4701000.0,0.08802345742397948,0.7314190309353595,2514911.8282265905,4701000.0,0.08802345838038685,0.7314190308232041,2514911.8274553204
4701000.0,0.09794558635902346,0.6390447251217346,1919785.7334784986,4701000.0,0.09794558948882472,0.6390447246780425,1919785.7308126644
