cur_n,cur_mean,cur_std,cur_S,next_n,next_mean,next_std,next_S
601000.0,-0.022917614917928587,0.09710996478579233,5667.637501679394,601000.0,-0.022917617193733468,0.09710996426473863,5667.637440858786
601000.0,-0.03510145116638305,0.11366952349179614,7765.377103082048,601000.0,-0.03510145491048942,0.11366952237266649,7765.376950174506
601000.0,-0.025328803831093094,0.14434445657048867,12522.028607720444,601000.0,-0.025328794289297886,0.14434445843437393,12522.028931108336
601000.0,0.034947855066649304,0.19169923764047542,22085.90722487562,601000.0,0.034947824187233925,0.19169924476469177,22085.908866455276
601000.0,0.03264874660365925,0.1254632637590414,9460.359362395544,601000.0,0.032648764620748554,0.12546325984803036,9460.358772588326
601000.0,0.05636399452109257,0.4514457686000388,122485.77247411477,601000.0,0.05636398351650605,0.45144577005460385,122485.77326341673
