cur_n,cur_mean,cur_std,cur_S,next_n,next_mean,next_std,next_S
771000.0,-0.011425906794094111,1.1510010657310183,1021423.4625050477,771000.0,-0.011424937881292401,1.151001389774613,1021424.037631843
771000.0,-0.08889660552691875,1.11120393742574,952010.900914411,771000.0,-0.08889550855339311,1.1112044426509315,952011.7666060859
771000.0,-0.1105490597800263,0.821173342711136,519905.0829189025,771000.0,-0.11054906964693595,0.8211733414285204,519905.0812947914
771000.0,0.09880309564108358,1.4181260655748704,1550543.8656922665,771000.0,0.0988007223368381,1.41812776206893,1550547.5755035372
771000.0,0.10591217195037325,1.2563945631939042,1217044.5470842884,771000.0,0.10591172942874542,1.2563946605829024,1217044.7357618858
771000.0,0.09213339746092436,0.7244559783033916,404648.9141291331,771000.0,0.09213339919938428,0.7244559780839017,404648.9138839385
