cur_n,cur_mean,cur_std,cur_S,next_n,next_mean,next_std,next_S
4211000.0,-0.30887858181072014,1.3426795374387464,7591541.700821073,4211000.0,-0.30887862192289794,1.3426795307342148,7591541.625005915
4211000.0,-0.3818818223680515,1.3627321835689747,7819991.246411077,4211000.0,-0.3818818132579205,1.3627321862501847,7819991.277183139
4211000.0,-0.1563032793892583,0.9722716332412483,3980709.3744004,4211000.0,-0.15630327216602558,0.9722716345154194,3980709.384833914
4211000.0,0.09872345185353404,0.8581060047859367,3100752.649958611,4211000.0,0.09872346853124135,0.8581060035496129,3100752.641023737
4211000.0,0.0949299467200784,0.7693933524576949,2492769.376824448,4211000.0,0.09492999263009953,0.769393352561134,2492769.377494715
4211000.0,0.09280245805400227,0.6570429294076289,1817911.4860770754,4211000.0,0.09280244510475687,0.6570429317739619,1817911.4991714524
