cur_n,cur_mean,cur_std,cur_S,next_n,next_mean,next_std,next_S
4261000.0,-0.30868715379172157,1.3429357158975446,7684612.67209868,4261000.0,-0.3086871312959838,1.3429357218712747,7684612.740465025
4261000.0,-0.38120870388980965,1.3622969325342464,7907789.344923237,4261000.0,-0.38120873036935854,1.3622969262211195,7907789.271631026
4261000.0,-0.15687195692421416,0.9721524344022191,4026987.3956980393,4261000.0,-0.15687194309933958,0.9721524370519111,4026987.4176498977
4261000.0,0.09874140200749282,0.8590406961831935,3144408.860315037,4261000.0,0.09874138239258315,0.8590406993919566,3144408.883805573
4261000.0,0.09482570095396525,0.7695775828560152,2523575.784363034,4261000.0,0.09482568570442716,0.7695775853788139,2523575.800908406
4261000.0,0.09360369788088795,0.6574989214050792,1842050.8876557176,4261000.0,0.0936036996011134,0.6574989211697714,1842050.88633724
