cur_n,cur_mean,cur_std,cur_S,next_n,next_mean,next_std,next_S
831000.0,-0.378501866595504,1.3773357766576473,1576451.7424203944,831000.0,-0.37850579232667814,1.377339346964707,1576459.9153353446
831000.0,-0.4199887843469332,1.3648565778613686,1548014.6203272317,831000.0,-0.419991836458653,1.3648584745322432,1548018.9227225627
831000.0,-0.2081396251207252,1.026473114791433,875580.7030287795,831000.0,-0.20814269628776141,1.0264763099870964,875586.1540356871
831000.0,0.10495646165245066,0.7874753636782631,515317.5996205768,831000.0,0.10495629317037515,0.7874754011114778,515317.6486125725
831000.0,0.09266065549633641,0.729111985576856,441763.1629223269,831000.0,0.0926624068201628,0.7291135108749766,441765.01125630114
831000.0,0.08561355686554137,0.6262042927171357,325861.539276633,831000.0,0.08561498726357758,0.6262054547434,325862.74865837273
