cur_n,cur_mean,cur_std,cur_S,next_n,next_mean,next_std,next_S
902000.0,-0.008815864748524456,0.04239525888532442,1621.216894310219,902000.0,-0.008815866784636457,0.0423952585060284,1621.2168653012618
902000.0,-0.012561725548500043,0.04900717974911837,2166.3367076000827,902000.0,-0.012561729307995305,0.04900717891553888,2166.336633904194
902000.0,-0.025061933897384692,0.07271747748084774,4769.624041122193,902000.0,-0.02506193677622304,0.07271747654006326,4769.623917707895
902000.0,-0.00048484985016020046,0.14668920477085143,19408.985962266914,902000.0,-0.0004848491264473483,0.14668920477485034,19408.985963325136
902000.0,-0.0004948894622935255,0.1456741616028391,19141.307145538452,902000.0,-0.0004948880269628741,0.14567416161409513,19141.307148496497
902000.0,-0.0004797080580829371,0.14909157521059765,20049.924614497122,902000.0,-0.0004797068677771286,0.14909157521870933,20049.924616678847
