cur_n,cur_mean,cur_std,cur_S,next_n,next_mean,next_std,next_S
3941000.0,-0.3082747374364388,1.3427549637410017,7105587.10793798,3941000.0,-0.3082755080154654,1.3427556582211415,7105594.4580361545
3941000.0,-0.3807386872144608,1.360155546436688,7290941.078490293,3941000.0,-0.38073965131997695,1.3601566231558566,7290952.621727602
3941000.0,-0.16007464719211778,0.9742649844321479,3740766.69622875,3941000.0,-0.16007450603408094,0.9742650479253075,3740767.1838026824
3941000.0,0.0979453020438884,0.8579072375677206,2900595.028216316,3941000.0,0.09794538014632498,0.8579072426617538,2900595.0626622946
3941000.0,0.09392134350324856,0.7679044649083862,2323918.1101385914,3941000.0,0.09392182234087068,0.7679049947056469,2323921.3168027797
3941000.0,0.09332602003360836,0.6562745336822906,1697373.974689597,3941000.0,0.09332593724037452,0.6562745660376355,1697374.1420559017
