cur_n,cur_mean,cur_std,cur_S,next_n,next_mean,next_std,next_S
91000.0,0.11551950958343021,1.4262155500427283,185102.26236171505,91000.0,0.11552013094397515,1.426215512031347,185102.25249505418
91000.0,0.033443177976912056,1.515237599948885,208930.99357119598,91000.0,0.03344312312064336,1.515237601249986,208930.99393000483
91000.0,-0.03791875294765453,1.3540523638828994,166844.66017645496,91000.0,-0.03791877399476978,1.3540523633084025,166844.66003487736
91000.0,-0.0047980013387217794,0.8169982995084024,60741.24614736553,91000.0,-0.004795811942116615,0.8169985793187882,60741.287753411554
91000.0,0.015440038752112018,0.8207210456633303,61296.05616631864,91000.0,0.015439916184246592,0.8207210488020129,61296.05663514751
91000.0,0.04269995439231405,0.7537779259721626,51704.485713143455,91000.0,0.042698353080636194,0.7537781714631387,51704.51939146249
