cur_n,cur_mean,cur_std,cur_S,next_n,next_mean,next_std,next_S
1981000.0,-0.13517648501902196,1.2331906994419528,3012624.175657653,1981000.0,-0.13517651078957338,1.2331906971505642,3012624.164462154
1981000.0,-0.12673378046919823,1.1921426077887385,2815405.1186618665,1981000.0,-0.12673378715638786,1.1921426071149297,2815405.1154792863
1981000.0,-0.17871911621803818,0.9955295954826853,1963327.8466296815,1981000.0,-0.1787191254120985,0.9955295939162183,1963327.840451084
1981000.0,0.10615462485114617,1.1239434726584827,2502496.1297983183,1981000.0,0.10615456106026411,1.1239434822695304,2502496.1725969296
1981000.0,0.10511373913006831,1.0218698476475567,2068595.8293373885,1981000.0,0.10511372543324636,1.021869849238339,2068595.8357779058
1981000.0,0.09882677044890492,0.6541648587260159,847732.6231986083,1981000.0,0.09882675972941901,0.6541648605194471,847732.6278468252
