cur_n,cur_mean,cur_std,cur_S,next_n,next_mean,next_std,next_S
3922000.0,-0.004166474274057907,0.030113240175211383,3556.497971159562,3922000.0,-0.004166474968538007,0.030113240110531275,3556.4979558815867
3922000.0,-0.013876587417263598,0.048969494093552876,9405.000521675316,3922000.0,-0.013876589788151246,0.04896949364681048,9405.000350074097
3922000.0,-0.02014116386207576,0.07025878967611882,19360.15889992566,3922000.0,-0.020141166362904948,0.07025878913375141,19360.158601021594
3922000.0,-0.0002877767950036655,0.16223788841043174,103231.4814135045,3922000.0,-0.000287776667887844,0.16223788841085288,103231.48141404045
3922000.0,-0.000458478178563257,0.1296275231721431,65902.52206340592,3922000.0,-0.00045847740640022906,0.129627523183889,65902.52207534914
3922000.0,-0.0005570145091861482,0.12896614509446425,65231.74952882454,3922000.0,-0.0005570141118436077,0.12896614509857968,65231.749532987786
