cur_n,cur_mean,cur_std,cur_S,next_n,next_mean,next_std,next_S
702000.0,-0.007849051659201503,0.01634629115124207,187.5752665496247,702000.0,-0.00784904246450491,0.01634629738164497,187.57540953859953
702000.0,-0.01311514358058909,0.022836949723590082,366.1114434198024,702000.0,-0.013115135200560995,0.02283695561553928,366.1116323338499
702000.0,-0.004022955125375864,0.008971460456754702,56.50194611443354,702000.0,-0.004022945820852934,0.00897146801618518,56.502041332534425
702000.0,-0.0004562667342050996,0.05157648378322427,1867.4138429677196,702000.0,-0.0004562795102584123,0.05157648478103361,1867.4139152224707
702000.0,-0.0006944091090705504,0.061320704104793615,2639.680583839172,702000.0,-0.0006944198363041027,0.06132070464199733,2639.680630089333
702000.0,-0.000512495443736895,0.04453401984424626,1392.261804288379,702000.0,-0.0005125089062244435,0.04453402111777171,1392.2618839165318
