cur_n,cur_mean,cur_std,cur_S,next_n,next_mean,next_std,next_S
862000.0,-0.0076600399660076285,0.015178005343309165,198.5805314257116,862000.0,-0.0076600391661370126,0.015178005765155959,198.5805424641267
862000.0,-0.013257899905894396,0.021486303339087805,397.951981276553,862000.0,-0.013257899212839059,0.021486303776365154,397.9519974743499
862000.0,-0.004273587054687362,0.008640562219916038,64.3563299405192,862000.0,-0.004273586825324923,0.008640562335981823,64.35633166947336
862000.0,-0.0006275274791674348,0.05600425360072973,2703.642675225119,862000.0,-0.0006275217967431419,0.056004253912898795,2703.6427053654593
862000.0,-0.0010106219692585146,0.06512465001280816,3655.931673868631,862000.0,-0.0010106168061673592,0.06512465026935357,3655.9317026722388
862000.0,-0.0007082169534802419,0.049779271383093494,2136.0151908301,862000.0,-0.0007082110174711344,0.049779271772628336,2136.015224259772
