cur_n,cur_mean,cur_std,cur_S,next_n,next_mean,next_std,next_S
2151000.0,-0.032421031356030125,0.1118214168348305,26896.16694460312,2151000.0,-0.03242115082849901,0.11182151947974375,26896.216322549986
2151000.0,-0.028922134445907296,0.10911106696727627,25608.138834620244,2151000.0,-0.028922208264417205,0.10911110111223088,25608.154862121388
2151000.0,0.00675878397164384,0.18593303133103337,74362.41919302607,2151000.0,0.006758892501304699,0.18593309551781184,74362.47053500569
2151000.0,0.03243000935922981,0.14770069407021774,46925.12980700054,2151000.0,0.032430139562741885,0.14770078892683478,46925.19007970982
2151000.0,0.03188109556546696,0.15762590026263826,53443.583456689055,2151000.0,0.03188110347719473,0.15762589908951724,53443.58266118792
2151000.0,0.05231022037184917,0.39628946732955267,337804.5304620486,2151000.0,0.05231104572596599,0.39629120712954263,337807.4965444568
