cur_n,cur_mean,cur_std,cur_S,next_n,next_mean,next_std,next_S
901000.0,-0.005055539856149822,0.0242465719648466,529.694523093883,901000.0,-0.005055553431669581,0.02424657255846013,529.6945490302373
901000.0,-0.0022837807190834733,0.022533516334596954,457.4911819197944,901000.0,-0.002283796333538122,0.022533519626441696,457.491315586465
901000.0,-0.005116551513549763,0.024501560138844462,540.894130762908,901000.0,-0.005116569828560912,0.024501562481784377,540.8942342079542
901000.0,-0.0010705783138135266,0.08173636427826492,6019.430754131728,901000.0,-0.0010705629539369485,0.08173636577978251,6019.430975288647
901000.0,-0.0010801039957187152,0.0786581099979748,5574.575539876606,901000.0,-0.0010800862350102414,0.07865811204849917,5574.57583052186
901000.0,-0.0010919312084452678,0.08249397511526131,6131.5355932159355,901000.0,-0.0010919133321239168,0.08249397709701727,6131.5358878121715
