cur_n,cur_mean,cur_std,cur_S,next_n,next_mean,next_std,next_S
551000.0,-0.021889530506251257,0.09465200342732656,4936.409965796458,551000.0,-0.021889538442923216,0.0946520017752122,4936.40979347018
551000.0,-0.034667165793181125,0.11255540007630939,6980.463665572275,551000.0,-0.034667165333222304,0.11255540021849618,6980.463683208564
551000.0,-0.02284841335414458,0.13954394724801295,10729.354780669477,551000.0,-0.022848410310506106,0.13954394776465737,10729.35486011773
551000.0,0.0352943450717622,0.19463766574731636,20873.98533108779,551000.0,0.03529434221384053,0.1946376662771131,20873.98544472427
551000.0,0.03245917668175021,0.1258801096948431,8731.036911248937,551000.0,0.03245917387686023,0.12588011043532815,8731.037013968935
551000.0,0.05676739981487288,0.4645097000735709,118888.86306580376,551000.0,0.056767420580870004,0.46450969779154155,118888.86189765649
