cur_n,cur_mean,cur_std,cur_S,next_n,next_mean,next_std,next_S
1961000.0,0.18417887884303072,1.5959540797480454,4994803.141766948,1961000.0,0.1841789101378256,1.595954076738304,4994803.122927979
1961000.0,0.03617614413267938,1.6119412018930501,5095373.053624765,1961000.0,0.03617614258552399,1.6119412019292294,5095373.053853493
1961000.0,0.05334037716310901,1.5006728753620142,4416209.413619546,1961000.0,0.05334037404888487,1.5006728754789933,4416209.414308043
1961000.0,0.009613937505576875,0.7984414411185075,1250154.6291298773,1961000.0,0.009614004503777892,0.7984414458240532,1250154.6438652345
1961000.0,0.0006150105867533581,0.6933148587698916,942624.252539976,1961000.0,0.000615006146171888,0.6933148588017717,942624.2526266638
1961000.0,-0.0038386867101330773,0.6375677908256537,797132.1609685754,1961000.0,-0.003838763564628598,0.637567799446537,797132.1825254463
