cur_n,cur_mean,cur_std,cur_S,next_n,next_mean,next_std,next_S
3122000.0,-0.005142492269197643,0.032372399294057566,3271.7693209602717,3122000.0,-0.005142494098068324,0.0323723991648198,3271.7692948370213
3122000.0,-0.015254243184899662,0.05362547402106937,8977.908750559252,3122000.0,-0.01525424667681638,0.05362547338270781,8977.90853681189
3122000.0,-0.024964909731918117,0.07777094188805563,18882.853173528925,3122000.0,-0.024964909418450767,0.07777094199064309,18882.853223345577
3122000.0,-0.0003336317277827036,0.16529681600897644,85302.5227088063,3122000.0,-0.00033363264566285184,0.16529681601508253,85302.52271510845
3122000.0,-0.0005151010254300038,0.1398720165054578,61079.37308606815,3122000.0,-0.0005151015231908089,0.1398720165063845,61079.37308687751
3122000.0,-0.0004949093061391633,0.14013693663299337,61310.963069722115,3122000.0,-0.0004949111910972427,0.14013693666591331,61310.96309852754
