cur_n,cur_mean,cur_std,cur_S,next_n,next_mean,next_std,next_S
442000.0,-0.013666569501691494,0.054045679029636466,1291.0534564243233,442000.0,-0.013666578771139788,0.05404567703701341,1291.0533612240083
442000.0,-0.0146666848592714,0.05341504957173963,1261.1000441721196,442000.0,-0.014666697082432106,0.053415046833660565,1261.099914883031
442000.0,-0.02127238896209154,0.06382290816893946,1800.4267143562688,442000.0,-0.021272393671433146,0.06382290667609518,1800.426630130815
442000.0,-0.0007338758774252633,0.1433963923288649,9088.636197156713,442000.0,-0.0007338507945875971,0.14339639342686156,9088.636336341418
442000.0,-0.0007461498782724739,0.14209634217281347,8924.585742830832,442000.0,-0.0007461177179935012,0.14209634395028792,8924.585966105029
442000.0,-0.0006627551779551083,0.14714171934769713,9569.603023087637,442000.0,-0.0006627212181268585,0.14714172123281333,9569.603268290888
