cur_n,cur_mean,cur_std,cur_S,next_n,next_mean,next_std,next_S
1231000.0,-0.052062516394255694,1.1528045497314083,1635947.7040840469,1231000.0,-0.052062548382259904,1.15280454883311,1635947.7015344917
1231000.0,-0.09500101104115213,1.1162044891417167,1533718.2402051282,1231000.0,-0.09500107185963837,1.1162044860050202,1533718.231585187
1231000.0,-0.13089839444452595,0.8657319489902534,922624.4150355316,1231000.0,-0.13089841558648657,0.8657319461113907,922624.4088994313
1231000.0,0.10290019470232334,1.2872676676601278,2039838.4573380717,1231000.0,0.10290027670678958,1.2872676643203476,2039838.4467534632
1231000.0,0.10630266601030319,1.1465757892563848,1618316.965866458,1231000.0,0.10630266148233425,1.1465757896872513,1618316.9670827377
1231000.0,0.09904932220794765,0.6987507033030784,601038.8833462191,1231000.0,0.09904932811121366,0.6987507024969515,601038.8819594192
