cur_n,cur_mean,cur_std,cur_S,next_n,next_mean,next_std,next_S
1542000.0,-0.00899826831425245,0.01802080433727787,500.7635577801023,1542000.0,-0.00899826380598601,0.018020807457934246,500.7637312142173
1542000.0,-0.014980783829149157,0.026136573243557053,1053.371750732198,1542000.0,-0.014980779702878337,0.02613657611087613,1053.3719818530153
1542000.0,-0.0042714829395712785,0.00909936087022152,127.6750838361316,1542000.0,-0.004271478536180862,0.00909936458021426,127.6751879475604
1542000.0,-0.0004527518272660631,0.051064219713069986,4020.849092823025,1542000.0,-0.0004527634630920318,0.051064221654142504,4020.8493985071163
1542000.0,-0.0007015703508891035,0.06181167367144402,5891.493189184363,1542000.0,-0.000701579041013844,0.06181167451477763,5891.493349946689
1542000.0,-0.0005109702318286124,0.043696502565706015,2944.270646844068,1542000.0,-0.0005109815810217952,0.043696504705665655,2944.2709352250663
