cur_n,cur_mean,cur_std,cur_S,next_n,next_mean,next_std,next_S
2251000.0,-0.006432915782830114,0.018830231063005208,798.1541818457604,2251000.0,-0.006432916306349083,0.01883023090053865,798.154168072869
2251000.0,-0.007900431570634596,0.020436001816574297,940.0855132260599,2251000.0,-0.00790043205086629,0.020436001643621356,940.0854973138912
2251000.0,-0.0071007318156459335,0.019516563018707384,857.3974183742105,2251000.0,-0.007100732191589751,0.01951656289007756,857.3974070723358
2251000.0,-0.0013621151485618968,0.07136990439803374,11465.835984268857,2251000.0,-0.001362118856189756,0.07136990454405547,11465.836031186705
2251000.0,-0.0016211181413923264,0.07433883923932554,12439.618056782592,2251000.0,-0.0016211217751045393,0.07433883935999241,12439.618097166596
2251000.0,-0.0015386285947608582,0.06964361252214092,10917.873954316867,2251000.0,-0.0015386323645918078,0.06964361266852542,10917.874000213611
