cur_n,cur_mean,cur_std,cur_S,next_n,next_mean,next_std,next_S
2991000.0,-0.29892303871534265,1.3240128212914555,5243252.763273982,2991000.0,-0.29892303652917546,1.3240128217905067,5243252.767226589
2991000.0,-0.3610416125367417,1.3248161688363316,5249617.402699635,2991000.0,-0.36104199744389026,1.3248162311815983,5249617.896789022
2991000.0,-0.1919428586974192,0.9881985716087709,2920820.423036479,2991000.0,-0.19194295754834015,0.9881985671962463,2920820.396952264
2991000.0,0.09639457647037754,0.8356810148826365,2088803.0110781023,2991000.0,0.09639534288542588,0.8356819776492425,2088807.8239933373
2991000.0,0.08624627147808439,0.740194012069158,1638730.5419295833,2991000.0,0.08624730766131215,0.7401960606029069,1638739.6125229981
2991000.0,0.09704905787817397,0.6520768017925782,1271785.6289091876,2991000.0,0.09704921076307779,0.6520768326449935,1271785.7492559296
