cur_n,cur_mean,cur_std,cur_S,next_n,next_mean,next_std,next_S
1122000.0,0.00022871737230264322,0.013792199732665598,213.4321958285614,1122000.0,0.00022871248186366066,0.013792200786566572,213.4322284464776
1122000.0,-0.007363421521067152,0.019977256369126034,447.7798462263967,1122000.0,-0.007363425578790546,0.0199772553358606,447.7797999061796
1122000.0,-0.005978505692613952,0.013901878549743476,216.84021893165956,1122000.0,-0.005978510840673496,0.013901877405308172,216.84018323006848
1122000.0,-0.00019868591714013365,0.11355881005344899,14468.866948327455,1122000.0,-0.00019868676441082668,0.11355881005551402,14468.866948853678
1122000.0,-0.00016020171953230316,0.06862998898307031,5284.704585129946,1122000.0,-0.0001602022969945703,0.06862998898444868,5284.704585342224
1122000.0,-0.0007451012273859568,0.0591309258481822,3923.0352914461346,1122000.0,-0.0007451014069853786,0.05913092584622409,3923.0352911863138
