cur_n,cur_mean,cur_std,cur_S,next_n,next_mean,next_std,next_S
1441000.0,-0.3410961926574946,1.3563092078944656,2650827.095751229,1441000.0,-0.3410962314750846,1.3563091989327705,2650827.0607210104
1441000.0,-0.38335250121977527,1.3351242081274899,2568664.13427553,1441000.0,-0.38335243484663356,1.335124229562541,2568664.2167539196
1441000.0,-0.20389414057118202,1.0130584761072539,1478880.2529343748,1441000.0,-0.20389411807372032,1.0130584809952103,1478880.2672054216
1441000.0,0.09820717376186483,0.8161557016036695,959864.6962639163,1441000.0,0.09820703174178808,0.8161557364985251,959864.7783422275
1441000.0,0.09500019116202213,0.7534896766134639,818122.9842715729,1441000.0,0.09500013536263502,0.7534896866259257,818123.0060142073
1441000.0,0.0967228619026793,0.6407176550057744,591558.042461418,1441000.0,0.09672287119059757,0.6407176537006708,591558.0400514811
