cur_n,cur_mean,cur_std,cur_S,next_n,next_mean,next_std,next_S
861000.0,-0.014844173582847403,1.1596485844779194,1157859.7467936939,861000.0,-0.014844185791394517,1.1596485843769988,1157859.746592164
861000.0,-0.08939614905070559,1.117114116310369,1074479.739968371,861000.0,-0.08939636856073643,1.1171141173130246,1074479.74189715
861000.0,-0.12031254769525834,0.834217616759064,599186.2866477196,861000.0,-0.12031258343262775,0.8342176122640149,599186.2801904794
861000.0,0.10226811399212637,1.4001243937669767,1687859.9018163774,861000.0,0.10226781568357254,1.4001244429174136,1687860.0203187806
861000.0,0.10975374873398618,1.240058005205109,1323997.460251289,861000.0,0.10975415895427103,1.2400580273182464,1323997.5074712383
861000.0,0.09951334039163615,0.7224058602804002,449330.26541898743,861000.0,0.09951337122813843,0.7224058565992458,449330.26083969447
