cur_n,cur_mean,cur_std,cur_S,next_n,next_mean,next_std,next_S
2782000.0,-0.011977264246441197,0.021694321249341984,1309.3304241745693,2782000.0,-0.011977268308741337,0.02169432006467332,1309.3302811765316
2782000.0,-0.0198026296919144,0.03321679517406402,3069.5349499105805,2782000.0,-0.0198026358418195,0.033216793091539125,3069.5345650219892
2782000.0,-0.005267534450520132,0.009100827904430932,230.41934069516319,2782000.0,-0.005267538324217248,0.00910082795583847,230.41934329828695
2782000.0,-0.0006282430537074483,0.05508499777990558,8441.581119506747,2782000.0,-0.0006282427506098518,0.05508499778568052,8441.581121276726
2782000.0,-0.001009342941319709,0.06676607819191359,12401.346986412094,2782000.0,-0.0010093444020172469,0.06676607821428301,12401.346994722036
2782000.0,-0.00071602194942892,0.0473057545734856,6225.655344663386,2782000.0,-0.0007160226501961587,0.0473057545773156,6225.655345671477
