cur_n,cur_mean,cur_std,cur_S,next_n,next_mean,next_std,next_S
751000.0,-0.025772759571808246,0.09299623087169076,6494.872516211949,751000.0,-0.02577275774514967,0.0929962313914009,6494.872588805236
751000.0,-0.027445082234552748,0.09918860722728157,7388.623232569638,751000.0,-0.027445084211644304,0.09918860669502802,7388.623153273819
751000.0,-0.02685329820460947,0.11287497386365779,9568.310553265792,751000.0,-0.026853283078512723,0.11287497822334178,9568.31129239883
751000.0,0.03268748989457477,0.13780071206768899,14260.766221017955,751000.0,0.03268749490957182,0.1378007109466206,14260.76598898296
751000.0,0.03398932077133594,0.15007266909840125,16913.876313749,751000.0,0.03398931305607295,0.15007267099473784,16913.876741200613
751000.0,0.046765469537066715,0.2803090159505029,59008.43146177761,751000.0,0.04676547334051005,0.2803090153353341,59008.431202776694
