cur_n,cur_mean,cur_std,cur_S,next_n,next_mean,next_std,next_S
3822000.0,-0.014196541309146153,0.02490391122366824,2370.4227235713256,3822000.0,-0.014196543442948862,0.024903910356670507,2370.422558524874
3822000.0,-0.023482306960060356,0.03945242941318488,5948.920781194127,3822000.0,-0.02348230939621683,0.03945242825064546,5948.920430602037
3822000.0,-0.005711269031998918,0.009412951362068938,338.6431630833497,3822000.0,-0.005711271077663781,0.009412950970449393,338.64313490530566
3822000.0,-0.0006498250939935158,0.05515572082469756,11627.110828702733,3822000.0,-0.00064982656870312,0.05515572088267028,11627.110853144632
3822000.0,-0.001027275427201894,0.06816889116370296,17760.825295352115,3822000.0,-0.0010272774174598439,0.06816889124475228,17760.825337585542
3822000.0,-0.0007344733372923099,0.04658208141330073,8293.320760215933,3822000.0,-0.000734474679068017,0.046582081466001436,8293.320778981253
