cur_n,cur_mean,cur_std,cur_S,next_n,next_mean,next_std,next_S
1001000.0,-0.02590077559994966,0.09345557242026509,8742.677960415811,1001000.0,-0.025900772237662677,0.09345557341265277,8742.67814608962
1001000.0,-0.02714028523342941,0.09821090766504223,9655.027766775844,1001000.0,-0.027140286077847027,0.09821090743532489,9655.027721609224
1001000.0,-0.024111447280137564,0.10546452543486826,11133.888891327175,1001000.0,-0.0241114531625742,0.10546452425423407,11133.888642048098
1001000.0,0.033182262681266644,0.14384786293133814,20712.899877582957,1001000.0,0.03318224688187627,0.14384786744440217,20712.9011772706
1001000.0,0.03388925166990846,0.15128127951448536,22908.91155707139,1001000.0,0.0338891837304214,0.15128131000477896,22908.9207915188
1001000.0,0.04712073881029074,0.3043178994878521,92701.99333264715,1001000.0,0.047120764990595754,0.3043178965613434,92701.99154968801
