cur_n,cur_mean,cur_std,cur_S,next_n,next_mean,next_std,next_S
1581000.0,-0.35695402365671147,1.3779610247302014,3001965.7819529762,1581000.0,-0.3569540496034466,1.3779610183950224,3001965.754349887
1581000.0,-0.41381007713076146,1.388286835351692,3047125.0731303,1581000.0,-0.4138101088858832,1.388286826460612,3047125.0341005665
1581000.0,-0.19234592882227067,1.0150375874891218,1628906.3616488792,1581000.0,-0.19234593874624364,1.0150375856852645,1628906.3558593115
1581000.0,0.10130414354193897,0.8277454810164326,1083242.0411034813,1581000.0,0.10130409294850837,0.8277454896528347,1083242.063707806
1581000.0,0.09266567123171156,0.7602472528639964,913779.8749553475,1581000.0,0.09266560972270967,0.7602472642951591,913779.9024347403
1581000.0,0.09114265343579134,0.6454080652976335,658568.0333577016,1581000.0,0.09114264645234428,0.645408066343529,658568.0354921444
