cur_n,cur_mean,cur_std,cur_S,next_n,next_mean,next_std,next_S
1951000.0,-0.027726807878354534,0.0961015626385127,18018.480676391326,1951000.0,-0.027726807530785887,0.09610156274001616,18018.480714453934
1951000.0,-0.024444144692093342,0.09210092636099385,16549.514821915316,1951000.0,-0.02444414398908679,0.09210092655280955,16549.514890849623
1951000.0,0.006986752708954997,0.14956935266771515,43645.80394326417,1951000.0,0.0069867393453578374,0.14956935445670783,43645.80498735539
1951000.0,0.03355203027603387,0.14378968597811223,40337.84937147772,1951000.0,0.03355203366306593,0.1437896852655987,40337.84897170966
1951000.0,0.033049186579435806,0.15042472278546204,44146.44218613713,1951000.0,0.03304918238203065,0.15042472382190533,44146.442794485054
1951000.0,0.05177636875099273,0.3812494925826354,283580.1435849026,1951000.0,0.0517763564842763,0.38124949463354946,283580.1466359152
