cur_n,cur_mean,cur_std,cur_S,next_n,next_mean,next_std,next_S
31000.0,-0.17339346758568686,1.106318975077211,37942.19191309262,31000.0,-0.17339724954494562,1.1063185827180213,37942.165000483554
31000.0,-0.12877985414430804,1.1100702311187118,38199.933458494466,31000.0,-0.12878096223202376,1.1100701197129792,38199.925791067224
31000.0,-0.04825912062949706,0.8731080897883499,23631.8498300697,31000.0,-0.04826024204632818,0.8731080501291176,23631.847683208365
31000.0,0.1349455317759541,1.0605800750681666,34869.73296457955,31000.0,0.134934532932172,1.0605832424716901,34869.94124056467
31000.0,0.08649389296350073,1.0445802916992706,33825.58756000253,31000.0,0.0864902519940599,1.0445807898831656,33825.61982438109
31000.0,0.036038602117202785,0.6884627198170666,14693.408413915298,31000.0,0.03603698366151368,0.6884628635085634,14693.414547342738
