cur_n,cur_mean,cur_std,cur_S,next_n,next_mean,next_std,next_S
1211000.0,-0.36688983295162,1.3819724280076424,2312825.6758375126,1211000.0,-0.36688986688168684,1.3819724195042191,2312825.647375388
1211000.0,-0.42721199343182387,1.3905780195749973,2341719.453743922,1211000.0,-0.4272120445430901,1.3905780050102097,2341719.4046900095
1211000.0,-0.20680530124028293,1.0260175936303821,1274834.356053726,1211000.0,-0.20680532406199587,1.0260175893377765,1274834.3453865382
1211000.0,0.10134611658200834,0.81265385679344,799752.0183540774,1211000.0,0.10134606379578535,0.8126538654525116,799752.0353972748
1211000.0,0.09578398986772611,0.7510013994794064,683007.7565462525,1211000.0,0.09578395396939132,0.751001405096962,683007.7667641672
1211000.0,0.09202250742570493,0.6366735999645985,490882.8134720686,1211000.0,0.0920225118337942,0.6366735993459375,490882.8125180788
