cur_n,cur_mean,cur_std,cur_S,next_n,next_mean,next_std,next_S
1521000.0,-0.33577657756696305,1.350727241541447,2775009.8672651355,1521000.0,-0.33577662683858306,1.3507272306599316,2775009.822553943
1521000.0,-0.37777497979864316,1.3300614531155164,2690745.536445977,1521000.0,-0.37777494996909355,1.330061462096763,2690745.572784523
1521000.0,-0.20481410395068642,1.0107313041418426,1553819.7869110228,1521000.0,-0.20481413175519725,1.010731299089262,1553819.771376133
1521000.0,0.0976572734421927,0.8164134379553571,1013793.5014462845,1521000.0,0.09765704207720764,0.8164135154942762,1013793.6940165005
1521000.0,0.09341271199378944,0.750898688267288,857614.085703173,1521000.0,0.09341269234624748,0.7508986911024359,857614.0921793135
1521000.0,0.10027042522015503,0.6451917253658384,633150.2633329127,1521000.0,0.10027044538651851,0.6451917227110862,633150.2581225015
