cur_n,cur_mean,cur_std,cur_S,next_n,next_mean,next_std,next_S
951000.0,-0.033017455106342804,0.11539229086446422,12662.927132192606,951000.0,-0.03301747779627674,0.11539228649362653,12662.926172898051
951000.0,-0.0394654962235363,0.12134335113150055,14002.722629495325,951000.0,-0.039465527137085975,0.12134334482206063,14002.72117330784
951000.0,-0.039558941056885864,0.1645700066539475,25756.20602266639,951000.0,-0.039559101764502655,0.16457004264636757,25756.217288732507
951000.0,0.03420912480810386,0.17217922576056993,28193.04718011735,951000.0,0.0342092699980328,0.1721792551297565,28193.056798082926
951000.0,0.03304901561488485,0.12244329596746414,14257.735051734597,951000.0,0.033049041031187,0.12244329161592558,14257.734038317207
951000.0,0.053269039230581954,0.3846416283955171,140699.67236231206,951000.0,0.05326929330720427,0.38464167301218577,140699.7050033502
