cur_n,cur_mean,cur_std,cur_S,next_n,next_mean,next_std,next_S
3791000.0,-0.3026098299203692,1.3303695099123667,6709626.57774085,3791000.0,-0.3026098459225064,1.330369506637376,6709626.544706469
3791000.0,-0.37501515060639,1.3427464768054127,6835052.070789966,3791000.0,-0.37501515058319673,1.342746476811942,6835052.070856438
3791000.0,-0.20394697249939955,0.9944517648321328,3749049.978982226,3791000.0,-0.20394697330404493,0.9944517646683526,3749049.977747334
3791000.0,0.09800648326826573,0.8293368034243803,2607448.0315522156,3791000.0,0.09800643088582274,0.8293368158860823,2607448.109911793
3791000.0,0.08716462127199784,0.7357507858671962,2052179.0688658103,3791000.0,0.08716461845998015,0.7357507862207038,2052179.0708378393
3791000.0,0.09851325910866023,0.645592880415051,1580051.5240167058,3791000.0,0.09851326269833889,0.6455928799050998,1580051.521520553
