cur_n,cur_mean,cur_std,cur_S,next_n,next_mean,next_std,next_S
2001000.0,-0.1370480349137155,1.236294791465055,3058378.0476186518,2001000.0,-0.13704805248255628,1.236294789767311,3058378.0392188053
2001000.0,-0.1295449998597921,1.1962700433355467,2863555.0951806437,2001000.0,-0.12954504527350882,1.1962700401424953,2863555.0798939974
2001000.0,-0.18018353656366853,0.9977338392765099,1991941.1008889263,2001000.0,-0.1801835431269896,0.997733838134378,1991941.0963284727
2001000.0,0.10602174816956851,1.1207460053281044,2513399.2885262663,2001000.0,0.10602179724067183,1.1207460028356029,2513399.277346834
2001000.0,0.10530607694345308,1.0193522460650204,2079197.082117162,2001000.0,0.10530606275227974,1.0193522477287589,2079197.0889042958
2001000.0,0.09858578295797905,0.6530199179824501,853296.4615768935,2001000.0,0.09858578516218498,0.6530199176571446,853296.4607267447
