cur_n,cur_mean,cur_std,cur_S,next_n,next_mean,next_std,next_S
451000.0,0.15556202286221704,1.3867819534381525,867347.048058164,451000.0,0.1555621529764395,1.3867819415954898,867347.0332444459
451000.0,-0.03613829484219259,1.3666306632278047,842323.3957231857,451000.0,-0.03613830283250132,1.3666306630270422,842323.3954757056
451000.0,0.049825538664961505,1.2096953687632777,659976.6612285023,451000.0,0.04982553065358807,1.2096953691051704,659976.6616015569
451000.0,0.012024495784303639,0.9394065554287557,398000.5890485165,451000.0,0.012024832887940718,0.9394065783921894,398000.60850646085
451000.0,0.02811778947732876,0.8257076705892937,307488.71392876894,451000.0,0.028117770001128424,0.8257076713561092,307488.71449988417
451000.0,0.007598264240628226,0.7775895493251844,272695.12375610427,451000.0,0.007597970638025844,0.7775895771926974,272695.1433019818
