cur_n,cur_mean,cur_std,cur_S,next_n,next_mean,next_std,next_S
5201000.0,-0.30883950202905003,1.3415331884080564,9360298.448417086,5201000.0,-0.3088395049529371,1.3415331877515562,9360298.439255869
5201000.0,-0.3903576411965644,1.3638439710025938,9674226.032025883,5201000.0,-0.39035764508255516,1.363843969919223,9674226.016656425
5201000.0,-0.2164313236812429,1.0022587901963018,5224522.47181645,5201000.0,-0.21643132370071236,1.0022587901921103,5224522.47177275
5201000.0,0.0961952425346858,0.822520047319494,3518680.526089048,5201000.0,0.09619524127743062,0.8225200474715413,3518680.5273899427
5201000.0,0.08679716779140345,0.7297360946495484,2769609.3075065827,5201000.0,0.08679717216484681,0.7297360941975409,2769609.304075523
5201000.0,0.09689210167311733,0.6381138015941343,2117791.15290536,5201000.0,0.09689210901548405,0.6381138006989474,2117791.1469634133
