cur_n,cur_mean,cur_std,cur_S,next_n,next_mean,next_std,next_S
1522000.0,-0.008808292381291896,0.016494221922576466,414.07434109708953,1522000.0,-0.008808297378280969,0.01649422040611474,414.0742649579585
1522000.0,-0.014792099670511538,0.023808238675312933,862.7186522650546,1522000.0,-0.014792107771294135,0.023808235739826412,862.7184395236708
1522000.0,-0.004576097411087674,0.008620868122140093,113.11407684694217,1522000.0,-0.004576102076609209,0.008620867567076114,113.1140622809967
1522000.0,-0.0006275382052188209,0.05499013229465891,4602.398096971384,1522000.0,-0.0006275382848493531,0.05499013229383798,4602.398096833967
1522000.0,-0.000996426738467435,0.06461714486086657,6354.921373974668,1522000.0,-0.000996428034662106,0.06461714486066829,6354.921373935667
1522000.0,-0.0007048353436106345,0.048461889314216064,3574.500277604867,1522000.0,-0.0007048361196027788,0.048461889312384786,3574.500277334721
