cur_n,cur_mean,cur_std,cur_S,next_n,next_mean,next_std,next_S
3981000.0,-0.3085552177386121,1.342814635798038,7178344.712677513,3981000.0,-0.30855492944351676,1.3428148252459928,7178346.738158596
3981000.0,-0.3802338194813262,1.3594104732920929,7356875.399721898,3981000.0,-0.38023410369109517,1.3594105120713256,7356875.819453825
3981000.0,-0.15938904233370826,0.973759343224452,3774813.096155843,3981000.0,-0.1593893655566307,0.9737595038753377,3774814.3416938116
3981000.0,0.0983007215987671,0.8583111954195196,2932795.1686744723,3981000.0,0.09830058447962459,0.8583112547261579,2932795.5739685637
3981000.0,0.09399339918906148,0.7679819780841264,2347979.144593452,3981000.0,0.09399378408278648,0.7679823149428,2347981.2043743753
3981000.0,0.09329243619652265,0.6566081810124549,1716345.6617258615,3981000.0,0.09329301732799013,0.6566091222184032,1716350.58227346
