cur_n,cur_mean,cur_std,cur_S,next_n,next_mean,next_std,next_S
1641000.0,0.17446874915561786,1.5790646603549132,4091743.5757956966,1641000.0,0.17446878750647388,1.5790646568818405,4091743.5577965323
1641000.0,0.03381803410314108,1.592779370601464,4163128.58852171,1641000.0,0.03381803279480065,1.5927793706301487,4163128.5886716596
1641000.0,0.04080141452696856,1.458787401983261,3492147.5827477034,1641000.0,0.040801411660715554,1.4587874020679845,3492147.5831533377
1641000.0,0.013980391317407201,0.8183805493233304,1099054.3732811506,1641000.0,0.013980477048112398,0.818380555227548,1099054.3891394362
1641000.0,0.0002614390283748503,0.7067764326193275,819733.5310837147,1641000.0,0.0002614330075544435,0.7067764326636726,819733.5311865795
1641000.0,-1.610594949042443e-05,0.647271986832829,687515.041924108,1641000.0,-1.6195753289002756e-05,0.6472719970536278,687515.063636628
