cur_n,cur_mean,cur_std,cur_S,next_n,next_mean,next_std,next_S
3691000.0,-0.30217466051324066,1.3287570344013613,6516812.091634832,3691000.0,-0.3021746554524364,1.3287570355878853,6516812.103273308
3691000.0,-0.3744560010698984,1.3404231329247787,6631745.840958033,3691000.0,-0.374456004135409,1.340423132081386,6631745.832612659
3691000.0,-0.2044464958779252,0.9951755850659306,3655472.076905872,3691000.0,-0.20444649625588185,0.995175584988546,3655472.0763373747
3691000.0,0.09810251960243334,0.8300426148628686,2542991.0105246413,3691000.0,0.09810256842171924,0.8300426143919849,2542991.0076393606
3691000.0,0.08760961839169085,0.7358057298367201,1998344.5759754837,3691000.0,0.0876096298121062,0.7358057288040495,1998344.5703663086
3691000.0,0.0992440974644676,0.645881074876728,1539746.2814045395,3691000.0,0.09924407789905848,0.6458810789768685,1539746.3009535754
