cur_n,cur_mean,cur_std,cur_S,next_n,next_mean,next_std,next_S
1842000.0,-0.009732056292804717,0.019160879332334797,676.270584684039,1842000.0,-0.009732060798446487,0.01916087801965337,676.2704920235936
1842000.0,-0.016150455791528295,0.028142350091204943,1458.8490220642468,1842000.0,-0.016150469580077795,0.028142348400259462,1458.8488467530817
1842000.0,-0.0044512042686709824,0.009253056019679412,157.71028218552541,1842000.0,-0.004451208280791399,0.009253055691859273,157.710271010708
1842000.0,-0.0004524635916302419,0.051250446201102924,4838.212370365971,1842000.0,-0.00045246432196555645,0.051250446204238714,4838.212370958029
1842000.0,-0.0007118226359005769,0.062489255071779375,7192.838692942516,1842000.0,-0.0007118324027497639,0.062489256366451154,7192.838990989447
1842000.0,-0.0005146628357837128,0.043623943638091495,3505.415260629544,1842000.0,-0.0005146616969164639,0.04362394367890891,3505.415267189335
