cur_n,cur_mean,cur_std,cur_S,next_n,next_mean,next_std,next_S
3571000.0,-0.3119209630662032,1.3489391084923623,6497922.721478425,3571000.0,-0.311921588464148,1.3489394815813978,6497926.315864621
3571000.0,-0.38670193626281923,1.365806085057059,6661437.181526617,3571000.0,-0.3867029799460128,1.3658072135513595,6661448.189527065
3571000.0,-0.16409746732393263,0.980154892464483,3430672.6028159843,3571000.0,-0.1640973233743451,0.9801549543117946,3430673.035763645
3571000.0,0.09910302550620168,0.8563932832517535,2619005.1659430224,3571000.0,0.09910314270485265,0.8563932983265835,2619005.258146123
3571000.0,0.09474328671041218,0.7685821095932452,2109455.6177560748,3571000.0,0.09474361211108122,0.768582315464709,2109456.747828629
3571000.0,0.09319316352766374,0.6558234274949334,1535902.6983108427,3571000.0,0.09319306932432422,0.6558234650417938,1535902.8741762463
