cur_n,cur_mean,cur_std,cur_S,next_n,next_mean,next_std,next_S
3802000.0,-0.014927106668185336,0.02712112783894882,2796.5822971256107,3802000.0,-0.014927108369362967,0.027121127105492374,2796.5821458655823
3802000.0,-0.025257475603455034,0.04437711592120063,7487.386643272946,3802000.0,-0.025257478062893208,0.044377114780511866,7487.386258354841
3802000.0,-0.0057328809965436905,0.010286491946210882,402.29690675907204,3802000.0,-0.005732883414614454,0.010286491679138731,402.29688586909333
3802000.0,-0.0005026245966502038,0.05250190845981659,10480.024390091097,3802000.0,-0.0005026224511182161,0.05250190864703117,10480.024464831746
3802000.0,-0.0007418622050167246,0.06760586397570745,17377.241912514866,3802000.0,-0.0007418595757598691,0.06760586419894128,17377.242027273795
3802000.0,-0.0005704177104784214,0.04293920126381892,7010.032569674393,3802000.0,-0.0005704151146120591,0.04293920159662901,7010.032678340112
