cur_n,cur_mean,cur_std,cur_S,next_n,next_mean,next_std,next_S
3551000.0,-0.31299612735656446,1.3499203346972697,6470933.715513649,3551000.0,-0.31299597067793444,1.3499204033125198,6470934.373337278
3551000.0,-0.38572497097266384,1.3636831360313557,6603552.150707407,3551000.0,-0.3857252829324427,1.3636831745000024,6603552.523271549
3551000.0,-0.16498007496238637,0.9807943083396509,3415910.9946889332,3551000.0,-0.1649806029551645,0.980794724185128,3415913.8913032934
3551000.0,0.09951356157830138,0.8567037771939315,2606225.7759589995,3551000.0,0.09951332684351247,0.8567039186547477,2606226.63665056
3551000.0,0.09444554464540965,0.7681168595668434,2095102.4638353968,3551000.0,0.09444572943472634,0.7681169157765405,2095102.770468633
3551000.0,0.09383336567207098,0.655787447003304,1527133.0307228924,3551000.0,0.0938340690891762,0.6557886859789073,1527138.8011363514
