cur_n,cur_mean,cur_std,cur_S,next_n,next_mean,next_std,next_S
3902000.0,-0.014315380601285345,0.02507709643794713,2453.8147079881082,3902000.0,-0.014315381873692672,0.025077095837546595,2453.8145904887283
3902000.0,-0.023710174435338963,0.03986224351879933,6200.271984489735,3902000.0,-0.023710179605053668,0.0398622417519016,6200.271434834458
3902000.0,-0.00573491804200873,0.009435782221535712,347.4106138880372,3902000.0,-0.00573492059619422,0.009435782018056347,347.41059890445905
3902000.0,-0.0006488471242907788,0.055222761061849965,11899.357129925862,3902000.0,-0.0006488444923554926,0.055222761337502604,11899.35724872069
3902000.0,-0.0010276450621681031,0.06836038934610213,18234.603328710724,3902000.0,-0.001027642163501785,0.06836038962947479,18234.60347988564
3902000.0,-0.0007341356426275999,0.04660812971478054,8476.383881999272,3902000.0,-0.0007341330684861297,0.046608130032695365,8476.383997634384
