cur_n,cur_mean,cur_std,cur_S,next_n,next_mean,next_std,next_S
661000.0,-0.37107902420150113,1.3715304045565795,1243404.225061892,661000.0,-0.3710789179770897,1.3715304360155423,1243404.282102126
661000.0,-0.42023916113908943,1.339348008209313,1185736.890569302,661000.0,-0.4202389756812648,1.3393480748865088,1185737.008629152
661000.0,-0.216958186905303,1.0330051870560146,705352.9125963416,661000.0,-0.21695814445741277,1.0330051965476472,705352.9255584269
661000.0,0.10060309371377033,0.7879654407576077,410407.9831825267,661000.0,0.10060341297247692,0.7879654427476795,410407.9852555654
661000.0,0.09350903707771609,0.7170243434003282,339835.90386795194,661000.0,0.09350875325256597,0.7170244175458955,339835.9741509973
661000.0,0.08260827127135453,0.6085829278701637,244816.67204280873,661000.0,0.08260817596510324,0.6085829457397,244816.68641968418
