cur_n,cur_mean,cur_std,cur_S,next_n,next_mean,next_std,next_S
941000.0,-0.36700093971214826,1.3755756728138113,1780568.134170577,941000.0,-0.36700074068088095,1.375575739464298,1780568.3067175879
941000.0,-0.41524719599506854,1.3564764386135841,1731466.657131479,941000.0,-0.41524713756358783,1.3564764576849608,1731466.7058185807
941000.0,-0.2280480104554694,1.058282203388701,1053883.5099106983,941000.0,-0.22804807107498024,1.0582821919596155,1053883.4871475364
941000.0,0.09916240133293193,0.7993772554340544,601302.7607114698,941000.0,0.09916491164422622,0.7993806530725361,601307.8722247805
941000.0,0.09256026723397823,0.7398109433394511,515028.3382036048,941000.0,0.09256074741930159,0.7398110299030871,515028.45872825675
941000.0,0.09139811965119984,0.6282073654641633,371360.4688760428,941000.0,0.09139817007322809,0.6282073600323737,371360.46245411254
