cur_n,cur_mean,cur_std,cur_S,next_n,next_mean,next_std,next_S
751000.0,-0.3815142079848696,1.3862896435095537,1443271.0307520858,751000.0,-0.38151274839341937,1.3862906222525608,1443273.0686983897
751000.0,-0.43082834190461833,1.35281957535922,1374420.7234098003,751000.0,-0.4308295946203174,1.3528196119972404,1374420.7978558773
751000.0,-0.2352078286331359,1.059386461940606,842847.0564830191,751000.0,-0.23520780824052662,1.0593864666156152,842847.0639218866
751000.0,0.10043528813923192,0.7881799220100445,466541.91968427965,751000.0,0.10043320785975726,0.7881822487990368,466544.674248752
751000.0,0.09189613797702748,0.7214328459286264,390869.47873969265,751000.0,0.0918947138087043,0.7214340830274211,390870.81925136555
751000.0,0.0887541384986373,0.6109338970258236,280303.4101279049,751000.0,0.08875414177911362,0.6109338965558488,280303.40969664534
