cur_n,cur_mean,cur_std,cur_S,next_n,next_mean,next_std,next_S
1351000.0,-0.36410822576955887,1.3820500478318072,2580494.2141957777,1351000.0,-0.3641081526331388,1.3820500697143352,2580494.2959116856
1351000.0,-0.42002311819903204,1.3912355270827013,2614909.5302448776,1351000.0,-0.4200231483715145,1.3912355184155134,2614909.4976638923
1351000.0,-0.2003067663123523,1.0213017770596196,1409170.4390837597,1351000.0,-0.20030674515986238,1.0213017815041707,1409170.4513487539
1351000.0,0.10183391264458787,0.820289910586403,909054.851040706,1351000.0,0.10183393920604618,0.8202899078699328,909054.8450198582
1351000.0,0.09318513302315773,0.7572433881951639,774687.108652109,1351000.0,0.09318515848086112,0.7572433856405196,774687.1034251238
1351000.0,0.09116054574421668,0.6401378372125708,553607.9848027347,1351000.0,0.09116055589163809,0.6401378358761486,553607.9824911888
