cur_n,cur_mean,cur_std,cur_S,next_n,next_mean,next_std,next_S
2381000.0,-0.3101497852527181,1.3303924699285932,4214236.959345676,2381000.0,-0.3101491244040246,1.330393014788937,4214240.4112158865
2381000.0,-0.36268983085724754,1.324710622738652,4178317.455145969,2381000.0,-0.3626898487552507,1.324710618126314,4178317.4260500865
2381000.0,-0.19224881947126893,0.9901630119249253,2334386.663428675,2381000.0,-0.1922487128603337,0.9901630462898593,2334386.8254647115
2381000.0,0.09828529563249036,0.8401296583115027,1680552.283646328,2381000.0,0.09828458232202558,0.8401304627680957,1680555.5020352951
2381000.0,0.0891615102896308,0.7502493626874012,1340203.2468927996,2381000.0,0.08916148715433833,0.7502493662862166,1340203.2597502426
2381000.0,0.09939237523053958,0.6554058860004374,1022774.9203369675,2381000.0,0.09939218803917897,0.6554059780368369,1022775.2075865325
