cur_n,cur_mean,cur_std,cur_S,next_n,next_mean,next_std,next_S
801000.0,-0.02858466271398344,0.10747042999061675,9251.464551216812,801000.0,-0.02858460806941939,0.10747045565255046,9251.46896937162
801000.0,-0.03743776497404083,0.11810057837864432,11172.14503730962,801000.0,-0.03743777786719092,0.11810057485525652,11172.144370694781
801000.0,-0.033899472434637715,0.15553456017468512,19376.99052639493,801000.0,-0.033899476826280354,0.15553455926717022,19376.990300272744
801000.0,0.03448120122067711,0.1786659027657939,25569.125353704007,801000.0,0.03448120376875197,0.1786659022885897,25569.125217117304
801000.0,0.033460321035167245,0.1241231407093944,12340.649801710862,801000.0,0.033460325130260954,0.12412313965957571,12340.649592959378
801000.0,0.0541198806348062,0.4072487866531703,132847.11095861404,801000.0,0.054119962224942524,0.40724878235717515,132847.10815585285
