cur_n,cur_mean,cur_std,cur_S,next_n,next_mean,next_std,next_S
1511000.0,-0.3567600511083871,1.3773822987254458,2866641.9972285535,1511000.0,-0.3567599008262867,1.3773823500382456,2866642.210815486
1511000.0,-0.4162539498701377,1.3890690980534248,2915494.0813012696,1511000.0,-0.416253898418105,1.38906911491164,2915494.1520681265
1511000.0,-0.19231806435062385,1.016144789382975,1560183.4020481477,1511000.0,-0.19231807146588872,1.0161447880739736,1560183.39802848
1511000.0,0.1005544387113064,0.8242382758616917,1026526.1591825313,1511000.0,0.10055402002687297,0.8242384876173,1026526.6866336472
1511000.0,0.09333000942963791,0.7590388667972736,870547.5419777316,1511000.0,0.09333009910638977,0.7590388637752058,870547.5350456659
1511000.0,0.09087821166196636,0.645115189445922,628838.3211649642,1511000.0,0.09087818943271941,0.6451151931560607,628838.3283980208
