cur_n,cur_mean,cur_std,cur_S,next_n,next_mean,next_std,next_S
2502000.0,-0.011396571243695352,0.02171017351699004,1179.271748612815,2502000.0,-0.011396565318248527,0.021710178650688965,1179.272306326167
2502000.0,-0.019029613362024415,0.033229054359786084,2762.6334742213376,2502000.0,-0.01902960905364384,0.033229057525931235,2762.6340006822415
2502000.0,-0.004848946234751842,0.009560819569225998,228.7059956299076,2502000.0,-0.004848940215123982,0.009560827363530134,228.7063685278169
2502000.0,-0.00045775530040751897,0.05167586292520843,6681.327812280458,2502000.0,-0.0004577542596985265,0.05167586296064464,6681.327821443766
2502000.0,-0.0007135263255503529,0.06414541855622896,10294.816073828015,2502000.0,-0.0007135221719541428,0.06414541893889719,10294.816196658268
2502000.0,-0.0005244259227325008,0.04339739157285563,4712.1006555100585,2502000.0,-0.000524423282562589,0.04339739180569592,4712.100706073782
