cur_n,cur_mean,cur_std,cur_S,next_n,next_mean,next_std,next_S
2362000.0,-0.01109221496863893,0.021258728991996538,1067.467064834874,2362000.0,-0.011092211899540396,0.02125873111664687,1067.4672782055197
2362000.0,-0.01851890700839627,0.03236684308778155,2474.460799329949,2362000.0,-0.01851890464834462,0.03236684464133199,2474.4610368693193
2362000.0,-0.004761534015527329,0.00949301637591855,212.85720411558722,2362000.0,-0.00476153091848731,0.009493019122610752,212.8573272910425
2362000.0,-0.00045325571970493124,0.05161890038275448,6293.574690823815,2362000.0,-0.00045326246273122564,0.05161890136382436,6293.574930055435
2362000.0,-0.0007099588749610413,0.06388001445851407,9638.510055933564,2362000.0,-0.000709963482062773,0.06388001479971991,9638.510158898973
2362000.0,-0.0005187462100991846,0.043470476806634156,4463.429719666431,2362000.0,-0.0005187531914170941,0.0434704780474516,4463.42997447392
