cur_n,cur_mean,cur_std,cur_S,next_n,next_mean,next_std,next_S
3791000.0,-0.30931101216209816,1.3443775945550707,6851668.0835677,3791000.0,-0.3093114568901792,1.344377771096553,6851669.883067669
3791000.0,-0.38218041983288126,1.362283521559922,7035399.946294046,3791000.0,-0.3821806611423139,1.3622835348843825,7035400.083920184
3791000.0,-0.159620459856185,0.9748256871711137,3602530.891317492,3791000.0,-0.15962005156746475,0.9748260781644132,3602533.781199736
3791000.0,0.09848786055894099,0.8567177765271728,2782462.6366095603,3791000.0,0.09848778107138707,0.8567177996442257,2782462.7867694804
3791000.0,0.09367723714843022,0.7681194019110213,2236718.112509822,3791000.0,0.09367723445207504,0.7681194022577843,2236718.1145293284
3791000.0,0.09205462398632518,0.6552930946751094,1627889.6703703916,3791000.0,0.09205430212552373,0.6552934395464407,1627891.3838406845
