cur_n,cur_mean,cur_std,cur_S,next_n,next_mean,next_std,next_S
4791000.0,-0.30596864048403444,1.3378667400453592,8575350.601046987,4791000.0,-0.3059686420487963,1.337866739691948,8575350.596516453
4791000.0,-0.38676880838313704,1.3585506275615211,8842556.138440622,4791000.0,-0.38676882129741125,1.3585506241790424,8842556.094408758
4791000.0,-0.21506658061368839,1.0020840153406336,4810989.842881584,4791000.0,-0.21506657792323047,1.0020840159353863,4810989.848592381
4791000.0,0.09657188469601684,0.8235532006478977,3249447.237758827,4791000.0,0.09657187933560701,0.8235532013600692,3249447.243378775
4791000.0,0.0874853444508972,0.730849285406702,2559067.9881997225,4791000.0,0.08748536036372198,0.730849284331866,2559067.980672648
4791000.0,0.09811873604956274,0.6386928271301712,1954385.5749052993,4791000.0,0.09811874019041192,0.6386928265583256,1954385.5714056308
