cur_n,cur_mean,cur_std,cur_S,next_n,next_mean,next_std,next_S
2071000.0,-0.3467672592660064,1.3688994388194484,3880817.230026016,2071000.0,-0.34676719858185,1.368899456977487,3880817.332981759
2071000.0,-0.40537236863125775,1.3800361626882953,3944219.1071881177,2071000.0,-0.40537234963861646,1.3800361685378948,3944219.140625071
2071000.0,-0.1875285500816728,1.0125733140991877,2123406.0677178577,2071000.0,-0.18752854712813136,1.0125733146551115,2123406.0700494447
2071000.0,0.10367938346197848,0.8362927275406583,1448427.4246305425,2071000.0,0.10367940650427426,0.8362927253413938,1448427.417012456
2071000.0,0.09535404762476694,0.7636626743617041,1207767.1887216824,2071000.0,0.09535410531112469,0.7636626716710279,1207767.1802108292
2071000.0,0.09202465050982842,0.6474717548494056,868203.9434618088,2071000.0,0.09202466407996263,0.6474717532151888,868203.9390791208
