cur_n,cur_mean,cur_std,cur_S,next_n,next_mean,next_std,next_S
5521000.0,-0.309632468381904,1.3430316828264133,9958415.972038098,5521000.0,-0.3096324700700663,1.3430316824430981,9958415.966353627
5521000.0,-0.392465013145946,1.364774654066088,10283469.017080663,5521000.0,-0.3924650345803558,1.364774648831588,10283468.938197574
5521000.0,-0.21915229639287473,1.0038640910415007,5563749.728433116,5521000.0,-0.21915229415902826,1.0038640915429173,5563749.733991153
5521000.0,0.0965445034242068,0.8219451271702788,3729953.32606797,5521000.0,0.09654448140748106,0.8219451313843468,3729953.3643145063
5521000.0,0.08686800047826589,0.7284700914432677,2929821.74985717,5521000.0,0.08686800514740396,0.7284700909691397,2929821.746043395
5521000.0,0.0963477212659643,0.6365415625398351,2237027.273001255,5521000.0,0.09634772063636493,0.636541562636839,2237027.2736830655
