cur_n,cur_mean,cur_std,cur_S,next_n,next_mean,next_std,next_S
2731000.0,-0.3282571119804267,1.3643932376687444,5083944.6850066185,2731000.0,-0.32825679156258747,1.3643934175083372,5083946.025228159
2731000.0,-0.3922586582080873,1.3702515695771875,5127696.552889406,2731000.0,-0.3922587259925807,1.3702515547515264,5127696.4419295015
2731000.0,-0.17573425239548168,0.9994807157339151,2728164.405769587,2731000.0,-0.17573426185447752,0.9994807141929786,2728164.3973573623
2731000.0,0.10199916802615815,0.8499165397689686,1972760.038208472,2731000.0,0.10199911941117637,0.8499165494003875,1972760.0829198705
2731000.0,0.09375955215977264,0.7684828634490193,1612835.50407383,2731000.0,0.09375932548737415,0.7684829824010232,1612836.0033693616
2731000.0,0.09331693718826856,0.6533636225854931,1165820.2676815635,2731000.0,0.09331697716523447,0.6533636202158419,1165820.2592250556
