cur_n,cur_mean,cur_std,cur_S,next_n,next_mean,next_std,next_S
1961000.0,-0.32787573194075165,1.3411621045597828,3527281.66557687,1961000.0,-0.32787574482070014,1.341162101532319,3527281.6496522957
1961000.0,-0.3711861629492061,1.3289469612741502,3463322.150750283,1961000.0,-0.37118613150086066,1.328946970787683,3463322.200336053
1961000.0,-0.19347731188599473,0.9939566837842096,1937369.732798274,1961000.0,-0.19347730121214082,0.9939566859743041,1937369.741335915
1961000.0,0.10063616965244121,0.8307583312664218,1353402.5931433656,1961000.0,0.10063619545065913,0.8307583289268203,1353402.585520396
1961000.0,0.09361261351516799,0.7516689545561271,1107977.1920145056,1961000.0,0.0936125977994177,0.7516689568355669,1107977.198734398
1961000.0,0.09952130241580459,0.6527901529538734,835650.7032191348,1961000.0,0.09952129141200601,0.6527901548133135,835650.707979753
