cur_n,cur_mean,cur_std,cur_S,next_n,next_mean,next_std,next_S
2191000.0,-0.31861808703142075,1.3376824767524704,3920563.149265876,2191000.0,-0.31861895144654767,1.3376828827933156,3920565.5293658534
2191000.0,-0.3703733805203565,1.3315363269316776,3884618.8769556987,2191000.0,-0.37037363382860133,1.331536309263554,3884618.7738658697
2191000.0,-0.19439852078775371,0.9929552004329364,2160238.425876387,2191000.0,-0.19439865717243499,0.9929551942535543,2160238.398989094
2191000.0,0.09873465662382781,0.8363378155058813,1532518.9231445226,2191000.0,0.09873605281997477,0.8363402040994965,1532527.6769520738
2191000.0,0.09181155330644121,0.7525944150056334,1240978.7925133982,2191000.0,0.09181218885537168,0.7525949254345947,1240980.475841678
2191000.0,0.09994130806635357,0.6540664730539566,937316.2660205733,2191000.0,0.09994160516585693,0.6540665754979106,937316.5596371887
