cur_n,cur_mean,cur_std,cur_S,next_n,next_mean,next_std,next_S
1622000.0,-0.009176832028235224,0.018317257258265135,544.216543640987,1622000.0,-0.00917683510960649,0.018317256134902916,544.2164768894776
1622000.0,-0.01526803023604706,0.026598239608395698,1147.5104201308513,1622000.0,-0.015268033466315833,0.026598238072303073,1147.5102875895802
1622000.0,-0.0043092422454945115,0.009132197493511589,135.26998438012996,1622000.0,-0.004309245359736001,0.009132196885274262,135.2699663611918
1622000.0,-0.00045324416141077017,0.05108374875449542,4232.689105409733,1622000.0,-0.00045324304968862516,0.05108374878397993,4232.689110295778
1622000.0,-0.0007035926606886225,0.061905958771325674,6216.068020326054,1622000.0,-0.0007035914655359696,0.06190595880362208,6216.068026811914
1622000.0,-0.0005119608980013016,0.04364742557392655,3090.0685654734243,1622000.0,-0.0005119601125539475,0.0436474255946004,3090.068568400681
