cur_n,cur_mean,cur_std,cur_S,next_n,next_mean,next_std,next_S
971000.0,0.1867443633837577,1.4661719271434852,2087319.976465276,971000.0,0.18674442740436833,1.4661719203464796,2087319.957112122
971000.0,-0.005757819106294008,1.4691384694376528,2095775.1749525424,971000.0,-0.005757821567821116,1.4691384694300091,2095775.1749307343
971000.0,0.04726510218351029,1.325414529939915,1705778.6895667461,971000.0,0.04726509468708999,1.325414530227784,1705778.6903077085
971000.0,0.004030667906400927,0.8856957985742439,761707.7932313175,971000.0,0.004030799419228738,0.8856958074564129,761707.8085088369
971000.0,0.014500265985297762,0.7763867451945583,585295.8631484997,971000.0,0.01450025667152018,0.7763867454227903,585295.863492615
971000.0,0.00011485211193424824,0.7090690772484454,488198.36657697294,971000.0,0.00011472429783906977,0.7090690884546853,488198.38200810156
