cur_n,cur_mean,cur_std,cur_S,next_n,next_mean,next_std,next_S
1631000.0,-0.330525497003569,1.345978504729853,2954814.418502736,1631000.0,-0.3305255270420336,1.3459784979001772,2954814.3885164857
1631000.0,-0.37525122860046095,1.3285583000842909,2878824.532614986,1631000.0,-0.3752512860104529,1.3285582858919938,2878824.4711090163
1631000.0,-0.19918727370485195,1.0031706041933504,1641358.9068828898,1631000.0,-0.1991872536692868,1.0031706084979086,1641358.9209688785
1631000.0,0.09628991779896248,0.8181969860837727,1091866.9284076444,1631000.0,0.09628988381160469,0.8181969912349265,1091866.9421558606
1631000.0,0.09318133450997657,0.7517748144900399,921784.7212452018,1631000.0,0.09318132733672586,0.7517748154349878,921784.7235624876
1631000.0,0.10002564903193953,0.6491340211122906,687262.5880829864,1631000.0,0.10002566622396243,0.6491340188344618,687262.5832597406
