cur_n,cur_mean,cur_std,cur_S,next_n,next_mean,next_std,next_S
3151000.0,-0.32031726963759827,1.3556511519293535,5790876.434086985,3151000.0,-0.32031785377177874,1.3556514104561916,5790878.642763035
3151000.0,-0.38810158707302145,1.3676231768474594,5893608.827782413,3151000.0,-0.3881020202621583,1.3676232700936053,5893609.631448709
3151000.0,-0.168309067076414,0.9881356574143029,3076674.4560562824,3151000.0,-0.1683092282068708,0.9881356713647869,3076674.542929169
3151000.0,0.10126152798633752,0.8541451515229598,2298855.9745309367,3151000.0,0.10126219175087102,0.8541458855021172,2298859.9254123378
3151000.0,0.09376874200129087,0.769455810095988,1865588.1298686806,3151000.0,0.09376980375996605,0.7694579889709904,1865598.6954893253
3151000.0,0.09296854683768616,0.6547734889697958,1350922.9421735476,3151000.0,0.0929687914351851,0.6547735981968846,1350923.3928863362
