cur_n,cur_mean,cur_std,cur_S,next_n,next_mean,next_std,next_S
1751000.0,-0.36086115897807963,1.38037022945316,3336393.8701013564,1751000.0,-0.3608611799632496,1.380370224246421,3336393.844931687
1751000.0,-0.4100331383237049,1.385756913321771,3362484.2121562134,1751000.0,-0.41003312364640154,1.3857569178008173,3362484.23389267
1751000.0,-0.1857598157650754,1.0125152746185755,1795102.754519212,1751000.0,-0.18575981357382718,1.012515275024745,1795102.7559594195
1751000.0,0.1048313089515871,0.8310111760286635,1209204.8352726335,1751000.0,0.10483140721767387,0.8310111738056347,1209204.828803173
1751000.0,0.09199934151486876,0.7607414311678523,1013351.8964418914,1751000.0,0.09199932220608668,0.7607414339320061,1013351.9038059195
1751000.0,0.08967355458670763,0.6474564362731975,734018.9143621523,1751000.0,0.08967355142520611,0.6474564367245712,734018.9153855938
