cur_n,cur_mean,cur_std,cur_S,next_n,next_mean,next_std,next_S
382000.0,-0.00677167728173816,0.014969222336899414,85.59764983592383,382000.0,-0.006771674591548028,0.01496922364621151,85.59766480985375
382000.0,-0.012411989043590971,0.020948378670798566,167.63480533323428,382000.0,-0.012411986540636955,0.020948380210927854,167.6348299823288
382000.0,-0.00413024367485401,0.009444622813448291,34.07474383373363,382000.0,-0.004130241279534556,0.009444623976980466,34.074752229423744
382000.0,-0.0006430292378690856,0.058582747478958606,1311.0004314340706,382000.0,-0.0006430263603214043,0.058582747537539406,1311.0004340559842
382000.0,-0.0010652260743876643,0.0680083319112371,1766.8008859713143,382000.0,-0.0010652232675851584,0.0680083319773268,1766.8008894052266
382000.0,-0.0007418840286457762,0.05256591950622398,1055.533191330301,382000.0,-0.0007418808626420529,0.05256591958732769,1055.5331945874552
