cur_n,cur_mean,cur_std,cur_S,next_n,next_mean,next_std,next_S
3111000.0,-0.32087834455181224,1.3560749574655375,5720940.132014912,3111000.0,-0.3208787393219063,1.35607504281569,5720940.852156707
3111000.0,-0.38934288228707403,1.3697432530088645,5836847.557777045,3111000.0,-0.3893430531607615,1.369743237596334,5836847.4264231
3111000.0,-0.16892479534249671,0.9892202650242201,3044289.9955373043,3111000.0,-0.16892512147078195,0.9892203765779213,3044290.682142396
3111000.0,0.10113436662717351,0.8535481082383634,2266501.5446434454,3111000.0,0.10113485944125877,0.8535484924427862,2266503.5850676596
3111000.0,0.09401833269102283,0.769477636190236,1842010.135208997,3111000.0,0.09401838349007142,0.7694776351999398,1842010.1304677664
3111000.0,0.09299638394961117,0.6544553267129274,1332477.930976358,3111000.0,0.09299704990231314,0.6544562861695207,1332481.8379066596
