cur_n,cur_mean,cur_std,cur_S,next_n,next_mean,next_std,next_S
2601000.0,-0.3023733581706516,1.3255911151308364,4570455.883540431,2601000.0,-0.30237334032738655,1.3255911195133805,4570455.91376125
2601000.0,-0.3600312013125662,1.3245025197512856,4562952.3114763405,2601000.0,-0.3600312395807257,1.3245025107869954,4562952.249711825
2601000.0,-0.18943817692968537,0.9864935815827597,2531214.0944968546,2601000.0,-0.18943818124329462,0.9864935807789224,2531214.090371771
2601000.0,0.09666477389525258,0.8390504152329333,1831118.5637859527,2601000.0,0.09666476502761835,0.8390504163764357,1831118.5687770438
2601000.0,0.08708892038128499,0.7474647641980253,1453187.9952395025,2601000.0,0.08708894073852051,0.7474647625472073,1453187.9888206075
2601000.0,0.09736332938321637,0.6532030183354877,1109779.5504059002,2601000.0,0.09736328636637923,0.653203028431516,1109779.5847118224
