cur_n,cur_mean,cur_std,cur_S,next_n,next_mean,next_std,next_S
1991000.0,-0.3507653587527681,1.3705230634013306,3739761.933424101,1991000.0,-0.35076531402750827,1.3705230763010487,3739762.0038233176
1991000.0,-0.4091046866420601,1.3833888692924863,3810305.644491546,1991000.0,-0.4091046598368276,1.3833888777365932,3810305.6910072146
1991000.0,-0.188111310992956,1.0130637506270115,2043359.6422034248,1991000.0,-0.188111293102269,1.0130637542635905,2043359.6568734576
1991000.0,0.10341362060685709,0.8327466484440238,1380692.7581650564,1991000.0,0.10341361362533494,0.8327466493692728,1380692.7612331794
1991000.0,0.0960713429404682,0.7639307776692863,1161928.1540431676,1991000.0,0.09607133867982182,0.7639307782287722,1161928.1557451081
1991000.0,0.09158422093035928,0.646765892220542,832847.4836056092,1991000.0,0.09158422868872503,0.6467658912145647,832847.4810147933
