cur_n,cur_mean,cur_std,cur_S,next_n,next_mean,next_std,next_S
1422000.0,0.0002336160829120427,0.013817744578615423,271.5025527710751,1422000.0,0.0002336250629101515,0.013817748576183888,271.5027098662065
1422000.0,-0.007353762148255408,0.020035952945867765,570.8468416585167,1422000.0,-0.0073537533935385075,0.020035958878937044,570.8471797382048
1422000.0,-0.005948852235351644,0.013712000359837431,267.36295240055455,1422000.0,-0.005948846116896678,0.013712004955402477,267.36313161350853
1422000.0,-0.00019334683141127295,0.11357508738352372,18342.805274276918,1422000.0,-0.00019333598162711034,0.11357508813892897,18342.805518278517
1422000.0,-0.0001579623772680193,0.06884506297573978,6739.771913901946,1422000.0,-0.00015795535708153214,0.06884506350082104,6739.772016710419
1422000.0,-0.000746239013917039,0.05929423458490784,4999.476494624335,1422000.0,-0.000746231441497161,0.05929423536779192,4999.476626644274
