cur_n,cur_mean,cur_std,cur_S,next_n,next_mean,next_std,next_S
301000.0,-0.047801298096964304,0.17769663179779335,9504.403978636445,301000.0,-0.047801284966385284,0.17769663547600828,9504.404372107503
301000.0,-0.01390477194416649,0.033065389182007035,329.08930848903395,301000.0,-0.013904687966661914,0.0330654565951423,329.090650373417
301000.0,-0.011308066892491152,0.040626660253403744,496.80818252699413,301000.0,-0.011307942931555712,0.04062675168048211,496.8104185843744
301000.0,0.10507249647968626,0.3351365800656189,33807.274716721775,301000.0,0.10507240795139466,0.33513661134060563,33807.281026520104
301000.0,0.001152685864383714,0.10274547044391302,3177.546140719043,301000.0,0.0011527152687091974,0.10274547138049969,3177.546198649525
301000.0,0.002160275130459249,0.12329000574539616,4575.328080526645,301000.0,0.002160282807642144,0.12329000568282623,4575.3280758826695
