cur_n,cur_mean,cur_std,cur_S,next_n,next_mean,next_std,next_S
1162000.0,-0.008223851149216728,0.015792991273898837,289.8243822645908,1162000.0,-0.00822385227276567,0.015792990735276024,289.82436249556565
1162000.0,-0.013971771606410634,0.02251822558565651,589.215901857811,1162000.0,-0.0139717776016202,0.022518222793202543,589.2157557221242
1162000.0,-0.004419524693727612,0.008577051636033301,85.48347675946492,1162000.0,-0.004419526081715014,0.008577051051340353,85.48346510474101
1162000.0,-0.0006246959056181858,0.055463382685141185,3574.5290835367227,1162000.0,-0.0006246902400416214,0.05546338308520222,3574.5291351033507
1162000.0,-0.0009969655477534262,0.06465439788110768,4857.382134158291,1162000.0,-0.0009969551351483536,0.0646543990159792,4857.38230468048
1162000.0,-0.0007037813360661547,0.04908656348267863,2799.8282102943635,1162000.0,-0.0007037708886765506,0.049086564924367214,2799.8283747581245
