cur_n,cur_mean,cur_std,cur_S,next_n,next_mean,next_std,next_S
2742000.0,-0.01239534506999125,0.023290313542708184,1487.3669288842132,2742000.0,-0.012395342690289971,0.023290315142563585,1487.3671332242786
2742000.0,-0.020771628880151417,0.03640737000602868,3634.511651852614,2742000.0,-0.020771626516154766,0.03640737156521328,3634.5119631563257
2742000.0,-0.00508583497456261,0.009741206131752967,260.191387703369,2742000.0,-0.005085832610114935,0.009741208153054648,260.19149568288134
2742000.0,-0.0004645676577165711,0.05188522251952764,7381.673258200262,2742000.0,-0.00046457594557826706,0.05188522426032521,7381.673753524306
2742000.0,-0.0007200937233034649,0.06499656517368614,11583.725654162365,2742000.0,-0.0007200996956740438,0.06499656585990446,11583.725898758823
2742000.0,-0.0005299909593669763,0.04326816108825805,5133.390780776807,2742000.0,-0.0005299987495681313,0.043268162915777446,5133.39121441536
