cur_n,cur_mean,cur_std,cur_S,next_n,next_mean,next_std,next_S
731000.0,0.1601271968821357,1.4284962377919475,1491679.697512982,731000.0,0.16012727688630918,1.4284962304615958,1491679.6822038246
731000.0,-0.0052810796562032525,1.4295403589189184,1493861.1012157402,731000.0,-0.005281084078805359,1.4295403589075761,1493861.101192035
731000.0,0.03931742177563257,1.268909949204098,1177006.8276672661,731000.0,0.03931741049559349,1.268909949590215,1177006.8283835696
731000.0,0.012958805482992197,0.9210037693624332,620069.2464644412,731000.0,0.012959025744685548,0.9210037855164729,620069.2682159771
731000.0,0.015726349756043048,0.8019253158142909,470094.55907715455,731000.0,0.015726334932654337,0.8019253162051465,470094.55953539937
731000.0,0.005571574867111891,0.735440201080526,395377.6435260815,731000.0,0.0055714050456391285,0.7354402166996377,395377.6603199625
