cur_n,cur_mean,cur_std,cur_S,next_n,next_mean,next_std,next_S
481000.0,-0.026880567826723444,1.1281768618313703,612208.6381859776,481000.0,-0.026880627127647445,1.128176861168092,612208.6374661175
481000.0,-0.11637910034060944,1.0874399071129,568794.7903108037,481000.0,-0.11637886092603422,1.087439945412136,568794.8303762935
481000.0,-0.10008485117889523,0.809879772567636,315490.423332833,481000.0,-0.10008481295471948,0.8098797777252588,315490.4273511593
481000.0,0.09521964812678248,1.4303672015675373,984102.109364991,481000.0,0.09522028734608727,1.4303672277161734,984102.1453458612
481000.0,0.10933948838192674,1.283093455610499,791884.1604144664,481000.0,0.10933821400510194,1.283093868612015,791884.6701971483
481000.0,0.09182815869650644,0.7507712065401675,271119.21159806364,481000.0,0.09182817020115791,0.7507712051754065,271119.21061237605
