cur_n,cur_mean,cur_std,cur_S,next_n,next_mean,next_std,next_S
621000.0,0.1649451143657575,1.4365995404126026,1281631.1267380083,621000.0,0.16494519976987157,1.436599532183307,1281631.112054833
621000.0,-0.017113168373723286,1.4086153845261846,1232186.5242463115,621000.0,-0.017113175221221227,1.408615384453314,1232186.5241188244
621000.0,0.04167635522742806,1.2483896663529828,967814.0673743422,621000.0,0.04167634230042813,1.2483896668260694,967814.068107863
621000.0,0.01158002284056783,0.9424182626887269,551542.504928377,621000.0,0.011580257982772919,0.9424182780164477,551542.5228692212
621000.0,0.0203494240685861,0.8080981699643944,405527.0670781778,621000.0,0.020349407455855076,0.8080981704887769,405527.0676044784
621000.0,0.007478847330999376,0.7489236652583526,348310.61361446715,621000.0,0.007478637859266886,0.748923685541883,348310.6324814608
