cur_n,cur_mean,cur_std,cur_S,next_n,next_mean,next_std,next_S
4302000.0,-0.015483280886426866,0.027908766943214112,3350.824669394337,4302000.0,-0.015483279331805254,0.027908767991963276,3350.824921227364
4302000.0,-0.026286734292053034,0.0460917029101897,9139.362721947438,4302000.0,-0.0262867329517084,0.046091703758445395,9139.363058342757
4302000.0,-0.005825421580448065,0.010326713167004925,458.76960279411657,4302000.0,-0.005825419982013745,0.010326714600892326,458.76973019651234
4302000.0,-0.0005134064009316499,0.05259586891078566,11900.731984719325,4302000.0,-0.0005134060309239291,0.05259586891999382,11900.731988886339
4302000.0,-0.0007476680261814591,0.06823578446771089,20030.638056836597,4302000.0,-0.0007476676128075454,0.06823578447762187,20030.638062655336
4302000.0,-0.000583338243724902,0.04282659932160444,7890.373955867881,4302000.0,-0.0005833376369345042,0.042826599348361,7890.373965727139
