cur_n,cur_mean,cur_std,cur_S,next_n,next_mean,next_std,next_S
1781000.0,-0.3333067041595334,1.348170793050874,3237082.351766288,1781000.0,-0.3333066830263909,1.3481707985706108,3237082.378273081
1781000.0,-0.3722371870436758,1.3253028936334632,3128197.840334224,1781000.0,-0.37223722036018203,1.3253028850217585,3128197.799680701
1781000.0,-0.19524486393912796,1.0002985114137386,1782063.4563589804,1781000.0,-0.19524485425805638,1.000298513386805,1782063.463389141
1781000.0,0.10001552362084627,0.8262534004878105,1215879.2283172705,1781000.0,0.1000155121911888,0.8262534020121377,1215879.2328035403
1781000.0,0.09290815998594533,0.7503938633315248,1002864.9821737133,1781000.0,0.0929081515246772,0.7503938644641291,1002864.9852010548
1781000.0,0.09877579342759292,0.6532700734671811,760062.7460092008,1781000.0,0.09877578296241508,0.6532700751988162,760062.7500386253
