cur_n,cur_mean,cur_std,cur_S,next_n,next_mean,next_std,next_S
2601000.0,-0.10017987001629539,0.21028545340675375,115016.14694957288,2601000.0,-0.10017989422065993,0.21028544549897868,115016.13829921892
2601000.0,-0.10414610618952441,0.19983339288676555,103866.73415776728,2601000.0,-0.1041460868862142,0.19983340537192942,103866.74713651142
2601000.0,-0.1268179765535723,0.28560366006949817,212162.14112788808,2601000.0,-0.12681801021647143,0.28560365028199586,212162.12658649593
2601000.0,0.022129605528491768,0.1582015511820127,65097.127801423354,2601000.0,0.022129608641136462,0.15820155082624957,65097.12750864292
2601000.0,0.02410569914587451,0.12049119350253092,37761.650178038966,2601000.0,0.024105694996285065,0.12049119451855902,37761.6508148805
2601000.0,0.04392158436954634,0.3062892863683013,244007.94318135246,2601000.0,0.043921581035410204,0.3062892868936318,244007.9440183704
